# Transfer functions T_i(k) for adiabatic (AD) mode (normalized to initial curvature=1) at redshift z=0
# for k=1.045e-06 to 1.08254 h/Mpc,
# number of wavenumbers equal to 603
# d_i   stands for (delta rho_i/rho_i)(k,z) with above normalization 
# d_tot stands for (delta rho_tot/rho_tot)(k,z) with rho_Lambda NOT included in rho_tot
# (note that this differs from the transfer function output from CAMB/CMBFAST, which gives the same
#  quantities divided by -k^2 with k in Mpc^-1; use format=camb to match CAMB)
#
#    1:k (h/Mpc)              2:d_g                    3:d_b                    4:d_cdm                  5:d_ur                   6:d_tot                  7:phi                    8:psi                
       1.045004358465e-06      -1.317809573288e-05      -9.883623205605e-06      -9.883623208895e-06      -1.317809369586e-05      -9.884590757770e-06       4.719076293088e-01       4.717621958455e-01 
       1.391464537791e-05      -2.334325580853e-03      -1.752359457164e-03      -1.752359560591e-03      -2.334261595087e-03      -1.752530453803e-03       4.719060879932e-01       4.717608489274e-01 
       2.680435270169e-05      -8.640503593438e-03      -6.502594253688e-03      -6.502595677336e-03      -8.639624325206e-03      -6.503223231137e-03       4.719018883125e-01       4.717571782217e-01 
       3.974868070173e-05      -1.892284122136e-02      -1.429936268310e-02      -1.429936956333e-02      -1.891860360287e-02      -1.430072585210e-02       4.718950020425e-01       4.717511570795e-01 
       5.278253249730e-05      -3.317553585018e-02      -2.521419035311e-02      -2.521421172765e-02      -3.316242188398e-02      -2.521654499858e-02       4.718853761027e-01       4.717427357943e-01 
       6.594147055741e-05      -5.139373247685e-02      -3.935257992120e-02      -3.935263193073e-02      -5.136198274662e-02      -3.935615641024e-02       4.718729319145e-01       4.717318409059e-01 
       7.926203423068e-05      -7.357049113412e-02      -5.685592284768e-02      -5.685603126689e-02      -7.350471617298e-02      -5.686091544917e-02       4.718575643746e-01       4.717183741047e-01 
       9.278206851751e-05      -9.969270435324e-02      -7.790414623413e-02      -7.790434945900e-02      -9.957033409354e-02      -7.791070232810e-02       4.718391404299e-01       4.717022107107e-01 
       1.065410684188e-04      -1.297357791270e-01      -1.027191653109e-01      -1.027195179537e-01      -1.295253098019e-01      -1.027273725113e-01       4.718174972423e-01       4.716831977093e-01 
       1.205805432315e-04      -1.636568485896e-01      -1.315692352740e-01      -1.315698125509e-01      -1.633158463653e-01      -1.315791059205e-01       4.717924399183e-01       4.716611513028e-01 
       1.349444051894e-04      -2.013862289636e-01      -1.647743219846e-01      -1.647752251236e-01      -2.008590512207e-01      -1.647857743759e-01       4.717637387873e-01       4.716358539461e-01 
       1.496793868422e-04      -2.428167905798e-01      -2.027126401736e-01      -2.027140031302e-01      -2.420319906284e-01      -2.027254758266e-01       4.717311261977e-01       4.716070508098e-01 
       1.648354914783e-04      -2.877908743382e-01      -2.458285408967e-01      -2.458305387354e-01      -2.866582656038e-01      -2.458424170132e-01       4.716942928124e-01       4.715744456286e-01 
       1.804664806755e-04      -3.360843679444e-01      -2.946419676001e-01      -2.946448269986e-01      -3.344917425346e-01      -2.946563638320e-01       4.716528833788e-01       4.715376958708e-01 
       1.966304026270e-04      -3.873875776811e-01      -3.497597427401e-01      -3.497637551934e-01      -3.851971063018e-01      -3.497739212655e-01       4.716064919638e-01       4.714964071783e-01 
       2.133901641311e-04      -4.412826196232e-01      -4.118889945821e-01      -4.118945330381e-01      -4.383270115621e-01      -4.119019524690e-01       4.715546566586e-01       4.714501270300e-01 
       2.308141479171e-04      -4.972172516659e-01      -4.818530862417e-01      -4.818606261001e-01      -4.932958339415e-01      -4.818634991259e-01       4.714968537609e-01       4.713983375756e-01 
       2.489768751163e-04      -5.544754363654e-01      -5.606104651877e-01      -5.606206108388e-01      -5.493504319799e-01      -5.606166214747e-01       4.714324915079e-01       4.713404476466e-01 
       2.679597099518e-04      -6.121455508757e-01      -6.492769088432e-01      -6.492904272357e-01      -6.055390127375e-01      -6.492766340590e-01       4.713609034158e-01       4.712757839308e-01 
       2.878515998183e-04      -6.690881584878e-01      -7.491516966404e-01      -7.491695597452e-01      -6.606802659052e-01      -7.491422683119e-01       4.712813413942e-01       4.712035814136e-01 
       3.087498385146e-04      -7.239067670807e-01      -8.617482838691e-01      -8.617717223732e-01      -7.133365352308e-01      -8.617263385878e-01       4.711929688054e-01       4.711229732110e-01 
       3.307608330839e-04      -7.749271745537e-01      -9.888300776268e-01      -9.888606487336e-01      -7.617970794295e-01      -9.887915139303e-01       4.710948537564e-01       4.710329800819e-01 
       3.540008451081e-04      -8.201939614960e-01      -1.132451904221e+00      -1.132491577069e+00      -8.040805460821e-01      -1.132391787872e+00       4.709859628733e-01       4.709324999477e-01 
       3.785966650370e-04      -8.574964389315e-01      -1.295007689316e+00      -1.295058952198e+00      -8.379696102443e-01      -1.294920171666e+00       4.708651560152e-01       4.708202980909e-01 
       4.046861630147e-04      -8.844406118907e-01      -1.479284716145e+00      -1.479350710418e+00      -8.610949708023e-01      -1.479162981698e+00       4.707311821216e-01       4.706949986482e-01 
       4.324186418206e-04      -8.985876335339e-01      -1.688524547712e+00      -1.688609233843e+00      -8.710895928465e-01      -1.688360813507e+00       4.705826766010e-01       4.705550785258e-01 
       4.619548977042e-04      -8.976809931403e-01      -1.926490248784e+00      -1.926598610327e+00      -8.658352514182e-01      -1.926275845140e+00       4.704181600871e-01       4.703988646748e-01 
       4.934668746915e-04      -8.799810513000e-01      -2.197538879098e+00      -2.197677170134e+00      -8.438185620452e-01      -2.197264446627e+00       4.702360383743e-01       4.702245361144e-01 
       5.271367803247e-04      -8.447114625143e-01      -2.506697305263e+00      -2.506873345724e+00      -8.045974420057e-01      -2.506353143596e+00       4.700346023660e-01       4.700301315458e-01 
       5.631555203521e-04      -7.925909774219e-01      -2.859738182462e+00      -2.859961703167e+00      -7.493445801474e-01      -2.859314776255e+00       4.698120266748e-01       4.698135634424e-01 
       6.017203129260e-04      -7.263700303153e-01      -3.263251509035e+00      -3.263534543729e+00      -6.813760776643e-01      -3.262740229316e+00       4.695663645696e-01       4.695726382469e-01 
       6.430313670949e-04      -6.512137984250e-01      -3.724705567449e+00      -3.725062882009e+00      -6.064913436753e-01      -3.724099493791e+00       4.692955374111e-01       4.693050814489e-01 
       6.872875635556e-04      -5.746861236148e-01      -4.252489538502e+00      -4.252939077527e+00      -5.328611561833e-01      -4.251784267137e+00       4.689973179999e-01       4.690085648018e-01 
       7.346811633085e-04      -5.060326727167e-01      -4.855928944624e+00      -4.856492263130e+00      -4.701499472750e-01      -4.855123149589e+00       4.686693105958e-01       4.686807317313e-01 
       7.853916918653e-04      -4.545125467565e-01      -5.545264785641e+00      -5.545967419681e+00      -4.276275179150e-01      -5.544360218044e+00       4.683089365592e-01       4.683192174396e-01 
       8.395792934275e-04      -4.267822915866e-01      -6.331588239656e+00      -6.332459957011e+00      -4.113162746584e-01      -6.330588848051e+00       4.679134416484e-01       4.679216622932e-01 
       8.973779994556e-04      -4.238553923590e-01      -7.226725482681e+00      -7.227800347333e+00      -4.207897610855e-01      -7.225635497621e+00       4.674799466346e-01       4.674857221679e-01 
       9.588894768348e-04      -4.388542693328e-01      -8.243071626605e+00      -8.244387812744e+00      -4.469764916612e-01      -8.241892828316e+00       4.670055625516e-01       4.670090876467e-01 
       1.024177875236e-03      -4.572775673715e-01      -9.393378584885e+00      -9.394977892605e+00      -4.728245723916e-01      -9.392107507374e+00       4.664875777123e-01       4.664895302527e-01 
       1.093266350806e-03      -4.611953624248e-01      -1.069050796624e+01      -1.069243502414e+01      -4.782693481001e-01      -1.068913423424e+01       4.659236954363e-01       4.659249944907e-01 
       1.166135693390e-03      -4.371023341217e-01      -1.214716558707e+01      -1.214946677549e+01      -4.490470538891e-01      -1.214567251662e+01       4.653122668226e-01       4.653137434167e-01 
       1.242725245303e-03      -3.843198277008e-01      -1.377563752684e+01      -1.377835971457e+01      -3.858074574051e-01      -1.377400519868e+01       4.646524401171e-01       4.646545401822e-01 
       1.322936017084e-03      -3.184595171194e-01      -1.558754787631e+01      -1.559073712494e+01      -3.075064980018e-01      -1.558575726176e+01       4.639441607130e-01       4.639468166201e-01 
       1.406635640521e-03      -2.651842961643e-01      -1.759361482838e+01      -1.759731537301e+01      -2.440488114024e-01      -1.759165025380e+01       4.631869508180e-01       4.631896986087e-01 
       1.493664607275e-03      -2.449438949409e-01      -1.980358272012e+01      -1.980783612866e+01      -2.192230911834e-01      -1.980142980298e+01       4.623822511240e-01       4.623845448224e-01 
       1.583843155860e-03      -2.573329615338e-01      -2.222609529944e+01      -2.223094033558e+01      -2.335549806669e-01      -2.222373474173e+01       4.615318859317e-01       4.615334351686e-01 
       1.676978192906e-03      -2.778028198942e-01      -2.486861365001e+01      -2.487408701259e+01      -2.607955646979e-01      -2.486601480370e+01       4.606371604587e-01       4.606380858066e-01 
       1.772869742211e-03      -2.733252368930e-01      -2.773744205145e+01      -2.774357988892e+01      -2.648215975179e-01      -2.773456188025e+01       4.596996036691e-01       4.597003124519e-01 
       1.871316568977e-03      -2.284996692012e-01      -3.083776988952e+01      -3.084461007018e+01      -2.274582017361e-01      -3.083456043025e+01       4.587210823453e-01       4.587219598610e-01 
       1.972120788307e-03      -1.611815729114e-01      -3.417374179012e+01      -3.418132671828e+01      -1.649537352892e-01      -3.417016274648e+01       4.577038130747e-01       4.577049600259e-01 
       2.075091407930e-03      -1.109912796087e-01      -3.774854606115e+01      -3.775692572658e+01      -1.160868527023e-01      -3.774457414549e+01       4.566502192951e-01       4.566514286621e-01 
       2.180046860131e-03      -1.063535515495e-01      -4.156451256244e+01      -4.157374746096e+01      -1.086207968324e-01      -4.156014094956e+01       4.555627123157e-01       4.555636851296e-01 
       2.286816643592e-03      -1.379831244849e-01      -4.562321303681e+01      -4.563337659116e+01      -1.333111942831e-01      -4.561844264164e+01       4.544435443595e-01       4.544441505578e-01 
       2.395242227418e-03      -1.653104692455e-01      -4.992555847033e+01      -4.993673862913e+01      -1.516653828830e-01      -4.992039054991e+01       4.532948146654e-01       4.532951799998e-01 
       2.505177375292e-03      -1.532147715127e-01      -5.447189039651e+01      -5.448419016509e+01      -1.328007571444e-01      -5.446632902556e+01       4.521185805920e-01       4.521189458638e-01 
       2.616488036861e-03      -1.052719472209e-01      -5.926206441496e+01      -5.927560119593e+01      -8.417331991742e-02      -5.925612739312e+01       4.509169411110e-01       4.509174434467e-01 
       2.729051933562e-03      -5.983554565259e-02      -6.429552476510e+01      -6.431042855817e+01      -4.405589779531e-02      -6.428925195468e+01       4.496920025147e-01       4.496925823898e-01 
       2.842757943009e-03      -5.116863882769e-02      -6.957137024831e+01      -6.958778090962e+01      -4.177102174754e-02      -6.956481957480e+01       4.484457659693e-01       4.484462660068e-01 
       2.957505363353e-03      -7.476172566958e-02      -7.508841088098e+01      -7.510647480744e+01      -6.679143105693e-02      -7.508164409953e+01       4.471800428914e-01       4.471803782026e-01 
       3.073203118674e-03      -9.334828331763e-02      -8.084521642531e+01      -8.086508309228e+01      -8.035734860142e-02      -8.083828718845e+01       4.458964739598e-01       4.458967017847e-01 
       3.189768949431e-03      -7.742611889611e-02      -8.684015678985e+01      -8.686197561461e+01      -5.955103288706e-02      -8.683311130607e+01       4.445966100264e-01       4.445969153439e-01 
       3.307128618339e-03      -3.623180451300e-02      -9.307143588238e+01      -9.309535382970e+01      -5.454489068286e-02      -9.306432644381e+01       4.432819810623e-01       4.432824093943e-01 
       3.425215151497e-03      -5.161382934372e-03      -9.953712012211e+01      -9.956328037200e+01      -1.157074054678e-01      -9.953000858394e+01       4.419540593359e-01       4.419544744875e-01 
       3.543968126736e-03      -4.467050414571e-03      -1.062351616036e+02      -1.062637034998e+02      -2.114647765215e-01      -1.062281069047e+02       4.406141529897e-01       4.406144659242e-01 
       3.663333015471e-03      -1.698967582151e-02      -1.131634176798e+02      -1.131944779884e+02      -2.776584080656e-01      -1.131564665265e+02       4.392634212982e-01       4.392636539237e-01 
       3.783260580357e-03      -1.077316777733e-02      -1.203196667399e+02      -1.203533820948e+02      -2.836606286612e-01      -1.203128571535e+02       4.379029350279e-01       4.379031738355e-01 
       3.903706328331e-03       2.038817522148e-02      -1.277016218536e+02      -1.277381320945e+02      -2.552025510085e-01      -1.276949972490e+02       4.365337242408e-01       4.365340232562e-01 
       4.024630016926e-03       4.735887900911e-02      -1.353069425408e+02      -1.353463945362e+02      -2.422902117892e-01      -1.353005640230e+02       4.351567748064e-01       4.351571061966e-01 
       4.145995210649e-03       3.969841281447e-02      -1.431332452441e+02      -1.431757967587e+02      -2.685268934696e-01      -1.431271919449e+02       4.337729897788e-01       4.337732838158e-01 
       4.267768883690e-03       3.331449692809e-03      -1.511781123768e+02      -1.512239355483e+02      -3.114532262469e-01      -1.511724725582e+02       4.323831641335e-01       4.323833870432e-01 
       4.389921064983e-03      -2.398296930227e-02      -1.594391008466e+02      -1.594883848775e+02      -3.309776227656e-01      -1.594339665391e+02       4.309880058406e-01       4.309881905863e-01 
       4.512424521660e-03      -1.549310477590e-02      -1.679137490231e+02      -1.679667018246e+02      -3.140372694554e-01      -1.679092225771e+02       4.295881801529e-01       4.295883830297e-01 
       4.635254477046e-03       1.390213933352e-02      -1.765995839251e+02      -1.766564325190e+02      -2.873687950832e-01      -1.765957903637e+02       4.281843362538e-01       4.281845739187e-01 
       4.758388359611e-03       2.013024013200e-01      -1.854941286060e+02      -1.855551182732e+02       2.050797818619e-01      -1.854911305421e+02       4.267770174860e-01       4.267770174860e-01 
       4.881805579536e-03       2.006368167478e-01      -1.945949052935e+02      -1.946602977106e+02       2.044017158699e-01      -1.945929551553e+02       4.253669319672e-01       4.253669319672e-01 
       5.005487329843e-03       1.999701246715e-01      -2.038994396750e+02      -2.039695101614e+02       2.037225214084e-01      -2.038987102790e+02       4.239544976086e-01       4.239544976086e-01 
       5.129416409351e-03       1.993025514637e-01      -2.134052630444e+02      -2.134802974709e+02       2.030424290624e-01      -2.134059368484e+02       4.225401869474e-01       4.225401869474e-01 
       5.253577064974e-03       1.986343095791e-01      -2.231099179203e+02      -2.231902094542e+02       2.023616552500e-01      -2.231121842697e+02       4.211244433868e-01       4.211244433868e-01 
       5.377954851167e-03       1.979655801203e-01      -2.330109384094e+02      -2.330967850411e+02       2.016803844626e-01      -2.330149914495e+02       4.197076449214e-01       4.197076449214e-01 
       5.502536504538e-03       1.972965609646e-01      -2.431059057375e+02      -2.431976075954e+02       2.009988182927e-01      -2.431119421305e+02       4.182902063808e-01       4.182902063808e-01 
       5.627309831914e-03       1.966274198663e-01      -2.533923947387e+02      -2.534902533393e+02       2.003171276496e-01      -2.534006130321e+02       4.168724798094e-01       4.168724798094e-01 
       5.752263610292e-03       1.959583126769e-01      -2.638679926631e+02      -2.639723109462e+02       1.996354713148e-01      -2.638785933157e+02       4.154547925670e-01       4.154547925670e-01 
       5.877387497336e-03       1.952893827892e-01      -2.745302972407e+02      -2.746413808139e+02       1.989539953728e-01      -2.745434836712e+02       4.140374462105e-01       4.140374462105e-01 
       6.002671951213e-03       1.946207628149e-01      -2.853769170731e+02      -2.854950764364e+02       1.982728349136e-01      -2.853928975368e+02       4.126207192730e-01       4.126207192730e-01 
       6.128108158709e-03       1.939525732322e-01      -2.964054684900e+02      -2.965310220991e+02       1.975921126574e-01      -2.964244586651e+02       4.112048648014e-01       4.112048648014e-01 
       6.253687970694e-03       1.932849255859e-01      -3.076135788795e+02      -3.077468564774e+02       1.969119422144e-01      -3.076358046793e+02       4.097901168858e-01       4.097901168858e-01 
       6.379403844121e-03       1.926179224519e-01      -3.189988859167e+02      -3.191402319018e+02       1.962324280502e-01      -3.190245863327e+02       4.083766905803e-01       4.083766905803e-01 
       6.505248789819e-03       1.919516569625e-01      -3.305590366611e+02      -3.307088130600e+02       1.955536650103e-01      -3.305884662724e+02       4.069647815447e-01       4.069647815447e-01 
       6.631216325461e-03       1.912862153509e-01      -3.422916913290e+02      -3.424502799609e+02       1.948757409128e-01      -3.423251221276e+02       4.055545711809e-01       4.055545711809e-01 
       6.757300433128e-03       1.906216760993e-01      -3.541945223535e+02      -3.543623260462e+02       1.941987356885e-01      -3.542322447681e+02       4.041462253932e-01       4.041462253932e-01 
       6.883495520976e-03       1.899581115418e-01      -3.662652172351e+02      -3.664426598987e+02       1.935227230141e-01      -3.663075401891e+02       4.027398978074e-01       4.027398978074e-01 
       7.009796388576e-03       1.892955891985e-01      -3.785014816314e+02      -3.786890071992e+02       1.928477716750e-01      -3.785487316425e+02       4.013357327619e-01       4.013357327619e-01 
       7.136198195524e-03       1.886341689948e-01      -3.909010338780e+02      -3.910991045225e+02       1.921739427328e-01      -3.909535535470e+02       3.999338594145e-01       3.999338594145e-01 
       7.262696432979e-03       1.879739078844e-01      -4.034616140058e+02      -4.036707074785e+02       1.915012942341e-01      -4.035197597621e+02       3.985344013763e-01       3.985344013763e-01 
       7.389286897843e-03       1.873148595453e-01      -4.161809831082e+02      -4.164015898178e+02       1.908298808985e-01      -4.162451227347e+02       3.971374758354e-01       3.971374758354e-01 
       7.515965669282e-03       1.866570705432e-01      -4.290569139504e+02      -4.292895343623e+02       1.901597502073e-01      -4.291274243823e+02       3.957431853088e-01       3.957431853088e-01 
       7.642729087380e-03       1.860005861749e-01      -4.420872026656e+02      -4.423323448103e+02       1.894909483528e-01      -4.421644678784e+02       3.943516297348e-01       3.943516297348e-01 
       7.769573733681e-03       1.853454489672e-01      -4.552696644268e+02      -4.555278422364e+02       1.888235187052e-01      -4.553540740246e+02       3.929629030532e-01       3.929629030532e-01 
       7.896496413465e-03       1.846916952443e-01      -4.686021230998e+02      -4.688738559020e+02       1.881574983120e-01      -4.686940718855e+02       3.915770856785e-01       3.915770856785e-01 
       8.023494139551e-03       1.840393603992e-01      -4.820824224696e+02      -4.823682351808e+02       1.874929232659e-01      -4.821823106020e+02       3.901942555879e-01       3.901942555879e-01 
       8.150564117511e-03       1.833884776994e-01      -4.957084219701e+02      -4.960088463165e+02       1.868298274848e-01      -4.958166559911e+02       3.888144855314e-01       3.888144855314e-01 
       8.277703732132e-03       1.827390745075e-01      -5.094779849122e+02      -5.097935617629e+02       1.861682388617e-01      -5.095949797176e+02       3.874378351309e-01       3.874378351309e-01 
       8.404910535030e-03       1.820911782360e-01      -5.233889932749e+02      -5.237202751056e+02       1.855081853305e-01      -5.235151741905e+02       3.860643634173e-01       3.860643634173e-01 
       8.532182233289e-03       1.814448130556e-01      -5.374393380961e+02      -5.377868919288e+02       1.848496915141e-01      -5.375751433593e+02       3.846941219899e-01       3.846941219899e-01 
       8.659516679040e-03       1.807999987961e-01      -5.516269152170e+02      -5.519913255477e+02       1.841927776063e-01      -5.517727984496e+02       3.833271528147e-01       3.833271528147e-01 
       8.786911859892e-03       1.801567553276e-01      -5.659496383066e+02      -5.663315092633e+02       1.835374638377e-01      -5.661060703331e+02       3.819634976785e-01       3.819634976785e-01 
       8.914365890133e-03       1.795151010763e-01      -5.804054351522e+02      -5.808053920715e+02       1.828837689667e-01      -5.805729053278e+02       3.806031952348e-01       3.806031952348e-01 
       9.041877002635e-03       1.788750491149e-01      -5.949922351968e+02      -5.954109255824e+02       1.822317062993e-01      -5.951712522170e+02       3.792462729540e-01       3.792462729540e-01 
       9.169443541404e-03       1.782366140812e-01      -6.097079922619e+02      -6.101460853019e+02       1.815812907394e-01      -6.098990837476e+02       3.778927617941e-01       3.778927617941e-01 
       9.297063954705e-03       1.775998080253e-01      -6.245506719555e+02      -6.250088573759e+02       1.809325345603e-01      -6.247543834805e+02       3.765426876545e-01       3.765426876545e-01 
       9.424736788730e-03       1.769646410642e-01      -6.395182536351e+02      -6.399972398097e+02       1.802854480719e-01      -6.397351471247e+02       3.751960726879e-01       3.751960726879e-01 
       9.552460681750e-03       1.763311214868e-01      -6.546087306087e+02      -6.551092421229e+02       1.796400397279e-01      -6.548393822772e+02       3.738529355213e-01       3.738529355213e-01 
       9.680234358705e-03       1.756992587721e-01      -6.698201212389e+02      -6.703428960123e+02       1.789963191994e-01      -6.700651191507e+02       3.725132975727e-01       3.725132975727e-01 
       9.808056626218e-03       1.750690613733e-01      -6.851504607766e+02      -6.856962474844e+02       1.783542951170e-01      -6.854104026619e+02       3.711771783122e-01       3.711771783122e-01 
       9.935926367967e-03       1.744405346471e-01      -7.005977918524e+02      -7.011673479816e+02       1.777139729582e-01      -7.008732834628e+02       3.698445906787e-01       3.698445906787e-01 
       1.006384254041e-02       1.738136836634e-01      -7.161601742054e+02      -7.167542644999e+02       1.770753579093e-01      -7.164518279947e+02       3.685155469870e-01       3.685155469870e-01 
       1.019180416883e-02       1.731885141703e-01      -7.318356878312e+02      -7.324550835736e+02       1.764384558460e-01      -7.321441223425e+02       3.671900608727e-01       3.671900608727e-01 
       1.031981034365e-02       1.725650321058e-01      -7.476224303687e+02      -7.482679094907e+02       1.758032728344e-01      -7.479482703226e+02       3.658681461328e-01       3.658681461328e-01 
       1.044786021702e-02       1.719432393330e-01      -7.635184971723e+02      -7.641908456564e+02       1.751698107854e-01      -7.638623746521e+02       3.645498076561e-01       3.645498076561e-01 
       1.057595299970e-02       1.713231376460e-01      -7.795219970094e+02      -7.802220106138e+02       1.745380715346e-01      -7.798845529147e+02       3.632350498689e-01       3.632350498689e-01 
       1.070408795807e-02       1.707047307716e-01      -7.956310611684e+02      -7.963595474108e+02       1.739080588822e-01      -7.960129468851e+02       3.619238809960e-01       3.619238809960e-01 
       1.083226441146e-02       1.700880198579e-01      -8.118438225452e+02      -8.126016033224e+02       1.732797739965e-01      -8.122457021584e+02       3.606163035382e-01       3.606163035382e-01 
       1.096048172958e-02       1.694730048220e-01      -8.281584211485e+02      -8.289463350657e+02       1.726532167883e-01      -8.285809734090e+02       3.593123171765e-01       3.593123171765e-01 
       1.108873933017e-02       1.688596841093e-01      -8.445730026120e+02      -8.453919070511e+02       1.720283856668e-01      -8.450169226823e+02       3.580119183484e-01       3.580119183484e-01 
       1.121703667686e-02       1.682480587013e-01      -8.610857389639e+02      -8.619365110869e+02       1.714052816241e-01      -8.615517392584e+02       3.567151088244e-01       3.567151088244e-01 
       1.134537327707e-02       1.676381260269e-01      -8.776947984166e+02      -8.785783361355e+02       1.707839020328e-01      -8.781836094225e+02       3.554218828657e-01       3.554218828657e-01 
       1.147374868017e-02       1.670298846939e-01      -8.943983700070e+02      -8.953155915557e+02       1.701642454682e-01      -8.949107399162e+02       3.541322373194e-01       3.541322373194e-01 
       1.160216247571e-02       1.664233310164e-01      -9.111946455675e+02      -9.121464888982e+02       1.695463081710e-01      -9.117313397659e+02       3.528461642991e-01       3.528461642991e-01 
       1.173061429178e-02       1.658184636860e-01      -9.280818455949e+02      -9.290692665921e+02       1.689300888064e-01      -9.286436451445e+02       3.515636611046e-01       3.515636611046e-01 
       1.185910379347e-02       1.652152790950e-01      -9.450581938674e+02      -9.460821646866e+02       1.683155837005e-01      -9.456458941018e+02       3.502847203062e-01       3.502847203062e-01 
       1.198763068149e-02       1.646137737749e-01      -9.621219306552e+02      -9.631834376156e+02       1.677027893231e-01      -9.627363393935e+02       3.490093348908e-01       3.490093348908e-01 
       1.211619469084e-02       1.640139468731e-01      -9.792713275590e+02      -9.803713690185e+02       1.670917048114e-01      -9.799132633015e+02       3.477375034796e-01       3.477375034796e-01 
       1.224479558958e-02       1.634157946171e-01      -9.965046545574e+02      -9.976442396309e+02       1.664823263288e-01      -9.971749454023e+02       3.464692185411e-01       3.464692185411e-01 
       1.237343317769e-02       1.628193143618e-01      -1.013820203224e+03      -1.015000350550e+03       1.658746511879e-01      -1.014519685820e+03       3.452044749285e-01       3.452044749285e-01 
       1.250210728602e-02       1.622245030481e-01      -1.031216276770e+03      -1.032438014160e+03       1.652686762789e-01      -1.031945796014e+03       3.439432665669e-01       3.439432665669e-01 
       1.263081777532e-02       1.616313576133e-01      -1.048691191846e+03      -1.049955556506e+03       1.646643984872e-01      -1.049451601069e+03       3.426855872912e-01       3.426855872912e-01 
       1.275956453531e-02       1.610398755052e-01      -1.066243281460e+03      -1.067551320696e+03       1.640618152168e-01      -1.067035443018e+03       3.414314319173e-01       3.414314319173e-01 
       1.288834748385e-02       1.604500530069e-01      -1.083870883293e+03      -1.085223655996e+03       1.634609226830e-01      -1.084695669820e+03       3.401807926868e-01       3.401807926868e-01 
       1.301716656614e-02       1.598618870337e-01      -1.101572351435e+03      -1.102970929431e+03       1.628617177433e-01      -1.102430646979e+03       3.389336630879e-01       3.389336630879e-01 
       1.314602175403e-02       1.592753738496e-01      -1.119346047528e+03      -1.120791517289e+03       1.622641965902e-01      -1.120238748993e+03       3.376900351586e-01       3.376900351586e-01 
       1.327491304530e-02       1.586905088759e-01      -1.137190339192e+03      -1.138683803355e+03       1.616683545565e-01      -1.138118357624e+03       3.364498991131e-01       3.364498991131e-01 
       1.340384046310e-02       1.581072880379e-01      -1.155103609946e+03      -1.156646188181e+03       1.610741874879e-01      -1.156067871259e+03       3.352132462322e-01       3.352132462322e-01 
       1.353280405535e-02       1.575257056841e-01      -1.173084244190e+03      -1.174677074022e+03       1.604816896237e-01      -1.174085689859e+03       3.339800644864e-01       3.339800644864e-01 
       1.366180389421e-02       1.569457571370e-01      -1.191130646588e+03      -1.192774883013e+03       1.598908561965e-01      -1.192170233322e+03       3.327503439725e-01       3.327503439725e-01 
       1.379084007563e-02       1.563674367959e-01      -1.209241228257e+03      -1.210938043218e+03       1.593016814991e-01      -1.210319927553e+03       3.315240729090e-01       3.315240729090e-01 
       1.391991271890e-02       1.557907387536e-01      -1.227414411600e+03      -1.229164992748e+03       1.587141595136e-01      -1.228533208691e+03       3.303012389499e-01       3.303012389499e-01 
       1.404902196625e-02       1.552156579223e-01      -1.245648639640e+03      -1.247454188475e+03       1.581282850588e-01      -1.246808531920e+03       3.290818315681e-01       3.290818315681e-01 
       1.417816798249e-02       1.546421888990e-01      -1.263942367266e+03      -1.265804097286e+03       1.575440526337e-01      -1.265144362720e+03       3.278658396313e-01       3.278658396313e-01 
       1.430735095468e-02       1.540703268466e-01      -1.282294068387e+03      -1.284213203066e+03       1.569614573150e-01      -1.283539183881e+03       3.266532532437e-01       3.266532532437e-01 
       1.443657109185e-02       1.535000672957e-01      -1.300702234362e+03      -1.302680005345e+03       1.563804945547e-01      -1.301991494108e+03       3.254440632943e-01       3.254440632943e-01 
       1.456582862474e-02       1.529314064399e-01      -1.319165376460e+03      -1.321203022023e+03       1.558011604806e-01      -1.320499810712e+03       3.242382620483e-01       3.242382620483e-01 
       1.469512380555e-02       1.523643407855e-01      -1.337682022613e+03      -1.339780786756e+03       1.552234515390e-01      -1.339062666893e+03       3.230358423736e-01       3.230358423736e-01 
       1.482445690778e-02       1.517988677856e-01      -1.356250722955e+03      -1.358411854799e+03       1.546473651397e-01      -1.357678617540e+03       3.218367990606e-01       3.218367990606e-01 
       1.495382822600e-02       1.512349851996e-01      -1.374870044136e+03      -1.377094797867e+03       1.540728990035e-01      -1.376346234003e+03       3.206411274365e-01       3.206411274365e-01 
       1.508323807577e-02       1.506726916037e-01      -1.393538574117e+03      -1.395828209066e+03       1.535000516821e-01      -1.395064109006e+03       3.194488244387e-01       3.194488244387e-01 
       1.521268679347e-02       1.501119867011e-01      -1.412254925536e+03      -1.414610706436e+03       1.529288228738e-01      -1.413830860159e+03       3.182598892613e-01       3.182598892613e-01 
       1.534217473623e-02       1.495528705474e-01      -1.431017728464e+03      -1.433440926261e+03       1.523592126338e-01      -1.432645123185e+03       3.170743216574e-01       3.170743216574e-01 
       1.547170228185e-02       1.489953443308e-01      -1.449825635648e+03      -1.452317531079e+03       1.517912221674e-01      -1.451505559502e+03       3.158921235301e-01       3.158921235301e-01 
       1.560126982875e-02       1.484394055809e-01      -1.468677269759e+03      -1.471239164588e+03       1.512248489462e-01      -1.470410809953e+03       3.147132888373e-01       3.147132888373e-01 
       1.573087779595e-02       1.478850440855e-01      -1.487571181358e+03      -1.490204410613e+03       1.506600825535e-01      -1.489359453635e+03       3.135377955595e-01       3.135377955595e-01 
       1.586052662306e-02       1.473322448157e-01      -1.506505891440e+03      -1.509211817504e+03       1.500969076778e-01      -1.508350035093e+03       3.123656126268e-01       3.123656126268e-01 
       1.599021677031e-02       1.467809963512e-01      -1.525479982747e+03      -1.528259976818e+03       1.495353126957e-01      -1.527381144935e+03       3.111967170896e-01       3.111967170896e-01 
       1.611994871858e-02       1.462312951289e-01      -1.544492133405e+03      -1.547347567333e+03       1.489752939864e-01      -1.546451462226e+03       3.100311019956e-01       3.100311019956e-01 
       1.624972296943e-02       1.456831406483e-01      -1.563541063026e+03      -1.566473311749e+03       1.484168510425e-01      -1.565559709563e+03       3.088687662692e-01       3.088687662692e-01 
       1.637954004522e-02       1.451365323058e-01      -1.582625502422e+03      -1.585635947035e+03       1.478599832492e-01      -1.584704623334e+03       3.077097084677e-01       3.077097084677e-01 
       1.650940048917e-02       1.445914681241e-01      -1.601744181715e+03      -1.604834211088e+03       1.473046885919e-01      -1.603884940605e+03       3.065539242903e-01       3.065539242903e-01 
       1.663930486550e-02       1.440479460762e-01      -1.620895845325e+03      -1.624066856423e+03       1.467509650057e-01      -1.623099413004e+03       3.054014094008e-01       3.054014094008e-01 
       1.676925375955e-02       1.435059626985e-01      -1.640079235904e+03      -1.643332634191e+03       1.461988089620e-01      -1.642346790735e+03       3.042521564583e-01       3.042521564583e-01 
       1.689924777790e-02       1.429655156561e-01      -1.659293123632e+03      -1.662630322546e+03       1.456482180826e-01      -1.661625851077e+03       3.031061605377e-01       3.031061605377e-01 
       1.702928754860e-02       1.424266015766e-01      -1.678536281014e+03      -1.681958702160e+03       1.450991889321e-01      -1.680935373799e+03       3.019634145226e-01       3.019634145226e-01 
       1.715937372130e-02       1.418892174725e-01      -1.697807499491e+03      -1.701316572282e+03       1.445517184676e-01      -1.700274157293e+03       3.008239121166e-01       3.008239121166e-01 
       1.728950696746e-02       1.413533605996e-01      -1.717105588003e+03      -1.720702749397e+03       1.440058038936e-01      -1.719641017225e+03       2.996876475401e-01       2.996876475401e-01 
       1.741968798061e-02       1.408190273910e-01      -1.736429359845e+03      -1.740116054370e+03       1.434614415768e-01      -1.739034773636e+03       2.985546132688e-01       2.985546132688e-01 
       1.754991747651e-02       1.402862157589e-01      -1.755777661413e+03      -1.759555340490e+03       1.429186293906e-01      -1.758454279085e+03       2.974248049145e-01       2.974248049145e-01 
       1.768019619348e-02       1.397549226592e-01      -1.775149341966e+03      -1.779019464010e+03       1.423773642343e-01      -1.777898389080e+03       2.962982160601e-01       2.962982160601e-01 
       1.781052489261e-02       1.392251451647e-01      -1.794543266972e+03      -1.798507297123e+03       1.418376431261e-01      -1.797365975105e+03       2.951748405357e-01       2.951748405357e-01 
       1.794090435808e-02       1.386968807137e-01      -1.813958321603e+03      -1.818017731360e+03       1.412994634565e-01      -1.816855928033e+03       2.940546729454e-01       2.940546729454e-01 
       1.807133539745e-02       1.381701270471e-01      -1.833393410268e+03      -1.837549677182e+03       1.407628229246e-01      -1.836367157708e+03       2.929377085345e-01       2.929377085345e-01 
       1.820181884196e-02       1.376448807926e-01      -1.852847437474e+03      -1.857102045295e+03       1.402277180952e-01      -1.855898574199e+03       2.918239401866e-01       2.918239401866e-01 
       1.833235554691e-02       1.371211403888e-01      -1.872319347710e+03      -1.876673785502e+03       1.396941473777e-01      -1.875449126795e+03       2.907133646247e-01       2.907133646247e-01 
       1.846294639197e-02       1.365989029572e-01      -1.891808082887e+03      -1.896263845298e+03       1.391621078403e-01      -1.895017762435e+03       2.896059757784e-01       2.896059757784e-01 
       1.859359228155e-02       1.360781663088e-01      -1.911312610026e+03      -1.915871196775e+03       1.386315972531e-01      -1.914603452730e+03       2.885017690386e-01       2.885017690386e-01 
       1.872429414521e-02       1.355589277569e-01      -1.930831904694e+03      -1.935494820506e+03       1.381026128795e-01      -1.934205177779e+03       2.874007387398e-01       2.874007387398e-01 
       1.885505293805e-02       1.350411856650e-01      -1.950364973469e+03      -1.955133727451e+03       1.375751530525e-01      -1.953821948152e+03       2.863028814435e-01       2.863028814435e-01 
       1.898586964114e-02       1.345249371732e-01      -1.969910820973e+03      -1.974786926849e+03       1.370492148589e-01      -1.973452772667e+03       2.852081911154e-01       2.852081911154e-01 
       1.911674526193e-02       1.340101806424e-01      -1.989468485948e+03      -1.994453461297e+03       1.365247966292e-01      -1.993096693606e+03       2.841166643101e-01       2.841166643101e-01 
       1.924768083471e-02       1.334969137981e-01      -2.009037013894e+03      -2.014132380205e+03       1.360018960465e-01      -2.012752760052e+03       2.830282962341e-01       2.830282962341e-01 
       1.937867742114e-02       1.329851347998e-01      -2.028615473307e+03      -2.033822755514e+03       1.354805112364e-01      -2.032420043687e+03       2.819430830140e-01       2.819430830140e-01 
       1.950973611064e-02       1.324748409772e-01      -2.048202936175e+03      -2.053523662735e+03       1.349606394784e-01      -2.052097619749e+03       2.808610190150e-01       2.808610190150e-01 
       1.964085802099e-02       1.319660310851e-01      -2.067798513411e+03      -2.073234215484e+03       1.344422795045e-01      -2.071784601695e+03       2.797821016254e-01       2.797821016254e-01 
       1.977204429881e-02       1.314587030721e-01      -2.087401320144e+03      -2.092953531682e+03       1.339254292251e-01      -2.091480107274e+03       2.787063265221e-01       2.787063265221e-01 
       1.990329612010e-02       1.309528543377e-01      -2.107010479313e+03      -2.112680736953e+03       1.334100859911e-01      -2.111183261951e+03       2.776336882179e-01       2.776336882179e-01 
       2.003461469086e-02       1.304484840685e-01      -2.126625160059e+03      -2.132415002205e+03       1.328962489743e-01      -2.130893236606e+03       2.765641850146e-01       2.765641850146e-01 
       2.016600124761e-02       1.299455897924e-01      -2.146244521602e+03      -2.152155488800e+03       1.323839156565e-01      -2.150609192513e+03       2.754978116961e-01       2.754978116961e-01 
       2.029745705802e-02       1.294441699660e-01      -2.165867755847e+03      -2.171901390150e+03       1.318730844656e-01      -2.170330323090e+03       2.744345650156e-01       2.744345650156e-01 
       2.042898342158e-02       1.289442224365e-01      -2.185494061874e+03      -2.191651906791e+03       1.313637532086e-01      -2.190055828883e+03       2.733744404327e-01       2.733744404327e-01 
       2.056058167016e-02       1.284457461204e-01      -2.205122674851e+03      -2.211406274669e+03       1.308559207822e-01      -2.209784945940e+03       2.723174356755e-01       2.723174356755e-01 
       2.069225316877e-02       1.279487386091e-01      -2.224752824786e+03      -2.231163724829e+03       1.303495847328e-01      -2.229516905373e+03       2.712635456603e-01       2.712635456603e-01 
       2.082399931617e-02       1.274531984803e-01      -2.244383776852e+03      -2.250923522780e+03       1.298447436116e-01      -2.249250972853e+03       2.702127673956e-01       2.702127673956e-01 
       2.095582154567e-02       1.269591243556e-01      -2.264014815391e+03      -2.270684952938e+03       1.293413960147e-01      -2.268986432997e+03       2.691650979823e-01       2.691650979823e-01 
       2.108772132576e-02       1.264665142910e-01      -2.283645232927e+03      -2.290447307829e+03       1.288395399619e-01      -2.288722578538e+03       2.681205333213e-01       2.681205333213e-01 
       2.121970016099e-02       1.259753664004e-01      -2.303274341305e+03      -2.310209899012e+03       1.283391735320e-01      -2.308458721281e+03       2.670790694364e-01       2.670790694364e-01 
       2.135175959265e-02       1.254856792778e-01      -2.322901479937e+03      -2.329972065098e+03       1.278402952928e-01      -2.328194200154e+03       2.660407033686e-01       2.660407033686e-01 
       2.148390119964e-02       1.249974515149e-01      -2.342526007241e+03      -2.349733163445e+03       1.273429038100e-01      -2.347928372870e+03       2.650054321542e-01       2.650054321542e-01 
       2.161612659928e-02       1.245106809094e-01      -2.362147285475e+03      -2.369492555318e+03       1.268469968401e-01      -2.367660601033e+03       2.639732511453e-01       2.639732511453e-01 
       2.174843744821e-02       1.240253661765e-01      -2.381764713644e+03      -2.389249637985e+03       1.263525730746e-01      -2.387390282357e+03       2.629441576392e-01       2.629441576392e-01 
       2.188083544321e-02       1.235415058316e-01      -2.401377706456e+03      -2.409003824276e+03       1.258596310012e-01      -2.407116830136e+03       2.619181485095e-01       2.619181485095e-01 
       2.201332232218e-02       1.230590980760e-01      -2.420985692066e+03      -2.428754540289e+03       1.253681687877e-01      -2.426839670955e+03       2.608952199631e-01       2.608952199631e-01 
       2.214589986505e-02       1.225781410490e-01      -2.440588116990e+03      -2.448501230231e+03       1.248781845388e-01      -2.446558249539e+03       2.598753680752e-01       2.598753680752e-01 
       2.227856989477e-02       1.220986332501e-01      -2.460184454972e+03      -2.468243365046e+03       1.243896767260e-01      -2.466272037422e+03       2.588585896847e-01       2.588585896847e-01 
       2.241133427832e-02       1.216205733109e-01      -2.479774202808e+03      -2.487980438417e+03       1.239026439558e-01      -2.485980528918e+03       2.578448819109e-01       2.578448819109e-01 
       2.254419492773e-02       1.211439588475e-01      -2.499356856568e+03      -2.507711943452e+03       1.234170837993e-01      -2.505683217741e+03       2.568342397177e-01       2.568342397177e-01 
       2.267715380116e-02       1.206687888256e-01      -2.518931961053e+03      -2.527437421058e+03       1.229329952034e-01      -2.525379645534e+03       2.558266609330e-01       2.558266609330e-01 
       2.281021290399e-02       1.201950613696e-01      -2.538499064340e+03      -2.547156415532e+03       1.224503762575e-01      -2.545069357315e+03       2.548221415985e-01       2.548221415985e-01 
       2.294337429000e-02       1.197227744652e-01      -2.558057732363e+03      -2.566868488791e+03       1.219692249096e-01      -2.564751915748e+03       2.538206774625e-01       2.538206774625e-01 
       2.307664006247e-02       1.192519265085e-01      -2.577607561129e+03      -2.586573232302e+03       1.214895395261e-01      -2.584426913124e+03       2.528222651432e-01       2.528222651432e-01 
       2.321001237546e-02       1.187825160796e-01      -2.597148172362e+03      -2.606270262892e+03       1.210113186606e-01      -2.604093967140e+03       2.518269016487e-01       2.518269016487e-01 
       2.334349343502e-02       1.183145402571e-01      -2.616679175955e+03      -2.625959185976e+03       1.205345593371e-01      -2.623752684019e+03       2.508345808025e-01       2.508345808025e-01 
       2.347708550048e-02       1.178479983276e-01      -2.636200253158e+03      -2.645639676888e+03       1.200592608292e-01      -2.643402740105e+03       2.498453011109e-01       2.498453011109e-01 
       2.361079088580e-02       1.173828879743e-01      -2.655711071430e+03      -2.665311397750e+03       1.195854207766e-01      -2.663043798445e+03       2.488590576792e-01       2.488590576792e-01 
       2.374461196091e-02       1.169192072348e-01      -2.675211328591e+03      -2.684974040491e+03       1.191130371805e-01      -2.682675551970e+03       2.478758463645e-01       2.478758463645e-01 
       2.387855115313e-02       1.164569541253e-01      -2.694700744587e+03      -2.704627318910e+03       1.186421080201e-01      -2.702297715513e+03       2.468956629779e-01       2.468956629779e-01 
       2.401261094865e-02       1.159961261781e-01      -2.714179050775e+03      -2.724270958116e+03       1.181726307815e-01      -2.721910015231e+03       2.459185023044e-01       2.459185023044e-01 
       2.414679389402e-02       1.155367221582e-01      -2.733646031054e+03      -2.743904734837e+03       1.177046042068e-01      -2.741512229025e+03       2.449443617428e-01       2.449443617428e-01 
       2.428110259770e-02       1.150787396715e-01      -2.753101465340e+03      -2.763528422137e+03       1.172380258572e-01      -2.761104131087e+03       2.439732362340e-01       2.439732362340e-01 
       2.441553973167e-02       1.146221754771e-01      -2.772545136142e+03      -2.783141795758e+03       1.167728924312e-01      -2.780685498271e+03       2.430051189224e-01       2.430051189224e-01 
       2.455010803308e-02       1.141670289003e-01      -2.791976913012e+03      -2.802744716833e+03       1.163092032416e-01      -2.800256193051e+03       2.420400083949e-01       2.420400083949e-01 
       2.468481030596e-02       1.137132966626e-01      -2.811396625724e+03      -2.822337007818e+03       1.158469549488e-01      -2.819816039070e+03       2.410778977163e-01       2.410778977163e-01 
       2.481964942300e-02       1.132609769238e-01      -2.830804164400e+03      -2.841918550401e+03       1.153861456779e-01      -2.839364919355e+03       2.401187830009e-01       2.401187830009e-01 
       2.495462832734e-02       1.128100665716e-01      -2.850199411839e+03      -2.861489219340e+03       1.149267722587e-01      -2.858902709941e+03       2.391626576655e-01       2.391626576655e-01 
       2.508975003449e-02       1.123605635512e-01      -2.869582303002e+03      -2.881048940627e+03       1.144688325980e-01      -2.878429338232e+03       2.382095173699e-01       2.382095173699e-01 
       2.522501763426e-02       1.119124654812e-01      -2.888952790281e+03      -2.900597657591e+03       1.140123242698e-01      -2.897944748975e+03       2.372593570802e-01       2.372593570802e-01 
       2.536043429276e-02       1.114657691377e-01      -2.908310829782e+03      -2.920135317422e+03       1.135572439900e-01      -2.917448890753e+03       2.363121699765e-01       2.363121699765e-01 
       2.549600325449e-02       1.110204719822e-01      -2.927656421766e+03      -2.939661910705e+03       1.131035891727e-01      -2.936941755652e+03       2.353679506920e-01       2.353679506920e-01 
       2.563172784448e-02       1.105765715400e-01      -2.946989595027e+03      -2.959177456275e+03       1.126513572969e-01      -2.956423364040e+03       2.344266939948e-01       2.344266939948e-01 
       2.576761147053e-02       1.101340644918e-01      -2.966310382539e+03      -2.978681977280e+03       1.122005449812e-01      -2.975893740580e+03       2.334883928622e-01       2.334883928622e-01 
       2.590365762547e-02       1.096929482777e-01      -2.985618865300e+03      -2.998175544138e+03       1.117511496179e-01      -2.995352957304e+03       2.325530418815e-01       2.325530418815e-01 
       2.603986988957e-02       1.092532189272e-01      -3.004915112960e+03      -3.017658216395e+03       1.113031671620e-01      -3.014801075303e+03       2.316206326488e-01       2.316206326488e-01 
       2.617625193297e-02       1.088148741112e-01      -3.024199268916e+03      -3.037130126080e+03       1.108565952412e-01      -3.034238228327e+03       2.306911602409e-01       2.306911602409e-01 
       2.631280751822e-02       1.083779104841e-01      -3.043471476981e+03      -3.056591405914e+03       1.104114304472e-01      -3.053664550772e+03       2.297646175789e-01       2.297646175789e-01 
       2.644954050296e-02       1.079423239057e-01      -3.062731886881e+03      -3.076042194678e+03       1.099676685622e-01      -3.073080183072e+03       2.288409958983e-01       2.288409958983e-01 
       2.658645484256e-02       1.075081116899e-01      -3.081980719542e+03      -3.095482701114e+03       1.095253068498e-01      -3.092485335791e+03       2.279202895186e-01       2.279202895186e-01 
       2.672355459301e-02       1.070752700440e-01      -3.101218193978e+03      -3.114913132452e+03       1.090843414466e-01      -3.111880217921e+03       2.270024904128e-01       2.270024904128e-01 
       2.686084391378e-02       1.066437951560e-01      -3.120444558810e+03      -3.134333725182e+03       1.086447684691e-01      -3.131265067760e+03       2.260875905120e-01       2.260875905120e-01 
       2.699832707089e-02       1.062136833633e-01      -3.139660097949e+03      -3.153744750670e+03       1.082065841860e-01      -3.150640158534e+03       2.251755820648e-01       2.251755820648e-01 
       2.713600844003e-02       1.057849301419e-01      -3.158865100651e+03      -3.173146485800e+03       1.077697839889e-01      -3.170005768957e+03       2.242664554930e-01       2.242664554930e-01 
       2.727389250977e-02       1.053575321837e-01      -3.178059924844e+03      -3.192539275065e+03       1.073343645075e-01      -3.189362245501e+03       2.233602037965e-01       2.233602037965e-01 
       2.741198388496e-02       1.049314847275e-01      -3.197244916656e+03      -3.211923451715e+03       1.069003208917e-01      -3.208709923310e+03       2.224568168940e-01       2.224568168940e-01 
       2.755028729023e-02       1.045067838475e-01      -3.216420480814e+03      -3.231299406748e+03       1.064676491420e-01      -3.228049195389e+03       2.215562864752e-01       2.215562864752e-01 
       2.768880757354e-02       1.040834248707e-01      -3.235587032472e+03      -3.250667541715e+03       1.060363444981e-01      -3.247380465277e+03       2.206586026462e-01       2.206586026462e-01 
       2.782754971000e-02       1.036614032722e-01      -3.254745025517e+03      -3.270028296453e+03       1.056064023501e-01      -3.266704174852e+03       2.197637558260e-01       2.197637558260e-01 
       2.796651880572e-02       1.032407145608e-01      -3.273894949880e+03      -3.289382146513e+03       1.051778181228e-01      -3.286020801751e+03       2.188717365059e-01       2.188717365059e-01 
       2.810572010185e-02       1.028213529334e-01      -3.293037288490e+03      -3.308729560888e+03       1.047505859045e-01      -3.305330816985e+03       2.179825323950e-01       2.179825323950e-01 
       2.824515897882e-02       1.024033145986e-01      -3.312172625762e+03      -3.328071108434e+03       1.043247018328e-01      -3.324634791649e+03       2.170961354681e-01       2.170961354681e-01 
       2.838484096061e-02       1.019865936143e-01      -3.331301512892e+03      -3.347407325855e+03       1.039001598541e-01      -3.343933264529e+03       2.162125331393e-01       2.162125331393e-01 
       2.852477171934e-02       1.015711850231e-01      -3.350424570999e+03      -3.366738818745e+03       1.034769549183e-01      -3.363226843445e+03       2.153317149113e-01       2.153317149113e-01 
       2.866495707994e-02       1.011570827484e-01      -3.369542422080e+03      -3.386066193974e+03       1.030550808348e-01      -3.382516137427e+03       2.144536679129e-01       2.144536679129e-01 
       2.880540302503e-02       1.007442817568e-01      -3.388655762499e+03      -3.405390131718e+03       1.026345324761e-01      -3.401801828954e+03       2.135783814857e-01       2.135783814857e-01 
       2.894611569999e-02       1.003327761448e-01      -3.407765299375e+03      -3.424711323138e+03       1.022153038280e-01      -3.421084611454e+03       2.127058431256e-01       2.127058431256e-01 
       2.908710141827e-02       9.992255964326e-02      -3.426871767927e+03      -3.444030487376e+03       1.017973885039e-01      -3.440365206344e+03       2.118360395534e-01       2.118360395534e-01 
       2.922836666682e-02       9.951362558394e-02      -3.445975930885e+03      -3.463348370916e+03       1.013807797106e-01      -3.459644362399e+03       2.109689566438e-01       2.109689566438e-01 
       2.936991811187e-02       9.910596874300e-02      -3.465078644700e+03      -3.482665812663e+03       1.009654721263e-01      -3.478922920994e+03       2.101045833345e-01       2.101045833345e-01 
       2.951176260482e-02       9.869958213063e-02      -3.484180747542e+03      -3.501983634108e+03       1.005514586304e-01      -3.498201705957e+03       2.092429048182e-01       2.092429048182e-01 
       2.965390718845e-02       9.829445856184e-02      -3.503283114854e+03      -3.521302693688e+03       1.001387319031e-01      -3.517481578103e+03       2.083839058739e-01       2.083839058739e-01 
       2.979635910336e-02       9.789059170885e-02      -3.522386698930e+03      -3.540623925731e+03       9.972728549812e-02      -3.536763474266e+03       2.075275730985e-01       2.075275730985e-01 
       2.993912579471e-02       9.748797380720e-02      -3.541492446740e+03      -3.559948259854e+03       9.931711150544e-02      -3.556048326471e+03       2.066738900423e-01       2.066738900423e-01 
       3.008221491919e-02       9.708659770085e-02      -3.560601375512e+03      -3.579276695057e+03       9.890820263490e-02      -3.575337136246e+03       2.058228415459e-01       2.058228415459e-01 
       3.022563435232e-02       9.668645610444e-02      -3.579714547365e+03      -3.598610274956e+03       9.850055146461e-02      -3.594630949760e+03       2.049744121760e-01       2.049744121760e-01 
       3.036939219607e-02       9.628754126432e-02      -3.598833057766e+03      -3.617950076449e+03       9.809415009560e-02      -3.613930846470e+03       2.041285855063e-01       2.041285855063e-01 
       3.051349678683e-02       9.588984446432e-02      -3.617958017382e+03      -3.637297191863e+03       9.768898964830e-02      -3.633237921215e+03       2.032853430692e-01       2.032853430692e-01 
       3.065795670362e-02       9.549335794057e-02      -3.637090626553e+03      -3.656652802024e+03       9.728506221333e-02      -3.652553357494e+03       2.024446684173e-01       2.024446684173e-01 
       3.080278077682e-02       9.509807357108e-02      -3.656232127254e+03      -3.676018129320e+03       9.688235951649e-02      -3.671878380366e+03       2.016065443435e-01       2.016065443435e-01 
       3.094797809716e-02       9.470398193948e-02      -3.675383767400e+03      -3.695394402524e+03       9.648087196485e-02      -3.691214221202e+03       2.007709508961e-01       2.007709508961e-01 
       3.109355802519e-02       9.431107460651e-02      -3.694546891272e+03      -3.714782945577e+03       9.608059096098e-02      -3.710562206702e+03       1.999378701958e-01       1.999378701958e-01 
       3.123953020114e-02       9.391934187298e-02      -3.713722853055e+03      -3.734185092814e+03       9.568150662387e-02      -3.729923673877e+03       1.991072816916e-01       1.991072816916e-01 
       3.138590455522e-02       9.352877429693e-02      -3.732913078563e+03      -3.753602249469e+03       9.528360933454e-02      -3.749300030733e+03       1.982791653782e-01       1.982791653782e-01 
       3.153269131846e-02       9.313936246245e-02      -3.752119058381e+03      -3.773035885100e+03       9.488688950060e-02      -3.768692749647e+03       1.974535013058e-01       1.974535013058e-01 
       3.167990103397e-02       9.275109623175e-02      -3.771342319341e+03      -3.792487505524e+03       9.449133679418e-02      -3.788103339245e+03       1.966302679942e-01       1.966302679942e-01 
       3.182754456878e-02       9.236396452803e-02      -3.790584416552e+03      -3.811958645014e+03       9.409693993084e-02      -3.807533336571e+03       1.958094419719e-01       1.958094419719e-01 
       3.197563312625e-02       9.197795752895e-02      -3.809847026951e+03      -3.831450958164e+03       9.370368890408e-02      -3.826984399190e+03       1.949910024282e-01       1.949910024282e-01 
       3.212417825901e-02       9.159306428086e-02      -3.829131852621e+03      -3.850966125079e+03       9.331157255492e-02      -3.846458210112e+03       1.941749261535e-01       1.941749261535e-01 
       3.227319188263e-02       9.120927296067e-02      -3.848440632836e+03      -3.870505863122e+03       9.292057883860e-02      -3.865956489583e+03       1.933611880949e-01       1.933611880949e-01 
       3.242268628984e-02       9.082657253893e-02      -3.867775217619e+03      -3.890071999215e+03       9.253069651888e-02      -3.885481067564e+03       1.925497648826e-01       1.925497648826e-01 
       3.257267416553e-02       9.044495052689e-02      -3.887137473679e+03      -3.909666377509e+03       9.214191287287e-02      -3.905033791150e+03       1.917406300529e-01       1.917406300529e-01 
       3.272316860247e-02       9.006439501936e-02      -3.906529375311e+03      -3.929290948621e+03       9.175421577220e-02      -3.924616614051e+03       1.909337583798e-01       1.909337583798e-01 
       3.287418311784e-02       8.968489331803e-02      -3.925952947525e+03      -3.948947713891e+03       9.136759228046e-02      -3.944231540677e+03       1.901291229560e-01       1.901291229560e-01 
       3.302573167054e-02       8.930643244984e-02      -3.945410291513e+03      -3.968638750418e+03       9.098202918136e-02      -3.963880651244e+03       1.893266962917e-01       1.893266962917e-01 
       3.317782867949e-02       8.892899890800e-02      -3.964903576244e+03      -3.988366202776e+03       9.059751271488e-02      -3.983566093471e+03       1.885264497660e-01       1.885264497660e-01 
       3.333048904273e-02       8.855257928990e-02      -3.984435070704e+03      -4.008132314777e+03       9.021402922713e-02      -4.003290114401e+03       1.877283549793e-01       1.877283549793e-01 
       3.348372815771e-02       8.817715924816e-02      -4.004007099841e+03      -4.027939386211e+03       8.983156410172e-02      -4.023055017042e+03       1.869323815291e-01       1.869323815291e-01 
       3.363756194247e-02       8.780272349596e-02      -4.023622047419e+03      -4.047789775633e+03       8.945010176519e-02      -4.042863163155e+03       1.861384970212e-01       1.861384970212e-01 
       3.379200685805e-02       8.742925799144e-02      -4.043282461847e+03      -4.067686004444e+03       8.906962791245e-02      -4.062717077576e+03       1.853466717021e-01       1.853466717021e-01 
       3.394707993211e-02       8.705674720747e-02      -4.062990933828e+03      -4.087630636783e+03       8.869012672523e-02      -4.082619327801e+03       1.845568726691e-01       1.845568726691e-01 
       3.410279878382e-02       8.668517489935e-02      -4.082750135545e+03      -4.107626317912e+03       8.831158165423e-02      -4.102572562479e+03       1.837690654987e-01       1.837690654987e-01 
       3.425918165009e-02       8.631452455398e-02      -4.102562846408e+03      -4.127675799691e+03       8.793397587675e-02      -4.122579536920e+03       1.829832151986e-01       1.829832151986e-01 
       3.441624741335e-02       8.594477979689e-02      -4.122431978440e+03      -4.147781965458e+03       8.755729271131e-02      -4.142643138055e+03       1.821992870715e-01       1.821992870715e-01 
       3.457401563078e-02       8.557592260702e-02      -4.142360494633e+03      -4.167947749955e+03       8.718151379893e-02      -4.162766304131e+03       1.814172429287e-01       1.814172429287e-01 
       3.473250656533e-02       8.520793535955e-02      -4.162351513836e+03      -4.188176242368e+03       8.680662118436e-02      -4.182952128016e+03       1.806370454230e-01       1.806370454230e-01 
       3.489174121843e-02       8.484079988056e-02      -4.182408271062e+03      -4.208470647481e+03       8.643259635294e-02      -4.203203818227e+03       1.798586560432e-01       1.798586560432e-01 
       3.505174136469e-02       8.447449689309e-02      -4.202534095690e+03      -4.228834264235e+03       8.605941966623e-02      -4.223524677444e+03       1.790820339401e-01       1.790820339401e-01 
       3.521252958856e-02       8.410900607672e-02      -4.222732419981e+03      -4.249270494070e+03       8.568707042282e-02      -4.243918110874e+03       1.783071360525e-01       1.783071360525e-01 
       3.537412932325e-02       8.374430833730e-02      -4.243006902227e+03      -4.269782962229e+03       8.531552917058e-02      -4.264387747809e+03       1.775339219208e-01       1.775339219208e-01 
       3.553656489198e-02       8.338038218368e-02      -4.263361249635e+03      -4.290375343632e+03       8.494477401536e-02      -4.284937267080e+03       1.767623460029e-01       1.767623460029e-01 
       3.569986155172e-02       8.301720613304e-02      -4.283799348863e+03      -4.311051491173e+03       8.457478307158e-02      -4.305570525675e+03       1.759923627759e-01       1.759923627759e-01 
       3.586404553971e-02       8.265475805732e-02      -4.304325241255e+03      -4.331815411615e+03       8.420553379628e-02      -4.326291534526e+03       1.752239253495e-01       1.752239253495e-01 
       3.602914412280e-02       8.229301445289e-02      -4.324943093010e+03      -4.352671236163e+03       8.383700224512e-02      -4.347104429037e+03       1.744569839175e-01       1.744569839175e-01 
       3.619518564999e-02       8.193195212486e-02      -4.345657294230e+03      -4.373623318099e+03       8.346916478835e-02      -4.368013566908e+03       1.736914893298e-01       1.736914893298e-01 
       3.636219960831e-02       8.157154659972e-02      -4.366472385265e+03      -4.394676160353e+03       8.310199649357e-02      -4.389023455532e+03       1.729273897259e-01       1.729273897259e-01 
       3.653021668233e-02       8.121177222094e-02      -4.387393071784e+03      -4.415834430401e+03       8.273547122322e-02      -4.410138766922e+03       1.721646307383e-01       1.721646307383e-01 
       3.669926881760e-02       8.085260272136e-02      -4.408424267493e+03      -4.437103002346e+03       8.236956221763e-02      -4.431364379874e+03       1.714031567057e-01       1.714031567057e-01 
       3.686938928832e-02       8.049401146677e-02      -4.429571120913e+03      -4.458486983486e+03       8.200424234322e-02      -4.452705406562e+03       1.706429111903e-01       1.706429111903e-01 
       3.704061276955e-02       8.013597010336e-02      -4.450838953722e+03      -4.479991653665e+03       8.163948271458e-02      -4.474167131750e+03       1.698838341091e-01       1.698838341091e-01 
       3.721297541440e-02       7.977844972641e-02      -4.472233340018e+03      -4.501622543325e+03       8.127525388503e-02      -4.495755091008e+03       1.691258642124e-01       1.691258642124e-01 
       3.738651493656e-02       7.942142030964e-02      -4.493760089960e+03      -4.523385417614e+03       8.091152526534e-02      -4.517475054750e+03       1.683689378744e-01       1.683689378744e-01 
       3.756127069862e-02       7.906485045348e-02      -4.515425251588e+03      -4.545286278196e+03       8.054826486721e-02      -4.539333030052e+03       1.676129885585e-01       1.676129885585e-01 
       3.773728380669e-02       7.870870822932e-02      -4.537235177418e+03      -4.567331429044e+03       8.018544016341e-02      -4.561335326543e+03       1.668579486085e-01       1.668579486085e-01 
       3.791459721184e-02       7.835296006284e-02      -4.559196479153e+03      -4.589527431903e+03       7.982301695014e-02      -4.583488511766e+03       1.661037468802e-01       1.661037468802e-01 
       3.809325581900e-02       7.799757131036e-02      -4.581316081613e+03      -4.611881159538e+03       7.946095993421e-02      -4.605799464521e+03       1.653503099641e-01       1.653503099641e-01 
       3.827330660393e-02       7.764250596809e-02      -4.603601227971e+03      -4.634399801024e+03       7.909923243677e-02      -4.628275380136e+03       1.645975615688e-01       1.645975615688e-01 
       3.845479873899e-02       7.728772648739e-02      -4.626059492381e+03      -4.657090874350e+03       7.873779620521e-02      -4.650923783080e+03       1.638454221294e-01       1.638454221294e-01 
       3.863778372858e-02       7.693319421897e-02      -4.648698832791e+03      -4.679962278621e+03       7.837661186564e-02      -4.673752579239e+03       1.630938097495e-01       1.630938097495e-01 
       3.882231555503e-02       7.657886873061e-02      -4.671527577650e+03      -4.703022281098e+03       7.801563822780e-02      -4.696770042908e+03       1.623426387547e-01       1.623426387547e-01 
       3.900845083599e-02       7.622470770005e-02      -4.694554448812e+03      -4.726279539927e+03       7.765483217593e-02      -4.719984839544e+03       1.615918194655e-01       1.615918194655e-01 
       3.919624899445e-02       7.587066762671e-02      -4.717788638676e+03      -4.749743180316e+03       7.729414939390e-02      -4.743406102068e+03       1.608412597067e-01       1.608412597067e-01 
       3.938577244254e-02       7.551670306849e-02      -4.741239798510e+03      -4.773422783346e+03       7.693354358769e-02      -4.767043419600e+03       1.600908631896e-01       1.600908631896e-01 
       3.957708678044e-02       7.516276623187e-02      -4.764918050345e+03      -4.797328397800e+03       7.657296606772e-02      -4.790906849302e+03       1.593405286423e-01       1.593405286423e-01 
       3.977026101202e-02       7.480880778369e-02      -4.788834080563e+03      -4.821470632619e+03       7.621236657594e-02      -4.815007008977e+03       1.585901515317e-01       1.585901515317e-01 
       3.996536777884e-02       7.445477588764e-02      -4.812999123689e+03      -4.845860641211e+03       7.585169230422e-02      -4.839355061302e+03       1.578396220207e-01       1.578396220207e-01 
       4.016248361431e-02       7.410061647968e-02      -4.837425029408e+03      -4.870510187741e+03       7.549088817495e-02      -4.863962780212e+03       1.570888255522e-01       1.570888255522e-01 
       4.036168922034e-02       7.374627314763e-02      -4.862124308943e+03      -4.895431693183e+03       7.512989671836e-02      -4.888842596995e+03       1.563376425944e-01       1.563376425944e-01 
       4.056306976856e-02       7.339168674633e-02      -4.887110168650e+03      -4.920638268653e+03       7.476865768045e-02      -4.914007633642e+03       1.555859478244e-01       1.555859478244e-01 
       4.076671522915e-02       7.303679544722e-02      -4.912396577771e+03      -4.946143782596e+03       7.440710807356e-02      -4.939471770117e+03       1.548336102344e-01       1.548336102344e-01 
       4.097272072990e-02       7.268153433134e-02      -4.937998311665e+03      -4.971962903720e+03       7.404518176166e-02      -4.965249687315e+03       1.540804922683e-01       1.540804922683e-01 
       4.118118694924e-02       7.232583536979e-02      -4.963931027935e+03      -4.998111176422e+03       7.368280944049e-02      -4.991356942574e+03       1.533264497812e-01       1.533264497812e-01 
       4.139222054687e-02       7.196962711834e-02      -4.990211330649e+03      -5.024605084548e+03       7.331991832645e-02      -5.017810033495e+03       1.525713313919e-01       1.525713313919e-01 
       4.160593463646e-02       7.161283444112e-02      -5.016856844792e+03      -5.051462125202e+03       7.295643187511e-02      -5.044626471819e+03       1.518149778973e-01       1.518149778973e-01 
       4.182244930534e-02       7.125537828870e-02      -5.043886303822e+03      -5.078700895633e+03       7.259226955508e-02      -5.071824870402e+03       1.510572218025e-01       1.510572218025e-01 
       4.204189218688e-02       7.089717545189e-02      -5.071319646351e+03      -5.106341189066e+03       7.222734659725e-02      -5.099425039140e+03       1.502978867992e-01       1.502978867992e-01 
       4.226439909188e-02       7.053813814321e-02      -5.099178112272e+03      -5.134404090035e+03       7.186157356842e-02      -5.127448080403e+03       1.495367868787e-01       1.495367868787e-01 
       4.249011470651e-02       7.017817370174e-02      -5.127484360957e+03      -5.162912091648e+03       7.149485607056e-02      -5.155916506407e+03       1.487737257066e-01       1.487737257066e-01 
       4.271919336514e-02       6.981718416897e-02      -5.156262595310e+03      -5.191889218558e+03       7.112709430877e-02      -5.184854362319e+03       1.480084957238e-01       1.480084957238e-01 
       4.295179990778e-02       6.945506587041e-02      -5.185538703181e+03      -5.221361167228e+03       7.075818266501e-02      -5.214287366655e+03       1.472408772607e-01       1.472408772607e-01 
       4.318811063338e-02       6.909170900144e-02      -5.215340418666e+03      -5.251355465859e+03       7.038800927616e-02      -5.244243071373e+03       1.464706376590e-01       1.464706376590e-01 
       4.342831436189e-02       6.872699697394e-02      -5.245697487285e+03      -5.281901638245e+03       7.001645536850e-02      -5.274751025891e+03       1.456975298873e-01       1.456975298873e-01 
       4.367261362007e-02       6.836080589177e-02      -5.276641865917e+03      -5.313031401988e+03       6.964339472324e-02      -5.305842975503e+03       1.449212914300e-01       1.449212914300e-01 
       4.392122596848e-02       6.799300397479e-02      -5.308207947765e+03      -5.344778891590e+03       6.926869308981e-02      -5.337553084695e+03       1.441416430668e-01       1.441416430668e-01 
       4.417438548989e-02       6.762345070110e-02      -5.340432798222e+03      -5.377180892365e+03       6.889220731199e-02      -5.369918171295e+03       1.433582870546e-01       1.433582870546e-01 
       4.443234446291e-02       6.725199604979e-02      -5.373356436183e+03      -5.410277119377e+03       6.851378455650e-02      -5.402977985695e+03       1.425709055237e-01       1.425709055237e-01 
       4.469537524857e-02       6.687847958705e-02      -5.407022146529e+03      -5.444110527345e+03       6.813326138192e-02      -5.436775521062e+03       1.417791585403e-01       1.417791585403e-01 
       4.496377242255e-02       6.650272946497e-02      -5.441476835995e+03      -5.478727663507e+03       6.775046271876e-02      -5.471357366562e+03       1.409826819857e-01       1.409826819857e-01 
       4.523785519170e-02       6.612456120339e-02      -5.476771429526e+03      -5.514179060708e+03       6.736520062845e-02      -5.506774100844e+03       1.401810849744e-01       1.401810849744e-01 
       4.551797014047e-02       6.574377636985e-02      -5.512961325763e+03      -5.550519689119e+03       6.697727295853e-02      -5.543080744199e+03       1.393739470570e-01       1.393739470570e-01 
       4.580449436161e-02       6.536016124120e-02      -5.550106930370e+03      -5.587809485124e+03       6.658646197920e-02      -5.580337287991e+03       1.385608153836e-01       1.385608153836e-01 
       4.609783903582e-02       6.497348487484e-02      -5.588274231814e+03      -5.626113922428e+03       6.619253241836e-02      -5.618609266308e+03       1.377412006168e-01       1.377412006168e-01 
       4.639845353793e-02       6.458349737612e-02      -5.627535502157e+03      -5.665504707086e+03       6.579522969652e-02      -5.657968451684e+03       1.369145732594e-01       1.369145732594e-01 
       4.670683016277e-02       6.418992755549e-02      -5.667970073247e+03      -5.706060547439e+03       6.539427754001e-02      -5.698493625777e+03       1.360803586896e-01       1.360803586896e-01 
       4.702350958312e-02       6.379248048855e-02      -5.709665255447e+03      -5.747868065447e+03       6.498937549533e-02      -5.740271491577e+03       1.352379319895e-01       1.352379319895e-01 
       4.734908717592e-02       6.339083444379e-02      -5.752717379656e+03      -5.791022830486e+03       6.458019579918e-02      -5.783397708169e+03       1.343866114341e-01       1.343866114341e-01 
       4.768422038252e-02       6.298463764796e-02      -5.797233038628e+03      -5.835630590877e+03       6.416638008321e-02      -5.827978123418e+03       1.335256516355e-01       1.335256516355e-01 
       4.802963730540e-02       6.257350413154e-02      -5.843330500210e+03      -5.881808676294e+03       6.374753514158e-02      -5.874130177638e+03       1.326542347370e-01       1.326542347370e-01 
       4.838614678980e-02       6.215700923429e-02      -5.891141396064e+03      -5.929687673649e+03       6.332322835221e-02      -5.921984580971e+03       1.317714608873e-01       1.317714608873e-01 
       4.875465029651e-02       6.173468408458e-02      -5.940812684871e+03      -5.979413375793e+03       6.289298205251e-02      -5.971687263758e+03       1.308763365380e-01       1.308763365380e-01 
       4.913615594494e-02       6.130600921539e-02      -5.992508981714e+03      -6.031149094077e+03       6.245626703565e-02      -6.023401691024e+03       1.299677609116e-01       1.299677609116e-01 
       4.953179519762e-02       6.087040688166e-02      -6.046415307213e+03      -6.085078388236e+03       6.201249472379e-02      -6.077311594536e+03       1.290445097156e-01       1.290445097156e-01 
       4.994284277446e-02       6.042723201041e-02      -6.102740367695e+03      -6.141408324530e+03       6.156100794838e-02      -6.133624233394e+03       1.281052159575e-01       1.281052159575e-01 
       5.037074053392e-02       5.997576126840e-02      -6.161720462976e+03      -6.200373358450e+03       6.110106981275e-02      -6.192574279478e+03       1.271483467681e-01       1.271483467681e-01 
       5.081712624805e-02       5.951517989644e-02      -6.223624169597e+03      -6.262239989595e+03       6.063185027931e-02      -6.254428475341e+03       1.261721754889e-01       1.261721754889e-01 
       5.128386844024e-02       5.904456571766e-02      -6.288757967757e+03      -6.327312357105e+03       6.015240987779e-02      -6.319491232868e+03       1.251747477661e-01       1.251747477661e-01 
       5.177310876232e-02       5.856286965506e-02      -6.357473028175e+03      -6.395938991988e+03       5.966167985708e-02      -6.388111388970e+03       1.241538402404e-01       1.241538402404e-01 
       5.228731377699e-02       5.806889162479e-02      -6.430173391742e+03      -6.468520960572e+03       5.915843762605e-02      -6.460690352232e+03       1.231069094288e-01       1.231069094288e-01 
       5.282933849962e-02       5.756125101836e-02      -6.507325892280e+03      -6.545521751037e+03       5.864127668169e-02      -6.537691992154e+03       1.220310291277e-01       1.220310291277e-01 
       5.340250465290e-02       5.703834959589e-02      -6.589472109374e+03      -6.627479194811e+03       5.810856880570e-02      -6.619654561901e+03       1.209228117160e-01       1.209228117160e-01 
       5.401069730223e-02       5.649832517733e-02      -6.677242788041e+03      -6.715019866497e+03       5.755841688613e-02      -6.707205097058e+03       1.197783099329e-01       1.197783099329e-01 
       5.465848433890e-02       5.593899334436e-02      -6.771375100539e+03      -6.808876351468e+03       5.698859552449e-02      -6.801076677257e+03       1.185928932152e-01       1.185928932152e-01 
       5.535126406421e-02       5.535777364928e-02      -6.872733041836e+03      -6.909907695550e+03       5.639647585862e-02      -6.902128861469e+03       1.173610911516e-01       1.173610911516e-01 
       5.609544665679e-02       5.475159579097e-02      -6.982330958530e+03      -7.019123076636e+03       5.577892997595e-02      -7.011371330599e+03       1.160763944135e-01       1.160763944135e-01 
       5.689867503489e-02       5.411678089869e-02      -7.101359648379e+03      -7.137708202408e+03       5.513220996656e-02      -7.129990231336e+03       1.147310028349e-01       1.147310028349e-01 
       5.777008844238e-02       5.344889157025e-02      -7.231213028715e+03      -7.267052546020e+03       5.445179514259e-02      -7.259375316103e+03       1.133155071329e-01       1.133155071329e-01 
       5.872062581347e-02       5.274254512790e-02      -7.373510801856e+03      -7.408773035023e+03       5.373220178292e-02      -7.401143466725e+03       1.118184924817e-01       1.118184924817e-01 
       5.976335158407e-02       5.199118824860e-02      -7.530107752693e+03      -7.564725131752e+03       5.296675352433e-02      -7.557149495836e+03       1.102260599609e-01       1.102260599609e-01 
       6.091375723611e-02       5.118683984813e-02      -7.703071656930e+03      -7.736983754063e+03       5.214731940624e-02      -7.729466607306e+03       1.085212803879e-01       1.085212803879e-01 
       6.218993722181e-02       5.031983376468e-02      -7.894598180206e+03      -7.927763094212e+03       5.126405170614e-02      -7.920305477772e+03       1.066836473501e-01       1.066836473501e-01 
       6.361244697822e-02       4.937864177757e-02      -8.106811873817e+03      -8.139225275612e+03       5.030520561276e-02      -8.131821784731e+03       1.046887002115e-01       1.046887002115e-01 
       6.520352441264e-02       4.834994879106e-02      -8.341383400919e+03      -8.373108639365e+03       4.925721579500e-02      -8.365742891643e+03       1.025081816682e-01       1.025081816682e-01 
       6.698524232683e-02       4.721929128542e-02      -8.598895825650e+03      -8.630107997074e+03       4.810534681778e-02      -8.622746123126e+03       1.001113902253e-01       1.001113902253e-01 
       6.897621259809e-02       4.597270645874e-02      -8.877964750426e+03      -8.909008021827e+03       4.683537324573e-02      -8.901590360623e+03       9.746867778172e-02       9.746867778172e-02 
       7.118696510608e-02       4.459979795776e-02      -9.174319547040e+03      -9.205767936302e+03       4.543670298075e-02      -9.198200464663e+03       9.455795509348e-02       9.455795509348e-02 
       7.361525102553e-02       4.309809175342e-02      -9.480364648871e+03      -9.513062387096e+03       4.390681503583e-02      -9.505211441872e+03       9.137393847192e-02       9.137393847192e-02 
       7.624371338323e-02       4.147743854180e-02      -9.785901426224e+03      -9.820948500526e+03       4.225574476211e-02      -9.812643783289e+03       8.793749905108e-02       8.793749905108e-02 
       7.904209482764e-02       3.976226496518e-02      -1.008028118527e+04      -1.011893782614e+04       4.050837748972e-02      -1.010998733545e+04       8.430044837603e-02       8.430044837603e-02 
       8.197359076513e-02       3.799001808700e-02      -1.035531008800e+04      -1.039882563454e+04       3.870286384098e-02      -1.038904146306e+04       8.054224243818e-02       8.054224243818e-02 
       8.500216449796e-02       3.620621132732e-02      -1.060759227563e+04      -1.065699927007e+04       3.688557255299e-02      -1.064622810138e+04       7.675946747576e-02       7.675946747576e-02 
       8.809755816322e-02       3.445813399508e-02      -1.083937198011e+04      -1.089529944718e+04       3.510468171483e-02      -1.088344983252e+04       7.305248486520e-02       7.305248486520e-02 
       9.123701290836e-02       3.278918266734e-02      -1.105784448302e+04      -1.112039188526e+04       3.340440352164e-02      -1.110745232064e+04       6.951339449547e-02       6.951339449547e-02 
       9.440466834718e-02       3.123470926092e-02      -1.127348475619e+04      -1.134217616718e+04       3.182075424960e-02      -1.132822123120e+04       6.621721865025e-02       6.621721865025e-02 
       9.759002126123e-02       2.981948011453e-02      -1.149799721565e+04      -1.157181706012e+04       3.037896555681e-02      -1.155700151487e+04       6.321650759830e-02       6.321650759830e-02 
       1.007863421125e-01       2.855657591064e-02      -1.174231879317e+04      -1.181981887758e+04       2.909236373618e-02      -1.180436130912e+04       6.053900537477e-02       6.053900537477e-02 
       1.039894083319e-01       2.744753588205e-02      -1.201494130362e+04      -1.209440180294e+04       2.796251665898e-02      -1.207856039389e+04       5.818795775558e-02       5.818795775558e-02 
       1.071966045593e-01       2.648353626206e-02      -1.232070647395e+04      -1.240032922920e+04       2.698043440977e-02      -1.238437287837e+04       5.614461587402e-02       5.614461587402e-02 
       1.104063237269e-01       2.564735614986e-02      -1.266014912848e+04      -1.273825948452e+04       2.612857213723e-02      -1.272243779622e+04       5.437241107418e-02       5.437241107418e-02 
       1.136175830472e-01       2.491585382316e-02      -1.302940339581e+04      -1.310463692378e+04       2.538335294204e-02      -1.308915256680e+04       5.282221281432e-02       5.282221281432e-02 
       1.168297831787e-01       2.426267910276e-02      -1.342064022380e+04      -1.349209313260e+04       2.471793124582e-02      -1.347707969720e+04       5.143808699703e-02       5.143808699703e-02 
       1.200425591671e-01       2.366097332179e-02      -1.382296693941e+04      -1.389029361285e+04       2.410494352133e-02      -1.387580139677e+04       5.016302724622e-02       5.016302724622e-02 
       1.232556889190e-01       2.308583797673e-02      -1.422368338087e+04      -1.428713081196e+04       2.351902334499e-02      -1.427312201548e+04       4.894419440798e-02       4.894419440798e-02 
       1.264690372696e-01       2.251637982037e-02      -1.460975163594e+04      -1.467012786238e+04       2.293888491944e-02      -1.465648157858e+04       4.773725631349e-02       4.773725631349e-02 
       1.296825218995e-01       2.193717131177e-02      -1.496930300323e+04      -1.502788413399e+04       2.234881095563e-02      -1.501441041198e+04       4.650948609611e-02       4.650948609611e-02 
       1.328960926029e-01       2.133902043437e-02      -1.529299328229e+04      -1.535138050073e+04       2.173943693710e-02      -1.533784176224e+04       4.524139436600e-02       4.524139436600e-02 
       1.361097186874e-01       2.071902354077e-02      -1.557503617511e+04      -1.563497943289e+04       2.110780493332e-02      -1.562111674674e+04       4.392683959147e-02       4.392683959147e-02 
       1.393233813221e-01       2.007996773153e-02      -1.581379641460e+04      -1.587700484947e+04       2.045675472228e-02      -1.586256608901e+04       4.257175803367e-02       4.257175803367e-02 
       1.425370688908e-01       1.942922669512e-02      -1.601189340830e+04      -1.607985346911e+04       1.979379885629e-02      -1.606462024503e+04       4.119181882414e-02       4.119181882414e-02 
       1.457507741702e-01       1.877733705151e-02      -1.617583384169e+04      -1.624965468929e+04       1.912967223009e-02      -1.623346516372e+04       3.980940122843e-02       3.980940122843e-02 
       1.489644926167e-01       1.813644390840e-02      -1.631524093524e+04      -1.639554313576e+04       1.847674840803e-02      -1.637830835446e+04       3.845029466304e-02       3.845029466304e-02 
       1.521782213255e-01       1.751878132045e-02      -1.644177978633e+04      -1.652863813304e+04       1.784749151551e-02      -1.651035028572e+04       3.714047317192e-02       3.714047317192e-02 
       1.553919583975e-01       1.693531658923e-02      -1.656789327434e+04      -1.666083838164e+04       1.725307505667e-02      -1.664157032655e+04       3.590321805679e-02       3.590321805679e-02 
       1.586057025546e-01       1.639466087519e-02      -1.670547932919e+04      -1.680355620591e+04       1.670227205513e-02      -1.678345255367e+04       3.475680612874e-02       3.475680612874e-02 
       1.618194529049e-01       1.590231903344e-02      -1.686464673704e+04      -1.696652250973e+04       1.620069079933e-02      -1.694578345662e+04       3.371291826160e-02       3.371291826160e-02 
       1.650332087999e-01       1.546032448046e-02      -1.705268688716e+04      -1.715679487863e+04       1.575040285895e-02      -1.713565470843e+04       3.277586534637e-02       3.277586534637e-02 
       1.682469697463e-01       1.506726703513e-02      -1.727337785983e+04      -1.737808179779e+04       1.534997146285e-02      -1.735678446876e+04       3.194264836866e-02       3.194264836866e-02 
       1.714607353526e-01       1.471867745825e-02      -1.752669460634e+04      -1.763045516077e+04       1.499484327962e-02      -1.760922961691e+04       3.120377549992e-02       3.120377549992e-02 
       1.746745052953e-01       1.440769250506e-02      -1.780894380126e+04      -1.791047003370e+04       1.467802598196e-02      -1.788950781435e+04       3.054467442478e-02       3.054467442478e-02 
       1.778882792984e-01       1.412589661406e-02      -1.811328494471e+04      -1.821165549036e+04       1.439094576495e-02      -1.819109287680e+04       2.994747939252e-02       2.994747939252e-02 
       1.811020571202e-01       1.386422903750e-02      -1.843055576358e+04      -1.852529833588e+04       1.412437153358e-02      -1.850520471365e+04       2.939295697223e-02       2.939295697223e-02 
       1.843158385450e-01       1.361484940944e-02      -1.875167717913e+04      -1.884279107862e+04       1.387031551568e-02      -1.882316542523e+04       2.886446405506e-02       2.886446405506e-02 
       1.875296233772e-01       1.336976687555e-02      -1.906593861947e+04      -1.915388580472e+04       1.362063667676e-02      -1.913465855238e+04       2.834504207188e-02       2.834504207188e-02 
       1.907434114377e-01       1.312157204415e-02      -1.936202043983e+04      -1.944766905852e+04       1.336778642483e-02      -1.942871102316e+04       2.781897019472e-02       2.781897019472e-02 
       1.939572025616e-01       1.286568494818e-02      -1.963156279516e+04      -1.971607691221e+04       1.310709877533e-02      -1.969721551129e+04       2.727653280424e-02       2.727653280424e-02 
       1.971709965959e-01       1.259979886929e-02      -1.986896266856e+04      -1.995367390465e+04       1.283622373139e-02      -1.993471223768e+04       2.671283979402e-02       2.671283979402e-02 
       2.003847933982e-01       1.232392202081e-02      -2.007200443740e+04      -2.015827231582e+04       1.255516974001e-02      -2.013900980939e+04       2.612791430176e-02       2.612791430176e-02 
       2.035985928357e-01       1.204011883301e-02      -2.024201262869e+04      -2.033108826137e+04       1.226604010756e-02      -2.031134075188e+04       2.552614311028e-02       2.552614311028e-02 
       2.068123947843e-01       1.175198906572e-02      -2.038348223191e+04      -2.047638886030e+04       1.197250231886e-02      -2.045600617354e+04       2.491517091287e-02       2.491517091287e-02 
       2.100261991274e-01       1.146399925364e-02      -2.050328964746e+04      -2.060073115189e+04       1.167910691630e-02      -2.057961058049e+04       2.430448137821e-02       2.430448137821e-02 
       2.132400057558e-01       1.118081414992e-02      -2.060969413550e+04      -2.071199925331e+04       1.139060637783e-02      -2.069009379430e+04       2.370397824971e-02       2.370397824971e-02 
       2.164538145670e-01       1.090675308783e-02      -2.071135967476e+04      -2.081846572367e+04       1.111140125935e-02      -2.079578648172e+04       2.312283146619e-02       2.312283146619e-02 
       2.196676254642e-01       1.064542894205e-02      -2.081655223123e+04      -2.092802801132e+04       1.084517236733e-02      -2.090464076685e+04       2.256871070214e-02       2.256871070214e-02 
       2.228814383567e-01       1.039955476669e-02      -2.093255004067e+04      -2.104765371461e+04       1.059468375918e-02      -2.102367024515e+04       2.204737474994e-02       2.204737474994e-02 
       2.260952531587e-01       1.017085845055e-02      -2.106520815777e+04      -2.118297264837e+04       1.036169579295e-02      -2.115853791374e+04       2.156249027922e-02       2.156249027922e-02 
       2.293090697894e-01       9.960045796764e-03      -2.121859336975e+04      -2.133792947460e+04       1.014692751484e-02      -2.131320616411e+04       2.111555361171e-02       2.111555361171e-02 
       2.325228881723e-01       9.766788221554e-03      -2.139465710460e+04      -2.151446330905e+04       9.950044132114e-03      -2.148961544670e+04       2.070586499752e-02       2.070586499752e-02 
       2.357367082354e-01       9.589754117457e-03      -2.159299935737e+04      -2.171226728196e+04       9.769688973141e-03      -2.168744457756e+04       2.033059570715e-02       2.033059570715e-02 
       2.389505299104e-01       9.426724355151e-03      -2.181083554607e+04      -2.192874102844e+04       9.603601167149e-03      -2.190406546435e+04       1.998503367224e-02       1.998503367224e-02 
       2.421643531327e-01       9.274818921390e-03      -2.204326665467e+04      -2.215923843703e+04       9.448846546625e-03      -2.213479424574e+04       1.966306482967e-02       1.966306482967e-02 
       2.453781778411e-01       9.130821899386e-03      -2.228387067930e+04      -2.239763129111e+04       9.302148737465e-03      -2.237345906758e+04       1.935786296000e-02       1.935786296000e-02 
       2.485920039775e-01       8.991549403325e-03      -2.252552193474e+04      -2.263709832356e+04       9.160264008132e-03      -2.261319358459e+04       1.906267051222e-02       1.906267051222e-02 
       2.518058314871e-01       8.854184259055e-03      -2.276126429752e+04      -2.287096877708e+04       9.020322238951e-03      -2.284728486368e+04       1.877150877962e-02       1.877150877962e-02 
       2.550196603175e-01       8.716513119112e-03      -2.298505673482e+04      -2.309344161659e+04       8.880068492329e-03      -2.306989645528e+04       1.847968103300e-02       1.847968103300e-02 
       2.582334904191e-01       8.577039676318e-03      -2.319227762528e+04      -2.330006925016e+04       8.737978353623e-03      -2.327655515816e+04       1.818401275545e-02       1.818401275545e-02 
       2.614473217447e-01       8.434989540310e-03      -2.337997492172e+04      -2.348799450980e+04       8.593262899161e-03      -2.346438996937e+04       1.788286197973e-02       1.788286197973e-02 
       2.646611542495e-01       8.290249120778e-03      -2.354693190681e+04      -2.365601156343e+04       8.445806430043e-03      -2.363219372745e+04       1.757598952606e-02       1.757598952606e-02 
       2.678749878908e-01       8.143279913596e-03      -2.369363732895e+04      -2.380453960249e+04       8.296079145249e-03      -2.378039625846e+04       1.726437694334e-02       1.726437694334e-02 
       2.710888226280e-01       7.995028090171e-03      -2.382220692698e+04      -2.393555552844e+04       8.145045028415e-03      -2.391099535592e+04       1.695003439158e-02       1.695003439158e-02 
       2.743026584222e-01       7.846823373396e-03      -2.393623538587e+04      -2.405246315905e+04       7.994058819483e-03      -2.402742335761e+04       1.663578575916e-02       1.663578575916e-02 
       2.775164952366e-01       7.700248313839e-03      -2.404051429569e+04      -2.415983246725e+04       7.844732831105e-03      -2.413428316974e+04       1.632499102172e-02       1.632499102172e-02 
       2.807303330360e-01       7.556967205135e-03      -2.414056671009e+04      -2.426295710932e+04       7.698762647479e-03      -2.423690237264e+04       1.602118307233e-02       1.602118307233e-02 
       2.839441717866e-01       7.418526885877e-03      -2.424201737353e+04      -2.436724695899e+04       7.557724183233e-03      -2.434072248327e+04       1.572764502613e-02       1.572764502613e-02 
       2.871580114563e-01       7.286165572329e-03      -2.434990406514e+04      -2.447755898746e+04       7.422878925309e-03      -2.445062701025e+04       1.544700465804e-02       1.544700465804e-02 
       2.903718520146e-01       7.160673578599e-03      -2.446808280924e+04      -2.459761754128e+04       7.295032037659e-03      -2.457035957169e+04       1.518093897132e-02       1.518093897132e-02 
       2.935856934320e-01       7.042338074821e-03      -2.459886513038e+04      -2.472966105961e+04       7.174476082633e-03      -2.470216925281e+04       1.493005706266e-02       1.493005706266e-02 
       2.967995356805e-01       6.930975920195e-03      -2.474294527764e+04      -2.487437261521e+04       7.061024471489e-03      -2.484674065428e+04       1.469396983152e-02       1.469396983152e-02 
       3.000133787332e-01       6.826030206299e-03      -2.489957523956e+04      -2.503105216917e+04       6.954109821955e-03      -2.500336652330e+04       1.447149485531e-02       1.447149485531e-02 
       3.032272225645e-01       6.726690942334e-03      -2.506687465546e+04      -2.519791828032e+04       6.852906911612e-03      -2.517025064296e+04       1.426091251111e-02       1.426091251111e-02 
       3.064410671497e-01       6.632004256745e-03      -2.524215363628e+04      -2.537241839541e+04       6.756443932574e-03      -2.534481996921e+04       1.406019778100e-02       1.406019778100e-02 
       3.096549124651e-01       6.540953977015e-03      -2.542217985861e+04      -2.555148055966e+04       6.663685606034e-03      -2.552397864677e+04       1.386719349568e-02       1.386719349568e-02 
       3.128687584883e-01       6.452520769001e-03      -2.560339530543e+04      -2.573171358785e+04       6.573593434928e-03      -2.570431068405e+04       1.367973597607e-02       1.367973597607e-02 
       3.160826051975e-01       6.365736323432e-03      -2.578214082959e+04      -2.590961555406e+04       6.485180910166e-03      -2.588229086768e+04       1.349577012905e-02       1.349577012905e-02 
       3.192964525718e-01       6.279746742703e-03      -2.595494412614e+04      -2.608184770058e+04       6.397578089020e-03      -2.605456076599e+04       1.331348399073e-02       1.331348399073e-02 
       3.225103005914e-01       6.193884436155e-03      -2.611887351133e+04      -2.624557735655e+04       6.310104840720e-03      -2.621827322667e+04       1.313146124283e-02       1.313146124283e-02 
       3.257241492369e-01       6.107732382287e-03      -2.627189327634e+04      -2.639882642089e+04       6.222336314815e-03      -2.637144181993e+04       1.294881747831e-02       1.294881747831e-02 
       3.289379984900e-01       6.021157573932e-03      -2.641311490078e+04      -2.654072002362e+04       6.134137013355e-03      -2.651318982154e+04       1.276527106717e-02       1.276527106717e-02 
       3.321518483330e-01       5.934298266850e-03      -2.654285760133e+04      -2.667154875785e+04       6.045647798858e-03      -2.664381216622e+04       1.258111602498e-02       1.258111602498e-02 
       3.353656987487e-01       5.847505738233e-03      -2.666249421016e+04      -2.679262000825e+04       5.957226558035e-03      -2.676462597681e+04       1.239709839638e-02       1.239709839638e-02 
       3.385795497209e-01       5.761259444673e-03      -2.677414288077e+04      -2.690595813778e+04       5.869361765507e-03      -2.687766952745e+04       1.221423621897e-02       1.221423621897e-02 
       3.417934012337e-01       5.676081420451e-03      -2.688031076738e+04      -2.701395870435e+04       5.782585273522e-03      -2.698535493205e+04       1.203363787168e-02       1.203363787168e-02 
       3.450072532720e-01       5.592471819748e-03      -2.698359478393e+04      -2.711910073621e+04       5.697406642511e-03      -2.709017872308e+04       1.185636526260e-02       1.185636526260e-02 
       3.482211058211e-01       5.510872819665e-03      -2.708648796462e+04      -2.722376446110e+04       5.614276364980e-03      -2.719453787596e+04       1.168335717001e-02       1.168335717001e-02 
       3.514349588670e-01       5.431653048890e-03      -2.719126999204e+04      -2.733013199151e+04       5.533570000659e-03      -2.730062895255e+04       1.151539613365e-02       1.151539613365e-02 
       3.546488123961e-01       5.355097559565e-03      -2.729991858390e+04      -2.744010676938e+04       5.455577959387e-03      -2.741036632332e+04       1.135308713555e-02       1.135308713555e-02 
       3.578626663954e-01       5.281391320841e-03      -2.741398296688e+04      -2.755519235113e+04       5.380488684653e-03      -2.752526016651e+04       1.119682258414e-02       1.119682258414e-02 
       3.610765208521e-01       5.210595808495e-03      -2.753441300985e+04      -2.767632378784e+04       5.308364804145e-03      -2.764624755030e+04       1.104673269686e-02       1.104673269686e-02 
       3.642903757543e-01       5.142629327521e-03      -2.766139659566e+04      -2.780370418935e+04       5.239123083755e-03      -2.777352916987e+04       1.090264382867e-02       1.090264382867e-02 
       3.675042310900e-01       5.077265914757e-03      -2.779428868229e+04      -2.793673023379e+04       5.172533310617e-03      -2.790649542807e+04       1.076407621758e-02       1.076407621758e-02 
       3.707180868481e-01       5.014162198769e-03      -2.793169625005e+04      -2.807407137220e+04       5.108245658240e-03      -2.804380650495e+04       1.063030101996e-02       1.063030101996e-02 
       3.739319430175e-01       4.952909307823e-03      -2.807172100961e+04      -2.821390530382e+04       5.045843569842e-03      -2.818362888250e+04       1.050045045798e-02       1.050045045798e-02 
       3.771457995877e-01       4.893095194410e-03      -2.821229217424e+04      -2.835424279782e+04       4.984907253661e-03      -2.832396130062e+04       1.037365004836e-02       1.037365004836e-02 
       3.803596565485e-01       4.834358151171e-03      -2.835148353064e+04      -2.849323687089e+04       4.925068204195e-03      -2.846294506467e+04       1.024913214337e-02       1.024913214337e-02 
       3.835735138900e-01       4.776417326643e-03      -2.848772412235e+04      -2.862938634510e+04       4.866040291414e-03      -2.859906864561e+04       1.012630068906e-02       1.012630068906e-02 
       3.867873716028e-01       4.719077294662e-03      -2.861986879012e+04      -2.876160063799e+04       4.807624416430e-03      -2.873123334040e+04       1.000474095079e-02       1.000474095079e-02 
       3.900012296776e-01       4.662215345404e-03      -2.874716393309e+04      -2.888916159734e+04       4.749695564251e-03      -2.885871572521e+04       9.884192582589e-03       9.884192582589e-03 
       3.932150881054e-01       4.605765458922e-03      -2.886918383485e+04      -2.901165798079e+04       4.692186476478e-03      -2.898110243991e+04       9.764515641327e-03       9.764515641327e-03 
       3.964289468777e-01       4.549709884908e-03      -2.898580479355e+04      -2.912895985288e+04       4.635079072718e-03      -2.909826455127e+04       9.645672709196e-03       9.645672709196e-03 
       3.996428059861e-01       4.494080437243e-03      -2.909723619244e+04      -2.924125185028e+04       4.578405768879e-03      -2.921039046908e+04       9.527731599390e-03       9.527731599390e-03 
       4.028566654226e-01       4.438962769791e-03      -2.920407134085e+04      -2.934908777077e+04       4.522253832534e-03      -2.931803993935e+04       9.410874373667e-03       9.410874373667e-03 
       4.060705251793e-01       4.384493292420e-03      -2.930729133746e+04      -2.945339923485e+04       4.466762240363e-03      -2.942215196130e+04       9.295390752153e-03       9.295390752153e-03 
       4.092843852486e-01       4.330842089621e-03      -2.940817175102e+04      -2.955540766270e+04       4.412104275524e-03      -2.952395597104e+04       9.181641847312e-03       9.181641847312e-03 
       4.124982456232e-01       4.278183429939e-03      -2.950809299979e+04      -2.965643991013e+04       4.358457483068e-03      -2.962478671869e+04       9.069997593872e-03       9.069997593872e-03 
       4.157121062961e-01       4.226663350467e-03      -2.960831184508e+04      -2.975770451663e+04       4.305970645654e-03      -2.972585984684e+04       8.960767986559e-03       8.960767986559e-03 
       4.189259672603e-01       4.176376380639e-03      -2.970977775584e+04      -2.986011195761e+04       4.254740070220e-03      -2.982809159426e+04       8.854153706386e-03       8.854153706386e-03 
       4.221398285091e-01       4.127359345312e-03      -2.981305843670e+04      -2.996420293832e+04       4.204803274622e-03      -2.993202668315e+04       8.750232970713e-03       8.750232970713e-03 
       4.253536900360e-01       4.079601798774e-03      -2.991838419077e+04      -3.007019425254e+04       4.156149617453e-03      -3.003788393297e+04       8.648983656058e-03       8.648983656058e-03 
       4.285675518349e-01       4.033064860288e-03      -3.002576251427e+04      -3.017809356228e+04       4.108739487201e-03      -3.014567097785e+04       8.550323244254e-03       8.550323244254e-03 
       4.317814138995e-01       3.987697403970e-03      -3.013508581757e+04      -3.028780606251e+04       4.062520796200e-03      -3.025529106332e+04       8.454143167446e-03       8.454143167446e-03 
       4.349952762240e-01       3.943441952108e-03      -3.024617141399e+04      -3.039917234642e+04       4.017434984896e-03      -3.036658122892e+04       8.360321327862e-03       8.360321327862e-03 
       4.382091388026e-01       3.900230118505e-03      -3.035872438906e+04      -3.051192835750e+04       3.973412380050e-03      -3.047927272315e+04       8.268712464267e-03       8.268712464267e-03 
       4.414230016298e-01       3.857974218388e-03      -3.047226722924e+04      -3.062563164377e+04       3.930363647597e-03      -3.059291780136e+04       8.179130390854e-03       8.179130390854e-03 
       4.446368647002e-01       3.816564084781e-03      -3.058610546407e+04      -3.073962352818e+04       3.888176549617e-03      -3.070685244410e+04       8.091341272582e-03       8.091341272582e-03 
       4.478507280084e-01       3.775874834538e-03      -3.069938003396e+04      -3.085307824167e+04       3.846723856400e-03      -3.082024597611e+04       8.005080111833e-03       8.005080111833e-03 
       4.510645915495e-01       3.735784543684e-03      -3.081120649093e+04      -3.096513939515e+04       3.805881353691e-03      -3.093223792019e+04       7.920088239221e-03       7.920088239221e-03 
       4.542784553184e-01       3.696194659127e-03      -3.092084896050e+04      -3.107509190493e+04       3.765548637565e-03      -3.104211018715e+04       7.836156599742e-03       7.836156599742e-03 
       4.574923193103e-01       3.657044061116e-03      -3.102785395954e+04      -3.118249456514e+04       3.725663440819e-03      -3.114941980189e+04       7.753155570733e-03       7.753155570733e-03 
       4.607061835205e-01       3.618310759490e-03      -3.113208707884e+04      -3.128721629932e+04       3.686203360998e-03      -3.125403521100e+04       7.671038554905e-03       7.671038554905e-03 
       4.639200479446e-01       3.580002301158e-03      -3.123367175593e+04      -3.138937530766e+04       3.647176087754e-03      -3.135607538995e+04       7.589821633729e-03       7.589821633729e-03 
       4.671339125779e-01       3.542140568531e-03      -3.133287108984e+04      -3.148922195738e+04       3.608603915834e-03      -3.145579260157e+04       7.509551324624e-03       7.509551324624e-03 
       4.703477774164e-01       3.504749686867e-03      -3.142998632116e+04      -3.158703893634e+04       3.570511425291e-03      -3.155347232007e+04       7.430278927273e-03       7.430278927273e-03 
       4.735616424557e-01       3.467852155059e-03      -3.152532124872e+04      -3.168310776126e+04       3.532921539456e-03      -3.164939942563e+04       7.352052304437e-03       7.352052304437e-03 
       4.767755076918e-01       3.431472839476e-03      -3.161921637751e+04      -3.177774522241e+04       3.495859593506e-03      -3.174389428324e+04       7.274924334606e-03       7.274924334606e-03 
       4.799893731207e-01       3.395645434195e-03      -3.171210920555e+04      -3.187136593912e+04       3.459359915747e-03      -3.183737492890e+04       7.198966595728e-03       7.198966595728e-03 
       4.832032387385e-01       3.360414583416e-03      -3.180455841423e+04      -3.196450856614e+04       3.423467989712e-03      -3.193038295646e+04       7.124273854673e-03       7.124273854673e-03 
       4.864171045416e-01       3.325829734787e-03      -3.189719051449e+04      -3.205778402176e+04       3.388234192041e-03      -3.202353151639e+04       7.050951027996e-03       7.050951027996e-03 
       4.896309705262e-01       3.291932185590e-03      -3.199057595965e+04      -3.215175263729e+04       3.353700595536e-03      -3.211738234091e+04       6.979085713909e-03       6.979085713909e-03 
       4.928448366888e-01       3.258741311430e-03      -3.208508775233e+04      -3.224678321793e+04       3.319886939424e-03      -3.221230477607e+04       6.908718994672e-03       6.908718994672e-03 
       4.960587030259e-01       3.226246726853e-03      -3.218080917773e+04      -3.234296066323e+04       3.286782642921e-03      -3.230838344682e+04       6.839828819254e-03       6.839828819254e-03 
       4.992725695341e-01       3.194410686762e-03      -3.227753948358e+04      -3.244009104885e+04       3.254349251796e-03      -3.240542342975e+04       6.772335101193e-03       6.772335101193e-03 
       5.024864362101e-01       3.163179215629e-03      -3.237489113961e+04      -3.253779788469e+04       3.222531776552e-03      -3.250304663787e+04       6.706123323065e-03       6.706123323065e-03 
       5.057003030508e-01       3.132496416948e-03      -3.247242892429e+04      -3.263565990812e+04       3.191273270520e-03      -3.260082977336e+04       6.641074884590e-03       6.641074884590e-03 
       5.089141700530e-01       3.102315162882e-03      -3.256978218846e+04      -3.273332187964e+04       3.160525720244e-03      -3.269841531779e+04       6.577089776016e-03       6.577089776016e-03 
       5.121280372136e-01       3.072600052020e-03      -3.266668314061e+04      -3.283053135868e+04       3.130253058847e-03      -3.279554853054e+04       6.514092857443e-03       6.514092857443e-03 
       5.153419045297e-01       3.043323220455e-03      -3.276293027062e+04      -3.292710071764e+04       3.100426898605e-03      -3.289203969205e+04       6.452024984191e-03       6.452024984191e-03 
       5.185557719984e-01       3.014457601505e-03      -3.285832038155e+04      -3.302283800319e+04       3.071019664235e-03      -3.298769516639e+04       6.390828720765e-03       6.390828720765e-03 
       5.217696396168e-01       2.985973158828e-03      -3.295260786172e+04      -3.311750538707e+04       3.042000755367e-03      -3.308227599138e+04       6.330440356809e-03       6.330440356809e-03 
       5.249835073822e-01       2.957839220545e-03      -3.304552896622e+04      -3.321084303936e+04       3.013338924472e-03      -3.317552180792e+04       6.270794856205e-03       6.270794856205e-03 
       5.281973752919e-01       2.930031823304e-03      -3.313688453038e+04      -3.330265185073e+04       2.985009758709e-03      -3.326723355658e+04       6.211841426247e-03       6.211841426247e-03 
       5.314112433432e-01       2.902541527623e-03      -3.322663388666e+04      -3.339288772063e+04       2.957003641891e-03      -3.335736768072e+04       6.153560084402e-03       6.153560084402e-03 
       5.346251115337e-01       2.875376670751e-03      -3.331494207358e+04      -3.348170941648e+04       2.929329068321e-03      -3.344608387103e+04       6.095968550496e-03       6.095968550496e-03 
       5.378389798608e-01       2.848559394105e-03      -3.340214472659e+04      -3.356944428658e+04       2.902008595610e-03      -3.353371066136e+04       6.039113818935e-03       6.039113818935e-03 
       5.410528483220e-01       2.822116022256e-03      -3.348864244007e+04      -3.365648352734e+04       2.875069043044e-03      -3.362064058673e+04       5.983051754996e-03       5.983051754996e-03 
       5.442667169150e-01       2.796066466978e-03      -3.357477534559e+04      -3.374315767120e+04       2.848530696734e-03      -3.370720556711e+04       5.927824624505e-03       5.927824624505e-03 
       5.474805856375e-01       2.770417848941e-03      -3.366074017897e+04      -3.382965450532e+04       2.822400811554e-03      -3.379359471852e+04       5.873447566586e-03       5.873447566586e-03 
       5.506944544871e-01       2.745165025151e-03      -3.374658713000e+04      -3.391601665680e+04       2.796674148445e-03      -3.387985182519e+04       5.819909709136e-03       5.819909709136e-03 
       5.539083234617e-01       2.720296834853e-03      -3.383228856528e+04      -3.400221088061e+04       2.771339337499e-03      -3.396594451974e+04       5.767187409805e-03       5.767187409805e-03 
       5.571221925591e-01       2.695803818222e-03      -3.391783184526e+04      -3.408822122346e+04       2.746386741497e-03      -3.405185736609e+04       5.715260620797e-03       5.715260620797e-03 
       5.603360617772e-01       2.671682680944e-03      -3.400327745682e+04      -3.417410725619e+04       2.721813004275e-03      -3.413765005925e+04       5.664122355374e-03       5.664122355374e-03 
       5.635499311139e-01       2.647935064188e-03      -3.408874769108e+04      -3.425999260735e+04       2.697619797638e-03      -3.422344598461e+04       5.613776081503e-03       5.613776081503e-03 
       5.667638005671e-01       2.624561737118e-03      -3.417435462560e+04      -3.434599259568e+04       2.673807904920e-03      -3.430935992576e+04       5.564223410984e-03       5.564223410984e-03 
       5.699776701350e-01       2.601556085400e-03      -3.426011379595e+04      -3.443212741282e+04       2.650370587336e-03      -3.439541134831e+04       5.515450296308e-03       5.515450296308e-03 
       5.731915398155e-01       2.578901097324e-03      -3.434589885022e+04      -3.451827622556e+04       2.627290513581e-03      -3.448147860101e+04       5.467420643275e-03       5.467420643275e-03 
       5.764054096068e-01       2.556571906390e-03      -3.443146854337e+04      -3.460420362186e+04       2.604542350164e-03      -3.456732543881e+04       5.420081704321e-03       5.420081704321e-03 
       5.796192795070e-01       2.534542595549e-03      -3.451655415423e+04      -3.468964652668e+04       2.582099693369e-03      -3.465268799070e+04       5.373378507107e-03       5.373378507107e-03 
       5.828331495144e-01       2.512793507568e-03      -3.460095995074e+04      -3.477441423594e+04       2.559942516824e-03      -3.473737483099e+04       5.327269355718e-03       5.327269355718e-03 
       5.860470196271e-01       2.491315082596e-03      -3.468462172338e+04      -3.485844659748e+04       2.538061081101e-03      -3.482132519766e+04       5.281733968264e-03       5.281733968264e-03 
       5.892608898434e-01       2.470106356747e-03      -3.476759338867e+04      -3.494180035035e+04       2.516454404130e-03      -3.490459537657e+04       5.236770294148e-03       5.236770294148e-03 
       5.924747601616e-01       2.449169376903e-03      -3.484997387593e+04      -3.502457585186e+04       2.495124571191e-03      -3.498728547470e+04       5.192382672310e-03       5.192382672310e-03 
       5.956886305802e-01       2.428503073503e-03      -3.493182097434e+04      -3.510683088931e+04       2.474070492718e-03      -3.506945326266e+04       5.148568839793e-03       5.148568839793e-03 
       5.989025010974e-01       2.408100258099e-03      -3.501310498183e+04      -3.518853443055e+04       2.453284845501e-03      -3.515106792314e+04       5.105313565021e-03       5.105313565021e-03 
       6.021163717117e-01       2.387949387498e-03      -3.509372972442e+04      -3.526958787409e+04       2.432755869906e-03      -3.523203125905e+04       5.062592386923e-03       5.062592386923e-03 
       6.053302424215e-01       2.368039820683e-03      -3.517360718944e+04      -3.534990001100e+04       2.412472725439e-03      -3.531225258256e+04       5.020382759298e-03       5.020382759298e-03 
       6.085441132253e-01       2.348367211911e-03      -3.525273912556e+04      -3.542946900065e+04       2.392430985024e-03      -3.539173060872e+04       4.978675483845e-03       4.978675483845e-03 
       6.117579841217e-01       2.328935637109e-03      -3.533125405644e+04      -3.550841975179e+04       2.372634801280e-03      -3.547059076868e+04       4.937479217204e-03       4.937479217204e-03 
       6.149718551091e-01       2.309755047974e-03      -3.540937452839e+04      -3.558697148728e+04       2.353094312835e-03      -3.554905273492e+04       4.896815071961e-03       4.896815071961e-03 
       6.181857261862e-01       2.290835397725e-03      -3.548733028015e+04      -3.566535115896e+04       2.333819659828e-03      -3.562734382366e+04       4.856704161141e-03       4.856704161141e-03 
       6.213995973515e-01       2.272180720606e-03      -3.556526510725e+04      -3.574370048418e+04       2.314814952301e-03      -3.570560603202e+04       4.817155044985e-03       4.817155044985e-03 
       6.246134686037e-01       2.253786422957e-03      -3.564318900112e+04      -3.582202819278e+04       2.296075510438e-03      -3.578384828242e+04       4.778157987265e-03       4.778157987265e-03 
       6.278273399415e-01       2.235641102756e-03      -3.572100027149e+04      -3.590023219668e+04       2.277589718248e-03      -3.586196857827e+04       4.739688813210e-03       4.739688813210e-03 
       6.310412113635e-01       2.217731636617e-03      -3.579856238366e+04      -3.597817641206e+04       2.259344206033e-03      -3.593983080599e+04       4.701719695424e-03       4.701719695424e-03 
       6.342550828684e-01       2.200048477060e-03      -3.587578926726e+04      -3.605577598333e+04       2.241329247072e-03      -3.601734994703e+04       4.664230385835e-03       4.664230385835e-03 
       6.374689544551e-01       2.182588107059e-03      -3.595268892865e+04      -3.613304073501e+04       2.223541258244e-03      -3.609453554184e+04       4.627213420634e-03       4.627213420634e-03 
       6.406828261222e-01       2.165351457558e-03      -3.602934216279e+04      -3.621005366097e+04       2.205981187855e-03      -3.617147021981e+04       4.590670765928e-03       4.590670765928e-03 
       6.438966978685e-01       2.148339498410e-03      -3.610583206442e+04      -3.628690017977e+04       2.188650023853e-03      -3.624823901501e+04       4.554604470446e-03       4.554604470446e-03 
       6.471105696930e-01       2.131548866824e-03      -3.618216975711e+04      -3.636359361792e+04       2.171544340249e-03      -3.632485490935e+04       4.519007397651e-03       4.519007397651e-03 
       6.503244415943e-01       2.114970256505e-03      -3.625826316105e+04      -3.644004377990e+04       2.154654656036e-03      -3.640122744236e+04       4.483859810940e-03       4.483859810940e-03 
       6.535383135715e-01       2.098590569553e-03      -3.633394942372e+04      -3.651608925122e+04       2.137967627473e-03      -3.647719502455e+04       4.449133936462e-03       4.449133936462e-03 
       6.567521856233e-01       2.082397566826e-03      -3.640907329879e+04      -3.659157572149e+04       2.121470785717e-03      -3.655260324608e+04       4.414803823007e-03       4.414803823007e-03 
       6.599660577486e-01       2.066384288637e-03      -3.648356616363e+04      -3.666643500125e+04       2.105157040482e-03      -3.662738387056e+04       4.380854714759e-03       4.380854714759e-03 
       6.631799299465e-01       2.050550644648e-03      -3.655747892715e+04      -3.674071795947e+04       2.089026299759e-03      -3.670158775817e+04       4.347286421989e-03       4.347286421989e-03 
       6.663938022158e-01       2.034901322521e-03      -3.663095009674e+04      -3.681456263591e+04       2.073083339222e-03      -3.677535298045e+04       4.314108886676e-03       4.314108886676e-03 
       6.696076745555e-01       2.019441286657e-03      -3.670412773597e+04      -3.688811625804e+04       2.057333216489e-03      -3.684882685096e+04       4.281332638493e-03       4.281332638493e-03 
       6.728215469646e-01       2.004171526844e-03      -3.677709132492e+04      -3.696145718351e+04       2.041776939986e-03      -3.692208787793e+04       4.248959780654e-03       4.248959780654e-03 
       6.760354194421e-01       1.989087440656e-03      -3.684981810217e+04      -3.703456135135e+04       2.026409820988e-03      -3.699511220843e+04       4.216980559848e-03       4.216980559848e-03 
       6.792492919870e-01       1.974180676439e-03      -3.692221261377e+04      -3.710733196679e+04       2.011223351178e-03      -3.706780328351e+04       4.185377273365e-03       4.185377273365e-03 
       6.824631645985e-01       1.959443190808e-03      -3.699418014522e+04      -3.717967307746e+04       1.996209336285e-03      -3.714006537041e+04       4.154132871509e-03       4.154132871509e-03 
       6.856770372754e-01       1.944870998489e-03      -3.706569859394e+04      -3.725156156879e+04       1.981363716295e-03      -3.721187551788e+04       4.123238907800e-03       4.123238907800e-03 
       6.888909100170e-01       1.930465378175e-03      -3.713684528013e+04      -3.732307405345e+04       1.966687793924e-03      -3.728331042551e+04       4.092698095497e-03       4.092698095497e-03 
       6.921047828223e-01       1.916230875941e-03      -3.720776271148e+04      -3.739435266167e+04       1.952186200575e-03      -3.735451224016e+04       4.062520074392e-03       4.062520074392e-03 
       6.953186556905e-01       1.902171306570e-03      -3.727858287471e+04      -3.746552931070e+04       1.937862822620e-03      -3.742561285110e+04       4.032712932820e-03       4.032712932820e-03 
       6.985325286206e-01       1.888286154147e-03      -3.734935514666e+04      -3.753665356855e+04       1.923717134455e-03      -3.749666178219e+04       4.003275576322e-03       4.003275576322e-03 
       7.017464016118e-01       1.874569470645e-03      -3.742002032244e+04      -3.760766663099e+04       1.909743076415e-03      -3.756760018453e+04       3.974195392569e-03       3.974195392569e-03 
       7.049602746633e-01       1.861011864049e-03      -3.749044587388e+04      -3.767843653719e+04       1.895931080216e-03      -3.763829604828e+04       3.945452466824e-03       3.945452466824e-03 
       7.081741477743e-01       1.847604336704e-03      -3.756050111755e+04      -3.774883329883e+04       1.882271979326e-03      -3.770861931580e+04       3.917027720240e-03       3.917027720240e-03 
       7.113880209439e-01       1.834341734348e-03      -3.763012860067e+04      -3.781880024168e+04       1.868760522735e-03      -3.777851320909e+04       3.888910222749e-03       3.888910222749e-03 
       7.146018941713e-01       1.821223811747e-03      -3.769936981987e+04      -3.788837966120e+04       1.855396460580e-03      -3.784801988765e+04       3.861099452620e-03       3.861099452620e-03 
       7.178157674559e-01       1.808253403214e-03      -3.776833147210e+04      -3.795767899229e+04       1.842182680344e-03      -3.791724664068e+04       3.833601417762e-03       3.833601417762e-03 
       7.210296407967e-01       1.795432911779e-03      -3.783711411563e+04      -3.802679938825e+04       1.829121630138e-03      -3.798629449975e+04       3.806421212153e-03       3.806421212153e-03 
       7.242435141931e-01       1.782761230575e-03      -3.790574610088e+04      -3.809576958715e+04       1.816212182318e-03      -3.805519213455e+04       3.779556488607e-03       3.779556488607e-03 
       7.274573876443e-01       1.770232937363e-03      -3.797416292573e+04      -3.816452524206e+04       1.803448812896e-03      -3.812387519303e+04       3.752995751019e-03       3.752995751019e-03 
       7.306712611496e-01       1.757840193145e-03      -3.804224435844e+04      -3.823294606385e+04       1.790823535779e-03      -3.819222343027e+04       3.726722379755e-03       3.726722379755e-03 
       7.338851347083e-01       1.745576141041e-03      -3.810988655772e+04      -3.830092799206e+04       1.778329365427e-03      -3.826013285026e+04       3.700721837885e-03       3.700721837885e-03 
       7.370990083197e-01       1.733437764299e-03      -3.817706611555e+04      -3.836844729812e+04       1.765963228496e-03      -3.832757978099e+04       3.674987730640e-03       3.674987730640e-03 
       7.403128819831e-01       1.721426535403e-03      -3.824385814863e+04      -3.843557872893e+04       1.753726625124e-03      -3.839463900458e+04       3.649523181510e-03       3.649523181510e-03 
       7.435267556977e-01       1.709546453207e-03      -3.831039643008e+04      -3.850245566548e+04       1.741623629227e-03      -3.846144392353e+04       3.624336670444e-03       3.624336670444e-03 
       7.467406294631e-01       1.697800718731e-03      -3.837680038687e+04      -3.856919713613e+04       1.729657501916e-03      -3.852811359285e+04       3.599434985739e-03       3.599434985739e-03 
       7.499545032784e-01       1.686188968967e-03      -3.844311100217e+04      -3.863584373234e+04       1.717827873388e-03      -3.859468865268e+04       3.574817359043e-03       3.574817359043e-03 
       7.531683771431e-01       1.674706642879e-03      -3.850927267667e+04      -3.870233949225e+04       1.706130097031e-03      -3.866111321368e+04       3.550474121080e-03       3.550474121080e-03 
       8.226868996190e-01       1.453515899286e-03      -3.987781912994e+04      -4.007773172934e+04       1.480789011107e-03      -4.003504274033e+04       3.081536271820e-03       3.081536271820e-03 
       9.231105183105e-01       1.206588040052e-03      -4.167818334881e+04      -4.188710985436e+04       1.229227886404e-03      -4.184249537497e+04       2.558034094839e-03       2.558034094839e-03 
       1.082536929442e+00       9.303652752873e-04      -4.419578639805e+04      -4.441734349176e+04       9.478221749878e-04      -4.437003245651e+04       1.972424806757e-03       1.972424806757e-03 
