# dimensionless total lensed [l(l+1)/2pi] C_l's
# for l=2 to 2500, i.e. number of multipoles equal to 2499
#
# -> if you prefer output in CAMB/HealPix/LensPix units/order, set 'format' to 'camb' in input file
# -> if you don't want to see such a header, set 'headers' to 'no' in input file
#
# 1:l     2:TT                     3:EE                     4:TE                     5:BB                     6:phiphi                 7:TPhi                   8:Ephi               
    2       1.494858595753e-10       7.287428360947e-15       4.814014684920e-13       2.390911004628e-19       8.824705325779e-09       4.854412255456e-10      -2.509199940220e-12 
    3       1.409241878969e-10       1.233950768801e-14       6.057304188829e-13       4.784139023038e-19       5.420163132421e-09       3.460503754128e-10      -2.206965371209e-12 
    4       1.324599527552e-10       1.440702749868e-14       6.265592869734e-13       7.978632433256e-19       3.766656346720e-09       2.634089693903e-10      -1.760485080501e-12 
    5       1.257517042469e-10       1.332326430860e-14       5.867563401216e-13       1.197725683302e-18       2.811336060090e-09       2.089779079352e-10      -1.306654697415e-12 
    6       1.208066122704e-10       1.028090980619e-14       5.163534890211e-13       1.678340910602e-18       2.196151125788e-09       1.706542446764e-10      -8.928197817183e-13 
    7       1.173639660801e-10       6.814986263121e-15       4.356568018661e-13       2.240090493048e-18       1.772011677946e-09       1.424115158231e-10      -5.430982089308e-13 
    8       1.150364069070e-10       4.028802240057e-15       3.569888046445e-13       2.883385412647e-18       1.464698693163e-09       1.208092648588e-10      -2.682343211236e-13 
    9       1.136120104095e-10       2.331256421156e-15       2.876195384067e-13       3.608652876960e-18       1.233367577959e-09       1.037915115753e-10      -6.983575384105e-14 
   10       1.128902002261e-10       1.570971986569e-15       2.315189740555e-13       4.416322927024e-18       1.054023401044e-09       9.016375156240e-11       5.743008466380e-14 
   11       1.127006448981e-10       1.347261436785e-15       1.904122783354e-13       5.306815367695e-18       8.886984365407e-10       7.941958302435e-11       1.230677839313e-13 
   12       1.129849235658e-10       1.290918411441e-15       1.640120542554e-13       6.280527530891e-18       7.765354199150e-10       7.029606350302e-11       1.419902740144e-13 
   13       1.135663539694e-10       1.204634119684e-15       1.505447664303e-13       7.337823346097e-18       6.844650105250e-10       6.270082114649e-11       1.274545789787e-13 
   14       1.143655214011e-10       1.060389761736e-15       1.474416895294e-13       8.479024137086e-18       6.078564430794e-10       5.617357290763e-11       9.265081998236e-14 
   15       1.153965167657e-10       9.178808994547e-16       1.516967776877e-13       9.704401491417e-18       5.433746300866e-10       5.071479117026e-11       4.956179946427e-14 
   16       1.166359066059e-10       8.383573905496e-16       1.603042479022e-13       1.101417246279e-17       4.885510562319e-10       4.612029445472e-11       7.299179497714e-15 
   17       1.179595126543e-10       8.392174344264e-16       1.708041035755e-13       1.240849726933e-17       4.415214506198e-10       4.215027989953e-11      -2.781426955903e-14 
   18       1.194104957692e-10       8.931296060232e-16       1.812854101169e-13       1.388747832543e-17       4.007007018877e-10       3.858558870575e-11      -5.221963503088e-14 
   19       1.209962844164e-10       9.675357312276e-16       1.907869258221e-13       1.545116911438e-17       3.654416952481e-10       3.541557691092e-11      -6.501058771446e-14 
   20       1.226380112798e-10       1.029060292975e-15       1.986054554189e-13       1.709956595549e-17       3.343869856413e-10       3.262138845221e-11      -6.699648962223e-14 
   21       1.243503929503e-10       1.080643824140e-15       2.047929425646e-13       1.883263313067e-17       3.070491545338e-10       3.016986906211e-11      -6.032713449314e-14 
   22       1.261434410949e-10       1.140347723248e-15       2.097610596568e-13       2.065029304843e-17       2.827740895782e-10       2.798024397950e-11      -4.836562394473e-14 
   23       1.280017638216e-10       1.227387409838e-15       2.140028285562e-13       2.255245611355e-17       2.612280484017e-10       2.600902903731e-11      -3.402180436669e-14 
   24       1.298839745838e-10       1.360166973045e-15       2.180963803809e-13       2.453901084449e-17       2.419130530070e-10       2.420411385446e-11      -2.035596195686e-14 
   25       1.318051727887e-10       1.539190761062e-15       2.224685588147e-13       2.660985870027e-17       2.246023700168e-10       2.256233550816e-11      -9.280338672880e-15 
   26       1.337803697484e-10       1.757621544076e-15       2.274709364672e-13       2.876490198885e-17       2.089832606018e-10       2.108065149305e-11      -2.221821895911e-15 
   27       1.358016173506e-10       2.009036484739e-15       2.331693364883e-13       3.100407438581e-17       1.948685659469e-10       1.975047091631e-11       6.724630142525e-16 
   28       1.378453148323e-10       2.286971796548e-15       2.394628055960e-13       3.332733321326e-17       1.820150263784e-10       1.855092329197e-11      -1.272416462844e-16 
   29       1.399181288459e-10       2.590965015307e-15       2.460446624540e-13       3.573469459844e-17       1.703569787834e-10       1.746884160518e-11      -3.819023051363e-15 
   30       1.420247576478e-10       2.922313638624e-15       2.524438828246e-13       3.822621381149e-17       1.597691571289e-10       1.648035914022e-11      -9.212917668067e-15 
   31       1.441594811453e-10       3.281673386969e-15       2.581128207261e-13       4.080198517029e-17       1.500355335067e-10       1.555373597318e-11      -1.490482082176e-14 
   32       1.463259080268e-10       3.666811076501e-15       2.626898768117e-13       4.346216552741e-17       1.411059691147e-10       1.468836389422e-11      -2.001049810070e-14 
   33       1.485219467877e-10       4.073905374278e-15       2.658249513354e-13       4.620696796012e-17       1.329175324591e-10       1.388883379053e-11      -2.367906634108e-14 
   34       1.507391383498e-10       4.499662417510e-15       2.671779143038e-13       4.903665554238e-17       1.253558610269e-10       1.315462357553e-11      -2.513192593795e-14 
   35       1.529830750120e-10       4.946913240230e-15       2.666635484721e-13       5.195152298516e-17       1.183823106312e-10       1.248149774666e-11      -2.449463945692e-14 
   36       1.552584502622e-10       5.421047506447e-15       2.642940634011e-13       5.495191644309e-17       1.119409435974e-10       1.185958353181e-11      -2.226756141368e-14 
   37       1.575648287600e-10       5.927612200064e-15       2.601249135964e-13       5.803821854809e-17       1.059479414210e-10       1.127641733667e-11      -1.905159451639e-14 
   38       1.599034454473e-10       6.468845516994e-15       2.542806929825e-13       6.121076509709e-17       1.003878470291e-10       1.073066724649e-11      -1.531541270024e-14 
   39       1.622714294433e-10       7.046042791589e-15       2.469431949736e-13       6.446990612229e-17       9.524305376183e-11       1.022233344632e-11      -1.156634604184e-14 
   40       1.646591376316e-10       7.660480234425e-15       2.383488285150e-13       6.781603125740e-17       9.046453034025e-11       9.748765355786e-12      -8.421445173419e-15 
   41       1.670550516327e-10       8.313203671820e-15       2.287229486409e-13       7.124953142306e-17       8.598891096411e-11       9.305805999109e-12      -6.454849286952e-15 
   42       1.694639748046e-10       9.004320408663e-15       2.180490210874e-13       7.477066316166e-17       8.180304676578e-11       8.892253839183e-12      -5.663847877852e-15 
   43       1.718936465240e-10       9.733470992306e-15       2.062299958318e-13       7.837964414431e-17       7.789585384018e-11       8.506446843405e-12      -5.840405897170e-15 
   44       1.743494217913e-10       1.049999966348e-14       1.931495216913e-13       8.207668964304e-17       7.423894250514e-11       8.144858306161e-12      -6.711459451410e-15 
   45       1.768343604550e-10       1.130321337880e-14       1.786766708412e-13       8.586197553785e-17       7.079676391805e-11       7.803274483532e-12      -7.972392173675e-15 
   46       1.793501851520e-10       1.214329306835e-14       1.626850540248e-13       8.973551518475e-17       6.756391409802e-11       7.481092077258e-12      -9.409313869985e-15 
   47       1.818961344490e-10       1.302062460103e-14       1.450370687336e-13       9.369724498898e-17       6.453663860658e-11       7.178056674578e-12      -1.080618123311e-14 
   48       1.844683675724e-10       1.393554388445e-14       1.255772847095e-13       9.774705528442e-17       6.170158073275e-11       6.892982126003e-12      -1.190830326596e-14 
   49       1.870597062193e-10       1.488833504694e-14       1.041314133655e-13       1.018847877892e-16       5.903506737532e-11       6.623680496248e-12      -1.242030402756e-14 
   50       1.896626879797e-10       1.587922148408e-14       8.055462777245e-14       1.061102296503e-16       5.651024088494e-11       6.367660245463e-12      -1.209841157926e-14 
   51       1.922803027012e-10       1.690834035095e-14       5.489437595307e-14       1.104230995741e-16       5.412239353324e-11       6.124606704726e-12      -1.106158371568e-14 
   52       1.949177240928e-10       1.797575800357e-14       2.726997999772e-14       1.148230535332e-16       5.186927540268e-11       5.894453813486e-12      -9.561312277912e-15 
   53       1.975791529016e-10       1.908147442665e-14      -2.171590773030e-15       1.193096852072e-16       4.974351274625e-11       5.676641643050e-12      -7.897022731196e-15 
   54       2.002677145631e-10       2.022542107976e-14      -3.325442800750e-14       1.238825232781e-16       4.773226309139e-11       5.470082499532e-12      -6.418475790834e-15 
   55       2.029855478764e-10       2.140750208251e-14      -6.581599547324e-14       1.285410835174e-16       4.582113464581e-11       5.273516706562e-12      -5.444161184206e-15 
   56       2.057343312961e-10       2.262773468516e-14      -9.984933060464e-14       1.332850463977e-16       4.400787483142e-11       5.086761108867e-12      -4.987237033525e-15 
   57       2.085147081106e-10       2.388613992143e-14      -1.353939061819e-13       1.381141188654e-16       4.229147816352e-11       4.909711350440e-12      -4.965714568661e-15 
   58       2.113260140327e-10       2.518270187184e-14      -1.724955205778e-13       1.430279828571e-16       4.066804501828e-11       4.741961061300e-12      -5.279648572223e-15 
   59       2.141661822933e-10       2.651736719853e-14      -2.112067047737e-13       1.480262947288e-16       3.913060287833e-11       4.582783142767e-12      -5.810265971853e-15 
   60       2.170316487354e-10       2.789004467994e-14      -2.515871293741e-13       1.531086846862e-16       3.766892757822e-11       4.431111052747e-12      -6.419094432501e-15 
   61       2.199188492939e-10       2.930053549599e-14      -2.936918244699e-13       1.582748347723e-16       3.627238302075e-11       4.285836284940e-12      -6.976444628660e-15 
   62       2.228293199238e-10       3.074830684991e-14      -3.375318285647e-13       1.635247345766e-16       3.493958956467e-11       4.146821172024e-12      -7.456299202358e-15 
   63       2.257655782026e-10       3.223266647659e-14      -3.831053889355e-13       1.688584821721e-16       3.367061848381e-11       4.014081242007e-12      -7.861273252450e-15 
   64       2.287295884549e-10       3.375282479862e-14      -4.304093892892e-13       1.742762125063e-16       3.246408365944e-11       3.887480574574e-12      -8.195198879999e-15 
   65       2.317227173717e-10       3.530789226386e-14      -4.794393700882e-13       1.797780993237e-16       3.131705859962e-11       3.766723118960e-12      -8.463185150626e-15 
   66       2.347456896292e-10       3.689687668294e-14      -5.301895488770e-13       1.853643570880e-16       3.022499345851e-11       3.651344011824e-12      -8.671678056867e-15 
   67       2.377985435075e-10       3.851868056680e-14      -5.826528406085e-13       1.910352429049e-16       2.918163205569e-11       3.540700895124e-12      -8.828520480518e-15 
   68       2.408810964401e-10       4.017221774544e-14      -6.368193058275e-13       1.967910466173e-16       2.818068288993e-11       3.434152622417e-12      -8.942463579845e-15 
   69       2.439945504077e-10       4.185679661536e-14      -6.926710846531e-13       2.026320544635e-16       2.722141084639e-11       3.331656833405e-12      -9.021451949984e-15 
   70       2.471401336060e-10       4.357181012195e-14      -7.501864680862e-13       2.085585814750e-16       2.630403465228e-11       3.233278423119e-12      -9.074097113329e-15 
   71       2.503185885194e-10       4.531662373048e-14      -8.093413598020e-13       2.145709842429e-16       2.542803569411e-11       3.139009047127e-12      -9.110240459352e-15 
   72       2.535301405821e-10       4.709057581426e-14      -8.701092562673e-13       2.206696625374e-16       2.459211989618e-11       3.048763231957e-12      -9.140999176905e-15 
   73       2.567744668383e-10       4.889297804289e-14      -9.324612268592e-13       2.268550609282e-16       2.379417959914e-11       2.962374485509e-12      -9.178812186512e-15 
   74       2.600506646029e-10       5.072311577042e-14      -9.963658939825e-13       2.331276704043e-16       2.303125543846e-11       2.879591407477e-12      -9.237486072669e-15 
   75       2.633572201224e-10       5.258024842355e-14      -1.061789413188e-12       2.394880299936e-16       2.229949822297e-11       2.800073799764e-12      -9.332241016143e-15 
   76       2.666926350932e-10       5.446345853570e-14      -1.128693838981e-12       2.459366297957e-16       2.159512450337e-11       2.723481308861e-12      -9.475298116107e-15 
   77       2.700575073931e-10       5.637116620878e-14      -1.197031922152e-12       2.524735960835e-16       2.091756871872e-11       2.649766612570e-12      -9.661610837196e-15 
   78       2.734527746072e-10       5.830152640511e-14      -1.266751323188e-12       2.590989514545e-16       2.026683927058e-11       2.578928879101e-12      -9.880602984093e-15 
   79       2.768790722693e-10       6.025256977526e-14      -1.337796090283e-12       2.658127079289e-16       1.964255836859e-11       2.510924018203e-12      -1.012035172425e-14 
   80       2.803367160128e-10       6.222219994263e-14      -1.410106606358e-12       2.726148665482e-16       1.904394428541e-11       2.445662689023e-12      -1.036754209278e-14 
   81       2.838256837212e-10       6.420819078800e-14      -1.483619536073e-12       2.795054169729e-16       1.846979361166e-11       2.383008307969e-12      -1.060742149733e-14 
   82       2.873455976785e-10       6.620818373408e-14      -1.558267772844e-12       2.864843370815e-16       1.791846351083e-11       2.322775056567e-12      -1.082375422298e-14 
   83       2.908957067199e-10       6.821968503008e-14      -1.633980385859e-12       2.935515925684e-16       1.738785397424e-11       2.264725889320e-12      -1.099877593709e-14 
   84       2.944752629470e-10       7.024030877346e-14      -1.710690541738e-12       3.007071518896e-16       1.687591825696e-11       2.208629954997e-12      -1.111693000405e-14 
   85       2.980847627297e-10       7.226855821326e-14      -1.788360894476e-12       3.079510348274e-16       1.638233028183e-11       2.154450161597e-12      -1.117688776419e-14 
   86       3.017248796663e-10       7.430316959385e-14      -1.866962327039e-12       3.152832712773e-16       1.590706240622e-11       2.102183197763e-12      -1.118144681452e-14 
   87       3.053960772582e-10       7.634287932767e-14      -1.946466430808e-12       3.227038864755e-16       1.544987308059e-11       2.051801905048e-12      -1.113394417183e-14 
   88       3.090985976915e-10       7.838642540981e-14      -2.026845586616e-12       3.302129008546e-16       1.501029798036e-11       2.003254284322e-12      -1.103827433738e-14 
   89       3.128324506186e-10       8.043254883256e-14      -2.108073045797e-12       3.378103299002e-16       1.458764113789e-11       1.956462502174e-12      -1.089890736165e-14 
   90       3.165974019405e-10       8.247999500005e-14      -2.190123011224e-12       3.454961840067e-16       1.418096607437e-11       1.911321897319e-12      -1.072090690902e-14 
   91       3.203929625885e-10       8.452751514282e-14      -2.272970718356e-12       3.532704683341e-16       1.378908693175e-11       1.867699987003e-12      -1.050994832251e-14 
   92       3.242183773060e-10       8.657386773244e-14      -2.356592516277e-12       3.611331826639e-16       1.341055960468e-11       1.825435473406e-12      -1.027233668847e-14 
   93       3.280728925016e-10       8.861771153491e-14      -2.440957845140e-12       3.690844380004e-16       1.304402439779e-11       1.784377548545e-12      -1.001430856356e-14 
   94       3.319566302579e-10       9.065726329900e-14      -2.526003612225e-12       3.771248267468e-16       1.268931221131e-11       1.744512729224e-12      -9.739777785312e-15 
   95       3.358698256437e-10       9.269059096008e-14      -2.611656093948e-12       3.852551081971e-16       1.234648910381e-11       1.705855349772e-12      -9.452282453634e-15 
   96       3.398125520677e-10       9.471571734215e-14      -2.697838666286e-12       3.934760981906e-16       1.201551560217e-11       1.668408528736e-12      -9.155679181647e-15 
   97       3.437847138905e-10       9.673062008497e-14      -2.784471774584e-12       4.017886705712e-16       1.169624265881e-11       1.632163728456e-12      -8.854151327349e-15 
   98       3.477860390375e-10       9.873323157116e-14      -2.871472903361e-12       4.101937586460e-16       1.138840760900e-11       1.597100314642e-12      -8.552217225275e-15 
   99       3.518160716118e-10       1.007214388534e-13      -2.958756546119e-12       4.186923566439e-16       1.109163012806e-11       1.563185115946e-12      -8.254738418160e-15 
  100       3.558741645061e-10       1.026930835815e-13      -3.046234175144e-12       4.272855211745e-16       1.080540818867e-11       1.530371983546e-12      -7.966927888601e-15 
  101       3.599594720161e-10       1.046459619296e-13      -3.133814211315e-12       4.359743726873e-16       1.052911401807e-11       1.498601350713e-12      -7.694358290724e-15 
  102       3.640709424525e-10       1.065778245234e-13      -3.221401993912e-12       4.447600969297e-16       1.026199005535e-11       1.467799792392e-12      -7.442970181837e-15 
  103       3.682073107543e-10       1.084863763668e-13      -3.308899750419e-12       4.536439464064e-16       1.000314490871e-11       1.437879584779e-12      -7.219080254102e-15 
  104       3.723673660696e-10       1.103693854714e-13      -3.396213132572e-12       4.626271105252e-16       9.751755435001e-12       1.408759143648e-12      -7.027902196188e-15 
  105       3.765508115780e-10       1.122250256099e-13      -3.483271895090e-12       4.717103029154e-16       9.507712775097e-12       1.380428432306e-12      -6.868863988778e-15 
  106       3.807575075863e-10       1.140515799436e-13      -3.570011967053e-12       4.808941208224e-16       9.271056457936e-12       1.352891609361e-12      -6.739670445337e-15 
  107       3.849872026189e-10       1.158473375628e-13      -3.656369176564e-12       4.901791714573e-16       9.041774315063e-12       1.326146730530e-12      -6.637726079750e-15 
  108       3.892395290519e-10       1.176105946088e-13      -3.742279292711e-12       4.995660720137e-16       8.819800702974e-12       1.300185537659e-12      -6.560126993263e-15 
  109       3.935139987471e-10       1.193396553957e-13      -3.827678067530e-12       5.090554496825e-16       8.605014725446e-12       1.274993247729e-12      -6.503652761415e-15 
  110       3.978099986869e-10       1.210328335318e-13      -3.912501277964e-12       5.186479416684e-16       8.397238455875e-12       1.250548341874e-12      -6.464758320980e-15 
  111       4.021267866080e-10       1.226884530415e-13      -3.996684767834e-12       5.283441952054e-16       8.196235159613e-12       1.226822354389e-12      -6.439565856898e-15 
  112       4.064634866360e-10       1.243048494867e-13      -4.080164489791e-12       5.381448675725e-16       8.001707516301e-12       1.203779661747e-12      -6.423856689219e-15 
  113       4.108190849193e-10       1.258803710888e-13      -4.162876547288e-12       5.480506261097e-16       7.813295842211e-12       1.181377271612e-12      -6.413063160034e-15 
  114       4.151924252639e-10       1.274133798500e-13      -4.244757236537e-12       5.580621482336e-16       7.630576312575e-12       1.159564611846e-12      -6.402260520416e-15 
  115       4.195822047672e-10       1.289022526752e-13      -4.325743088474e-12       5.681801214534e-16       7.453059183927e-12       1.138283319529e-12      -6.386158817355e-15 
  116       4.239871571020e-10       1.303454104912e-13      -4.405769369085e-12       5.784052444863e-16       7.280296172990e-12       1.117480527027e-12      -6.360193531476e-15 
  117       4.284066369820e-10       1.317414072230e-13      -4.484765283833e-12       5.887382307246e-16       7.112221204757e-12       1.097151003845e-12      -6.323965268158e-15 
  118       4.328400988888e-10       1.330888537921e-13      -4.562658266264e-12       5.991798052219e-16       6.948847947603e-12       1.077299766077e-12      -6.278204979511e-15 
  119       4.372869131037e-10       1.343863924412e-13      -4.639375495499e-12       6.097307036558e-16       6.790163559964e-12       1.057928947143e-12      -6.223714217616e-15 
  120       4.417463630006e-10       1.356326981029e-13      -4.714843924562e-12       6.203916723543e-16       6.636127877804e-12       1.039037706145e-12      -6.161366736317e-15 
  121       4.462176423400e-10       1.368264797697e-13      -4.788990308717e-12       6.311634683204e-16       6.486672602085e-12       1.020622136210e-12      -6.092110093021e-15 
  122       4.506998525622e-10       1.379664818624e-13      -4.861741233796e-12       6.420468592581e-16       6.341700486239e-12       1.002675172846e-12      -6.016967250498e-15 
  123       4.551920000805e-10       1.390514856000e-13      -4.933023144530e-12       6.530426235979e-16       6.201084523632e-12       9.851865022904e-13      -5.937038178677e-15 
  124       4.596929935750e-10       1.400803103684e-13      -5.002762372886e-12       6.641515505221e-16       6.064667135037e-12       9.681424698576e-13      -5.853501456443e-15 
  125       4.642016412857e-10       1.410518150900e-13      -5.070885166394e-12       6.753744399907e-16       5.932259356101e-12       9.515259882928e-13      -5.767615873440e-15 
  126       4.687166483061e-10       1.419648995924e-13      -5.137317716481e-12       6.867121027663e-16       5.803640024817e-12       9.353164461203e-13      -5.680722031861e-15 
  127       4.732366138764e-10       1.428185059782e-13      -5.201986186803e-12       6.981653604403e-16       5.678554968990e-12       9.194896159943e-13      -5.594243948255e-15 
  128       4.777600286772e-10       1.436116199938e-13      -5.264816741577e-12       7.097350454579e-16       5.556716193708e-12       9.040175630486e-13      -5.509690655320e-15 
  129       4.822854315892e-10       1.443433172547e-13      -5.325736923378e-12       7.214220156087e-16       5.437863781419e-12       8.888748680665e-13      -5.428354229659e-15 
  130       4.868119051640e-10       1.450129047466e-13      -5.384679897249e-12       7.332271992412e-16       5.321960995529e-12       8.740582635227e-13      -5.350363018870e-15 
  131       4.913386296453e-10       1.456197975066e-13      -5.441580727884e-12       7.451515550792e-16       5.209019144027e-12       8.595689884672e-13      -5.275527095902e-15 
  132       4.958647268248e-10       1.461634768326e-13      -5.496375109514e-12       7.571960583301e-16       5.099036425232e-12       8.454066207921e-13      -5.203631958092e-15 
  133       5.003892584760e-10       1.466434919735e-13      -5.548999403888e-12       7.693617008134e-16       4.991997564013e-12       8.315690307684e-13      -5.134437956699e-15 
  134       5.049112247894e-10       1.470594618192e-13      -5.599390678269e-12       7.816494910901e-16       4.887873448003e-12       8.180523345822e-13      -5.067679726437e-15 
  135       5.094295628066e-10       1.474110765910e-13      -5.647486743419e-12       7.940604545911e-16       4.786620763823e-12       8.048508478720e-13      -5.003065615007e-15 
  136       5.139431448552e-10       1.476980995316e-13      -5.693226191584e-12       8.065956337470e-16       4.688181633292e-12       7.919570392651e-13      -4.940277112632e-15 
  137       5.184507769828e-10       1.479203685952e-13      -5.736548434487e-12       8.192560881166e-16       4.592483249652e-12       7.793614839144e-13      -4.878968281590e-15 
  138       5.229511973916e-10       1.480777981379e-13      -5.777393741316e-12       8.320428945160e-16       4.499437513782e-12       7.670528170351e-13      -4.818765185743e-15 
  139       5.274430748734e-10       1.481703806078e-13      -5.815703276709e-12       8.449571471477e-16       4.408940670414e-12       7.550176874415e-13      -4.759265320075e-15 
  140       5.319250072434e-10       1.481981882352e-13      -5.851419138743e-12       8.579999577299e-16       4.320872944356e-12       7.432407110837e-13      -4.700037040224e-15 
  141       5.363955197752e-10       1.481613747228e-13      -5.884484396925e-12       8.711724556247e-16       4.235098176703e-12       7.317044245842e-13      -4.640618992012e-15 
  142       5.408530636350e-10       1.480601769356e-13      -5.914843130177e-12       8.844757879680e-16       4.151463461062e-12       7.203892387748e-13      -4.580519540981e-15 
  143       5.452960143164e-10       1.478949165916e-13      -5.942440464827e-12       8.979111197982e-16       4.069798779764e-12       7.092733922331e-13      -4.519216201926e-15 
  144       5.497228030733e-10       1.476660110249e-13      -5.967222932545e-12       9.114795170872e-16       3.989952652143e-12       6.983378844461e-13      -4.456270757387e-15 
  145       5.541323291292e-10       1.473740031041e-13      -5.989139503747e-12       9.251815825658e-16       3.911903808269e-12       6.875819215166e-13      -4.391688608393e-15 
  146       5.585235853195e-10       1.470195374903e-13      -6.008140728757e-12       9.390177840739e-16       3.835659884468e-12       6.770089119613e-13      -4.325593931385e-15 
  147       5.628955279482e-10       1.466033535555e-13      -6.024178466484e-12       9.529885678950e-16       3.761222244437e-12       6.666216061307e-13      -4.258117264006e-15 
  148       5.672470759860e-10       1.461262871248e-13      -6.037205924247e-12       9.670943582129e-16       3.688585822424e-12       6.564220783650e-13      -4.189395599514e-15 
  149       5.715771102699e-10       1.455892722191e-13      -6.047177697599e-12       9.813355565667e-16       3.617738966412e-12       6.464117091491e-13      -4.119572481191e-15 
  150       5.758844727015e-10       1.449933427970e-13      -6.054049810158e-12       9.957125413079e-16       3.548663281305e-12       6.365911672679e-13      -4.048798096760e-15 
  151       5.801679654464e-10       1.443396344971e-13      -6.057779753434e-12       1.010225667056e-15       3.481333472109e-12       6.269603919617e-13      -3.977229372792e-15 
  152       5.844263501325e-10       1.436293863809e-13      -6.058326526652e-12       1.024875264154e-15       3.415717187117e-12       6.175185750814e-13      -3.905030069121e-15 
  153       5.886583470492e-10       1.428639426744e-13      -6.055650676583e-12       1.039661638125e-15       3.351774861093e-12       6.082641432435e-13      -3.832370873256e-15 
  154       5.928626343462e-10       1.420447545111e-13      -6.049714337369e-12       1.054585069129e-15       3.289459558455e-12       5.991947399859e-13      -3.759429494793e-15 
  155       5.970378472324e-10       1.411733816736e-13      -6.040481270352e-12       1.069645811418e-15       3.228716816456e-12       5.903072079226e-13      -3.686390759826e-15 
  156       6.011825771745e-10       1.402514943366e-13      -6.027916903897e-12       1.084844092792e-15       3.169484488372e-12       5.815975708995e-13      -3.613446705360e-15 
  157       6.052953710963e-10       1.392808748089e-13      -6.011988373224e-12       1.100180114054e-15       3.111692586684e-12       5.730610161490e-13      -3.540796673725e-15 
  158       6.093747305771e-10       1.382634192757e-13      -5.992664560231e-12       1.115654048470e-15       3.055263126259e-12       5.646918764462e-13      -3.468647406983e-15 
  159       6.134191110509e-10       1.372011395412e-13      -5.969916133325e-12       1.131266041219e-15       3.000109967539e-12       5.564836122631e-13      -3.397213141345e-15 
  160       6.174269210051e-10       1.360961647704e-13      -5.943715587244e-12       1.147016208856e-15       2.946138659718e-12       5.484287939247e-13      -3.326715701582e-15 
  161       6.213966333193e-10       1.349506939945e-13      -5.914037165063e-12       1.162904649167e-15       2.893265793892e-12       5.405207277378e-13      -3.257343516051e-15 
  162       6.253271320278e-10       1.337668452477e-13      -5.880856532830e-12       1.178931472880e-15       2.841479315002e-12       5.327585334439e-13      -3.189124390530e-15 
  163       6.292173948341e-10       1.325467963564e-13      -5.844151152140e-12       1.195096773737e-15       2.790783268566e-12       5.251424837652e-13      -3.122041611497e-15 
  164       6.330663834456e-10       1.312928344810e-13      -5.803900434341e-12       1.211400617842e-15       2.741178703892e-12       5.176723906160e-13      -3.056073919761e-15 
  165       6.368730432890e-10       1.300073576315e-13      -5.760085779821e-12       1.227843043170e-15       2.692663607028e-12       5.103475948210e-13      -2.991195415884e-15 
  166       6.406363032245e-10       1.286928761833e-13      -5.712690617292e-12       1.244424059072e-15       2.645232833708e-12       5.031669558350e-13      -2.927375465583e-15 
  167       6.443550752612e-10       1.273520143927e-13      -5.661700443076e-12       1.261143645775e-15       2.598878042294e-12       4.961288414614e-13      -2.864578605145e-15 
  168       6.480282542711e-10       1.259875119134e-13      -5.607102860388e-12       1.278001753886e-15       2.553587626730e-12       4.892311175714e-13      -2.802764446838e-15 
  169       6.516547177049e-10       1.246022253114e-13      -5.548887618624e-12       1.294998303900e-15       2.509346649481e-12       4.824711378228e-13      -2.741887584323e-15 
  170       6.552333253060e-10       1.231991295816e-13      -5.487046652644e-12       1.312133185700e-15       2.466136774486e-12       4.758457333791e-13      -2.681897498061e-15 
  171       6.587629188256e-10       1.217813196629e-13      -5.421574122054e-12       1.329406258064e-15       2.423936200098e-12       4.693512026287e-13      -2.622738460729e-15 
  172       6.622423217375e-10       1.203520119548e-13      -5.352466450498e-12       1.346817348164e-15       2.382719592036e-12       4.629833009035e-13      -2.564349442628e-15 
  173       6.656703389530e-10       1.189145458322e-13      -5.279722364937e-12       1.364366251077e-15       2.342458016329e-12       4.567372301981e-13      -2.506664017093e-15 
  174       6.690457565354e-10       1.174723851619e-13      -5.203342934935e-12       1.382052729282e-15       2.303118872262e-12       4.506076288885e-13      -2.449610265909e-15 
  175       6.723673414151e-10       1.160291198185e-13      -5.123331611946e-12       1.399876512169e-15       2.264665825324e-12       4.445885614518e-13      -2.393110684716e-15 
  176       6.756338411042e-10       1.145884671993e-13      -5.039694268597e-12       1.417837295540e-15       2.227058740153e-12       4.386735081842e-13      -2.337082088426e-15 
  177       6.788439834116e-10       1.131542737412e-13      -4.952439237973e-12       1.435934741115e-15       2.190253613483e-12       4.328553549207e-13      -2.281435516627e-15 
  178       6.819964761572e-10       1.117305164356e-13      -4.861577352904e-12       1.454168476032e-15       2.154202507090e-12       4.271263827540e-13      -2.226076139001e-15 
  179       6.850900068874e-10       1.103213043449e-13      -4.767121985246e-12       1.472538092357e-15       2.118853480740e-12       4.214782577531e-13      -2.170903160731e-15 
  180       6.881233295058e-10       1.089307320921e-13      -4.669087694246e-12       1.491043107228e-15       2.084160998202e-12       4.159038527142e-13      -2.115831671450e-15 
  181       6.910955324631e-10       1.075624241430e-13      -4.567485969417e-12       1.509682840804e-15       2.050118210331e-12       4.104028958220e-13      -2.060860331801e-15 
  182       6.940057913873e-10       1.062199571264e-13      -4.462329223920e-12       1.528456527639e-15       2.016727115321e-12       4.049767522927e-13      -2.006008898043e-15 
  183       6.968532841176e-10       1.049070055682e-13      -4.353632189000e-12       1.547363354531e-15       1.983988287961e-12       3.996266291838e-13      -1.951296748346e-15 
  184       6.996371907393e-10       1.036273428618e-13      -4.241411948146e-12       1.566402459879e-15       1.951900851162e-12       3.943535718607e-13      -1.896742869023e-15 
  185       7.023566936190e-10       1.023848422391e-13      -4.125687971253e-12       1.585572933045e-15       1.920462447472e-12       3.891584604636e-13      -1.842365840762e-15 
  186       7.050109774392e-10       1.011834777406e-13      -4.006482148785e-12       1.604873813710e-15       1.889669210601e-12       3.840420063742e-13      -1.788183824867e-15 
  187       7.075992292335e-10       1.000273251861e-13      -3.883818825935e-12       1.624304091232e-15       1.859515736943e-12       3.790047486827e-13      -1.734214549485e-15 
  188       7.101206384215e-10       9.892056314566e-14      -3.757724836787e-12       1.643862704010e-15       1.829995057094e-12       3.740470506545e-13      -1.680475295845e-15 
  189       7.125743968436e-10       9.786747390953e-14      -3.628229538480e-12       1.663548538839e-15       1.801098607376e-12       3.691690961968e-13      -1.626982884489e-15 
  190       7.149596987958e-10       9.687244445923e-14      -3.495364845368e-12       1.683360430267e-15       1.772816201357e-12       3.643708863257e-13      -1.573753661512e-15 
  191       7.172757410652e-10       9.593996743793e-14      -3.359165263180e-12       1.703297159961e-15       1.745136001374e-12       3.596522356328e-13      -1.520803484789e-15 
  192       7.195217229644e-10       9.507464212106e-14      -3.219667923187e-12       1.723357456060e-15       1.718044490051e-12       3.550127687521e-13      -1.468147710216e-15 
  193       7.216968463664e-10       9.428117538687e-14      -3.076912616358e-12       1.743539992534e-15       1.691526441824e-12       3.504519168268e-13      -1.415801177941e-15 
  194       7.238003157401e-10       9.356438268705e-14      -2.930941827525e-12       1.763843388547e-15       1.665564894460e-12       3.459689139759e-13      -1.363778198596e-15 
  195       7.258313381847e-10       9.292918901725e-14      -2.781800769546e-12       1.784266207813e-15       1.640141120578e-12       3.415627937614e-13      -1.312092539539e-15 
  196       7.277891234647e-10       9.238062988771e-14      -2.629537417462e-12       1.804806957955e-15       1.615234599173e-12       3.372323856546e-13      -1.260757411080e-15 
  197       7.296728840452e-10       9.192385229380e-14      -2.474202542666e-12       1.825464089866e-15       1.590822987134e-12       3.329763115033e-13      -1.209785452720e-15 
  198       7.314818351262e-10       9.156411568661e-14      -2.315849747056e-12       1.846235997066e-15       1.566882090767e-12       3.287929819983e-13      -1.159188719386e-15 
  199       7.332151946783e-10       9.130679294355e-14      -2.154535497206e-12       1.867121015061e-15       1.543385837317e-12       3.246805931406e-13      -1.108978667661e-15 
  200       7.348721834770e-10       9.115737133889e-14      -1.990319158519e-12       1.888117420702e-15       1.520306246486e-12       3.206371227077e-13      -1.059166142023e-15 
  201       7.364520827046e-10       9.112119017503e-14      -1.823259943486e-12       1.909223461052e-15       1.497618911985e-12       3.166606540975e-13      -1.009760383280e-15 
  202       7.379544112670e-10       9.120263077284e-14      -1.653407442464e-12       1.930437443615e-15       1.475319941740e-12       3.127503809856e-13      -9.607660035672e-16 
  203       7.393787612252e-10       9.140587042581e-14      -1.480810481591e-12       1.951757651319e-15       1.453410174228e-12       3.089056677012e-13      -9.121857684755e-16 
  204       7.407247415702e-10       9.173514072999e-14      -1.305520172783e-12       1.973182313045e-15       1.431889765098e-12       3.051257257520e-13      -8.640215388744e-16 
  205       7.419919784285e-10       9.219472777626e-14      -1.127589938775e-12       1.994709603069e-15       1.410758174973e-12       3.014096112578e-13      -8.162742542587e-16 
  206       7.431801152671e-10       9.278897234263e-14      -9.470755381644e-13       2.016337640508e-15       1.390014157263e-12       2.977562223852e-13      -7.689439160930e-16 
  207       7.442888130986e-10       9.352227008646e-14      -7.640350904475e-13       2.038064488769e-15       1.369655745966e-12       2.941642967822e-13      -7.220295711558e-16 
  208       7.453177506861e-10       9.439907173677e-14      -5.785291010659e-13       2.059888154993e-15       1.349680243474e-12       2.906324090122e-13      -6.755292948841e-16 
  209       7.462666247483e-10       9.542388328650e-14      -3.906204864452e-13       2.081806589503e-15       1.330084208383e-12       2.871589679884e-13      -6.294401747180e-16 
  210       7.471351501650e-10       9.660126618480e-14      -2.003745990367e-13       2.103817685246e-15       1.310863443296e-12       2.837422144084e-13      -5.837582934449e-16 
  211       7.479230601813e-10       9.793583752929e-14      -7.859252359228e-15       2.125919277244e-15       1.292012982632e-12       2.803802181883e-13      -5.384787125444e-16 
  212       7.486301066137e-10       9.943227025831e-14       1.868552539600e-13       2.148109142040e-15       1.273527080430e-12       2.770708758974e-13      -4.935954555323e-16 
  213       7.492560600545e-10       1.010952933432e-13       3.836961091438e-13       2.170384997139e-15       1.255399198156e-12       2.738119081921e-13      -4.491014913054e-16 
  214       7.498007100769e-10       1.029296919807e-13       5.825879662237e-13       2.192744500460e-15       1.237621992509e-12       2.706008572506e-13      -4.049887174857e-16 
  215       7.502638654405e-10       1.049403077850e-13       7.834529169988e-13       2.215185249779e-15       1.220187303228e-12       2.674350842074e-13      -3.612479437654e-16 
  216       7.506453542958e-10       1.071320389801e-13       9.862104669941e-13       2.237704782176e-15       1.203086140899e-12       2.643117665872e-13      -3.178688752506e-16 
  217       7.509450243898e-10       1.095098405923e-13       1.190777510420e-12       2.260300573481e-15       1.186308674759e-12       2.612278957396e-13      -2.748400958066e-16 
  218       7.511627432707e-10       1.120787246419e-13       1.397068305129e-12       2.282970037722e-15       1.169844220503e-12       2.581802742734e-13      -2.321490514017e-16 
  219       7.512983984933e-10       1.148437603363e-13       1.604994447576e-12       2.305710526566e-15       1.153681228093e-12       2.551655134910e-13      -1.897820334520e-16 
  220       7.513518978236e-10       1.178100742616e-13       1.814464847779e-12       2.328519328773e-15       1.137807269559e-12       2.521800308225e-13      -1.477241621659e-16 
  221       7.513231694444e-10       1.209828505751e-13       2.025385704272e-12       2.351393669635e-15       1.122209026812e-12       2.492200472606e-13      -1.059593698886e-16 
  222       7.512121621601e-10       1.243673311976e-13       2.237660479070e-12       2.374330710426e-15       1.106872279442e-12       2.462815847945e-13      -6.447038444609e-17 
  223       7.510188456017e-10       1.279688160055e-13       2.451189872622e-12       2.397327547847e-15       1.091781892534e-12       2.433604638443e-13      -2.323871249046e-17 
  224       7.507432296259e-10       1.317923015906e-13       2.665877048177e-12       2.420381338026e-15       1.076924745109e-12       2.404532297571e-13       1.775040788318e-17 
  225       7.503854234726e-10       1.358413713361e-13       2.881643729906e-12       2.443489678523e-15       1.062298749911e-12       2.375600037871e-13       5.849276102456e-17 
  226       7.499455808084e-10       1.401192343417e-13       3.098415091453e-12       2.466650249815e-15       1.047904390014e-12       2.346818104738e-13       9.897945171976e-17 
  227       7.494238811237e-10       1.446290797776e-13       3.316114587102e-12       2.489860692697e-15       1.033741825146e-12       2.318196647065e-13       1.392017911428e-16 
  228       7.488205299837e-10       1.493740762156e-13       3.534663939239e-12       2.513118608026e-15       1.019810886498e-12       2.289745713710e-13       1.791513016796e-16 
  229       7.481357592791e-10       1.543573709609e-13       3.753983125801e-12       2.536421556457e-15       1.006111071532e-12       2.261475249957e-13       2.188197217520e-16 
  230       7.473698274767e-10       1.595820893845e-13       3.973990367742e-12       2.559767058196e-15       9.926415387893e-13       2.233395093984e-13       2.581990106413e-16 
  231       7.465230198706e-10       1.650513342539e-13       4.194602116485e-12       2.583152592732e-15       9.794011026957e-13       2.205514973325e-13       2.972813533126e-16 
  232       7.455956488325e-10       1.707681850656e-13       4.415733041382e-12       2.606575598589e-15       9.663882283722e-13       2.177844501333e-13       3.360591652386e-16 
  233       7.445880540628e-10       1.767356973764e-13       4.637296017167e-12       2.630033473061e-15       9.536010264416e-13       2.150393173646e-13       3.745250972234e-16 
  234       7.435006028413e-10       1.829569021355e-13       4.859202111419e-12       2.653523571962e-15       9.410372478361e-13       2.123170364651e-13       4.126720402267e-16 
  235       7.423336902777e-10       1.894348050156e-13       5.081360572015e-12       2.677043209362e-15       9.286942786057e-13       2.096185323949e-13       4.504931301871e-16 
  236       7.410877395628e-10       1.961723857454e-13       5.303678814589e-12       2.700589657334e-15       9.165691347257e-13       2.069447172815e-13       4.879817528470e-16 
  237       7.397632022191e-10       2.031725974407e-13       5.526062409988e-12       2.724160145696e-15       9.046584569044e-13       2.042964900668e-13       5.251315485756e-16 
  238       7.383605583514e-10       2.104383659363e-13       5.748415071732e-12       2.747751861753e-15       8.929585053913e-13       2.016747361530e-13       5.619364171932e-16 
  239       7.368803168978e-10       2.179725891178e-13       5.970638643468e-12       2.771361950040e-15       8.814651547846e-13       1.990803270496e-13       5.983905227954e-16 
  240       7.353230158805e-10       2.257781362534e-13       6.192633086429e-12       2.794987512064e-15       8.701738888388e-13       1.965141200191e-13       6.344882985764e-16 
  241       7.336892226562e-10       2.338578473253e-13       6.414296466889e-12       2.818625606048e-15       8.590797952732e-13       1.939769577239e-13       6.702244516534e-16 
  242       7.319795341674e-10       2.422145323617e-13       6.635524943626e-12       2.842273246674e-15       8.481775605791e-13       1.914696678728e-13       7.055939678905e-16 
  243       7.301945771928e-10       2.508509707685e-13       6.856212755372e-12       2.865927404823e-15       8.374614648279e-13       1.889930628669e-13       7.405921167223e-16 
  244       7.283350085982e-10       2.597699106607e-13       7.076252208274e-12       2.889585007322e-15       8.269253764787e-13       1.865479394465e-13       7.752144559781e-16 
  245       7.264015155871e-10       2.689740681946e-13       7.295533663353e-12       2.913242936683e-15       8.165627471863e-13       1.841350783374e-13       8.094568367058e-16 
  246       7.243948159520e-10       2.784661268993e-13       7.513945523956e-12       2.936898030848e-15       8.063666066091e-13       1.817552438972e-13       8.433154079957e-16 
  247       7.223156583244e-10       2.882487370081e-13       7.731374223219e-12       2.960547082929e-15       7.963295572166e-13       1.794091837618e-13       8.767866218045e-16 
  248       7.201648224262e-10       2.983245147908e-13       7.947704211520e-12       2.984186840955e-15       7.864437690974e-13       1.770976284919e-13       9.098672377792e-16 
  249       7.179431193203e-10       3.086960418852e-13       8.162817943937e-12       3.007814007611e-15       7.767009747670e-13       1.748212912190e-13       9.425543280810e-16 
  250       7.156513638385e-10       3.193655142038e-13       8.376603061963e-12       3.031425430142e-15       7.670940461196e-13       1.725807195025e-13       9.748448845356e-16 
  251       7.132902895840e-10       3.303336675650e-13       8.588974424155e-12       3.055018682747e-15       7.576218369253e-13       1.703758421468e-13       1.006734604985e-15 
  252       7.108606295099e-10       3.416007887496e-13       8.799853322778e-12       3.078591517301e-15       7.482846097672e-13       1.682063955387e-13       1.038219046249e-15 
  253       7.083631434971e-10       3.531670590133e-13       9.009160405184e-12       3.102141676329e-15       7.390824768942e-13       1.660720684503e-13       1.069294019542e-15 
  254       7.057986185512e-10       3.650325527484e-13       9.216815675029e-12       3.125666893108e-15       7.300153980543e-13       1.639725014027e-13       1.099955594532e-15 
  255       7.031678690011e-10       3.771972361455e-13       9.422738493486e-12       3.149164891778e-15       7.210831783279e-13       1.619072860303e-13       1.130200103405e-15 
  256       7.004717366955e-10       3.896609658553e-13       9.626847580461e-12       3.172633387445e-15       7.122854659612e-13       1.598759644442e-13       1.160024144931e-15 
  257       6.977110912014e-10       4.024234876495e-13       9.829061015811e-12       3.196070086290e-15       7.036217502001e-13       1.578780285961e-13       1.189424588525e-15 
  258       6.948868300008e-10       4.154844350832e-13       1.002929624055e-11       3.219472685673e-15       6.950913591229e-13       1.559129196421e-13       1.218398578309e-15 
  259       6.919998786892e-10       4.288433281559e-13       1.022747005809e-11       3.242838874239e-15       6.866934574743e-13       1.539800273063e-13       1.246943537182e-15 
  260       6.890511911722e-10       4.424995719732e-13       1.042349863540e-11       3.266166332029e-15       6.784270444986e-13       1.520786892450e-13       1.275057170874e-15 
  261       6.860417498638e-10       4.564524554087e-13       1.061729750430e-11       3.289452730582e-15       6.702909517731e-13       1.502081904102e-13       1.302737472016e-15 
  262       6.829725658837e-10       4.707011497651e-13       1.080878156260e-11       3.312695733041e-15       6.622838410416e-13       1.483677624132e-13       1.329982724204e-15 
  263       6.798446792547e-10       4.852447074363e-13       1.099786507538e-11       3.335892994263e-15       6.544042020478e-13       1.465565828889e-13       1.356791506056e-15 
  264       6.766591591006e-10       5.000820605684e-13       1.118446167615e-11       3.359042160922e-15       6.466503503687e-13       1.447737748593e-13       1.383162695284e-15 
  265       6.734171038434e-10       5.152120197219e-13       1.136848436810e-11       3.382140871617e-15       6.390204252481e-13       1.430184060972e-13       1.409095472750e-15 
  266       6.701196414014e-10       5.306332725326e-13       1.154984552531e-11       3.405186756980e-15       6.315123874300e-13       1.412894884901e-13       1.434589326533e-15 
  267       6.667679293860e-10       5.463443823740e-13       1.172845689395e-11       3.428177439777e-15       6.241240169919e-13       1.395859774041e-13       1.459644055993e-15 
  268       6.633631553001e-10       5.623437870182e-13       1.190422959351e-11       3.451110535022e-15       6.168529111783e-13       1.379067710475e-13       1.484259775831e-15 
  269       6.599065367350e-10       5.786297972977e-13       1.207707411801e-11       3.473983650075e-15       6.096964822343e-13       1.362507098348e-13       1.508436920158e-15 
  270       6.563993215684e-10       5.952005957670e-13       1.224690033722e-11       3.496794384756e-15       6.026519552387e-13       1.346165757501e-13       1.532176246553e-15 
  271       6.528427881615e-10       6.120542353645e-13       1.241361749787e-11       3.519540331447e-15       5.957163659378e-13       1.330030917114e-13       1.555478840128e-15 
  272       6.492382455573e-10       6.291886380734e-13       1.257713422486e-11       3.542219075199e-15       5.888865585786e-13       1.314089209341e-13       1.578346117595e-15 
  273       6.455870336773e-10       6.466015935839e-13       1.273735852248e-11       3.564828193839e-15       5.821591837420e-13       1.298326662947e-13       1.600779831322e-15 
  274       6.418905235198e-10       6.642907579543e-13       1.289419777563e-11       3.587365258076e-15       5.755306961768e-13       1.282728696950e-13       1.622782073406e-15 
  275       6.381501173571e-10       6.822536522732e-13       1.304755875105e-11       3.609827831610e-15       5.689973526326e-13       1.267280114253e-13       1.644355279728e-15 
  276       6.343672489329e-10       7.004876613204e-13       1.319734759849e-11       3.632213471232e-15       5.625552096934e-13       1.251965095287e-13       1.665502234019e-15 
  277       6.305433836603e-10       7.189900322288e-13       1.334346985196e-11       3.654519726936e-15       5.562001216114e-13       1.236767191647e-13       1.686226071928e-15 
  278       6.266800188192e-10       7.377578731463e-13       1.348583043094e-11       3.676744142027e-15       5.499277381396e-13       1.221669319728e-13       1.706530285078e-15 
  279       6.227786036766e-10       7.567880542657e-13       1.362434119188e-11       3.698884470278e-15       5.437343279298e-13       1.206657297500e-13       1.726418343133e-15 
  280       6.188402948605e-10       7.760769079948e-13       1.375894401326e-11       3.720939339676e-15       5.376193004009e-13       1.191730670727e-13       1.745892529954e-15 
  281       6.148661886973e-10       7.956205106454e-13       1.388958890890e-11       3.742907623274e-15       5.315828103042e-13       1.176892435246e-13       1.764955055059e-15 
  282       6.108574002215e-10       8.154147771833e-13       1.401622659817e-11       3.764788225668e-15       5.256249430340e-13       1.162145543434e-13       1.783608433655e-15 
  283       6.068150632501e-10       8.354554597407e-13       1.413880851878e-11       3.786580083440e-15       5.197457137287e-13       1.147492903298e-13       1.801855490116e-15 
  284       6.027403304576e-10       8.557381461269e-13       1.425728683962e-11       3.808282165594e-15       5.139450663732e-13       1.132937377546e-13       1.819699361459e-15 
  285       5.986343734500e-10       8.762582583408e-13       1.437161447353e-11       3.829893473998e-15       5.082228728996e-13       1.118481782676e-13       1.837143500819e-15 
  286       5.944983828398e-10       8.970110510816e-13       1.448174509018e-11       3.851413043821e-15       5.025789322892e-13       1.104128888047e-13       1.854191680927e-15 
  287       5.903335683204e-10       9.179916102612e-13       1.458763312882e-11       3.872839943977e-15       4.970129696741e-13       1.089881414969e-13       1.870847997588e-15 
  288       5.861411587406e-10       9.391948515155e-13       1.468923381111e-11       3.894173277562e-15       4.915246354387e-13       1.075742035779e-13       1.887116873153e-15 
  289       5.819224021792e-10       9.606155187158e-13       1.478650315397e-11       3.915412182294e-15       4.861135043213e-13       1.061713372918e-13       1.903003060002e-15 
  290       5.776785660197e-10       9.822481824808e-13       1.487939798235e-11       3.936555830953e-15       4.807790745155e-13       1.047797998021e-13       1.918511644016e-15 
  291       5.734109370246e-10       1.004087238688e-12       1.496787594205e-11       3.957603431823e-15       4.755207667721e-13       1.033998430987e-13       1.933648048054e-15 
  292       5.691208214101e-10       1.026126906985e-12       1.505189551255e-11       3.978554229128e-15       4.703379235003e-13       1.020317139067e-13       1.948418035432e-15 
  293       5.648095449208e-10       1.048361229303e-12       1.513141601981e-11       3.999407503473e-15       4.652298078695e-13       1.006756535941e-13       1.962827713398e-15 
  294       5.604784529039e-10       1.070784068364e-12       1.520639764909e-11       4.020162572288e-15       4.601956029109e-13       9.933189807993e-14       1.976883536610e-15 
  295       5.561289103843e-10       1.093389106197e-12       1.527680145776e-11       4.040818790260e-15       4.552344106191e-13       9.800067774225e-14       1.990592310609e-15 
  296       5.517623021384e-10       1.116169842650e-12       1.534258938810e-11       4.061375549780e-15       4.503452510533e-13       9.668221732634e-14       2.003961195300e-15 
  297       5.473800327695e-10       1.139119593895e-12       1.540372428015e-11       4.081832281379e-15       4.455270614394e-13       9.537673585264e-14       2.016997708428e-15 
  298       5.429835267818e-10       1.162231490948e-12       1.546016988448e-11       4.102188454169e-15       4.407786952711e-13       9.408444652481e-14       2.029709729049e-15 
  299       5.385742286550e-10       1.185498478174e-12       1.551189087504e-11       4.122443576282e-15       4.360989214120e-13       9.280555663781e-14       2.042105501017e-15 
  300       5.341536029191e-10       1.208913311803e-12       1.555885286194e-11       4.142597195312e-15       4.314864231965e-13       9.154026748591e-14       2.054193636451e-15 
  301       5.297231342289e-10       1.232468558440e-12       1.560102240429e-11       4.162648898750e-15       4.269397975320e-13       9.028877427079e-14       2.065983119216e-15 
  302       5.252843274383e-10       1.256156593575e-12       1.563836702299e-11       4.182598314431e-15       4.224575540001e-13       8.905126600955e-14       2.077483308400e-15 
  303       5.208387076753e-10       1.279969600099e-12       1.567085521357e-11       4.202445110967e-15       4.180381139584e-13       8.782792544279e-14       2.088703941788e-15 
  304       5.163878204160e-10       1.303899566809e-12       1.569845645897e-11       4.222188998190e-15       4.136798096418e-13       8.661892894264e-14       2.099655139342e-15 
  305       5.119332315598e-10       1.327938286927e-12       1.572114124240e-11       4.241829727593e-15       4.093808832643e-13       8.542444642081e-14       2.110347406676e-15 
  306       5.074765275034e-10       1.352077356606e-12       1.573888106011e-11       4.261367092766e-15       4.051394861204e-13       8.424464123666e-14       2.120791638532e-15 
  307       5.030193152158e-10       1.376308173445e-12       1.575164843420e-11       4.280800929839e-15       4.009536776871e-13       8.307967010523e-14       2.130999122256e-15 
  308       4.985632223124e-10       1.400621934997e-12       1.575941692547e-11       4.300131117923e-15       3.968214247248e-13       8.192968300530e-14       2.140981541278e-15 
  309       4.941098971300e-10       1.425009637284e-12       1.576216114622e-11       4.319357579543e-15       3.927406003793e-13       8.079482308744e-14       2.150750978585e-15 
  310       4.896610088011e-10       1.449462073310e-12       1.575985677305e-11       4.338480281088e-15       3.887089832833e-13       7.967522658206e-14       2.160319920200e-15 
  311       4.852182473287e-10       1.473969831566e-12       1.575248055968e-11       4.357499233240e-15       3.847242566581e-13       7.857102270745e-14       2.169701258658e-15 
  312       4.807832082831e-10       1.498523779127e-12       1.574001457762e-11       4.376414582716e-15       3.807844433191e-13       7.748230412067e-14       2.178905406011e-15 
  313       4.763570408288e-10       1.523116538757e-12       1.572245912933e-11       4.395226891261e-15       3.768892348443e-13       7.640903694331e-14       2.187931477660e-15 
  314       4.719407835121e-10       1.547741077428e-12       1.569982045929e-11       4.413936870455e-15       3.730387223236e-13       7.535114638132e-14       2.196775706248e-15 
  315       4.675354780990e-10       1.572390227036e-12       1.567210659803e-11       4.432545292138e-15       3.692329656539e-13       7.430854567818e-14       2.205434295178e-15 
  316       4.631421695079e-10       1.597056683507e-12       1.563932738021e-11       4.451052988964e-15       3.654719931761e-13       7.328113598675e-14       2.213903418531e-15 
  317       4.587619057427e-10       1.621733005900e-12       1.560149446255e-11       4.469460854947e-15       3.617558013125e-13       7.226880624116e-14       2.222179221001e-15 
  318       4.543957378254e-10       1.646411615521e-12       1.555862134192e-11       4.487769846018e-15       3.580843542036e-13       7.127143302863e-14       2.230257817810e-15 
  319       4.500447197288e-10       1.671084795024e-12       1.551072337329e-11       4.505980980576e-15       3.544575833459e-13       7.028888046131e-14       2.238135294641e-15 
  320       4.457099083093e-10       1.695744687520e-12       1.545781778775e-11       4.524095340040e-15       3.508753872284e-13       6.932100004819e-14       2.245807707555e-15 
  321       4.413923632399e-10       1.720383295685e-12       1.539992371055e-11       4.542114069400e-15       3.473376309707e-13       6.836763056690e-14       2.253271082922e-15 
  322       4.370931469428e-10       1.744992480868e-12       1.533706217905e-11       4.560038377768e-15       3.438441459593e-13       6.742859793558e-14       2.260521417344e-15 
  323       4.328133245221e-10       1.769563962194e-12       1.526925616080e-11       4.577869538935e-15       3.403947294856e-13       6.650371508474e-14       2.267554677579e-15 
  324       4.285539636968e-10       1.794089315675e-12       1.519653057147e-11       4.595608891916e-15       3.369891443824e-13       6.559278182912e-14       2.274366800466e-15 
  325       4.243161347335e-10       1.818559973315e-12       1.511891229295e-11       4.613257841507e-15       3.336271186618e-13       6.469558473951e-14       2.280953692850e-15 
  326       4.201009103792e-10       1.842967222218e-12       1.503643019125e-11       4.630817858838e-15       3.303083451518e-13       6.381189701465e-14       2.287311231506e-15 
  327       4.159093657938e-10       1.867302203695e-12       1.494911513462e-11       4.648290481917e-15       3.270324811340e-13       6.294147835303e-14       2.293435263068e-15 
  328       4.117425784836e-10       1.891555912371e-12       1.485700001146e-11       4.665677316193e-15       3.237991479804e-13       6.208407482481e-14       2.299321603948e-15 
  329       4.076016282331e-10       1.915719195291e-12       1.476011974839e-11       4.682980035100e-15       3.206079307911e-13       6.123941874359e-14       2.304966040262e-15 
  330       4.034875970387e-10       1.939782751029e-12       1.465851132825e-11       4.700200380612e-15       3.174583780310e-13       6.040722853836e-14       2.310364327760e-15 
  331       3.994015690408e-10       1.963737128793e-12       1.455221380809e-11       4.717340163792e-15       3.143500011672e-13       5.958720862526e-14       2.315512191743e-15 
  332       3.953446304572e-10       1.987572727534e-12       1.444126833719e-11       4.734401265352e-15       3.112822743066e-13       5.877904927949e-14       2.320405326995e-15 
  333       3.913178695153e-10       2.011279795052e-12       1.432571817506e-11       4.751385636194e-15       3.082546338324e-13       5.798242650716e-14       2.325039397704e-15 
  334       3.873223763851e-10       2.034848427103e-12       1.420560870946e-11       4.768295297970e-15       3.052664780418e-13       5.719700191712e-14       2.329410037385e-15 
  335       3.833592431123e-10       2.058268566506e-12       1.408098747440e-11       4.785132343632e-15       3.023171667832e-13       5.642242259282e-14       2.333512848811e-15 
  336       3.794295635505e-10       2.081530002252e-12       1.395190416815e-11       4.801898937983e-15       2.994060210932e-13       5.565832096419e-14       2.337343403931e-15 
  337       3.755344332946e-10       2.104622368607e-12       1.381841067125e-11       4.818597318228e-15       2.965323228340e-13       5.490431467946e-14       2.340897243800e-15 
  338       3.716749496129e-10       2.127535144223e-12       1.368056106453e-11       4.835229794528e-15       2.936953143304e-13       5.416000647701e-14       2.344169878500e-15 
  339       3.678522113806e-10       2.150257651244e-12       1.353841164709e-11       4.851798750554e-15       2.908941980073e-13       5.342498405728e-14       2.347156787068e-15 
  340       3.640673190120e-10       2.172779054411e-12       1.339202095433e-11       4.868306644033e-15       2.881281360267e-13       5.269881995453e-14       2.349853417418e-15 
  341       3.603213743938e-10       2.195088360173e-12       1.324144977595e-11       4.884756007306e-15       2.853962499249e-13       5.198107140880e-14       2.352255186269e-15 
  342       3.566154808174e-10       2.217174415789e-12       1.308676117396e-11       4.901149447875e-15       2.826976202500e-13       5.127128023767e-14       2.354357479067e-15 
  343       3.529507429118e-10       2.239025908441e-12       1.292802050070e-11       4.917489648959e-15       2.800312861986e-13       5.056897270816e-14       2.356155649910e-15 
  344       3.493282665768e-10       2.260631364335e-12       1.276529541683e-11       4.933779370044e-15       2.773962452537e-13       4.987365940858e-14       2.357645021475e-15 
  345       3.457491589152e-10       2.281979147812e-12       1.259865590935e-11       4.950021447437e-15       2.747914528211e-13       4.918483512040e-14       2.358820884941e-15 
  346       3.422145281660e-10       2.303057460455e-12       1.242817430960e-11       4.966218794813e-15       2.722158218673e-13       4.850197869004e-14       2.359678499914e-15 
  347       3.387254836368e-10       2.323854340193e-12       1.225392531127e-11       4.982374403773e-15       2.696682225564e-13       4.782455290080e-14       2.360213094352e-15 
  348       3.352831356372e-10       2.344357660414e-12       1.207598598842e-11       4.998491344393e-15       2.671474818873e-13       4.715200434466e-14       2.360419864490e-15 
  349       3.318884992524e-10       2.364556243663e-12       1.189443200938e-11       5.014572560683e-15       2.646525999618e-13       4.648387480339e-14       2.360295242522e-15 
  350       3.285422013937e-10       2.384443255659e-12       1.170932606808e-11       5.030620246463e-15       2.621834094446e-13       4.582014076020e-14       2.359840757904e-15 
  351       3.252447614479e-10       2.404012950508e-12       1.152072900748e-11       5.046636444645e-15       2.597399427850e-13       4.516088773953e-14       2.359059336296e-15 
  352       3.219966861776e-10       2.423259569033e-12       1.132870359446e-11       5.062623250334e-15       2.573222179084e-13       4.450620005184e-14       2.357954047435e-15 
  353       3.187984695585e-10       2.442177338973e-12       1.113331453419e-11       5.078582811180e-15       2.549302380664e-13       4.385616077495e-14       2.356528106312e-15 
  354       3.156505926185e-10       2.460760475181e-12       1.093462848430e-11       5.094517327726e-15       2.525639916868e-13       4.321085173549e-14       2.354784874341e-15 
  355       3.125535232759e-10       2.479003179836e-12       1.073271406922e-11       5.110429053762e-15       2.502234522235e-13       4.257035349028e-14       2.352727860525e-15 
  356       3.095077161771e-10       2.496899642634e-12       1.052764189443e-11       5.126320296674e-15       2.479085780067e-13       4.193474530770e-14       2.350360722633e-15 
  357       3.065136125359e-10       2.514444040997e-12       1.031948456072e-11       5.142193417793e-15       2.456193120930e-13       4.130410514914e-14       2.347687268364e-15 
  358       3.035716399708e-10       2.531630540274e-12       1.010831667847e-11       5.158050832748e-15       2.433555821152e-13       4.067850965039e-14       2.344711456523e-15 
  359       3.006822123443e-10       2.548453293941e-12       9.894214881930e-12       5.173895011815e-15       2.411173001325e-13       4.005803410300e-14       2.341437398186e-15 
  360       2.978457296002e-10       2.564906443804e-12       9.677257843480e-12       5.189728480267e-15       2.389043624804e-13       3.944275243573e-14       2.337869357873e-15 
  361       2.950625776029e-10       2.580984120202e-12       9.457526287904e-12       5.205553818727e-15       2.367166496209e-13       3.883273719592e-14       2.334011754720e-15 
  362       2.923331279751e-10       2.596680442209e-12       9.235103006662e-12       5.221373663515e-15       2.345540259923e-13       3.822805953089e-14       2.329869163643e-15 
  363       2.896577379363e-10       2.611989517833e-12       9.010072872162e-12       5.237190707001e-15       2.324163398595e-13       3.762878916937e-14       2.325446316517e-15 
  364       2.870367501409e-10       2.626905444222e-12       8.782522852028e-12       5.253007697957e-15       2.303034231638e-13       3.703499440284e-14       2.320748103338e-15 
  365       2.844704925171e-10       2.641422307865e-12       8.552542023376e-12       5.268827441903e-15       2.282150913731e-13       3.644674206702e-14       2.315779573398e-15 
  366       2.819592781046e-10       2.655534184793e-12       8.320221587080e-12       5.284652801459e-15       2.261511433319e-13       3.586409752316e-14       2.310545936456e-15 
  367       2.795034048932e-10       2.669235140781e-12       8.085654882049e-12       5.300486696700e-15       2.241113611111e-13       3.528712463953e-14       2.305052563904e-15 
  368       2.771031556611e-10       2.682519231551e-12       7.848937399492e-12       5.316332105499e-15       2.220955098584e-13       3.471588577280e-14       2.299304989940e-15 
  369       2.747587978131e-10       2.695380502974e-12       7.610166797195e-12       5.332192063885e-15       2.201033376481e-13       3.415044174938e-14       2.293308912740e-15 
  370       2.724705832192e-10       2.707812991271e-12       7.369442913788e-12       5.348069666387e-15       2.181345753311e-13       3.359085184692e-14       2.287070195624e-15 
  371       2.702387480524e-10       2.719810723216e-12       7.126867783017e-12       5.363968066389e-15       2.161889363851e-13       3.303717377561e-14       2.280594868228e-15 
  372       2.680635126278e-10       2.731367716338e-12       6.882545648018e-12       5.379890476479e-15       2.142661167646e-13       3.248946365966e-14       2.273889127678e-15 
  373       2.659450812402e-10       2.742477979124e-12       6.636582975584e-12       5.395840168799e-15       2.123657947506e-13       3.194777601865e-14       2.266959339754e-15 
  374       2.638836420026e-10       2.753135511217e-12       6.389088470442e-12       5.411820475396e-15       2.104876308013e-13       3.141216374895e-14       2.259812040063e-15 
  375       2.618793666847e-10       2.763334303623e-12       6.140173089516e-12       5.427834788573e-15       2.086312674014e-13       3.088267810512e-14       2.252453935213e-15 
  376       2.599324105513e-10       2.773068338911e-12       5.889950056206e-12       5.443886561239e-15       2.067963289125e-13       3.035936868128e-14       2.244891903975e-15 
  377       2.580429122001e-10       2.782331591415e-12       5.638534874656e-12       5.459979307259e-15       2.049824214234e-13       2.984228339258e-14       2.237132998461e-15 
  378       2.562109934007e-10       2.791118027435e-12       5.386045344024e-12       5.476116601804e-15       2.031891325995e-13       2.933146845653e-14       2.229184445292e-15 
  379       2.544367589323e-10       2.799421605442e-12       5.132601572754e-12       5.492302081705e-15       2.014160315332e-13       2.882696837441e-14       2.221053646765e-15 
  380       2.527202964224e-10       2.807236276275e-12       4.878325992851e-12       5.508539445800e-15       1.996626685940e-13       2.832882591271e-14       2.212748182027e-15 
  381       2.510616761850e-10       2.814555983350e-12       4.623343374146e-12       5.524832455284e-15       1.979285752784e-13       2.783708208450e-14       2.204275808244e-15 
  382       2.494609510590e-10       2.821374662857e-12       4.367780838571e-12       5.541184934065e-15       1.962132640598e-13       2.735177613084e-14       2.195644461772e-15 
  383       2.479181562464e-10       2.827686243961e-12       4.111767874429e-12       5.557600769105e-15       1.945162282390e-13       2.687294550215e-14       2.186862259326e-15 
  384       2.464333091506e-10       2.833484649010e-12       3.855436350667e-12       5.574083910781e-15       1.928369417934e-13       2.640062583966e-14       2.177937499149e-15 
  385       2.450064092148e-10       2.838763793731e-12       3.598920531145e-12       5.590638373229e-15       1.911748592281e-13       2.593485095678e-14       2.168878662188e-15 
  386       2.436374377604e-10       2.843517587435e-12       3.342357088908e-12       5.607268234695e-15       1.895294154250e-13       2.547565282049e-14       2.159694413258e-15 
  387       2.423263578251e-10       2.847739933219e-12       3.085885120457e-12       5.623977637887e-15       1.879000254933e-13       2.502306153277e-14       2.150393602214e-15 
  388       2.410731017045e-10       2.851425841930e-12       2.829634229274e-12       5.640770332020e-15       1.862861894388e-13       2.457709581187e-14       2.140983830267e-15 
  389       2.398775333915e-10       2.854574819580e-12       2.573688255855e-12       5.657648279342e-15       1.846878107947e-13       2.413773408158e-14       2.131467087424e-15 
  390       2.387394844147e-10       2.857187607039e-12       2.318120218980e-12       5.674612997172e-15       1.831048896149e-13       2.370494226407e-14       2.121843954157e-15 
  391       2.376587658375e-10       2.859265078795e-12       2.063004128719e-12       5.691666011484e-15       1.815374186648e-13       2.327868315620e-14       2.112115021555e-15 
  392       2.366351680863e-10       2.860808244039e-12       1.808414991224e-12       5.708808856893e-15       1.799853833546e-13       2.285891640347e-14       2.102280891353e-15 
  393       2.356684607795e-10       2.861818247760e-12       1.554428813505e-12       5.726043076645e-15       1.784487616722e-13       2.244559847375e-14       2.092342175963e-15 
  394       2.347583925557e-10       2.862296371825e-12       1.301122608227e-12       5.743370222596e-15       1.769275241174e-13       2.203868263123e-14       2.082299498502e-15 
  395       2.339046909024e-10       2.862244036070e-12       1.048574398485e-12       5.760791855206e-15       1.754216336346e-13       2.163811891021e-14       2.072153492821e-15 
  396       2.331070619847e-10       2.861662799389e-12       7.968632225973e-13       5.778309543519e-15       1.739310455463e-13       2.124385408896e-14       2.061904803533e-15 
  397       2.323651904734e-10       2.860554360817e-12       5.460691388857e-13       5.795924865152e-15       1.724557074868e-13       2.085583166356e-14       2.051554086049e-15 
  398       2.316787393740e-10       2.858920560624e-12       2.962732304649e-13       5.813639406283e-15       1.709955593350e-13       2.047399182178e-14       2.041102006599e-15 
  399       2.310473498551e-10       2.856763381395e-12       4.755761002604e-14       5.831454761630e-15       1.695505331483e-13       2.009827141687e-14       2.030549242268e-15 
  400       2.304706410766e-10       2.854084949124e-12      -1.999945753772e-13       5.849372534447e-15       1.681205530959e-13       1.972860394145e-14       2.019896481021e-15 
  401       2.299482100187e-10       2.850887534299e-12      -4.462991395432e-13       5.867394336501e-15       1.667055353916e-13       1.936491950134e-14       2.009144421736e-15 
  402       2.294796313104e-10       2.847173552987e-12      -6.912708523365e-13       5.885521788066e-15       1.653053882281e-13       1.900714478943e-14       1.998293774230e-15 
  403       2.290644570578e-10       2.842945567928e-12      -9.348234349028e-13       5.903756517901e-15       1.639200117093e-13       1.865520305949e-14       1.987345259293e-15 
  404       2.287022166726e-10       2.838206289615e-12      -1.176869554883e-12       5.922100163245e-15       1.625492977849e-13       1.830901410002e-14       1.976299608712e-15 
  405       2.283924167011e-10       2.832958577388e-12      -1.417320821627e-12       5.940554369794e-15       1.611931301824e-13       1.796849420815e-14       1.965157565304e-15 
  406       2.281345406522e-10       2.827205440517e-12      -1.656087781410e-12       5.959120791695e-15       1.598513843417e-13       1.763355616341e-14       1.953919882947e-15 
  407       2.279280488262e-10       2.820950039292e-12      -1.893079912646e-12       5.977801091528e-15       1.585239273477e-13       1.730410920163e-14       1.942587326603e-15 
  408       2.277723781434e-10       2.814195686110e-12      -2.128205621099e-12       5.996596940293e-15       1.572106178639e-13       1.698005898878e-14       1.931160672355e-15 
  409       2.276669419725e-10       2.806945846562e-12      -2.361372235105e-12       6.015510017394e-15       1.559113060659e-13       1.666130759479e-14       1.919640707433e-15 
  410       2.276111299594e-10       2.799204140521e-12      -2.592486000779e-12       6.034542010631e-15       1.546258335745e-13       1.634775346742e-14       1.908028230240e-15 
  411       2.276043078552e-10       2.790974343231e-12      -2.821452077232e-12       6.053694616180e-15       1.533540333893e-13       1.603929140612e-14       1.896324050389e-15 
  412       2.276458173452e-10       2.782260386391e-12      -3.048174531788e-12       6.072969538580e-15       1.520957298219e-13       1.573581253582e-14       1.884528988727e-15 
  413       2.277349758776e-10       2.773066359246e-12      -3.272556335194e-12       6.092368490725e-15       1.508507384294e-13       1.543720428085e-14       1.872643877366e-15 
  414       2.278710764914e-10       2.763396509674e-12      -3.494499356838e-12       6.111893193841e-15       1.496188659478e-13       1.514335033873e-14       1.860669559712e-15 
  415       2.280533876454e-10       2.753255245269e-12      -3.713904359963e-12       6.131545377480e-15       1.483999102251e-13       1.485413065404e-14       1.848606890495e-15 
  416       2.282811530468e-10       2.742647134438e-12      -3.930670996877e-12       6.151326779501e-15       1.471936601550e-13       1.456942139229e-14       1.836456735799e-15 
  417       2.285535914795e-10       2.731576907477e-12      -4.144697804175e-12       6.171239146061e-15       1.459998956100e-13       1.428909491369e-14       1.824219973090e-15 
  418       2.288698966326e-10       2.720049457670e-12      -4.355882197946e-12       6.191284231594e-15       1.448183873750e-13       1.401301974710e-14       1.811897491246e-15 
  419       2.292292369293e-10       2.708069842367e-12      -4.564120468995e-12       6.211463798805e-15       1.436488970804e-13       1.374106056380e-14       1.799490190589e-15 
  420       2.296307553551e-10       2.695643284077e-12      -4.769307778048e-12       6.231779618650e-15       1.424911771359e-13       1.347307815136e-14       1.786998982908e-15 
  421       2.300735692863e-10       2.682775171555e-12      -4.971338150977e-12       6.252233470327e-15       1.413449706633e-13       1.320892938749e-14       1.774424791498e-15 
  422       2.305567703190e-10       2.669471060886e-12      -5.170104474005e-12       6.272827141258e-15       1.402100114304e-13       1.294846721388e-14       1.761768551179e-15 
  423       2.310794240972e-10       2.655736676578e-12      -5.365498488926e-12       6.293562427077e-15       1.390860237839e-13       1.269154061008e-14       1.749031208334e-15 
  424       2.316405701414e-10       2.641577912646e-12      -5.557410788320e-12       6.314441131617e-15       1.379727225831e-13       1.243799456727e-14       1.736213720933e-15 
  425       2.322392216772e-10       2.627000833700e-12      -5.745730810764e-12       6.335465066893e-15       1.368698131332e-13       1.218767006220e-14       1.723317058567e-15 
  426       2.328743654641e-10       2.612011676032e-12      -5.930346836045e-12       6.356636053094e-15       1.357769911187e-13       1.194040403097e-14       1.710342202471e-15 
  427       2.335450444026e-10       2.596617030036e-12      -6.111159645282e-12       6.377955511586e-15       1.346939952702e-13       1.169606057639e-14       1.697290229063e-15 
  428       2.342506088015e-10       2.580824392075e-12      -6.288124022856e-12       6.399423228725e-15       1.336207674747e-13       1.145462581274e-14       1.684162563595e-15 
  429       2.349904733224e-10       2.564641633525e-12      -6.461208657038e-12       6.421038549960e-15       1.325572979818e-13       1.121611619636e-14       1.670960735188e-15 
  430       2.357640348562e-10       2.548076822346e-12      -6.630382606830e-12       6.442800782737e-15       1.315035731301e-13       1.098054757809e-14       1.657686294190e-15 
  431       2.365706724059e-10       2.531138224288e-12      -6.795615306153e-12       6.464709196206e-15       1.304595753153e-13       1.074793519763e-14       1.644340812266e-15 
  432       2.374097469697e-10       2.513834304098e-12      -6.956876568038e-12       6.486763020952e-15       1.294252829581e-13       1.051829367788e-14       1.630925882473e-15 
  433       2.382806014235e-10       2.496173726726e-12      -7.114136588809e-12       6.508961448704e-15       1.284006704724e-13       1.029163701931e-14       1.617443119356e-15 
  434       2.391825604044e-10       2.478165358532e-12      -7.267365952270e-12       6.531303632062e-15       1.273857082331e-13       1.006797859430e-14       1.603894159022e-15 
  435       2.401149301929e-10       2.459818268493e-12      -7.416535633894e-12       6.553788684209e-15       1.263803625442e-13       9.847331141494e-15       1.590280659229e-15 
  436       2.410769985966e-10       2.441141729407e-12      -7.561617005011e-12       6.576415678634e-15       1.253845956065e-13       9.629706760175e-15       1.576604299472e-15 
  437       2.420680348321e-10       2.422145219106e-12      -7.702581836990e-12       6.599183648850e-15       1.243983654862e-13       9.415116904601e-15       1.562866781064e-15 
  438       2.430872894090e-10       2.402838421653e-12      -7.839402305431e-12       6.622091588114e-15       1.234216260824e-13       9.203572378370e-15       1.549069827221e-15 
  439       2.441339940119e-10       2.383231228559e-12      -7.972050994351e-12       6.645138449143e-15       1.224543270951e-13       8.995083328768e-15       1.535215183146e-15 
  440       2.452073613836e-10       2.363333739982e-12      -8.100500900368e-12       6.668323143836e-15       1.214964139935e-13       8.789659241132e-15       1.521304616116e-15 
  441       2.463065852083e-10       2.343156265936e-12      -8.224725436891e-12       6.691644542989e-15       1.205478279837e-13       8.587308933196e-15       1.507339915563e-15 
  442       2.474308399939e-10       2.322709327499e-12      -8.344698438308e-12       6.715101476020e-15       1.196085059769e-13       8.388040549454e-15       1.493322893160e-15 
  443       2.485792809556e-10       2.302003658018e-12      -8.460394164167e-12       6.738692730682e-15       1.186783805572e-13       8.191861555510e-15       1.479255382904e-15 
  444       2.497510438980e-10       2.281050204317e-12      -8.571787303371e-12       6.762417052784e-15       1.177573799499e-13       7.998778732436e-15       1.465139241203e-15 
  445       2.509452450987e-10       2.259860127901e-12      -8.678852978360e-12       6.786273145912e-15       1.168454279891e-13       7.808798171124e-15       1.450976346957e-15 
  446       2.521609811907e-10       2.238444806165e-12      -8.781566749298e-12       6.810259671144e-15       1.159424440859e-13       7.621925266645e-15       1.436768601643e-15 
  447       2.533973290458e-10       2.216815833602e-12      -8.879904618262e-12       6.834375246773e-15       1.150483431965e-13       7.438164712600e-15       1.422517929402e-15 
  448       2.546533456568e-10       2.194985023004e-12      -8.973843033427e-12       6.858618448022e-15       1.141630357899e-13       7.257520495477e-15       1.408226277121e-15 
  449       2.559280680212e-10       2.172964406675e-12      -9.063358893257e-12       6.882987806766e-15       1.132864278164e-13       7.079995889007e-15       1.393895614516e-15 
  450       2.572205130232e-10       2.150766237634e-12      -9.148429550685e-12       6.907481811248e-15       1.124184206748e-13       6.905593448518e-15       1.379527934219e-15 
  451       2.585296773176e-10       2.128402990822e-12      -9.229032817308e-12       6.932098905801e-15       1.115589111812e-13       6.734315005287e-15       1.365125251862e-15 
  452       2.598545372118e-10       2.105887364310e-12      -9.305146967566e-12       6.956837490567e-15       1.107077915366e-13       6.566161660902e-15       1.350689606159e-15 
  453       2.611940485492e-10       2.083232280503e-12      -9.376750742937e-12       6.981695921210e-15       1.098649492948e-13       6.401133781610e-15       1.336223058993e-15 
  454       2.625471465920e-10       2.060450887350e-12      -9.443823356118e-12       7.006672508642e-15       1.090302673307e-13       6.239230992677e-15       1.321727695498e-15 
  455       2.639127459039e-10       2.037556559548e-12      -9.506344495213e-12       7.031765518741e-15       1.082036238080e-13       6.080452172738e-15       1.307205624145e-15 
  456       2.652897402334e-10       2.014562899750e-12      -9.564294327923e-12       7.056973172064e-15       1.073848921475e-13       5.924795448160e-15       1.292658976825e-15 
  457       2.666770023962e-10       1.991483739772e-12      -9.617653505730e-12       7.082293643572e-15       1.065739409947e-13       5.772258187386e-15       1.278089908936e-15 
  458       2.680733841586e-10       1.968333141796e-12      -9.666403168085e-12       7.107725062348e-15       1.057706341882e-13       5.622836995301e-15       1.263500599463e-15 
  459       2.694777161198e-10       1.945125399582e-12      -9.710524946596e-12       7.133265511313e-15       1.049748307275e-13       5.476527707580e-15       1.248893251064e-15 
  460       2.708888075954e-10       1.921875039672e-12      -9.750000969212e-12       7.158913026946e-15       1.041863847408e-13       5.333325385046e-15       1.234270090158e-15 
  461       2.723054465001e-10       1.898596822595e-12      -9.784813864415e-12       7.184665599007e-15       1.034051454535e-13       5.193224308023e-15       1.219633367004e-15 
  462       2.737263992302e-10       1.875305744077e-12      -9.814946765400e-12       7.210521170249e-15       1.026309571556e-13       5.056217970692e-15       1.204985355787e-15 
  463       2.751504105470e-10       1.852017036243e-12      -9.840383314269e-12       7.236477636143e-15       1.018636591701e-13       4.922299075448e-15       1.190328354704e-15 
  464       2.765762034595e-10       1.828746168830e-12      -9.861107666214e-12       7.262532844591e-15       1.011030858211e-13       4.791459527253e-15       1.175664686045e-15 
  465       2.780024791075e-10       1.805508850389e-12      -9.877104493705e-12       7.288684595651e-15       1.003490664011e-13       4.663690427989e-15       1.160996696282e-15 
  466       2.794280539454e-10       1.782319980978e-12      -9.888366646078e-12       7.314930579281e-15       9.960145374392e-14       4.538979510089e-15       1.146326526983e-15 
  467       2.808522762449e-10       1.759190471829e-12      -9.894918382774e-12       7.341268187012e-15       9.886021098607e-14       4.417303360780e-15       1.131655419538e-15 
  468       2.822746223564e-10       1.736130328836e-12      -9.896792873201e-12       7.367694693846e-15       9.812532744894e-14       4.298634944127e-15       1.116984388904e-15 
  469       2.836945605413e-10       1.713149692721e-12      -9.894024615242e-12       7.394207319385e-15       9.739679026315e-14       4.182946132794e-15       1.102314450779e-15 
  470       2.851115509304e-10       1.690258839667e-12      -9.886649443664e-12       7.420803227511e-15       9.667458435234e-14       4.070207700990e-15       1.087646621548e-15 
  471       2.865250454824e-10       1.667468181945e-12      -9.874704538525e-12       7.447479526073e-15       9.595869241697e-14       3.960389317405e-15       1.072981918250e-15 
  472       2.879344879428e-10       1.644788268540e-12      -9.858228433583e-12       7.474233266572e-15       9.524909491806e-14       3.853459538162e-15       1.058321358529e-15 
  473       2.893393138025e-10       1.622229785784e-12      -9.837261024703e-12       7.501061443848e-15       9.454577006095e-14       3.749385799752e-15       1.043665960599e-15 
  474       2.907389502558e-10       1.599803557980e-12      -9.811843578267e-12       7.527960995758e-15       9.384869377908e-14       3.648134411982e-15       1.029016743196e-15 
  475       2.921328161599e-10       1.577520548035e-12      -9.782018739584e-12       7.554928802868e-15       9.315783971776e-14       3.549670550918e-15       1.014374725539e-15 
  476       2.935203219928e-10       1.555391858082e-12      -9.747830541292e-12       7.581961688134e-15       9.247317921793e-14       3.453958251823e-15       9.997409272849e-16 
  477       2.949008698124e-10       1.533428730117e-12      -9.709324411773e-12       7.609056416586e-15       9.179468129992e-14       3.360960402107e-15       9.851163684912e-16 
  478       2.962738532147e-10       1.511642546619e-12      -9.666547183557e-12       7.636209695016e-15       9.112231264724e-14       3.270638734264e-15       9.705020695702e-16 
  479       2.976386572925e-10       1.490044831185e-12      -9.619547101734e-12       7.663418171660e-15       9.045603759032e-14       3.182953818819e-15       9.558990512479e-16 
  480       2.989946585944e-10       1.468647249154e-12      -9.568373832358e-12       7.690678435884e-15       8.979581809027e-14       3.097865057269e-15       9.413083345222e-16 
  481       3.003412250827e-10       1.447461608239e-12      -9.513078470859e-12       7.717987017868e-15       8.914161372271e-14       3.015330675026e-15       9.267309406208e-16 
  482       3.016777160928e-10       1.426499859150e-12      -9.453713550448e-12       7.745340388291e-15       8.849338166143e-14       2.935307714361e-15       9.121678909587e-16 
  483       3.030034822911e-10       1.405774096231e-12      -9.390333050528e-12       7.772734958016e-15       8.785107666227e-14       2.857752027346e-15       8.976202070967e-16 
  484       3.043178656340e-10       1.385296558081e-12      -9.322992405102e-12       7.800167077773e-15       8.721465104680e-14       2.782618268800e-15       8.830889106987e-16 
  485       3.056201993265e-10       1.365079628183e-12      -9.251748511180e-12       7.827633037849e-15       8.658405468614e-14       2.709859889226e-15       8.685750234904e-16 
  486       3.069098077806e-10       1.345135835539e-12      -9.176659737188e-12       7.855129067766e-15       8.595923498469e-14       2.639429127758e-15       8.540795672166e-16 
  487       3.081860065740e-10       1.325477855291e-12      -9.097785931376e-12       7.882651335969e-15       8.534013686392e-14       2.571277005107e-15       8.396035635991e-16 
  488       3.094481024089e-10       1.306118509353e-12      -9.015188430226e-12       7.910195949510e-15       8.472670274615e-14       2.505353316497e-15       8.251480342951e-16 
  489       3.106953930702e-10       1.287070767038e-12      -8.928930066862e-12       7.937758953735e-15       8.411887253825e-14       2.441606624612e-15       8.107140008549e-16 
  490       3.119271673845e-10       1.268347745688e-12      -8.839075179456e-12       7.965336331966e-15       8.351658361551e-14       2.379984252540e-15       7.963024846797e-16 
  491       3.131427051786e-10       1.249962711303e-12      -8.745689619638e-12       7.992924005187e-15       8.291977080530e-14       2.320432276713e-15       7.819145069797e-16 
  492       3.143412772378e-10       1.231929079167e-12      -8.648840760905e-12       8.020517831726e-15       8.232836637091e-14       2.262895519852e-15       7.675510887319e-16 
  493       3.155221452649e-10       1.214260414476e-12      -8.548597507024e-12       8.048113606946e-15       8.174229999529e-14       2.207317543911e-15       7.532132506380e-16 
  494       3.166845618388e-10       1.196970432972e-12      -8.445030300449e-12       8.075707062923e-15       8.116149876482e-14       2.153640643016e-15       7.389020130827e-16 
  495       3.178277703727e-10       1.180073001563e-12      -8.338211130721e-12       8.103293868134e-15       8.058588715308e-14       2.101805836412e-15       7.246183960909e-16 
  496       3.189510050732e-10       1.163582138959e-12      -8.228213542881e-12       8.130869627142e-15       8.001538700461e-14       2.051752861404e-15       7.103634192865e-16 
  497       3.200534908984e-10       1.147512016298e-12      -8.115112645878e-12       8.158429880280e-15       7.944991751866e-14       2.003420166302e-15       6.961381018496e-16 
  498       3.211344435170e-10       1.131876957771e-12      -7.998985120977e-12       8.185970103335e-15       7.888939523300e-14       1.956744903361e-15       6.819434624748e-16 
  499       3.221930692666e-10       1.116691441256e-12      -7.879909230163e-12       8.213485707234e-15       7.833373400766e-14       1.911662921725e-15       6.677805193291e-16 
  500       3.232285651125e-10       1.101970098943e-12      -7.757964824557e-12       8.240972037728e-15       7.778284500869e-14       1.868108760373e-15       6.536502900097e-16 
  501       3.242401186060e-10       1.087727717962e-12      -7.633233352818e-12       8.268424375078e-15       7.723663669194e-14       1.826015641056e-15       6.395537915020e-16 
  502       3.252269078433e-10       1.073979241014e-12      -7.505797869555e-12       8.295837933736e-15       7.669501478682e-14       1.785315461247e-15       6.254920401375e-16 
  503       3.261881014241e-10       1.060739766999e-12      -7.375743043733e-12       8.323207862036e-15       7.615788228007e-14       1.745938787079e-15       6.114660515518e-16 
  504       3.271228584099e-10       1.048024551642e-12      -7.243155167083e-12       8.350529241872e-15       7.562513939953e-14       1.707814846290e-15       5.974768406424e-16 
  505       3.280304521131e-10       1.035847186633e-12      -7.108119187398e-12       8.377797446774e-15       7.509669971889e-14       1.670883513194e-15       5.835254451869e-16 
  506       3.289106454687e-10       1.024214078078e-12      -6.970709697349e-12       8.405009228112e-15       7.457253901524e-14       1.635131657666e-15       5.696129975299e-16 
  507       3.297633263951e-10       1.013129810213e-12      -6.830999702639e-12       8.432161659560e-15       7.405264778709e-14       1.600557829428e-15       5.557406548785e-16 
  508       3.305883849586e-10       1.002598952287e-12      -6.689063580633e-12       8.459251781394e-15       7.353701525198e-14       1.567160359299e-15       5.419095757978e-16 
  509       3.313857133898e-10       9.926260583330e-13      -6.544977087363e-12       8.486276600348e-15       7.302562933786e-14       1.534937357770e-15       5.281209201799e-16 
  510       3.321552061009e-10       9.832156669413e-13      -6.398817364546e-12       8.513233089460e-15       7.251847667439e-14       1.503886713579e-15       5.143758492134e-16 
  511       3.328967597021e-10       9.743723010322e-13      -6.250662946592e-12       8.540118187934e-15       7.201554258432e-14       1.474006092286e-15       5.006755253517e-16 
  512       3.336102730185e-10       9.661004676297e-13      -6.100593767612e-12       8.566928800985e-15       7.151681107476e-14       1.445292934845e-15       4.870211122829e-16 
  513       3.342956471067e-10       9.584046576341e-13      -5.948691168436e-12       8.593661799697e-15       7.102226482862e-14       1.417744456182e-15       4.734137748980e-16 
  514       3.349527852718e-10       9.512893455955e-13      -5.795037903617e-12       8.620314020874e-15       7.053188519583e-14       1.391357643767e-15       4.598546792606e-16 
  515       3.355815930841e-10       9.447589894862e-13      -5.639718148449e-12       8.646882266892e-15       7.004565218476e-14       1.366129256188e-15       4.463449925756e-16 
  516       3.361819783954e-10       9.388180304745e-13      -5.482817505972e-12       8.673363305557e-15       6.956354445354e-14       1.342055821732e-15       4.328858831582e-16 
  517       3.367538513567e-10       9.334708926973e-13      -5.324423013987e-12       8.699753869952e-15       6.908553930138e-14       1.319133636950e-15       4.194785204031e-16 
  518       3.372971244339e-10       9.287219830332e-13      -5.164623152067e-12       8.726050658293e-15       6.861161265990e-14       1.297358765239e-15       4.061240747536e-16 
  519       3.378117124254e-10       9.245756908757e-13      -5.003507848564e-12       8.752250333781e-15       6.814173908450e-14       1.276727035413e-15       3.928237176703e-16 
  520       3.382975324783e-10       9.210363879063e-13      -4.841168487627e-12       8.778349524457e-15       6.767589174569e-14       1.257234040279e-15       3.795786216006e-16 
  521       3.387545041055e-10       9.181084278672e-13      -4.677697916207e-12       8.804344823052e-15       6.721404242039e-14       1.238875135211e-15       3.663899599472e-16 
  522       3.391825492023e-10       9.157961463348e-13      -4.513190451071e-12       8.830232786844e-15       6.675616148332e-14       1.221645436725e-15       3.532589070378e-16 
  523       3.395815920631e-10       9.141038604925e-13      -4.347741885814e-12       8.856009937507e-15       6.630221789829e-14       1.205539821054e-15       3.401866380933e-16 
  524       3.399515593984e-10       9.130358689038e-13      -4.181449497867e-12       8.881672760966e-15       6.585217920958e-14       1.190552922721e-15       3.271743291978e-16 
  525       3.402923803513e-10       9.125964512855e-13      -4.014412055511e-12       8.907217707250e-15       6.540601153323e-14       1.176679133114e-15       3.142231572668e-16 
  526       3.406039865143e-10       9.127898682806e-13      -3.846729824888e-12       8.932641190345e-15       6.496367954844e-14       1.163912599065e-15       3.013343000167e-16 
  527       3.408863119462e-10       9.136203612313e-13      -3.678504577010e-12       8.957939588046e-15       6.452514648884e-14       1.152247221416e-15       2.885089359336e-16 
  528       3.411392931889e-10       9.150921519523e-13      -3.509839594771e-12       8.983109241813e-15       6.409037413387e-14       1.141676653602e-15       2.757482442427e-16 
  529       3.413628692837e-10       9.172094425036e-13      -3.340839679960e-12       9.008146456620e-15       6.365932280011e-14       1.132194300219e-15       2.630534048770e-16 
  530       3.415569817886e-10       9.199764149639e-13      -3.171611160271e-12       9.033047500810e-15       6.323195133259e-14       1.123793315606e-15       2.504255984462e-16 
  531       3.417215747949e-10       9.233972312032e-13      -3.002261896312e-12       9.057808605948e-15       6.280821709617e-14       1.116466602411e-15       2.378660062062e-16 
  532       3.418565949438e-10       9.274760326562e-13      -2.832901288620e-12       9.082425966676e-15       6.238807596686e-14       1.110206810173e-15       2.253758100280e-16 
  533       3.419619914433e-10       9.322169400953e-13      -2.663640284668e-12       9.106895740562e-15       6.197148232314e-14       1.105006333890e-15       2.129561923663e-16 
  534       3.420377160848e-10       9.376240534036e-13      -2.494591385881e-12       9.131214047956e-15       6.155838903732e-14       1.100857312602e-15       2.006083362291e-16 
  535       3.420837232601e-10       9.437014513479e-13      -2.325868654642e-12       9.155376971842e-15       6.114874746686e-14       1.097751627955e-15       1.883334251466e-16 
  536       3.420999699781e-10       9.504531913520e-13      -2.157587721307e-12       9.179380557691e-15       6.074250744573e-14       1.095680902787e-15       1.761326431400e-16 
  537       3.420864158812e-10       9.578833092695e-13      -1.989865791214e-12       9.203220813313e-15       6.033961727571e-14       1.094636499692e-15       1.640071746908e-16 
  538       3.420430232626e-10       9.659958191570e-13      -1.822821651697e-12       9.226893708715e-15       5.994002371778e-14       1.094609519603e-15       1.519582047095e-16 
  539       3.419697570828e-10       9.747947130470e-13      -1.656575679091e-12       9.250395175945e-15       5.954367198340e-14       1.095590800361e-15       1.399869185052e-16 
  540       3.418665849861e-10       9.842839607212e-13      -1.491249845752e-12       9.273721108955e-15       5.915050572588e-14       1.097570915294e-15       1.280945017540e-16 
  541       3.417334773180e-10       9.944675094835e-13      -1.326967727059e-12       9.296867363448e-15       5.876046703173e-14       1.100540171786e-15       1.162821404687e-16 
  542       3.415704071412e-10       1.005349283933e-12      -1.163854508432e-12       9.319829756729e-15       5.837349641196e-14       1.104488609858e-15       1.045510209670e-16 
  543       3.413773502530e-10       1.016933185736e-12      -1.002036992341e-12       9.342604067567e-15       5.798953279344e-14       1.109406000738e-15       9.290232984153e-17 
  544       3.411543406695e-10       1.029221642913e-12      -8.416318702458e-13       9.365186590113e-15       5.760852303044e-14       1.115281373979e-15       8.133707902146e-17 
  545       3.409016386770e-10       1.042211215473e-12      -6.827101792592e-13       9.387575812275e-15       5.723045073655e-14       1.122101587791e-15       6.985557587822e-17 
  546       3.406195673108e-10       1.055896871741e-12      -5.253319082102e-13       9.409770781970e-15       5.685530820718e-14       1.129852717637e-15       5.845793887952e-17 
  547       3.403084573333e-10       1.070273427397e-12      -3.695576489253e-13       9.431770557187e-15       5.648308696436e-14       1.138520522623e-15       4.714427111159e-17 
  548       3.399686472730e-10       1.085335544659e-12      -2.154485984898e-13       9.453574206067e-15       5.611377775193e-14       1.148090443879e-15       3.591466017744e-17 
  549       3.396004834637e-10       1.101077731473e-12      -6.306656150931e-14       9.475180806976e-15       5.574737053073e-14       1.158547602941e-15       2.476917809507e-17 
  550       3.392043200840e-10       1.117494340696e-12       8.752604762938e-14       9.496589448590e-15       5.538385447377e-14       1.169876800139e-15       1.370788119578e-17 
  551       3.387805191963e-10       1.134579569284e-12       2.362662024964e-13       9.517799229963e-15       5.502321796146e-14       1.182062512979e-15       2.730810022358e-18 
  552       3.383294507860e-10       1.152327457476e-12       3.830902623575e-13       9.538809260612e-15       5.466544857678e-14       1.195088894523e-15      -8.162010772669e-18 
  553       3.378514928008e-10       1.170731887981e-12       5.279339699131e-13       9.559618660590e-15       5.431053310045e-14       1.208939771780e-15      -1.897057252876e-17 
  554       3.373470311899e-10       1.189786585165e-12       6.707324490361e-13       9.580226560565e-15       5.395845750615e-14       1.223598644085e-15      -2.969488267916e-17 
  555       3.368164599430e-10       1.209485114234e-12       8.114202025112e-13       9.600632101895e-15       5.360920695571e-14       1.239048681483e-15      -4.033496485260e-17 
  556       3.362601811298e-10       1.229820880425e-12       9.499311097734e-13       9.620834436708e-15       5.326276579429e-14       1.255272723114e-15      -5.089085897510e-17 
  557       3.356786049390e-10       1.250787128187e-12       1.086198424646e-12       9.640832727981e-15       5.291911754556e-14       1.272253275595e-15      -6.136262137172e-17 
  558       3.350721497179e-10       1.272376940368e-12       1.220154773080e-12       9.660626149610e-15       5.257824490691e-14       1.289972511409e-15      -7.175032486828e-17 
  559       3.344412420107e-10       1.294583237403e-12       1.351732150893e-12       9.680213886495e-15       5.224012974464e-14       1.308412267280e-15      -8.205405889316e-17 
  560       3.337863165989e-10       1.317398776499e-12       1.480861921507e-12       9.699595134613e-15       5.190475308913e-14       1.327554042566e-15      -9.227392957903e-17 
  561       3.331078165396e-10       1.340816150821e-12       1.607474813685e-12       9.718769101098e-15       5.157209513005e-14       1.347378997635e-15      -1.024100598646e-16 
  562       3.324061932051e-10       1.364827788677e-12       1.731500919275e-12       9.737735004316e-15       5.124213521155e-14       1.367867952255e-15      -1.124625895964e-16 
  563       3.316819063220e-10       1.389425952704e-12       1.852869690944e-12       9.756492073941e-15       5.091485182743e-14       1.389001383973e-15      -1.224316756306e-16 
  564       3.309354240104e-10       1.414602739058e-12       1.971509939918e-12       9.775039551038e-15       5.059022261637e-14       1.410759426502e-15      -1.323174919344e-16 
  565       3.301672228232e-10       1.440350076592e-12       2.087349833721e-12       9.793376688134e-15       5.026822435707e-14       1.433121868103e-15      -1.421202296885e-16 
  566       3.293777877853e-10       1.466659726050e-12       2.200316893913e-12       9.811502749300e-15       4.994883296348e-14       1.456068149971e-15      -1.518400973882e-16 
  567       3.285676124327e-10       1.493523279250e-12       2.310337993830e-12       9.829417010224e-15       4.963202347998e-14       1.479577364614e-15      -1.614773209452e-16 
  568       3.277371988518e-10       1.520932158267e-12       2.417339356319e-12       9.847118758293e-15       4.931777007656e-14       1.503628254244e-15      -1.710321437900e-16 
  569       3.268870577184e-10       1.548877614623e-12       2.521246551482e-12       9.864607292666e-15       4.900604604403e-14       1.528199209152e-15      -1.805048269727e-16 
  570       3.260177083373e-10       1.577350728473e-12       2.621984494410e-12       9.881881924355e-15       4.869682378918e-14       1.553268266102e-15      -1.898956492657e-16 
  571       3.251296786813e-10       1.606342407786e-12       2.719477442924e-12       9.898941976298e-15       4.839007483000e-14       1.578813106704e-15      -1.992049072647e-16 
  572       3.242235054303e-10       1.635843387539e-12       2.813648995312e-12       9.915786783441e-15       4.808576979086e-14       1.604811055807e-15      -2.084329154908e-16 
  573       3.232997340105e-10       1.665844228894e-12       2.904422088070e-12       9.932415692812e-15       4.778387839769e-14       1.631239079877e-15      -2.175800064925e-16 
  574       3.223589186339e-10       1.696335318392e-12       2.991718993639e-12       9.948828063600e-15       4.748436947321e-14       1.658073785383e-15      -2.266465309467e-16 
  575       3.214016223373e-10       1.727306867134e-12       3.075461318143e-12       9.965023267230e-15       4.718721093205e-14       1.685291417180e-15      -2.356328577613e-16 
  576       3.204284170214e-10       1.758748909967e-12       3.155569999129e-12       9.981000687444e-15       4.689236977601e-14       1.712867856895e-15      -2.445393741766e-16 
  577       3.194398834902e-10       1.790651304675e-12       3.231965303304e-12       9.996759720375e-15       4.659981208922e-14       1.740778621308e-15      -2.533664858668e-16 
  578       3.184366114903e-10       1.823003731158e-12       3.304566824276e-12       1.001229977463e-14       4.630950303331e-14       1.768998860735e-15      -2.621146170421e-16 
  579       3.174191997497e-10       1.855795690623e-12       3.373293480291e-12       1.002762027135e-14       4.602140684266e-14       1.797503357415e-15      -2.707842105505e-16 
  580       3.163882560174e-10       1.889016504768e-12       3.438063511971e-12       1.004272064431e-14       4.573548681952e-14       1.826266523894e-15      -2.793757279791e-16 
  581       3.153443971025e-10       1.922655314968e-12       3.498794480054e-12       1.005760034000e-14       4.545170532925e-14       1.855262401406e-15      -2.878896497566e-16 
  582       3.142882489131e-10       1.956701081462e-12       3.555403263133e-12       1.007225881765e-14       4.517002379549e-14       1.884464658255e-15      -2.963264752542e-16 
  583       3.132204192531e-10       1.991142512355e-12       3.607819365587e-12       1.008669592484e-14       4.489040849525e-14       1.913850811717e-15      -3.046864979998e-16 
  584       3.121414153830e-10       2.025967850330e-12       3.656025211199e-12       1.010091303416e-14       4.461284811298e-14       1.943415012857e-15      -3.129691249429e-16 
  585       3.110517244770e-10       2.061165079002e-12       3.700016851668e-12       1.011491193507e-14       4.433733661550e-14       1.973155577901e-15      -3.211735403847e-16 
  586       3.099518407087e-10       2.096721991779e-12       3.739790749937e-12       1.012869446120e-14       4.406386748907e-14       2.003070793500e-15      -3.292989293497e-16 
  587       3.088422652811e-10       2.132626191026e-12       3.775343782619e-12       1.014226249059e-14       4.379243373662e-14       2.033158916604e-15      -3.373444776082e-16 
  588       3.077235064560e-10       2.168865087223e-12       3.806673242428e-12       1.015561794587e-14       4.352302787497e-14       2.063418174331e-15      -3.453093716987e-16 
  589       3.065960795837e-10       2.205425898129e-12       3.833776840610e-12       1.016876279450e-14       4.325564193210e-14       2.093846763843e-15      -3.531927989506e-16 
  590       3.054605071326e-10       2.242295647941e-12       3.856652709369e-12       1.018169904895e-14       4.299026744432e-14       2.124442852216e-15      -3.609939475066e-16 
  591       3.043173187188e-10       2.279461166458e-12       3.875299404302e-12       1.019442876694e-14       4.272689545356e-14       2.155204576313e-15      -3.687120063450e-16 
  592       3.031670511354e-10       2.316909088240e-12       3.889715906826e-12       1.020695405160e-14       4.246551650461e-14       2.186130042658e-15      -3.763461653027e-16 
  593       3.020102483829e-10       2.354625851769e-12       3.899901626607e-12       1.021927705175e-14       4.220612064229e-14       2.217217327305e-15      -3.838956150969e-16 
  594       3.008474616980e-10       2.392597698613e-12       3.905856403990e-12       1.023139996206e-14       4.194869740877e-14       2.248464475714e-15      -3.913595473486e-16 
  595       2.996792495834e-10       2.430810672583e-12       3.907580512434e-12       1.024332502325e-14       4.169323584073e-14       2.279869502620e-15      -3.987371546040e-16 
  596       2.985061778377e-10       2.469250618899e-12       3.905074660932e-12       1.025505452234e-14       4.143972446664e-14       2.311430391909e-15      -4.060276303581e-16 
  597       2.973288195848e-10       2.507903183346e-12       3.898339996450e-12       1.026659079285e-14       4.118815130398e-14       2.343145096486e-15      -4.132301690761e-16 
  598       2.961477553036e-10       2.546753811441e-12       3.887378106353e-12       1.027793621499e-14       4.093850385648e-14       2.375011538151e-15      -4.203439662169e-16 
  599       2.949635728572e-10       2.585787747591e-12       3.872191020833e-12       1.028909321587e-14       4.069076911135e-14       2.407027607470e-15      -4.273682182547e-16 
  600       2.937768675232e-10       2.624990034251e-12       3.852781215342e-12       1.030006426973e-14       4.044493353651e-14       2.439191163649e-15      -4.343021227023e-16 
  601       2.925882420229e-10       2.664345511094e-12       3.829151613021e-12       1.031085189815e-14       4.020098307783e-14       2.471500034401e-15      -4.411448781330e-16 
  602       2.913983065506e-10       2.703838814162e-12       3.801305587129e-12       1.032145867023e-14       3.995890315638e-14       2.503952015827e-15      -4.478956842033e-16 
  603       2.902076788040e-10       2.743454375037e-12       3.769246963472e-12       1.033188720282e-14       3.971867866561e-14       2.536544872279e-15      -4.545537416755e-16 
  604       2.890169840130e-10       2.783176419994e-12       3.732980022837e-12       1.034214016074e-14       3.948029396868e-14       2.569276336240e-15      -4.611182524400e-16 
  605       2.878268549699e-10       2.822988969168e-12       3.692509503417e-12       1.035222025697e-14       3.924373289560e-14       2.602144108193e-15      -4.675884195380e-16 
  606       2.866379320588e-10       2.862875835711e-12       3.647840603242e-12       1.036213025288e-14       3.900897874051e-14       2.635145856492e-15      -4.739634471837e-16 
  607       2.854508632849e-10       2.902820624956e-12       3.598978982610e-12       1.037187295841e-14       3.877601425892e-14       2.668279217238e-15      -4.802425407872e-16 
  608       2.842663043046e-10       2.942806733578e-12       3.545930766519e-12       1.038145123229e-14       3.854482166493e-14       2.701541794148e-15      -4.864249069765e-16 
  609       2.830849184548e-10       2.982817348755e-12       3.488702547089e-12       1.039086798229e-14       3.831538262845e-14       2.734931158429e-15      -4.925097536206e-16 
  610       2.819073767827e-10       3.022835447327e-12       3.427301386001e-12       1.040012616537e-14       3.808767827246e-14       2.768444848652e-15      -4.984962898512e-16 
  611       2.807343580752e-10       3.062843794962e-12       3.361734816923e-12       1.040922878792e-14       3.786168917027e-14       2.802080370619e-15      -5.043837260862e-16 
  612       2.795665488886e-10       3.102824945312e-12       3.292010847936e-12       1.041817890596e-14       3.763739534267e-14       2.835835197242e-15      -5.101712740511e-16 
  613       2.784046435783e-10       3.142761239178e-12       3.218137963970e-12       1.042697962537e-14       3.741477625525e-14       2.869706768410e-15      -5.158581468024e-16 
  614       2.772493443282e-10       3.182634803670e-12       3.140125129232e-12       1.043563410207e-14       3.719381081559e-14       2.903692490867e-15      -5.214435587495e-16 
  615       2.761013611805e-10       3.222427551366e-12       3.057981789633e-12       1.044414554225e-14       3.697447737051e-14       2.937789738076e-15      -5.269267256777e-16 
  616       2.749614120652e-10       3.262121179479e-12       2.971717875221e-12       1.045251720257e-14       3.675675370329e-14       2.971995850101e-15      -5.323068647701e-16 
  617       2.738302228298e-10       3.301697169011e-12       2.881343802610e-12       1.046075239039e-14       3.654061703094e-14       3.006308133472e-15      -5.375831946306e-16 
  618       2.727085272687e-10       3.341136783920e-12       2.786870477407e-12       1.046885446394e-14       3.632604400138e-14       3.040723861061e-15      -5.427549353061e-16 
  619       2.715970671530e-10       3.380421070279e-12       2.688309296648e-12       1.047682683257e-14       3.611301069072e-14       3.075240271953e-15      -5.478213083092e-16 
  620       2.704965922602e-10       3.419530855436e-12       2.585672151222e-12       1.048467295692e-14       3.590149260047e-14       3.109854571319e-15      -5.527815366405e-16 
  621       2.694078604034e-10       3.458446747179e-12       2.478971428303e-12       1.049239634917e-14       3.569146465481e-14       3.144563930289e-15      -5.576348448112e-16 
  622       2.683315592940e-10       3.497150608771e-12       2.368226877775e-12       1.050000050888e-14       3.548290484010e-14       3.179364251217e-15      -5.623806679366e-16 
  623       2.672680700582e-10       3.535630023720e-12       2.253486383216e-12       1.050748872843e-14       3.527580522286e-14       3.214246431980e-15      -5.670192843493e-16 
  624       2.662176982390e-10       3.573873933942e-12       2.134805682284e-12       1.051486428346e-14       3.507016118445e-14       3.249200013918e-15      -5.715511978496e-16 
  625       2.651807514678e-10       3.611871172970e-12       2.012241551317e-12       1.052213049696e-14       3.486596780050e-14       3.284214408008e-15      -5.759769300633e-16 
  626       2.641575394694e-10       3.649610465571e-12       1.885851809885e-12       1.052929073948e-14       3.466321983922e-14       3.319278894354e-15      -5.802970205285e-16 
  627       2.631483740675e-10       3.687080427367e-12       1.755695325344e-12       1.053634842930e-14       3.446191175978e-14       3.354382621678e-15      -5.845120267831e-16 
  628       2.621535691905e-10       3.724269564451e-12       1.621832017397e-12       1.054330703266e-14       3.426203771070e-14       3.389514606810e-15      -5.886225244521e-16 
  629       2.611734408763e-10       3.761166273003e-12       1.484322862644e-12       1.055017006391e-14       3.406359152819e-14       3.424663734175e-15      -5.926291073347e-16 
  630       2.602083072781e-10       3.797758838915e-12       1.343229899141e-12       1.055694108572e-14       3.386656673450e-14       3.459818755290e-15      -5.965323874915e-16 
  631       2.592584886696e-10       3.834035437403e-12       1.198616230951e-12       1.056362370926e-14       3.367095653631e-14       3.494968288245e-15      -6.003329953319e-16 
  632       2.583243074506e-10       3.869984132628e-12       1.050546032706e-12       1.057022159439e-14       3.347675382309e-14       3.530100817201e-15      -6.040315797012e-16 
  633       2.574060881522e-10       3.905592877313e-12       8.990845541565e-13       1.057673844985e-14       3.328395116543e-14       3.565204691876e-15      -6.076288079680e-16 
  634       2.565041574422e-10       3.940849512364e-12       7.442981247292e-13       1.058317803348e-14       3.309254081344e-14       3.600268127034e-15      -6.111253661111e-16 
  635       2.556188441308e-10       3.975741766484e-12       5.862541580827e-13       1.058954415235e-14       3.290251469510e-14       3.635279201980e-15      -6.145219588071e-16 
  636       2.547504791755e-10       4.010257255797e-12       4.250211566627e-13       1.059584066299e-14       3.271386441462e-14       3.670225860043e-15      -6.178193095174e-16 
  637       2.538993956871e-10       4.044383483459e-12       2.606687162569e-13       1.060207147159e-14       3.252658125079e-14       3.705095908073e-15      -6.210181605758e-16 
  638       2.530659289344e-10       4.078107839284e-12       9.326753055080e-14       1.060824053416e-14       3.234065615538e-14       3.739877015927e-15      -6.241192732752e-16 
  639       2.522504163503e-10       4.111417599355e-12      -7.711060431684e-14       1.061435185672e-14       3.215607975146e-14       3.774556715960e-15      -6.271234279551e-16 
  640       2.514531975367e-10       4.144299925649e-12      -2.503927851988e-13       1.062040949552e-14       3.197284233179e-14       3.809122402514e-15      -6.300314240890e-16 
  641       2.506746142701e-10       4.176741865649e-12      -4.265049973839e-13       1.062641755720e-14       3.179093385717e-14       3.843561331411e-15      -6.328440803714e-16 
  642       2.499150105071e-10       4.208730351968e-12      -6.053721100415e-13       1.063238019899e-14       3.161034395481e-14       3.877860619440e-15      -6.355622348051e-16 
  643       2.491747323894e-10       4.240252201963e-12      -7.869178716663e-13       1.063830162892e-14       3.143106191668e-14       3.912007243847e-15      -6.381867447885e-16 
  644       2.484541282497e-10       4.271294117356e-12      -9.710649055229e-13       1.064418610595e-14       3.125307669791e-14       3.945988041829e-15      -6.407184872028e-16 
  645       2.477535486169e-10       4.301842683850e-12      -1.157734705090e-12       1.065003794023e-14       3.107637691508e-14       3.979789710020e-15      -6.431583584991e-16 
  646       2.470733462213e-10       4.331884370749e-12      -1.346847629505e-12       1.065586149326e-14       3.090095084467e-14       4.013398803980e-15      -6.455072747860e-16 
  647       2.464138760003e-10       4.361405530576e-12      -1.538322899011e-12       1.066166117806e-14       3.072678642136e-14       4.046801737691e-15      -6.477661719165e-16 
  648       2.457754951035e-10       4.390392398690e-12      -1.732078590396e-12       1.066744145941e-14       3.055387123640e-14       4.079984783042e-15      -6.499360055751e-16 
  649       2.451585628986e-10       4.418831092908e-12      -1.928031632443e-12       1.067320685396e-14       3.038219253602e-14       4.112934069319e-15      -6.520177513657e-16 
  650       2.445634409761e-10       4.446707613117e-12      -2.126097801371e-12       1.067896193052e-14       3.021173721972e-14       4.145635582699e-15      -6.540124048981e-16 
  651       2.439904931554e-10       4.474007840898e-12      -2.326191716284e-12       1.068471131017e-14       3.004249183870e-14       4.178075165735e-15      -6.559209818756e-16 
  652       2.434400854895e-10       4.500717539142e-12      -2.528226834608e-12       1.069045966647e-14       2.987444259417e-14       4.210238516850e-15      -6.577445181823e-16 
  653       2.429125862711e-10       4.526822351667e-12      -2.732115447543e-12       1.069621172567e-14       2.970757533575e-14       4.242111189826e-15      -6.594840699702e-16 
  654       2.424083660375e-10       4.552307802840e-12      -2.937768675505e-12       1.070197226690e-14       2.954187555981e-14       4.273678593292e-15      -6.611407137464e-16 
  655       2.419277975763e-10       4.577159297191e-12      -3.145096463569e-12       1.070774612232e-14       2.937732840785e-14       4.304925990218e-15      -6.627155464605e-16 
  656       2.414712559304e-10       4.601362119033e-12      -3.354007576916e-12       1.071353817735e-14       2.921391866485e-14       4.335838497400e-15      -6.642096855915e-16 
  657       2.410391184040e-10       4.624901432083e-12      -3.564409596275e-12       1.071935337084e-14       2.905163075763e-14       4.366401084955e-15      -6.656242692355e-16 
  658       2.406317645675e-10       4.647762279076e-12      -3.776208913370e-12       1.072519669528e-14       2.889044875322e-14       4.396598575808e-15      -6.669604561926e-16 
  659       2.402495762629e-10       4.669929581384e-12      -3.989310726365e-12       1.073107319696e-14       2.873035635723e-14       4.426415645183e-15      -6.682194260544e-16 
  660       2.398929376098e-10       4.691388138638e-12      -4.203619035306e-12       1.073698797618e-14       2.857133691220e-14       4.455836820092e-15      -6.694023792909e-16 
  661       2.395621595276e-10       4.712124795061e-12      -4.419040119966e-12       1.074294571721e-14       2.841337573766e-14       4.484849237754e-15      -6.705103135406e-16 
  662       2.392572514677e-10       4.732134991696e-12      -4.635493066787e-12       1.074894926638e-14       2.825646721029e-14       4.513450988648e-15      -6.715433468875e-16 
  663       2.389781446586e-10       4.751416357912e-12      -4.852899465068e-12       1.075500102304e-14       2.810060783668e-14       4.541642956429e-15      -6.725013798339e-16 
  664       2.387247671174e-10       4.769966557982e-12      -5.071179941986e-12       1.076110340694e-14       2.794579392473e-14       4.569426075906e-15      -6.733843177721e-16 
  665       2.384970436342e-10       4.787783291293e-12      -5.290254159002e-12       1.076725885836e-14       2.779202158269e-14       4.596801333289e-15      -6.741920710099e-16 
  666       2.382948957570e-10       4.804864292561e-12      -5.510040808254e-12       1.077346983812e-14       2.763928671814e-14       4.623769766435e-15      -6.749245547975e-16 
  667       2.381182417765e-10       4.821207332039e-12      -5.730457608962e-12       1.077973882765e-14       2.748758503700e-14       4.650332465096e-15      -6.755816893522e-16 
  668       2.379669967106e-10       4.836810215736e-12      -5.951421303824e-12       1.078606832908e-14       2.733691204256e-14       4.676490571161e-15      -6.761633998852e-16 
  669       2.378410722891e-10       4.851670785623e-12      -6.172847655417e-12       1.079246086528e-14       2.718726303446e-14       4.702245278912e-15      -6.766696166268e-16 
  670       2.377403769385e-10       4.865786919849e-12      -6.394651442598e-12       1.079891897989e-14       2.703863310769e-14       4.727597835259e-15      -6.771002748527e-16 
  671       2.376648157666e-10       4.879156532955e-12      -6.616746456900e-12       1.080544523744e-14       2.689101715161e-14       4.752549539997e-15      -6.774553149096e-16 
  672       2.376142905474e-10       4.891777576081e-12      -6.839045498934e-12       1.081204222338e-14       2.674440984895e-14       4.777101746044e-15      -6.777346822412e-16 
  673       2.375886997056e-10       4.903648037184e-12      -7.061460374790e-12       1.081871254414e-14       2.659880567482e-14       4.801255859696e-15      -6.779383274141e-16 
  674       2.375879383013e-10       4.914765941247e-12      -7.283901892433e-12       1.082545882719e-14       2.645419889570e-14       4.825013340866e-15      -6.780662061434e-16 
  675       2.376118980150e-10       4.925129350494e-12      -7.506279858106e-12       1.083228372110e-14       2.631058356847e-14       4.848375703336e-15      -6.781182793191e-16 
  676       2.376604671317e-10       4.934736364600e-12      -7.728503072725e-12       1.083918989563e-14       2.616795353936e-14       4.871344515000e-15      -6.780945130312e-16 
  677       2.377335305262e-10       4.943585120904e-12      -7.950479328286e-12       1.084618004172e-14       2.602630244305e-14       4.893921398113e-15      -6.779948785962e-16 
  678       2.378309696475e-10       4.951673794624e-12      -8.172115404256e-12       1.085325687165e-14       2.588562370157e-14       4.916108029538e-15      -6.778193525828e-16 
  679       2.379526625037e-10       4.959000599067e-12      -8.393317063979e-12       1.086042311901e-14       2.574591052339e-14       4.937906140991e-15      -6.775679168377e-16 
  680       2.380984836462e-10       4.965563785841e-12      -8.613989051073e-12       1.086768153881e-14       2.560715590235e-14       4.959317519286e-15      -6.772405585112e-16 
  681       2.382683041553e-10       4.971361645068e-12      -8.834035085831e-12       1.087503490754e-14       2.546935261674e-14       4.980344006587e-15      -6.768372700838e-16 
  682       2.384619916238e-10       4.976392505600e-12      -9.053357861616e-12       1.088248602320e-14       2.533249322824e-14       5.000987500649e-15      -6.763580493912e-16 
  683       2.386794101426e-10       4.980654735225e-12      -9.271859041268e-12       1.089003770539e-14       2.519657008096e-14       5.021249955069e-15      -6.758028996508e-16 
  684       2.389204202850e-10       4.984146740885e-12      -9.489439253499e-12       1.089769279536e-14       2.506157530046e-14       5.041133379530e-15      -6.751718294873e-16 
  685       2.391848790915e-10       4.986866968886e-12      -9.705998089290e-12       1.090545415608e-14       2.492750079269e-14       5.060639840047e-15      -6.744648529585e-16 
  686       2.394726400543e-10       4.988813905109e-12      -9.921434098298e-12       1.091332467227e-14       2.479433824308e-14       5.079771459217e-15      -6.736819895812e-16 
  687       2.397835531023e-10       4.989986075227e-12      -1.013564478525e-11       1.092130725052e-14       2.466207911546e-14       5.098530416464e-15      -6.728232643575e-16 
  688       2.401174645856e-10       4.990382044914e-12      -1.034852660634e-11       1.092940481928e-14       2.453071465114e-14       5.116918948282e-15      -6.718887077999e-16 
  689       2.404742172603e-10       4.990000420056e-12      -1.055997496564e-11       1.093762032897e-14       2.440023586787e-14       5.134939348488e-15      -6.708783559576e-16 
  690       2.408536502730e-10       4.988839846969e-12      -1.076988421149e-11       1.094595675202e-14       2.427063355885e-14       5.152593968465e-15      -6.697922504425e-16 
  691       2.412555991461e-10       4.986899012607e-12      -1.097814763290e-11       1.095441708294e-14       2.414189829174e-14       5.169885217408e-15      -6.686304384548e-16 
  692       2.416798957614e-10       4.984176644773e-12      -1.118465745594e-11       1.096300433839e-14       2.401402040768e-14       5.186815562573e-15      -6.673929728088e-16 
  693       2.421263683461e-10       4.980671512338e-12      -1.138930484016e-11       1.097172155720e-14       2.388699002027e-14       5.203387529522e-15      -6.660799119592e-16 
  694       2.425948414563e-10       4.976382425448e-12      -1.159197987498e-11       1.098057180047e-14       2.376079701458e-14       5.219603702369e-15      -6.646913200264e-16 
  695       2.430851359627e-10       4.971308235737e-12      -1.179257157607e-11       1.098955815164e-14       2.363543104616e-14       5.235466724031e-15      -6.632272668227e-16 
  696       2.435970690347e-10       4.965447836541e-12      -1.199096788180e-11       1.099868371650e-14       2.351088154007e-14       5.250979296467e-15      -6.616878278783e-16 
  697       2.441304541251e-10       4.958800163112e-12      -1.218705564957e-11       1.100795162330e-14       2.338713768982e-14       5.266144180933e-15      -6.600730844666e-16 
  698       2.446851009551e-10       4.951364192826e-12      -1.238072065228e-11       1.101736502278e-14       2.326418845645e-14       5.280964198222e-15      -6.583831236308e-16 
  699       2.452608154990e-10       4.943138945398e-12      -1.257184757468e-11       1.102692708825e-14       2.314202256747e-14       5.295442228913e-15      -6.566180382092e-16 
  700       2.458573722047e-10       4.934124992462e-12      -1.276033133630e-11       1.103664044460e-14       2.302063005324e-14       5.309580587994e-15      -6.547780374056e-16 
  701       2.464744300531e-10       4.924329020377e-12      -1.294611132634e-11       1.104650544224e-14       2.290000689301e-14       5.323379133925e-15      -6.528637809753e-16 
  702       2.471116147203e-10       4.913759362888e-12      -1.312913787477e-11       1.105652184731e-14       2.278015046369e-14       5.336837120671e-15      -6.508760520513e-16 
  703       2.477685461607e-10       4.902424500943e-12      -1.330936098959e-11       1.106668940941e-14       2.266105801061e-14       5.349953819857e-15      -6.488156472836e-16 
  704       2.484448385851e-10       4.890333063276e-12      -1.348673035599e-11       1.107700786152e-14       2.254272664699e-14       5.362728520859e-15      -6.466833768919e-16 
  705       2.491401004387e-10       4.877493826990e-12      -1.366119533550e-11       1.108747691991e-14       2.242515335325e-14       5.375160530900e-15      -6.444800647182e-16 
  706       2.498539343786e-10       4.863915718137e-12      -1.383270496520e-11       1.109809628408e-14       2.230833497639e-14       5.387249175142e-15      -6.422065482803e-16 
  707       2.505859372522e-10       4.849607812302e-12      -1.400120795685e-11       1.110886563664e-14       2.219226822944e-14       5.398993796779e-15      -6.398636788241e-16 
  708       2.513357000749e-10       4.834579335181e-12      -1.416665269607e-11       1.111978464329e-14       2.207694969075e-14       5.410393757132e-15      -6.374523213771e-16 
  709       2.521028080080e-10       4.818839663164e-12      -1.432898724155e-11       1.113085295268e-14       2.196237580345e-14       5.421448435744e-15      -6.349733548005e-16 
  710       2.528868403365e-10       4.802398323918e-12      -1.448815932413e-11       1.114207019639e-14       2.184854287477e-14       5.432157230471e-15      -6.324276718431e-16 
  711       2.536873704472e-10       4.785264996969e-12      -1.464411634609e-11       1.115343598880e-14       2.173544707546e-14       5.442519557577e-15      -6.298161791932e-16 
  712       2.545039658067e-10       4.767449514278e-12      -1.479680538019e-11       1.116494992704e-14       2.162308443916e-14       5.452534851825e-15      -6.271397975323e-16 
  713       2.553361879389e-10       4.748961860831e-12      -1.494617316894e-11       1.117661159090e-14       2.151145086177e-14       5.462202566576e-15      -6.243994615874e-16 
  714       2.561835924032e-10       4.729812175213e-12      -1.509216612373e-11       1.118842054278e-14       2.140054210084e-14       5.471522173878e-15      -6.215961201844e-16 
  715       2.570457287726e-10       4.710010750196e-12      -1.523473032400e-11       1.120037632754e-14       2.129035377496e-14       5.480493164561e-15      -6.187307363004e-16 
  716       2.579221406111e-10       4.689568033315e-12      -1.537381151640e-11       1.121247847250e-14       2.118088136311e-14       5.489115048332e-15      -6.158042871174e-16 
  717       2.588123654521e-10       4.668494627452e-12      -1.550935511399e-11       1.122472648733e-14       2.107212020407e-14       5.497387353867e-15      -6.128177640745e-16 
  718       2.597159347759e-10       4.646801291420e-12      -1.564130619536e-11       1.123711986396e-14       2.096406549580e-14       5.505309628905e-15      -6.097721729209e-16 
  719       2.606323739880e-10       4.624498940539e-12      -1.576960950388e-11       1.124965807651e-14       2.085671229482e-14       5.512881440340e-15      -6.066685337692e-16 
  720       2.615612023966e-10       4.601598647224e-12      -1.589420944676e-11       1.126234058122e-14       2.075005551555e-14       5.520102374320e-15      -6.035078811480e-16 
  721       2.625019331911e-10       4.578111641561e-12      -1.601505009433e-11       1.127516681634e-14       2.064408992975e-14       5.526972036334e-15      -6.002912640548e-16 
  722       2.634540734193e-10       4.554049311891e-12      -1.613207517913e-11       1.128813620210e-14       2.053881016587e-14       5.533490051310e-15      -5.970197460088e-16 
  723       2.644171239657e-10       4.529423205393e-12      -1.624522809512e-11       1.130124814060e-14       2.043421070844e-14       5.539656063707e-15      -5.936944051042e-16 
  724       2.653905795296e-10       4.504245028664e-12      -1.635445189682e-11       1.131450201573e-14       2.033028589743e-14       5.545469737610e-15      -5.903163340626e-16 
  725       2.663739286024e-10       4.478526648298e-12      -1.645968929852e-11       1.132789719309e-14       2.022702992766e-14       5.550930756820e-15      -5.868866402862e-16 
  726       2.673666534461e-10       4.452280091473e-12      -1.656088267342e-11       1.134143301994e-14       2.012443684817e-14       5.556038824953e-15      -5.834064459108e-16 
  727       2.683682300712e-10       4.425517546530e-12      -1.665797405279e-11       1.135510882507e-14       2.002250056160e-14       5.560793665530e-15      -5.798768878581e-16 
  728       2.693781282139e-10       4.398251363552e-12      -1.675090512517e-11       1.136892391879e-14       1.992121482354e-14       5.565195022070e-15      -5.762991178895e-16 
  729       2.703958113149e-10       4.370494054951e-12      -1.683961723553e-11       1.138287759277e-14       1.982057324199e-14       5.569242658187e-15      -5.726743026583e-16 
  730       2.714207364967e-10       4.342258296044e-12      -1.692405138443e-11       1.139696912003e-14       1.972056927664e-14       5.572936357681e-15      -5.690036237627e-16 
  731       2.724523545420e-10       4.313556925638e-12      -1.700414822717e-11       1.141119775482e-14       1.962119623834e-14       5.576275924634e-15      -5.652882777990e-16 
  732       2.734901098712e-10       4.284402946611e-12      -1.707984807301e-11       1.142556273256e-14       1.952244728843e-14       5.579261183499e-15      -5.615294764143e-16 
  733       2.745334405202e-10       4.254809526493e-12      -1.715109088432e-11       1.144006326976e-14       1.942431543811e-14       5.581891979199e-15      -5.577284463592e-16 
  734       2.755817781190e-10       4.224789998050e-12      -1.721781627572e-11       1.145469856393e-14       1.932679354788e-14       5.584168177218e-15      -5.538864295413e-16 
  735       2.766345478688e-10       4.194357859859e-12      -1.727996351327e-11       1.146946779352e-14       1.922987432687e-14       5.586089663695e-15      -5.500046830772e-16 
  736       2.776911685206e-10       4.163526776898e-12      -1.733747151366e-11       1.148437011781e-14       1.913355033222e-14       5.587656345517e-15      -5.460844793463e-16 
  737       2.787510523526e-10       4.132310581122e-12      -1.739027884334e-11       1.149940467686e-14       1.903781396850e-14       5.588868150413e-15      -5.421271060432e-16 
  738       2.798136051482e-10       4.100723272047e-12      -1.743832371774e-11       1.151457059143e-14       1.894265748705e-14       5.589725027050e-15      -5.381338662305e-16 
  739       2.808782572532e-10       4.068778910808e-12      -1.748155606479e-11       1.152986666011e-14       1.884807401280e-14       5.590227195917e-15      -5.341059455590e-16 
  740       2.819445574626e-10       4.036491298871e-12      -1.751997397857e-11       1.154529044444e-14       1.875406064814e-14       5.590375907235e-15      -5.300440109445e-16 
  741       2.830120809428e-10       4.003874294132e-12      -1.755358798354e-11       1.156083916556e-14       1.866061542910e-14       5.590172698193e-15      -5.259486040744e-16 
  742       2.840803983055e-10       3.970941917421e-12      -1.758240903710e-11       1.157651000525e-14       1.856773630304e-14       5.589619143657e-15      -5.218202735474e-16 
  743       2.851490755921e-10       3.937708353063e-12      -1.760644853144e-11       1.159230010575e-14       1.847542112830e-14       5.588716856321e-15      -5.176595748969e-16 
  744       2.862176742587e-10       3.904187949433e-12      -1.762571829529e-11       1.160820656965e-14       1.838366767380e-14       5.587467486851e-15      -5.134670706149e-16 
  745       2.872857511608e-10       3.870395219516e-12      -1.764023059583e-11       1.162422645968e-14       1.829247361861e-14       5.585872724037e-15      -5.092433301760e-16 
  746       2.883528585377e-10       3.836344841465e-12      -1.764999814041e-11       1.164035679865e-14       1.820183655160e-14       5.583934294942e-15      -5.049889300606e-16 
  747       2.894185439978e-10       3.802051659159e-12      -1.765503407845e-11       1.165659456924e-14       1.811175397105e-14       5.581653965049e-15      -5.007044537792e-16 
  748       2.904823505029e-10       3.767530682760e-12      -1.765535200320e-11       1.167293671386e-14       1.802222328419e-14       5.579033538411e-15      -4.963904918958e-16 
  749       2.915438163530e-10       3.732797089274e-12      -1.765096595359e-11       1.168938013455e-14       1.793324180690e-14       5.576074857797e-15      -4.920476420516e-16 
  750       2.926024751712e-10       3.697866223107e-12      -1.764189041602e-11       1.170592169280e-14       1.784480676323e-14       5.572779804845e-15      -4.876765089892e-16 
  751       2.936578558881e-10       3.662753596623e-12      -1.762814032621e-11       1.172255820938e-14       1.775691528507e-14       5.569150300207e-15      -4.832777045760e-16 
  752       2.947094827271e-10       3.627474890705e-12      -1.760973107097e-11       1.173928646425e-14       1.766956441171e-14       5.565188303700e-15      -4.788518478277e-16 
  753       2.957568751884e-10       3.592045955308e-12      -1.758667849007e-11       1.175610319640e-14       1.758275108948e-14       5.560895814452e-15      -4.743995649328e-16 
  754       2.967995480343e-10       3.556482810024e-12      -1.755899887803e-11       1.177300510365e-14       1.749647217135e-14       5.556274871053e-15      -4.699214892755e-16 
  755       2.978370112737e-10       3.520801644635e-12      -1.752670898592e-11       1.178998884260e-14       1.741072441652e-14       5.551327551706e-15      -4.654182614602e-16 
  756       2.988687701469e-10       3.485018819672e-12      -1.748982602321e-11       1.180705102839e-14       1.732550449002e-14       5.546055974368e-15      -4.608905293346e-16 
  757       2.998943251102e-10       3.449150866974e-12      -1.744836765956e-11       1.182418823463e-14       1.724080896236e-14       5.540462296906e-15      -4.563389480139e-16 
  758       3.009131718208e-10       3.413214490249e-12      -1.740235202666e-11       1.184139699319e-14       1.715663430909e-14       5.534548717243e-15      -4.517641799044e-16 
  759       3.019248011214e-10       3.377226565627e-12      -1.735179772004e-11       1.185867379412e-14       1.707297691042e-14       5.528317473506e-15      -4.471668947273e-16 
  760       3.029286990250e-10       3.341204142221e-12      -1.729672380086e-11       1.187601508544e-14       1.698983305086e-14       5.521770844176e-15      -4.425477695423e-16 
  761       3.039243466996e-10       3.305164442684e-12      -1.723714979778e-11       1.189341727305e-14       1.690719891875e-14       5.514911148235e-15      -4.379074887714e-16 
  762       3.049112204531e-10       3.269124863770e-12      -1.717309570871e-11       1.191087672054e-14       1.682507060596e-14       5.507740745318e-15      -4.332467442229e-16 
  763       3.058887917175e-10       3.233102976890e-12      -1.710458200269e-11       1.192838974909e-14       1.674344410741e-14       5.500262035857e-15      -4.285662351148e-16 
  764       3.068565270345e-10       3.197116528670e-12      -1.703162962167e-11       1.194595263729e-14       1.666231532074e-14       5.492477461233e-15      -4.238666680986e-16 
  765       3.078138880392e-10       3.161183441508e-12      -1.695425998235e-11       1.196356162098e-14       1.658168004588e-14       5.484389503925e-15      -4.191487572834e-16 
  766       3.087603314458e-10       3.125321814136e-12      -1.687249497795e-11       1.198121289317e-14       1.650153398467e-14       5.476000687655e-15      -4.144132242592e-16 
  767       3.096953090316e-10       3.089549922176e-12      -1.678635698010e-11       1.199890260382e-14       1.642187274047e-14       5.467313577540e-15      -4.096607981209e-16 
  768       3.106182676222e-10       3.053886218698e-12      -1.669586884058e-11       1.201662685975e-14       1.634269181773e-14       5.458330780242e-15      -4.048922154920e-16 
  769       3.115286490760e-10       3.018349334777e-12      -1.660105389320e-11       1.203438172447e-14       1.626398662168e-14       5.449054944111e-15      -4.001082205484e-16 
  770       3.124258902689e-10       2.982958080056e-12      -1.650193595559e-11       1.205216321802e-14       1.618575245783e-14       5.439488759340e-15      -3.953095650420e-16 
  771       3.133094230792e-10       2.947731443298e-12      -1.639853933099e-11       1.206996731687e-14       1.610798453165e-14       5.429634958108e-15      -3.904970083246e-16 
  772       3.141786743722e-10       2.912688592947e-12      -1.629088881014e-11       1.208778995373e-14       1.603067794816e-14       5.419496314734e-15      -3.856713173715e-16 
  773       3.150330659851e-10       2.877848877690e-12      -1.617900967300e-11       1.210562701741e-14       1.595382771152e-14       5.409075645823e-15      -3.808332668054e-16 
  774       3.158720147113e-10       2.843231827007e-12      -1.606292769065e-11       1.212347435273e-14       1.587742872466e-14       5.398375810412e-15      -3.759836389201e-16 
  775       3.166949322858e-10       2.808857151736e-12      -1.594266912707e-11       1.214132776028e-14       1.580147578886e-14       5.387399710126e-15      -3.711232237043e-16 
  776       3.175012253692e-10       2.774744744629e-12      -1.581826074096e-11       1.215918299636e-14       1.572596360336e-14       5.376150289317e-15      -3.662528188652e-16 
  777       3.182902955330e-10       2.740914680910e-12      -1.568972978755e-11       1.217703577278e-14       1.565088676501e-14       5.364630535223e-15      -3.613732298524e-16 
  778       3.190616054410e-10       2.707385540523e-12      -1.555710963641e-11       1.219488191283e-14       1.557624046550e-14       5.352843118485e-15      -3.564852133786e-16 
  779       3.198148787854e-10       2.674169339251e-12      -1.542045673670e-11       1.221271782252e-14       1.550202259841e-14       5.340789307037e-15      -3.515893067738e-16 
  780       3.205499040699e-10       2.641276503644e-12      -1.527983397366e-11       1.223054002790e-14       1.542823169093e-14       5.328470032150e-15      -3.466859954777e-16 
  781       3.212664687502e-10       2.608717540948e-12      -1.513530508437e-11       1.224834501961e-14       1.535486620948e-14       5.315886246278e-15      -3.417757692662e-16 
  782       3.219643592320e-10       2.576503039328e-12      -1.498693466071e-11       1.226612925282e-14       1.528192455948e-14       5.303038923145e-15      -3.368591222630e-16 
  783       3.226433608687e-10       2.544643668096e-12      -1.483478815223e-11       1.228388914708e-14       1.520940508505e-14       5.289929057817e-15      -3.319365529527e-16 
  784       3.233032579593e-10       2.513150177933e-12      -1.467893186915e-11       1.230162108624e-14       1.513730606881e-14       5.276557666780e-15      -3.270085641933e-16 
  785       3.239438337463e-10       2.482033401118e-12      -1.451943298524e-11       1.231932141827e-14       1.506562573157e-14       5.262925788020e-15      -3.220756632286e-16 
  786       3.245648704132e-10       2.451304251754e-12      -1.435635954076e-11       1.233698645524e-14       1.499436223213e-14       5.249034481095e-15      -3.171383617008e-16 
  787       3.251661490830e-10       2.420973725992e-12      -1.418978044541e-11       1.235461247312e-14       1.492351366696e-14       5.234884827221e-15      -3.121971756633e-16 
  788       3.257474498153e-10       2.391052902259e-12      -1.401976548122e-11       1.237219571172e-14       1.485307807001e-14       5.220477929342e-15      -3.072526255928e-16 
  789       3.263085516046e-10       2.361552941483e-12      -1.384638530552e-11       1.238973237454e-14       1.478305341240e-14       5.205814912209e-15      -3.023052364024e-16 
  790       3.268492323780e-10       2.332485087318e-12      -1.366971145382e-11       1.240721862868e-14       1.471343760220e-14       5.190896922460e-15      -2.973555374539e-16 
  791       3.273692689932e-10       2.303860666370e-12      -1.348981634279e-11       1.242465060472e-14       1.464422848416e-14       5.175725128697e-15      -2.924040625700e-16 
  792       3.278684372358e-10       2.275691088425e-12      -1.330677327316e-11       1.244202439660e-14       1.457542383946e-14       5.160300721561e-15      -2.874513500476e-16 
  793       3.283465118179e-10       2.247987846674e-12      -1.312065643266e-11       1.245933606151e-14       1.450702138543e-14       5.144624913811e-15      -2.824979426698e-16 
  794       3.288032663754e-10       2.220762517937e-12      -1.293154089893e-11       1.247658161977e-14       1.443901877536e-14       5.128698940402e-15      -2.775443877188e-16 
  795       3.292384734660e-10       2.194026762890e-12      -1.273950264248e-11       1.249375705472e-14       1.437141359814e-14       5.112524058561e-15      -2.725912369881e-16 
  796       3.296519045670e-10       2.167792326292e-12      -1.254461852959e-11       1.251085831260e-14       1.430420337812e-14       5.096101547867e-15      -2.676390467955e-16 
  797       3.300433300733e-10       2.142071037211e-12      -1.234696632524e-11       1.252788130246e-14       1.423738557475e-14       5.079432710325e-15      -2.626883779951e-16 
  798       3.304125192949e-10       2.116874809248e-12      -1.214662469608e-11       1.254482189600e-14       1.417095758241e-14       5.062518870446e-15      -2.577397959905e-16 
  799       3.307592404551e-10       2.092215640763e-12      -1.194367321329e-11       1.256167592751e-14       1.410491673009e-14       5.045361375325e-15      -2.527938707470e-16 
  800       3.310832606881e-10       2.068105615104e-12      -1.173819235558e-11       1.257843919370e-14       1.403926028118e-14       5.027961594714e-15      -2.478511768041e-16 
  801       3.313843460370e-10       2.044556900829e-12      -1.153026351206e-11       1.259510745363e-14       1.397398543318e-14       5.010320921107e-15      -2.429122932883e-16 
  802       3.316622614514e-10       2.021581751933e-12      -1.131996898521e-11       1.261167642857e-14       1.390908931748e-14       4.992440769810e-15      -2.379778039254e-16 
  803       3.319167707856e-10       1.999192508077e-12      -1.110739199377e-11       1.262814180189e-14       1.384456899905e-14       4.974322579023e-15      -2.330482970533e-16 
  804       3.321476367960e-10       1.977401594810e-12      -1.089261667573e-11       1.264449921897e-14       1.378042147626e-14       4.955967809914e-15      -2.281243656344e-16 
  805       3.323546211393e-10       1.956221523796e-12      -1.067572809118e-11       1.266074428705e-14       1.371664368055e-14       4.937377946703e-15      -2.232066072684e-16 
  806       3.325374843702e-10       1.935664893041e-12      -1.045681222531e-11       1.267687257512e-14       1.365323247622e-14       4.918554496730e-15      -2.182956242045e-16 
  807       3.326959859392e-10       1.915744387117e-12      -1.023595599128e-11       1.269287961384e-14       1.359018466016e-14       4.899498990540e-15      -2.133920233541e-16 
  808       3.328298841904e-10       1.896472777390e-12      -1.001324723321e-11       1.270876089538e-14       1.352749696160e-14       4.880212981959e-15      -2.084964163036e-16 
  809       3.329389363596e-10       1.877862922244e-12      -9.788774729035e-12       1.272451187335e-14       1.346516604184e-14       4.860698048168e-15      -2.036094193267e-16 
  810       3.330228985717e-10       1.859927767310e-12      -9.562628193507e-12       1.274012796264e-14       1.340318849401e-14       4.840955789785e-15      -1.987316533969e-16 
  811       3.330815258390e-10       1.842680345687e-12      -9.334898281077e-12       1.275560453934e-14       1.334156084281e-14       4.820987830938e-15      -1.938637442005e-16 
  812       3.331145720587e-10       1.826133778173e-12      -9.105676588841e-12       1.277093694061e-14       1.328027954425e-14       4.800795819348e-15      -1.890063221485e-16 
  813       3.331217900109e-10       1.810301273486e-12      -8.875055659463e-12       1.278612046458e-14       1.321934098540e-14       4.780381426401e-15      -1.841600223898e-16 
  814       3.331029313563e-10       1.795196128494e-12      -8.643128984107e-12       1.280115037020e-14       1.315874148414e-14       4.759746347228e-15      -1.793254848233e-16 
  815       3.330577466343e-10       1.780831728440e-12      -8.409991005367e-12       1.281602187719e-14       1.309847728887e-14       4.738892300783e-15      -1.745033541107e-16 
  816       3.329859852605e-10       1.767221547165e-12      -8.175737120192e-12       1.283073016585e-14       1.303854457830e-14       4.717821029919e-15      -1.696942796891e-16 
  817       3.328874556570e-10       1.754376931266e-12      -7.940459921902e-12       1.284527088370e-14       1.297893994224e-14       4.696534751267e-15      -1.648988248781e-16 
  818       3.327622068244e-10       1.742300408697e-12      -7.704237846723e-12       1.285964167544e-14       1.291966183389e-14       4.675037513517e-15      -1.601171923966e-16 
  819       3.326103500086e-10       1.730992261093e-12      -7.467146330260e-12       1.287384068004e-14       1.286070914300e-14       4.653333863552e-15      -1.553494939680e-16 
  820       3.324319988712e-10       1.720452728835e-12      -7.229261552283e-12       1.288786602657e-14       1.280208071696e-14       4.631428399006e-15      -1.505958407779e-16 
  821       3.322272694982e-10       1.710682010884e-12      -6.990660438986e-12       1.290171583410e-14       1.274377536066e-14       4.609325768416e-15      -1.458563434697e-16 
  822       3.319962804083e-10       1.701680264604e-12      -6.751420665233e-12       1.291538821173e-14       1.268579183628e-14       4.587030671390e-15      -1.411311121413e-16 
  823       3.317391525623e-10       1.693447605593e-12      -6.511620656820e-12       1.292888125852e-14       1.262812886314e-14       4.564547858754e-15      -1.364202563412e-16 
  824       3.314560093706e-10       1.685984107509e-12      -6.271339592719e-12       1.294219306352e-14       1.257078511756e-14       4.541882132721e-15      -1.317238850648e-16 
  825       3.311469767030e-10       1.679289801900e-12      -6.030657407341e-12       1.295532170571e-14       1.251375923265e-14       4.519038347042e-15      -1.270421067503e-16 
  826       3.308121828965e-10       1.673364678031e-12      -5.789654792781e-12       1.296826525397e-14       1.245704979816e-14       4.496021407165e-15      -1.223750292755e-16 
  827       3.304517587643e-10       1.668208682711e-12      -5.548413201078e-12       1.298102176709e-14       1.240065536029e-14       4.472836270397e-15      -1.177227599536e-16 
  828       3.300658376043e-10       1.663821720124e-12      -5.307014846465e-12       1.299358929373e-14       1.234457442156e-14       4.449487946060e-15      -1.130854055297e-16 
  829       3.296545552078e-10       1.660203651653e-12      -5.065542707623e-12       1.300596587237e-14       1.228880544061e-14       4.425981495648e-15      -1.084630721768e-16 
  830       3.292180498683e-10       1.657354295709e-12      -4.824080529936e-12       1.301814953134e-14       1.223334683202e-14       4.402322032985e-15      -1.038558654923e-16 
  831       3.287564623898e-10       1.655273427564e-12      -4.582712827742e-12       1.303013828875e-14       1.217819696619e-14       4.378514724389e-15      -9.926389049404e-17 
  832       3.282699360957e-10       1.653960779171e-12      -4.341524886588e-12       1.304193015249e-14       1.212335416913e-14       4.354564788821e-15      -9.468725161655e-17 
  833       3.277586168371e-10       1.653416038997e-12      -4.100602765484e-12       1.305352312020e-14       1.206881672228e-14       4.330477498052e-15      -9.012605270745e-17 
  834       3.272226530019e-10       1.653638851851e-12      -3.860033299155e-12       1.306491517925e-14       1.201458286238e-14       4.306258176815e-15      -8.558039702351e-17 
  835       3.266621955232e-10       1.654628818709e-12      -3.619904100294e-12       1.307610430672e-14       1.196065078129e-14       4.281912202966e-15      -8.105038722701e-17 
  836       3.260773978878e-10       1.656385496547e-12      -3.380303561821e-12       1.308708846934e-14       1.190701862579e-14       4.257445007641e-15      -7.653612538191e-17 
  837       3.254684161450e-10       1.658908398161e-12      -3.141320859127e-12       1.309786562354e-14       1.185368449746e-14       4.232862075418e-15      -7.203771295011e-17 
  838       3.248354089153e-10       1.662196992004e-12      -2.903045952335e-12       1.310843371536e-14       1.180064645245e-14       4.208168944469e-15      -6.755525078769e-17 
  839       3.241785373989e-10       1.666250702009e-12      -2.665569588552e-12       1.311879068045e-14       1.174790250137e-14       4.183371206723e-15      -6.308883914116e-17 
  840       3.234979653841e-10       1.671068907416e-12      -2.428983304120e-12       1.312893444405e-14       1.169545060909e-14       4.158474508023e-15      -5.863857764368e-17 
  841       3.227938592568e-10       1.676650942603e-12      -2.193379426872e-12       1.313886292096e-14       1.164328869459e-14       4.133484548283e-15      -5.420456531132e-17 
  842       3.220663880078e-10       1.682996096914e-12      -1.958851078383e-12       1.314857401553e-14       1.159141463074e-14       4.108407081647e-15      -4.978690053925e-17 
  843       3.213157232428e-10       1.690103614484e-12      -1.725492176228e-12       1.315806562162e-14       1.153982624420e-14       4.083247916649e-15      -4.538568109807e-17 
  844       3.205420391901e-10       1.697972694069e-12      -1.493397436230e-12       1.316733562258e-14       1.148852131522e-14       4.058012916368e-15      -4.100100412994e-17 
  845       3.197455127096e-10       1.706602488874e-12      -1.262662374717e-12       1.317638189123e-14       1.143749757744e-14       4.032707998589e-15      -3.663296614491e-17 
  846       3.189263233012e-10       1.715992106381e-12      -1.033383310773e-12       1.318520228983e-14       1.138675271777e-14       4.007339135960e-15      -3.228166301711e-17 
  847       3.180846531140e-10       1.726140608176e-12      -8.056573684949e-13       1.319379467009e-14       1.133628437621e-14       3.981912356149e-15      -2.794718998099e-17 
  848       3.172206869542e-10       1.737047009779e-12      -5.795824792435e-13       1.320215687308e-14       1.128609014566e-14       3.956433742006e-15      -2.362964162760e-17 
  849       3.163346122941e-10       1.748710280470e-12      -3.552573838968e-13       1.321028672928e-14       1.123616757174e-14       3.930909431717e-15      -1.932911190076e-17 
  850       3.154266192810e-10       1.761129343117e-12      -1.327816351048e-13       1.321818205850e-14       1.118651415269e-14       3.905345618964e-15      -1.504569409338e-17 
  851       3.144969007452e-10       1.774303074005e-12       8.774440045801e-14       1.322584066988e-14       1.113712733911e-14       3.879748553085e-15      -1.077948084362e-17 
  852       3.135456522091e-10       1.788230302665e-12       3.062195398386e-13       1.323326036188e-14       1.108800453386e-14       3.854124539228e-15      -6.530564131185e-18 
  853       3.125730718959e-10       1.802909811698e-12       5.225417815523e-13       1.324043892223e-14       1.103914309185e-14       3.828479938514e-15      -2.299035273547e-18 
  854       3.115793607376e-10       1.818340336608e-12       7.366083033290e-13       1.324737412792e-14       1.099054031990e-14       3.802821168192e-15       1.915015077825e-18 
  855       3.105647223846e-10       1.834520565626e-12       9.483154598600e-13       1.325406374518e-14       1.094219347655e-14       3.777154701798e-15       6.111496941216e-18 
  856       3.095293847524e-10       1.851447733462e-12       1.157569210518e-12       1.326050605926e-14       1.089410010837e-14       3.751486303038e-15       1.029021525174e-17 
  857       3.084736650500e-10       1.869113376604e-12       1.364316601980e-12       1.326670147385e-14       1.084625906560e-14       3.725818712789e-15       1.445055061824e-17 
  858       3.073979058781e-10       1.887507505297e-12       1.568514817983e-12       1.327265093887e-14       1.079866950349e-14       3.700153922972e-15       1.859177313004e-17 
  859       3.063024538023e-10       1.906620002656e-12       1.770120797461e-12       1.327835542323e-14       1.075133054729e-14       3.674493939281e-15       2.271314760676e-17 
  860       3.051876593655e-10       1.926440624271e-12       1.969091233994e-12       1.328381591488e-14       1.070424129213e-14       3.648840781221e-15       2.681393358479e-17 
  861       3.040538771002e-10       1.946958997797e-12       2.165382575261e-12       1.328903342084e-14       1.065740080292e-14       3.623196482137e-15       3.089338530374e-17 
  862       3.029014655405e-10       1.968164622557e-12       2.358951022494e-12       1.329400896734e-14       1.061080811420e-14       3.597563089249e-15       3.495075169288e-17 
  863       3.017307872340e-10       1.990046869141e-12       2.549752529928e-12       1.329874359978e-14       1.056446223005e-14       3.571942663685e-15       3.898527635765e-17 
  864       3.005422087546e-10       2.012594978998e-12       2.737742804259e-12       1.330323838289e-14       1.051836212400e-14       3.546337280514e-15       4.299619756609e-17 
  865       2.993361007140e-10       2.035798064041e-12       2.922877304090e-12       1.330749440074e-14       1.047250673885e-14       3.520749028776e-15       4.698274823532e-17 
  866       2.981128377743e-10       2.059645106241e-12       3.105111239388e-12       1.331151275681e-14       1.042689498662e-14       3.495180011518e-15       5.094415591797e-17 
  867       2.968727986599e-10       2.084124957224e-12       3.284399570935e-12       1.331529457406e-14       1.038152574842e-14       3.469632345826e-15       5.487964278867e-17 
  868       2.956163661699e-10       2.109226337874e-12       3.460697009781e-12       1.331884099499e-14       1.033639787430e-14       3.444108162859e-15       5.878842563051e-17 
  869       2.943439271899e-10       2.134937837925e-12       3.633958016696e-12       1.332215318171e-14       1.029151018318e-14       3.418609607880e-15       6.266971582147e-17 
  870       2.930558727046e-10       2.161247915563e-12       3.804136801627e-12       1.332523231599e-14       1.024686146271e-14       3.393138840289e-15       6.652271932094e-17 
  871       2.917525978095e-10       2.188144897023e-12       3.971187323141e-12       1.332807959934e-14       1.020245046917e-14       3.367698033656e-15       7.034663665612e-17 
  872       2.904345017235e-10       2.215616976185e-12       4.135063287890e-12       1.333069625306e-14       1.015827592734e-14       3.342289375757e-15       7.414066290852e-17 
  873       2.891019878006e-10       2.243652214175e-12       4.295718150051e-12       1.333308351829e-14       1.011433653040e-14       3.316915068601e-15       7.790398770041e-17 
  874       2.877554635426e-10       2.272238538962e-12       4.453105110790e-12       1.333524265613e-14       1.007063093983e-14       3.291577328470e-15       8.163579518128e-17 
  875       2.863953406106e-10       2.301363744956e-12       4.607177117707e-12       1.333717494763e-14       1.002715778524e-14       3.266278385943e-15       8.533526401430e-17 
  876       2.850220348379e-10       2.331015492603e-12       4.757886864292e-12       1.333888169389e-14       9.983915664329e-15       3.241020485940e-15       8.900156736278e-17 
  877       2.836359662415e-10       2.361181307988e-12       4.905186789376e-12       1.334036421614e-14       9.940903142706e-15       3.215805887743e-15       9.263387287666e-17 
  878       2.822375590346e-10       2.391848582431e-12       5.049029076585e-12       1.334162385577e-14       9.898118753819e-15       3.190636865039e-15       9.623134267891e-17 
  879       2.808272416387e-10       2.423004572082e-12       5.189365653793e-12       1.334266197440e-14       9.855560998823e-15       3.165515705947e-15       9.979313335206e-17 
  880       2.794054466957e-10       2.454636397524e-12       5.326148192573e-12       1.334347995396e-14       9.813228346468e-15       3.140444713052e-15       1.033183959246e-16 
  881       2.779726110802e-10       2.486731043368e-12       5.459328107649e-12       1.334407919675e-14       9.771119232985e-15       3.115426203439e-15       1.068062758575e-16 
  882       2.765291759115e-10       2.519275357850e-12       5.588856556353e-12       1.334446112547e-14       9.729232061974e-15       3.090462508725e-15       1.102559130307e-16 
  883       2.750755865657e-10       2.552256052432e-12       5.714684438072e-12       1.334462718334e-14       9.687565204287e-15       3.065555975093e-15       1.136664417294e-16 
  884       2.736122926882e-10       2.585659701398e-12       5.836762393706e-12       1.334457883412e-14       9.646116997912e-15       3.040708963322e-15       1.170369906306e-16 
  885       2.721397482054e-10       2.619472741454e-12       5.955040805114e-12       1.334431756217e-14       9.604885747866e-15       3.015923848826e-15       1.203666827898e-16 
  886       2.706584113374e-10       2.653681471322e-12       6.069469794575e-12       1.334384487255e-14       9.563869726073e-15       2.991203021677e-15       1.236546356270e-16 
  887       2.691687446094e-10       2.688272051341e-12       6.179999224233e-12       1.334316229106e-14       9.523067171253e-15       2.966548886649e-15       1.268999609138e-16 
  888       2.676712148647e-10       2.723230503065e-12       6.286578695556e-12       1.334227136430e-14       9.482476288809e-15       2.941963863242e-15       1.301017647590e-16 
  889       2.661662932763e-10       2.758542708861e-12       6.389157548782e-12       1.334117365975e-14       9.442095250712e-15       2.917450385722e-15       1.332591475959e-16 
  890       2.646544553591e-10       2.794194411506e-12       6.487684862379e-12       1.333987076579e-14       9.401922195382e-15       2.893010903146e-15       1.363712041683e-16 
  891       2.631361809825e-10       2.830171213783e-12       6.582109452490e-12       1.333836429183e-14       9.361955227584e-15       2.868647879402e-15       1.394370235170e-16 
  892       2.616119543818e-10       2.866458578086e-12       6.672379872392e-12       1.333665586833e-14       9.322192418302e-15       2.844363793240e-15       1.424556889664e-16 
  893       2.600822641712e-10       2.903041826009e-12       6.758444411945e-12       1.333474714686e-14       9.282631804635e-15       2.820161138302e-15       1.454262781110e-16 
  894       2.585476033553e-10       2.939906137950e-12       6.840251097048e-12       1.333263980019e-14       9.243271389674e-15       2.796042423157e-15       1.483478628014e-16 
  895       2.570084452255e-10       2.977036776451e-12       6.917758363826e-12       1.333033574611e-14       9.204109381243e-15       2.772009632050e-15       1.512197803364e-16 
  896       2.554651705929e-10       3.014419761027e-12       6.990967273147e-12       1.332783782294e-14       9.165144912582e-15       2.748062597441e-15       1.540424519123e-16 
  897       2.539181393925e-10       3.052041203548e-12       7.059889820522e-12       1.332514912516e-14       9.126377333191e-15       2.724200600979e-15       1.568165774971e-16 
  898       2.523677147000e-10       3.089887085123e-12       7.124538310048e-12       1.332227278075e-14       9.087805970971e-15       2.700422910340e-15       1.595428658635e-16 
  899       2.508142627407e-10       3.127943255736e-12       7.184925355453e-12       1.331921195127e-14       9.049430132140e-15       2.676728779172e-15       1.622220346149e-16 
  900       2.492581528977e-10       3.166195433871e-12       7.241063881152e-12       1.331596983195e-14       9.011249101160e-15       2.653117447051e-15       1.648548102133e-16 
  901       2.476997577206e-10       3.204629206150e-12       7.292967123290e-12       1.331254965183e-14       8.973262140654e-15       2.629588139434e-15       1.674419280060e-16 
  902       2.461394529341e-10       3.243230026961e-12       7.340648630800e-12       1.330895467379e-14       8.935468491332e-15       2.606140067608e-15       1.699841322524e-16 
  903       2.445776174465e-10       3.281983218091e-12       7.384122266447e-12       1.330518819469e-14       8.897867371911e-15       2.582772428646e-15       1.724821761518e-16 
  904       2.430146333582e-10       3.320873968354e-12       7.423402207878e-12       1.330125354546e-14       8.860457979033e-15       2.559484405354e-15       1.749368218693e-16 
  905       2.414508859703e-10       3.359887333226e-12       7.458502948677e-12       1.329715409120e-14       8.823239487192e-15       2.536275166229e-15       1.773488405642e-16 
  906       2.398867637931e-10       3.399008234478e-12       7.489439299410e-12       1.329289323125e-14       8.786211048650e-15       2.513143865407e-15       1.797190124157e-16 
  907       2.383226585548e-10       3.438221459801e-12       7.516226388677e-12       1.328847439934e-14       8.749371793365e-15       2.490089642617e-15       1.820481266510e-16 
  908       2.367589652098e-10       3.477511662445e-12       7.538879664163e-12       1.328390106362e-14       8.712720828905e-15       2.467111623133e-15       1.843369815719e-16 
  909       2.351960819474e-10       3.516863360843e-12       7.557414893687e-12       1.327917672681e-14       8.676257240376e-15       2.444208917726e-15       1.865863845816e-16 
  910       2.336344102005e-10       3.556260938251e-12       7.571848166250e-12       1.327430492628e-14       8.639980090341e-15       2.421380622616e-15       1.887971522123e-16 
  911       2.320743546538e-10       3.595688642370e-12       7.582195893089e-12       1.326928923413e-14       8.603888418738e-15       2.398625819425e-15       1.909701101519e-16 
  912       2.305163232526e-10       3.635130584986e-12       7.588474808724e-12       1.326413325731e-14       8.567981242809e-15       2.375943575127e-15       1.931060932710e-16 
  913       2.289607272112e-10       3.674570741595e-12       7.590701972010e-12       1.325884063770e-14       8.532257557014e-15       2.353332942005e-15       1.952059456502e-16 
  914       2.274079810217e-10       3.713992951040e-12       7.588894767186e-12       1.325341505223e-14       8.496716332957e-15       2.330792957595e-15       1.972705206069e-16 
  915       2.258585024621e-10       3.753380915137e-12       7.583070904924e-12       1.324786021294e-14       8.461356519308e-15       2.308322644649e-15       1.993006807225e-16 
  916       2.243127126054e-10       3.792718198310e-12       7.573248423380e-12       1.324217986712e-14       8.426177041720e-15       2.285921011076e-15       2.012972978693e-16 
  917       2.227710358278e-10       3.831988227222e-12       7.559445689246e-12       1.323637779736e-14       8.391176802754e-15       2.263587049902e-15       2.032612532378e-16 
  918       2.212338998172e-10       3.871174290406e-12       7.541681398797e-12       1.323045782170e-14       8.356354681802e-15       2.241319739222e-15       2.051934373634e-16 
  919       2.197017355820e-10       3.910259537896e-12       7.519974578942e-12       1.322442379367e-14       8.321709535002e-15       2.219118042144e-15       2.070947501537e-16 
  920       2.181749774594e-10       3.949226980859e-12       7.494344588274e-12       1.321827960242e-14       8.287240195169e-15       2.196980906754e-15       2.089661009156e-16 
  921       2.166540631243e-10       3.988059491227e-12       7.464811118122e-12       1.321202917283e-14       8.252945471706e-15       2.174907266055e-15       2.108084083820e-16 
  922       2.151394335972e-10       4.026739801327e-12       7.431394193596e-12       1.320567646556e-14       8.218824150535e-15       2.152896037930e-15       2.126226007391e-16 
  923       2.136315332536e-10       4.065250503515e-12       7.394114174643e-12       1.319922547720e-14       8.184874994012e-15       2.130946125087e-15       2.144096156535e-16 
  924       2.121308098319e-10       4.103574049804e-12       7.352991757094e-12       1.319268024033e-14       8.151096740851e-15       2.109056415015e-15       2.161704002991e-16 
  925       2.106377144421e-10       4.141692751497e-12       7.308047973713e-12       1.318604482363e-14       8.117488106045e-15       2.087225779935e-15       2.179059113842e-16 
  926       2.091527015746e-10       4.179588778821e-12       7.259304195250e-12       1.317932333196e-14       8.084047780790e-15       2.065453076752e-15       2.196171151785e-16 
  927       2.076762291084e-10       4.217244160555e-12       7.206782131487e-12       1.317251990650e-14       8.050774432401e-15       2.043737147008e-15       2.213049875402e-16 
  928       2.062087583198e-10       4.254640783661e-12       7.150503832293e-12       1.316563872479e-14       8.017666704239e-15       2.022076816832e-15       2.229705139431e-16 
  929       2.047507538912e-10       4.291760392921e-12       7.090491688670e-12       1.315868400088e-14       7.984723215629e-15       2.000470896895e-15       2.246146895034e-16 
  930       2.033026839191e-10       4.328584590560e-12       7.026768433804e-12       1.315165998537e-14       7.951942561784e-15       1.978918182361e-15       2.262385190071e-16 
  931       2.018650199231e-10       4.365094835885e-12       6.959357144117e-12       1.314457096557e-14       7.919323313723e-15       1.957417452839e-15       2.278430169367e-16 
  932       2.004382368542e-10       4.401272444913e-12       6.888281240313e-12       1.313742126554e-14       7.886864018197e-15       1.935967472335e-15       2.294292074987e-16 
  933       1.990228131036e-10       4.437098590004e-12       6.813564488433e-12       1.313021524624e-14       7.854563197607e-15       1.914566989205e-15       2.309981246499e-16 
  934       1.976191797193e-10       4.472555966671e-12       6.735235949630e-12       1.312295710141e-14       7.822419521985e-15       1.893215087833e-15       2.325504996724e-16 
  935       1.962275671690e-10       4.507633823326e-12       6.653344912181e-12       1.311565024175e-14       7.790432328039e-15       1.871912249796e-15       2.340858184891e-16 
  936       1.948481561987e-10       4.542323009441e-12       6.567946195011e-12       1.310829790134e-14       7.758601108066e-15       1.850659309193e-15       2.356032496631e-16 
  937       1.934811284082e-10       4.576614315357e-12       6.479095221858e-12       1.310090334097e-14       7.726925338576e-15       1.829457102426e-15       2.371019554991e-16 
  938       1.921266662536e-10       4.610498472144e-12       6.386848023001e-12       1.309346984825e-14       7.695404480236e-15       1.808306468199e-15       2.385810920268e-16 
  939       1.907849530478e-10       4.643966151460e-12       6.291261236988e-12       1.308600073763e-14       7.664037977817e-15       1.787208247520e-15       2.400398089857e-16 
  940       1.894561729628e-10       4.677007965414e-12       6.192392112370e-12       1.307849935050e-14       7.632825260138e-15       1.766163283700e-15       2.414772498088e-16 
  941       1.881405110312e-10       4.709614466425e-12       6.090298509429e-12       1.307096905526e-14       7.601765740011e-15       1.745172422354e-15       2.428925516068e-16 
  942       1.868381531475e-10       4.741776147082e-12       5.985038901906e-12       1.306341324738e-14       7.570858814187e-15       1.724236511400e-15       2.442848451523e-16 
  943       1.855492860697e-10       4.773483440009e-12       5.876672378737e-12       1.305583534946e-14       7.540103863299e-15       1.703356401063e-15       2.456532548638e-16 
  944       1.842740974213e-10       4.804726717717e-12       5.765258645775e-12       1.304823881132e-14       7.509500251810e-15       1.682532943873e-15       2.469968987900e-16 
  945       1.830127756921e-10       4.835496292474e-12       5.650858027526e-12       1.304062711003e-14       7.479047327957e-15       1.661766994665e-15       2.483148885936e-16 
  946       1.817655102406e-10       4.865782416159e-12       5.533531468879e-12       1.303300375003e-14       7.448744423695e-15       1.641059410582e-15       2.496063295356e-16 
  947       1.805324912950e-10       4.895575280124e-12       5.413340536831e-12       1.302537226318e-14       7.418590854643e-15       1.620411051073e-15       2.508703204595e-16 
  948       1.793139099549e-10       4.924865015057e-12       5.290347422223e-12       1.301773620880e-14       7.388585920030e-15       1.599822777895e-15       2.521059537751e-16 
  949       1.781099581931e-10       4.953641690840e-12       5.164614941466e-12       1.301009917376e-14       7.358728902640e-15       1.579295455113e-15       2.533123154431e-16 
  950       1.769208288568e-10       4.981895316411e-12       5.036206538272e-12       1.300246477258e-14       7.329019068753e-15       1.558829949101e-15       2.544884849587e-16 
  951       1.757467156695e-10       5.009615839623e-12       4.905186285386e-12       1.299483664743e-14       7.299455668099e-15       1.538427128542e-15       2.556335353360e-16 
  952       1.745878132323e-10       5.036793147106e-12       4.771618886313e-12       1.298721846825e-14       7.270037933792e-15       1.518087864428e-15       2.567465330920e-16 
  953       1.734443170258e-10       5.063417064127e-12       4.635569677050e-12       1.297961393283e-14       7.240765082286e-15       1.497813030062e-15       2.578265382307e-16 
  954       1.723164234112e-10       5.089477354451e-12       4.497104627815e-12       1.297202676683e-14       7.211636313312e-15       1.477603501057e-15       2.588726042276e-16 
  955       1.712043296323e-10       5.114963720200e-12       4.356290344779e-12       1.296446072386e-14       7.182650809827e-15       1.457460155338e-15       2.598837780129e-16 
  956       1.701082338169e-10       5.139865801716e-12       4.213194071793e-12       1.295691958559e-14       7.153807737959e-15       1.437383873142e-15       2.608590999568e-16 
  957       1.690283349782e-10       5.164173177419e-12       4.067883692120e-12       1.294940716177e-14       7.125106246950e-15       1.417375537017e-15       2.617976038525e-16 
  958       1.679648330169e-10       5.187875363670e-12       3.920427730166e-12       1.294192729034e-14       7.096545469103e-15       1.397436031824e-15       2.626983169010e-16 
  959       1.669179287221e-10       5.210961814630e-12       3.770895353206e-12       1.293448383745e-14       7.068124519728e-15       1.377566244738e-15       2.635602596950e-16 
  960       1.658878237733e-10       5.233421922121e-12       3.619356373119e-12       1.292708069759e-14       7.039842497085e-15       1.357767065249e-15       2.643824462032e-16 
  961       1.648747207417e-10       5.255245015485e-12       3.465881248114e-12       1.291972179358e-14       7.011698482330e-15       1.338039385157e-15       2.651638837538e-16 
  962       1.638788230922e-10       5.276420361448e-12       3.310541084464e-12       1.291241107672e-14       6.983691539460e-15       1.318384098582e-15       2.659035730195e-16 
  963       1.629003351845e-10       5.296937163977e-12       3.153407638232e-12       1.290515252680e-14       6.955820715258e-15       1.298802101957e-15       2.666005080009e-16 
  964       1.619394622748e-10       5.316784564144e-12       2.994553317004e-12       1.289795015222e-14       6.928085039239e-15       1.279294294030e-15       2.672536760108e-16 
  965       1.609964105177e-10       5.335951639984e-12       2.834051181615e-12       1.289080799000e-14       6.900483523595e-15       1.259861575867e-15       2.678620576587e-16 
  966       1.600713869671e-10       5.354427406354e-12       2.671974947886e-12       1.288373010588e-14       6.873015163139e-15       1.240504850850e-15       2.684246268342e-16 
  967       1.591645995785e-10       5.372200814798e-12       2.508398988348e-12       1.287672059440e-14       6.845678935251e-15       1.221225024680e-15       2.689403506918e-16 
  968       1.582762572101e-10       5.389260753407e-12       2.343398333974e-12       1.286978357895e-14       6.818473799823e-15       1.202023005373e-15       2.694081896345e-16 
  969       1.574065696244e-10       5.405596046673e-12       2.177048675907e-12       1.286292321184e-14       6.791398699203e-15       1.182899703266e-15       2.698270972982e-16 
  970       1.565557474902e-10       5.421195455359e-12       2.009426367197e-12       1.285614367438e-14       6.764452558144e-15       1.163856031014e-15       2.701960205357e-16 
  971       1.557240023836e-10       5.436047676352e-12       1.840608424520e-12       1.284944917693e-14       6.737634283745e-15       1.144892903593e-15       2.705138994010e-16 
  972       1.549115467897e-10       5.450141342529e-12       1.670672529920e-12       1.284284395900e-14       6.710942765395e-15       1.126011238297e-15       2.707796671328e-16 
  973       1.541185475083e-10       5.463467076932e-12       1.499694081978e-12       1.283633180835e-14       6.684377000464e-15       1.107212280587e-15       2.709926068903e-16 
  974       1.533449851003e-10       5.476023689363e-12       1.327737297382e-12       1.282991461051e-14       6.657936473526e-15       1.088498586987e-15       2.711534278543e-16 
  975       1.525907923346e-10       5.487812072530e-12       1.154863979223e-12       1.282359377761e-14       6.631620782715e-15       1.069873056942e-15       2.712632052471e-16 
  976       1.518559005883e-10       5.498833156277e-12       9.811364567996e-13       1.281737072740e-14       6.605429514463e-15       1.051338608350e-15       2.713230250749e-16 
  977       1.511402398427e-10       5.509087907704e-12       8.066175869655e-13       1.281124688324e-14       6.579362243463e-15       1.032898177608e-15       2.713339841571e-16 
  978       1.504437386791e-10       5.518577331293e-12       6.313707554920e-13       1.280522367407e-14       6.553418532627e-15       1.014554719649e-15       2.712971901558e-16 
  979       1.497663242739e-10       5.527302469025e-12       4.554598784221e-13       1.279930253449e-14       6.527597933048e-15       9.963112079863e-16       2.712137616050e-16 
  980       1.491079223949e-10       5.535264400498e-12       2.789494034270e-13       1.279348490469e-14       6.501899983965e-15       9.781706347549e-16       2.710848279398e-16 
  981       1.484684573965e-10       5.542464243056e-12       1.019043111631e-13       1.278777223052e-14       6.476324212716e-15       9.601360107533e-16       2.709115295258e-16 
  982       1.478478522158e-10       5.548903151899e-12      -7.560988337216e-14       1.278216596344e-14       6.450870134707e-15       9.422103654850e-16       2.706950176883e-16 
  983       1.472460283677e-10       5.554582320214e-12      -2.535271294834e-13       1.277666756059e-14       6.425537253369e-15       9.243967472005e-16       2.704364547417e-16 
  984       1.466629059412e-10       5.559502979288e-12      -4.317808394210e-13       1.277127848474e-14       6.400325060118e-15       9.066982229392e-16       2.701370140186e-16 
  985       1.460984035946e-10       5.563666398633e-12      -6.103038870252e-13       1.276600020436e-14       6.375233034320e-15       8.891178785706e-16       2.697978798992e-16 
  986       1.455524385513e-10       5.567073886104e-12      -7.890286063686e-13       1.276083419356e-14       6.350260643250e-15       8.716588188369e-16       2.694202478406e-16 
  987       1.450249265958e-10       5.569726788021e-12      -9.678867904008e-13       1.275578193215e-14       6.325407342051e-15       8.543241673942e-16       2.690053244059e-16 
  988       1.445157820687e-10       5.571626489291e-12      -1.146809689591e-12       1.275084490560e-14       6.300672573699e-15       8.371170668543e-16       2.685543272939e-16 
  989       1.440249178630e-10       5.572774413527e-12      -1.325728010573e-12       1.274602460512e-14       6.276055768961e-15       8.200406788268e-16       2.680684853680e-16 
  990       1.435522454193e-10       5.573172023166e-12      -1.504571914788e-12       1.274132252758e-14       6.251556346358e-15       8.030981839606e-16       2.675490386854e-16 
  991       1.430976747219e-10       5.572820819596e-12      -1.683271017125e-12       1.273674017558e-14       6.227173712125e-15       7.862927819860e-16       2.669972385268e-16 
  992       1.426611142942e-10       5.571722343273e-12      -1.861754384572e-12       1.273227905745e-14       6.202907260172e-15       7.696276917558e-16       2.664143474254e-16 
  993       1.422424711943e-10       5.569878173839e-12      -2.039950534852e-12       1.272794068723e-14       6.178756372044e-15       7.531061512879e-16       2.658016391962e-16 
  994       1.418416510109e-10       5.567289930250e-12      -2.217787435070e-12       1.272372658470e-14       6.154720416887e-15       7.367314178067e-16       2.651603989654e-16 
  995       1.414585578589e-10       5.563959270889e-12      -2.395192500357e-12       1.271963827537e-14       6.130798751402e-15       7.205067677847e-16       2.644919231995e-16 
  996       1.410930943748e-10       5.559887893690e-12      -2.572092592512e-12       1.271567729053e-14       6.106990719811e-15       7.044354969845e-16       2.637975197348e-16 
  997       1.407451617129e-10       5.555077536261e-12      -2.748414018646e-12       1.271184516721e-14       6.083295653816e-15       6.885209205007e-16       2.630785078066e-16 
  998       1.404146595404e-10       5.549529976000e-12      -2.924082529827e-12       1.270814344818e-14       6.059712872562e-15       6.727663728014e-16       2.623362180783e-16 
  999       1.401014860336e-10       5.543247030220e-12      -3.099023319720e-12       1.270457368204e-14       6.036241682596e-15       6.571752077702e-16       2.615719926709e-16 
 1000       1.398055378731e-10       5.536230556265e-12      -3.273161023237e-12       1.270113742311e-14       6.012881377828e-15       6.417507987476e-16       2.607871851923e-16 
 1001       1.395267102396e-10       5.528482451637e-12      -3.446419715172e-12       1.269783623155e-14       5.989631239492e-15       6.264965385734e-16       2.599831607665e-16 
 1002       1.392648968100e-10       5.520004654109e-12      -3.618722908852e-12       1.269467167328e-14       5.966490536112e-15       6.114158396280e-16       2.591612960627e-16 
 1003       1.390199897524e-10       5.510799141853e-12      -3.789993554778e-12       1.269164532005e-14       5.943458523454e-15       5.965121338742e-16       2.583229793250e-16 
 1004       1.387918797222e-10       5.500867933556e-12      -3.960154039267e-12       1.268875874940e-14       5.920534444496e-15       5.817888728994e-16       2.574696104013e-16 
 1005       1.385804558576e-10       5.490213088541e-12      -4.129126183096e-12       1.268601354470e-14       5.897717529382e-15       5.672495279566e-16       2.566026007729e-16 
 1006       1.383856057753e-10       5.478836706891e-12      -4.296831240149e-12       1.268341129515e-14       5.875006995387e-15       5.528975900072e-16       2.557233735833e-16 
 1007       1.382072155663e-10       5.466740929566e-12      -4.463189896055e-12       1.268095359578e-14       5.852402046879e-15       5.387365697618e-16       2.548333636683e-16 
 1008       1.380451697914e-10       5.453927938525e-12      -4.628122266837e-12       1.267864204748e-14       5.829901875277e-15       5.247699977225e-16       2.539340175842e-16 
 1009       1.378993514769e-10       5.440399956847e-12      -4.791547897553e-12       1.267647825695e-14       5.807505659011e-15       5.110014242247e-16       2.530267936382e-16 
 1010       1.377696421103e-10       5.426159248852e-12      -4.953385760938e-12       1.267446383680e-14       5.785212563490e-15       4.974344194787e-16       2.521131619167e-16 
 1011       1.376559216360e-10       5.411208120220e-12      -5.113554256051e-12       1.267260040547e-14       5.763021741054e-15       4.840725736116e-16       2.511946043154e-16 
 1012       1.375580502645e-10       5.395550142881e-12      -5.271979551848e-12       1.267088913736e-14       5.740932424171e-15       4.709186804742e-16       2.502723005765e-16 
 1013       1.374758136218e-10       5.379193848792e-12      -5.428620752562e-12       1.266932940601e-14       5.718944206548e-15       4.579722760747e-16       2.493461813801e-16 
 1014       1.374089767997e-10       5.362149089719e-12      -5.583445092875e-12       1.266792012133e-14       5.697056765999e-15       4.452320646970e-16       2.484158616429e-16 
 1015       1.373573024639e-10       5.344425817560e-12      -5.736419625538e-12       1.266666017770e-14       5.675269771554e-15       4.326967318605e-16       2.474809532636e-16 
 1016       1.373205508477e-10       5.326034084616e-12      -5.887511220997e-12       1.266554845397e-14       5.653582883431e-15       4.203649442664e-16       2.465410651151e-16 
 1017       1.372984797454e-10       5.306984043851e-12      -6.036686567008e-12       1.266458381336e-14       5.631995753011e-15       4.082353497436e-16       2.455958030372e-16 
 1018       1.372908445059e-10       5.287285949158e-12      -6.183912168258e-12       1.266376510345e-14       5.610508022805e-15       3.963065771952e-16       2.446447698289e-16 
 1019       1.372973980262e-10       5.266950155622e-12      -6.329154345990e-12       1.266309115612e-14       5.589119326431e-15       3.845772365445e-16       2.436875652409e-16 
 1020       1.373178907451e-10       5.245987119785e-12      -6.472379237617e-12       1.266256078752e-14       5.567829288581e-15       3.730459186815e-16       2.427237859686e-16 
 1021       1.373520706364e-10       5.224407399908e-12      -6.613552796347e-12       1.266217279798e-14       5.546637524999e-15       3.617111954090e-16       2.417530256440e-16 
 1022       1.373996832027e-10       5.202221656238e-12      -6.752640790803e-12       1.266192597205e-14       5.525543642448e-15       3.505716193889e-16       2.407748748288e-16 
 1023       1.374604714692e-10       5.179440651270e-12      -6.889608804641e-12       1.266181907837e-14       5.504547238682e-15       3.396257240883e-16       2.397889210065e-16 
 1024       1.375341759764e-10       5.156075250011e-12      -7.024422236172e-12       1.266185086966e-14       5.483647902422e-15       3.288720237257e-16       2.387947485751e-16 
 1025       1.376205347747e-10       5.132136420245e-12      -7.157046297981e-12       1.266202008270e-14       5.462845213325e-15       3.183090132175e-16       2.377919388396e-16 
 1026       1.377192834170e-10       5.107635232796e-12      -7.287446016550e-12       1.266232543822e-14       5.442138741956e-15       3.079351681241e-16       2.367800700046e-16 
 1027       1.378301549529e-10       5.082582861795e-12      -7.415586231878e-12       1.266276564093e-14       5.421528049759e-15       2.977489445960e-16       2.357587171667e-16 
 1028       1.379528799218e-10       5.056990584939e-12      -7.541431597097e-12       1.266333937943e-14       5.401012689035e-15       2.877487793203e-16       2.347274523072e-16 
 1029       1.380871863469e-10       5.030869783759e-12      -7.664946578098e-12       1.266404532616e-14       5.380592202904e-15       2.779330894664e-16       2.336858442845e-16 
 1030       1.382327997283e-10       5.004231943882e-12      -7.786095453149e-12       1.266488213739e-14       5.360266125286e-15       2.683002726331e-16       2.326334588266e-16 
 1031       1.383894430366e-10       4.977088655298e-12      -7.904842312515e-12       1.266584845314e-14       5.340033980869e-15       2.588487067941e-16       2.315698585238e-16 
 1032       1.385568367068e-10       4.949451612619e-12      -8.021151058078e-12       1.266694289717e-14       5.319895285079e-15       2.495767502445e-16       2.304946028209e-16 
 1033       1.387346986315e-10       4.921332615347e-12      -8.134985402959e-12       1.266816407689e-14       5.299849544057e-15       2.404827415470e-16       2.294072480102e-16 
 1034       1.389227441544e-10       4.892743568138e-12      -8.246308871139e-12       1.266951058336e-14       5.279896254627e-15       2.315649994782e-16       2.283073472236e-16 
 1035       1.391206860642e-10       4.863696481064e-12      -8.355084797077e-12       1.267098099121e-14       5.260034904270e-15       2.228218229747e-16       2.271944504253e-16 
 1036       1.393282345877e-10       4.834203469879e-12      -8.461276325329e-12       1.267257385863e-14       5.240264971094e-15       2.142514910794e-16       2.260681044045e-16 
 1037       1.395450973837e-10       4.804276756280e-12      -8.564846410175e-12       1.267428772729e-14       5.220585923808e-15       2.058522628880e-16       2.249278527676e-16 
 1038       1.397709795364e-10       4.773928668175e-12      -8.665757815232e-12       1.267612112232e-14       5.200997221694e-15       1.976223774946e-16       2.237732359308e-16 
 1039       1.400055835488e-10       4.743171639945e-12      -8.763973113080e-12       1.267807255224e-14       5.181498314577e-15       1.895600539387e-16       2.226037911130e-16 
 1040       1.402486093366e-10       4.712018212707e-12      -8.859454684878e-12       1.268014050894e-14       5.162088642798e-15       1.816634911507e-16       2.214190523278e-16 
 1041       1.404997542213e-10       4.680481034581e-12      -8.952164719987e-12       1.268232346764e-14       5.142767637187e-15       1.739308678987e-16       2.202185503763e-16 
 1042       1.407587129240e-10       4.648572860951e-12      -9.042065215590e-12       1.268461988682e-14       5.123534719033e-15       1.663603427344e-16       2.190018128397e-16 
 1043       1.410251775590e-10       4.616306554730e-12      -9.129117976312e-12       1.268702820818e-14       5.104389300058e-15       1.589500539396e-16       2.177683640717e-16 
 1044       1.412988376272e-10       4.583695086626e-12      -9.213284613841e-12       1.268954685660e-14       5.085330782389e-15       1.516981194722e-16       2.165177251909e-16 
 1045       1.415793800096e-10       4.550751535403e-12      -9.294526546548e-12       1.269217424012e-14       5.066358558525e-15       1.446026369123e-16       2.152494140738e-16 
 1046       1.418664889609e-10       4.517489088147e-12      -9.372804999106e-12       1.269490874984e-14       5.047472011319e-15       1.376616834091e-16       2.139629453466e-16 
 1047       1.421598461033e-10       4.483921040530e-12      -9.448081002114e-12       1.269774875992e-14       5.028670513937e-15       1.308733156264e-16       2.126578303785e-16 
 1048       1.424591304196e-10       4.450060797072e-12      -9.520315391711e-12       1.270069262754e-14       5.009953429844e-15       1.242355696890e-16       2.113335772737e-16 
 1049       1.427640182468e-10       4.415921871407e-12      -9.589468809206e-12       1.270373869280e-14       4.991320112763e-15       1.177464611294e-16       2.099896908640e-16 
 1050       1.430741832701e-10       4.381517886549e-12      -9.655501700690e-12       1.270688527874e-14       4.972769906656e-15       1.114039848334e-16       2.086256727018e-16 
 1051       1.433893115868e-10       4.346862324870e-12      -9.718382795227e-12       1.271013053376e-14       4.954302215756e-15       1.052059812808e-16       2.072411553436e-16 
 1052       1.437091471423e-10       4.311967773714e-12      -9.778114669264e-12       1.271347195673e-14       4.935916715806e-15       9.914973333785e-17       2.058363072634e-16 
 1053       1.440334469132e-10       4.276846669825e-12      -9.834708536829e-12       1.271690686518e-14       4.917613145698e-15       9.323236375307e-17       2.044114335534e-16 
 1054       1.443619658885e-10       4.241511548913e-12      -9.888175803730e-12       1.272043255217e-14       4.899391237661e-15       8.745096828672e-17       2.029668421498e-16 
 1055       1.446944570651e-10       4.205975045889e-12      -9.938528068092e-12       1.272404628621e-14       4.881250717238e-15       8.180261564251e-17       2.015028438397e-16 
 1056       1.450306714429e-10       4.170249895101e-12      -9.985777120900e-12       1.272774531121e-14       4.863191303263e-15       7.628434739936e-17       2.000197522687e-16 
 1057       1.453703580200e-10       4.134348930576e-12      -1.002993494654e-11       1.273152684638e-14       4.845212707846e-15       7.089317794307e-17       1.985178839473e-16 
 1058       1.457132637878e-10       4.098285086253e-12      -1.007101372333e-11       1.273538808624e-14       4.827314636347e-15       6.562609439810e-17       1.969975582585e-16 
 1059       1.460591337262e-10       4.062071396220e-12      -1.010902582407e-11       1.273932620048e-14       4.809496787362e-15       6.048005655927e-17       1.954590974650e-16 
 1060       1.464077107988e-10       4.025720994950e-12      -1.014398381660e-11       1.274333833395e-14       4.791758852694e-15       5.545199682346e-17       1.939028267157e-16 
 1061       1.467587359480e-10       3.989247117543e-12      -1.017590046430e-11       1.274742160658e-14       4.774100517341e-15       5.053882012137e-17       1.923290740535e-16 
 1062       1.471119480904e-10       3.952663099956e-12      -1.020478872667e-11       1.275157311332e-14       4.756521459470e-15       4.573740384921e-17       1.907381704219e-16 
 1063       1.474670841116e-10       3.915982379244e-12      -1.023066175983e-11       1.275578992407e-14       4.739021350399e-15       4.104459780044e-17       1.891304496724e-16 
 1064       1.478238788617e-10       3.879218493798e-12      -1.025353291710e-11       1.276006908363e-14       4.721599854577e-15       3.645722409748e-17       1.875062485714e-16 
 1065       1.481820651505e-10       3.842385083576e-12      -1.027341574952e-11       1.276440761164e-14       4.704256629562e-15       3.197207712346e-17       1.858659068075e-16 
 1066       1.485413737423e-10       3.805495890348e-12      -1.029032400641e-11       1.276880250250e-14       4.686991326001e-15       2.758592345391e-17       1.842097669984e-16 
 1067       1.489015333514e-10       3.768564757924e-12      -1.030427163586e-11       1.277325072533e-14       4.669803587609e-15       2.329550178848e-17       1.825381746981e-16 
 1068       1.492622706372e-10       3.731605632400e-12      -1.031527278535e-11       1.277774922389e-14       4.652693051151e-15       1.909752288270e-17       1.808514784041e-16 
 1069       1.496233101996e-10       3.694632562388e-12      -1.032334180221e-11       1.278229491653e-14       4.635659346420e-15       1.498866947966e-17       1.791500295643e-16 
 1070       1.499843745735e-10       3.657659699256e-12      -1.032849323422e-11       1.278688469611e-14       4.618702096215e-15       1.096559624177e-17       1.774341825845e-16 
 1071       1.503451842248e-10       3.620701297362e-12      -1.033074183012e-11       1.279151542997e-14       4.601820916323e-15       7.024929682448e-18       1.757042948347e-16 
 1072       1.507054575451e-10       3.583771714296e-12      -1.033010254015e-11       1.279618395985e-14       4.585015415499e-15       3.163268097853e-18       1.739607266572e-16 
 1073       1.510649108468e-10       3.546885411113e-12      -1.032659051661e-11       1.280088710180e-14       4.568285195441e-15      -6.228185013783e-19       1.722038413729e-16 
 1074       1.514232583587e-10       3.510056952570e-12      -1.032022111439e-11       1.280562164617e-14       4.551629850777e-15      -4.336788458425e-18       1.704340052890e-16 
 1075       1.517802122207e-10       3.473301007364e-12      -1.031100989151e-11       1.281038435753e-14       4.535048969037e-15      -7.982128538553e-18       1.686515877057e-16 
 1076       1.521354824794e-10       3.436632348368e-12      -1.029897260965e-11       1.281517197458e-14       4.518542130637e-15      -1.156235399740e-17       1.668569609234e-16 
 1077       1.524887770830e-10       3.400065852869e-12      -1.028412523472e-11       1.281998121011e-14       4.502108908859e-15      -1.508100864923e-17       1.650505002498e-16 
 1078       1.528398018766e-10       3.363616502805e-12      -1.026648393737e-11       1.282480875096e-14       4.485748869828e-15      -1.854166493527e-17       1.632325840072e-16 
 1079       1.531882605972e-10       3.327299385000e-12      -1.024606509354e-11       1.282965125791e-14       4.469461572492e-15      -2.194792399189e-17       1.614035935393e-16 
 1080       1.535338548691e-10       3.291129691403e-12      -1.022288528500e-11       1.283450536567e-14       4.453246568604e-15      -2.530341571900e-17       1.595639132186e-16 
 1081       1.538762841990e-10       3.255122719321e-12      -1.019696129992e-11       1.283936768275e-14       4.437103402698e-15      -2.861179884821e-17       1.577139304532e-16 
 1082       1.542152459711e-10       3.219293871663e-12      -1.016831013336e-11       1.284423479148e-14       4.421031612073e-15      -3.187676101120e-17       1.558540356941e-16 
 1083       1.545504354424e-10       3.183658657170e-12      -1.013694898783e-11       1.284910324790e-14       4.405030726767e-15      -3.510201880795e-17       1.539846224423e-16 
 1084       1.548815457378e-10       3.148232690656e-12      -1.010289527386e-11       1.285396958168e-14       4.389100269542e-15      -3.829131787503e-17       1.521060872559e-16 
 1085       1.552082678452e-10       3.113031693241e-12      -1.006616661050e-11       1.285883029610e-14       4.373239755861e-15      -4.144843295387e-17       1.502188297570e-16 
 1086       1.555302906109e-10       3.078071492593e-12      -1.002678082587e-11       1.286368186799e-14       4.357448693866e-15      -4.457716795906e-17       1.483232526391e-16 
 1087       1.558473007345e-10       3.043368023161e-12      -9.984755957733e-12       1.286852074762e-14       4.341726584362e-15      -4.768135604661e-17       1.464197616741e-16 
 1088       1.561589827644e-10       3.008937326412e-12      -9.940110253986e-12       1.287334335868e-14       4.326072920791e-15      -5.076485968222e-17       1.445087657193e-16 
 1089       1.564650190925e-10       2.974795551072e-12      -9.892862173234e-12       1.287814609820e-14       4.310487189216e-15      -5.383157070958e-17       1.425906767246e-16 
 1090       1.567651246551e-10       2.940957485920e-12      -9.843034309192e-12       1.288292553455e-14       4.294968921622e-15      -5.688422223641e-17       1.406659114462e-16 
 1091       1.570591515523e-10       2.907432136184e-12      -9.790665220434e-12       1.288767900440e-14       4.279517856638e-15      -5.992080671491e-17       1.387348965978e-16 
 1092       1.573469858214e-10       2.874227088321e-12      -9.735797760297e-12       1.289240402363e-14       4.264133780929e-15      -6.293810998059e-17       1.367980637827e-16 
 1093       1.576285128572e-10       2.841349972161e-12      -9.678475168330e-12       1.289709808996e-14       4.248816476052e-15      -6.593289502859e-17       1.348558478005e-16 
 1094       1.579036174109e-10       2.808808460999e-12      -9.618741071225e-12       1.290175868294e-14       4.233565718445e-15      -6.890190196202e-17       1.329086866546e-16 
 1095       1.581721835890e-10       2.776610271684e-12      -9.556639483760e-12       1.290638326385e-14       4.218381279407e-15      -7.184184794037e-17       1.309570215591e-16 
 1096       1.584340948513e-10       2.744763164703e-12      -9.492214809731e-12       1.291096927572e-14       4.203262925085e-15      -7.474942712790e-17       1.290012969465e-16 
 1097       1.586892340103e-10       2.713274944277e-12      -9.425511842889e-12       1.291551414323e-14       4.188210416462e-15      -7.762131064196e-17       1.270419604746e-16 
 1098       1.589374832296e-10       2.682153458443e-12      -9.356575767879e-12       1.292001527271e-14       4.173223509337e-15      -8.045414650145e-17       1.250794630342e-16 
 1099       1.591787240224e-10       2.651406599148e-12      -9.285452161174e-12       1.292447005210e-14       4.158301954312e-15      -8.324455957514e-17       1.231142587559e-16 
 1100       1.594128372505e-10       2.621042302336e-12      -9.212186992013e-12       1.292887585086e-14       4.143445496780e-15      -8.598915153006e-17       1.211468050179e-16 
 1101       1.596397031227e-10       2.591068548034e-12      -9.136826623337e-12       1.293323001999e-14       4.128653876903e-15      -8.868450077991e-17       1.191775624526e-16 
 1102       1.598592011937e-10       2.561493360445e-12      -9.059417812725e-12       1.293752989193e-14       4.113926829604e-15      -9.132716243341e-17       1.172069949546e-16 
 1103       1.600712103626e-10       2.532324808036e-12      -8.980007713333e-12       1.294177278058e-14       4.099264084548e-15      -9.391366824268e-17       1.152355696874e-16 
 1104       1.602756088718e-10       2.503571003623e-12      -8.898643874826e-12       1.294595598120e-14       4.084665366129e-15      -9.644052655163e-17       1.132637570912e-16 
 1105       1.604722743052e-10       2.475240104466e-12      -8.815374244320e-12       1.295007677039e-14       4.070130393452e-15      -9.890422224435e-17       1.112920308897e-16 
 1106       1.606610835876e-10       2.447340312352e-12      -8.730247167314e-12       1.295413240607e-14       4.055658880321e-15      -1.013012166935e-16       1.093208680975e-16 
 1107       1.608419129828e-10       2.419879873688e-12      -8.643311388630e-12       1.295812012741e-14       4.041250535224e-15      -1.036279477085e-16       1.073507490276e-16 
 1108       1.610146380925e-10       2.392867079586e-12      -8.554616053346e-12       1.296203715478e-14       4.026905061315e-15      -1.058808294844e-16       1.053821572984e-16 
 1109       1.611791338549e-10       2.366310265956e-12      -8.464210707736e-12       1.296588068974e-14       4.012622156401e-15      -1.080562525496e-16       1.034155798412e-16 
 1110       1.613352745434e-10       2.340217813592e-12      -8.372145300205e-12       1.296964791499e-14       3.998401512928e-15      -1.101505837147e-16       1.014515069073e-16 
 1111       1.614829337655e-10       2.314598148260e-12      -8.278470182225e-12       1.297333599430e-14       3.984242817963e-15      -1.121601660209e-16       9.949043207539e-17 
 1112       1.616219844611e-10       2.289459740791e-12      -8.183236109273e-12       1.297694207250e-14       3.970145753183e-15      -1.140813186879e-16       9.753285225873e-17 
 1113       1.617522989013e-10       2.264811107164e-12      -8.086494241765e-12       1.298046327543e-14       3.956109994854e-15      -1.159103370629e-16       9.557926771252e-17 
 1114       1.618737486874e-10       2.240660808601e-12      -7.988296145997e-12       1.298389670989e-14       3.942135213824e-15      -1.176434925685e-16       9.363018204110e-17 
 1115       1.619862047490e-10       2.217017451651e-12      -7.888693795075e-12       1.298723946358e-14       3.928221075499e-15      -1.192770326513e-16       9.168610220529e-17 
 1116       1.620895373432e-10       2.193889688281e-12      -7.787739569860e-12       1.299048860512e-14       3.914367239837e-15      -1.208071807304e-16       8.974753852962e-17 
 1117       1.621836160530e-10       2.171286215962e-12      -7.685486259896e-12       1.299364118395e-14       3.900573361324e-15      -1.222301361453e-16       8.781500470960e-17 
 1118       1.622683097862e-10       2.149215777764e-12      -7.581987064353e-12       1.299669423029e-14       3.886839088967e-15      -1.235420741049e-16       8.588901781906e-17 
 1119       1.623434867736e-10       2.127687162437e-12      -7.477295592959e-12       1.299964475513e-14       3.873164066273e-15      -1.247391456354e-16       8.397009831734e-17 
 1120       1.624090145683e-10       2.106709204507e-12      -7.371465866941e-12       1.300248975019e-14       3.859547931238e-15      -1.258174775291e-16       8.205877005663e-17 
 1121       1.624647600439e-10       2.086290784360e-12      -7.264552319957e-12       1.300522618782e-14       3.845990316328e-15      -1.267731722921e-16       8.015556028922e-17 
 1122       1.625105893935e-10       2.066440828331e-12      -7.156609799036e-12       1.300785102102e-14       3.832490848470e-15      -1.276023080936e-16       7.826099967476e-17 
 1123       1.625463681281e-10       2.047168308797e-12      -7.047693565511e-12       1.301036118338e-14       3.819049149029e-15      -1.283009387136e-16       7.637562228758e-17 
 1124       1.625719610756e-10       2.028482244260e-12      -6.937859295962e-12       1.301275358903e-14       3.805664833799e-15      -1.288650934912e-16       7.449996562392e-17 
 1125       1.625872323792e-10       2.010391699440e-12      -6.827163083145e-12       1.301502513260e-14       3.792337512988e-15      -1.292907772738e-16       7.263457060923e-17 
 1126       1.625920454960e-10       1.992905785363e-12      -6.715661436932e-12       1.301717268917e-14       3.779066791197e-15      -1.295739703646e-16       7.077998160545e-17 
 1127       1.625862631962e-10       1.976033659447e-12      -6.603411285248e-12       1.301919311426e-14       3.765852267412e-15      -1.297106284713e-16       6.893674641827e-17 
 1128       1.625697475611e-10       1.959784525597e-12      -6.490469975009e-12       1.302108324375e-14       3.752693534985e-15      -1.296966826546e-16       6.710541630442e-17 
 1129       1.625423922448e-10       1.944165892913e-12      -6.376893111817e-12       1.302284029597e-14       3.739590222656e-15      -1.295292031228e-16       6.528642122335e-17 
 1130       1.625042197177e-10       1.929178326988e-12      -6.262728046567e-12       1.302446308372e-14       3.726542118223e-15      -1.292099072135e-16       6.347969380989e-17 
 1131       1.624552852787e-10       1.914820630853e-12      -6.148020306396e-12       1.302595081787e-14       3.713549046443e-15      -1.287416967157e-16       6.168504054883e-17 
 1132       1.623956449088e-10       1.901091580111e-12      -6.032815749004e-12       1.302730270663e-14       3.700610828131e-15      -1.281274982000e-16       5.990226608461e-17 
 1133       1.623253552729e-10       1.887989922865e-12      -5.917160563390e-12       1.302851795556e-14       3.687727280146e-15      -1.273702630757e-16       5.813117321688e-17 
 1134       1.622444737212e-10       1.875514379642e-12      -5.801101270585e-12       1.302959576757e-14       3.674898215382e-15      -1.264729676492e-16       5.637156289606e-17 
 1135       1.621530582913e-10       1.863663643315e-12      -5.684684724383e-12       1.303053534294e-14       3.662123442755e-15      -1.254386131814e-16       5.462323421881e-17 
 1136       1.620511677094e-10       1.852436379033e-12      -5.567958112076e-12       1.303133587926e-14       3.649402767197e-15      -1.242702259462e-16       5.288598442366e-17 
 1137       1.619388613925e-10       1.841831224143e-12      -5.450968955187e-12       1.303199657146e-14       3.636735989636e-15      -1.229708572875e-16       5.115960888646e-17 
 1138       1.618161994500e-10       1.831846788115e-12      -5.333765110203e-12       1.303251661182e-14       3.624122906993e-15      -1.215435836779e-16       4.944390111602e-17 
 1139       1.616832426852e-10       1.822481652470e-12      -5.216394769308e-12       1.303289518993e-14       3.611563312167e-15      -1.199915067758e-16       4.773865274955e-17 
 1140       1.615400525972e-10       1.813734370699e-12      -5.098906461119e-12       1.303313149271e-14       3.599056994024e-15      -1.183177534839e-16       4.604365354829e-17 
 1141       1.613866913825e-10       1.805603468195e-12      -4.981349051414e-12       1.303322470439e-14       3.586603737386e-15      -1.165254760065e-16       4.435869139298e-17 
 1142       1.612232219368e-10       1.798087442172e-12      -4.863771743869e-12       1.303317400654e-14       3.574203323020e-15      -1.146178519078e-16       4.268355227945e-17 
 1143       1.610497078568e-10       1.791184761595e-12      -4.746224080792e-12       1.303297857801e-14       3.561855527627e-15      -1.125980841694e-16       4.101802031415e-17 
 1144       1.608662134417e-10       1.784893867101e-12      -4.628755943854e-12       1.303263759498e-14       3.549560123831e-15      -1.104694012485e-16       3.936187770966e-17 
 1145       1.606728036949e-10       1.779213170926e-12      -4.511417554821e-12       1.303215023092e-14       3.537316880167e-15      -1.082350571355e-16       3.771490478028e-17 
 1146       1.604695443261e-10       1.774141056830e-12      -4.394259476292e-12       1.303151565659e-14       3.525125561071e-15      -1.058983314118e-16       3.607687993752e-17 
 1147       1.602565017526e-10       1.769675880022e-12      -4.277332612429e-12       1.303073304008e-14       3.512985926867e-15      -1.034625293078e-16       3.444757968571e-17 
 1148       1.600337431010e-10       1.765815967083e-12      -4.160688209690e-12       1.302980154672e-14       3.500897733758e-15      -1.009309817608e-16       3.282677861744e-17 
 1149       1.598013362094e-10       1.762559615896e-12      -4.044377857564e-12       1.302872033917e-14       3.488860733813e-15      -9.830704547283e-17       3.121424940922e-17 
 1150       1.595593496284e-10       1.759905095564e-12      -3.928453489301e-12       1.302748857734e-14       3.476874674956e-15      -9.559410296824e-17       2.960976281691e-17 
 1151       1.593078526234e-10       1.757850646341e-12      -3.812967382651e-12       1.302610541844e-14       3.464939300958e-15      -9.279556265190e-17       2.801308767135e-17 
 1152       1.590469151762e-10       1.756394479553e-12      -3.697972160591e-12       1.302457001693e-14       3.453054351420e-15      -8.991485886687e-17       2.642399087384e-17 
 1153       1.587766079864e-10       1.755534777528e-12      -3.583520792064e-12       1.302288152457e-14       3.441219561767e-15      -8.695545195227e-17       2.484223739171e-17 
 1154       1.584970024735e-10       1.755269693513e-12      -3.469666592706e-12       1.302103909034e-14       3.429434663233e-15      -8.392082830120e-17       2.326759025387e-17 
 1155       1.582081707782e-10       1.755597351608e-12      -3.356463225585e-12       1.301904186053e-14       3.417699382854e-15      -8.081450041848e-17       2.169981054630e-17 
 1156       1.579101857646e-10       1.756515846684e-12      -3.243964701933e-12       1.301688897866e-14       3.406013443454e-15      -7.764000697862e-17       2.013865740767e-17 
 1157       1.576031210216e-10       1.758023244311e-12      -3.132225381874e-12       1.301457958549e-14       3.394376563632e-15      -7.440091288358e-17       1.858388802481e-17 
 1158       1.572870508647e-10       1.760117580684e-12      -3.021299975165e-12       1.301211281906e-14       3.382788457755e-15      -7.110080932067e-17       1.703525762828e-17 
 1159       1.569620503375e-10       1.762796862547e-12      -2.911243541926e-12       1.300948781462e-14       3.371248835945e-15      -6.774331382040e-17       1.549251948793e-17 
 1160       1.566281952138e-10       1.766059067116e-12      -2.802111493369e-12       1.300670370469e-14       3.359757404068e-15      -6.433207031430e-17       1.395542490841e-17 
 1161       1.562855619992e-10       1.769902142005e-12      -2.693959592540e-12       1.300375961901e-14       3.348313863720e-15      -6.087074919283e-17       1.242372322471e-17 
 1162       1.559342279324e-10       1.774324005156e-12      -2.586843955045e-12       1.300065468454e-14       3.336917912222e-15      -5.736304736314e-17       1.089716179773e-17 
 1163       1.555742709876e-10       1.779322544756e-12      -2.480821049786e-12       1.299738802550e-14       3.325569242603e-15      -5.381268830704e-17       9.375486009803e-18 
 1164       1.552057698757e-10       1.784895619165e-12      -2.375947699695e-12       1.299395876329e-14       3.314267543590e-15      -5.022342213875e-17       7.858439260233e-18 
 1165       1.548288040460e-10       1.791041056847e-12      -2.272281082464e-12       1.299036601656e-14       3.303012499601e-15      -4.659902566280e-17       6.345762960841e-18 
 1166       1.544434536883e-10       1.797756656283e-12      -2.169878731283e-12       1.298660890117e-14       3.291803790729e-15      -4.294330243188e-17       4.837196531508e-18 
 1167       1.540497997344e-10       1.805040185908e-12      -2.068798535571e-12       1.298268653019e-14       3.280641092731e-15      -3.926008280468e-17       3.332477395714e-18 
 1168       1.536479368241e-10       1.812888377087e-12      -1.969092550405e-12       1.297859836684e-14       3.269524108907e-15      -3.555280825762e-17       1.831413993965e-18 
 1169       1.532380123775e-10       1.821293889429e-12      -1.870788338543e-12       1.297434528831e-14       3.258452666184e-15      -3.182327850914e-17       3.341058332393e-19 
 1170       1.528201880151e-10       1.830248307350e-12      -1.773907396391e-12       1.296992853526e-14       3.247426620210e-15      -2.807288883299e-17      -1.159273817814e-18 
 1171       1.523946266408e-10       1.839743143413e-12      -1.678471324318e-12       1.296534936007e-14       3.236445823570e-15      -2.430304440374e-17      -2.648550695063e-18 
 1172       1.519614924444e-10       1.849769838160e-12      -1.584501826846e-12       1.296060902691e-14       3.225510125773e-15      -2.051516031806e-17      -4.133549536935e-18 
 1173       1.515209509046e-10       1.860319759949e-12      -1.492020712836e-12       1.295570881175e-14       3.214619373248e-15      -1.671066161604e-17      -5.614094082458e-18 
 1174       1.510731687920e-10       1.871384204793e-12      -1.401049895682e-12       1.295065000236e-14       3.203773409334e-15      -1.289098330255e-17      -7.090007069302e-18 
 1175       1.506183141717e-10       1.882954396193e-12      -1.311611393496e-12       1.294543389839e-14       3.192972074269e-15      -9.057570368462e-18      -8.561110231823e-18 
 1176       1.501565564065e-10       1.895021484978e-12      -1.223727329300e-12       1.294006181135e-14       3.182215205188e-15      -5.211877812060e-18      -1.002722429910e-17 
 1177       1.496880661592e-10       1.907576549138e-12      -1.137419931213e-12       1.293453506464e-14       3.171502636107e-15      -1.355370660287e-18      -1.148816899298e-17 
 1178       1.492130153961e-10       1.920610593663e-12      -1.052711532640e-12       1.292885499362e-14       3.160834197923e-15       2.510476009912e-18      -1.294376302612e-17 
 1179       1.487315773893e-10       1.934114550380e-12      -9.696245724647e-13       1.292302294558e-14       3.150209718396e-15       6.384177050286e-18      -1.439382410003e-17 
 1180       1.482439267199e-10       1.948079277787e-12      -8.881815952336e-13       1.291704027982e-14       3.139629022149e-15       1.026423721996e-17      -1.583816890310e-17 
 1181       1.477502392809e-10       1.962495560891e-12      -8.084052513489e-13       1.291090836763e-14       3.129091930656e-15       1.414915116413e-17      -1.727661310867e-17 
 1182       1.472506922795e-10       1.977354111045e-12      -7.303182972559e-13       1.290462859234e-14       3.118598262232e-15       1.803740339273e-17      -1.870897137304e-17 
 1183       1.467454642408e-10       1.992645565783e-12      -6.539435956325e-13       1.289820234935e-14       3.108147832028e-15       2.192746825915e-17      -2.013505733354e-17 
 1184       1.462347350098e-10       2.008360488658e-12      -5.793041155784e-13       1.289163104615e-14       3.097740452020e-15       2.581780993890e-17      -2.155468360656e-17 
 1185       1.457186857548e-10       2.024489369077e-12      -5.064229328043e-13       1.288491610236e-14       3.087375931004e-15       2.970688240829e-17      -2.296766178558e-17 
 1186       1.451974989702e-10       2.041022622140e-12      -4.353232298208e-13       1.287805894971e-14       3.077054074583e-15       3.359312942315e-17      -2.437380243921e-17 
 1187       1.446713584792e-10       2.057950588473e-12      -3.660282961276e-13       1.287106103215e-14       3.066774685163e-15       3.747498449747e-17      -2.577291510928e-17 
 1188       1.441404494367e-10       2.075263534067e-12      -2.985615284030e-13       1.286392380578e-14       3.056537561940e-15       4.135087088214e-17      -2.716480830882e-17 
 1189       1.436049583320e-10       2.092951650115e-12      -2.329464306922e-13       1.285664873896e-14       3.046342500896e-15       4.521920154358e-17      -2.854928952012e-17 
 1190       1.430650729921e-10       2.111005052847e-12      -1.692066145974e-13       1.284923731229e-14       3.036189294789e-15       4.907837914247e-17      -2.992616519279e-17 
 1191       1.425209825840e-10       2.129413783364e-12      -1.073657994662e-13       1.284169101865e-14       3.026077733145e-15       5.292679601244e-17      -3.129524074180e-17 
 1192       1.419728776180e-10       2.148167807483e-12      -4.744781258117e-14       1.283401136323e-14       3.016007602246e-15       5.676283413869e-17      -3.265632054549e-17 
 1193       1.414209499503e-10       2.167257015562e-12       1.052341065130e-14       1.282619986353e-14       3.005978685129e-15       6.058486513679e-17      -3.400920794365e-17 
 1194       1.408653927858e-10       2.186671222347e-12       6.652382651171e-14       1.281825804945e-14       2.995990761569e-15       6.439125023124e-17      -3.535370523554e-17 
 1195       1.403064006813e-10       2.206400166801e-12       1.205292827784e-13       1.281018746324e-14       2.986043608079e-15       6.818034023426e-17      -3.668961367792e-17 
 1196       1.397441695479e-10       2.226433511946e-12       1.725155185382e-13       1.280198965959e-14       2.976136997894e-15       7.195047552442e-17      -3.801673348314e-17 
 1197       1.391788966543e-10       2.246760844694e-12       2.224581639979e-13       1.279366620560e-14       2.966270700969e-15       7.569998602535e-17      -3.933486381713e-17 
 1198       1.386107806292e-10       2.267371675688e-12       2.703327402943e-13       1.278521868086e-14       2.956444483967e-15       7.942719118440e-17      -4.064380279746e-17 
 1199       1.380400214645e-10       2.288255439139e-12       3.161146593056e-13       1.277664867745e-14       2.946658110250e-15       8.313039995137e-17      -4.194334749138e-17 
 1200       1.374668205181e-10       2.309401492656e-12       3.597792234622e-13       1.276795779997e-14       2.936911339874e-15       8.680791075716e-17      -4.323329391388e-17 
 1201       1.368913805165e-10       2.330799117090e-12       4.013016255576e-13       1.275914766556e-14       2.927203929577e-15       9.045801149247e-17      -4.451343702571e-17 
 1202       1.363139055581e-10       2.352437516368e-12       4.406569485590e-13       1.275021990395e-14       2.917535632774e-15       9.407897948648e-17      -4.578357073141e-17 
 1203       1.357346011154e-10       2.374305817327e-12       4.778201654185e-13       1.274117615744e-14       2.907906199545e-15       9.766908148556e-17      -4.704348787741e-17 
 1204       1.351536740385e-10       2.396393069554e-12       5.127661388838e-13       1.273201808100e-14       2.898315376630e-15       1.012265736319e-16      -4.829298024998e-17 
 1205       1.345713325578e-10       2.418688245220e-12       5.454696213091e-13       1.272274734222e-14       2.888762907419e-15       1.047497014423e-16      -4.953183857336e-17 
 1206       1.339877862865e-10       2.441180238917e-12       5.759052544661e-13       1.271336562138e-14       2.879248531943e-15       1.082366997868e-16      -5.075985250776e-17 
 1207       1.334032365904e-10       2.463858083697e-12       6.040537519781e-13       1.270387471789e-14       2.869772011840e-15       1.116864875707e-16      -5.197682118667e-17 
 1208       1.328178475626e-10       2.486711602366e-12       6.299205289597e-13       1.269427687096e-14       2.860333205596e-15       1.151007610328e-16      -5.318258497250e-17 
 1209       1.322317747029e-10       2.509730763751e-12       6.535172976096e-13       1.268457444282e-14       2.850931994200e-15       1.184819257552e-16      -5.437699408166e-17 
 1210       1.316451745213e-10       2.532905467068e-12       6.748559053702e-13       1.267476981277e-14       2.841568256243e-15       1.218324042951e-16      -5.555989807901e-17 
 1211       1.310582045402e-10       2.556225541780e-12       6.939483352479e-13       1.266486537717e-14       2.832241867915e-15       1.251546362203e-16      -5.673114587680e-17 
 1212       1.304710232963e-10       2.579680747447e-12       7.108067061320e-13       1.265486354948e-14       2.822952702998e-15       1.284510781455e-16      -5.789058573360e-17 
 1213       1.298837903426e-10       2.603260773582e-12       7.254432731153e-13       1.264476676028e-14       2.813700632858e-15       1.317242037679e-16      -5.903806525319e-17 
 1214       1.292966662507e-10       2.626955239507e-12       7.378704278130e-13       1.263457745736e-14       2.804485526440e-15       1.349765039032e-16      -6.017343138343e-17 
 1215       1.287098126128e-10       2.650753694204e-12       7.481006986831e-13       1.262429810571e-14       2.795307250264e-15       1.382104865216e-16      -6.129653041526e-17 
 1216       1.281233920436e-10       2.674645616172e-12       7.561467513454e-13       1.261393118755e-14       2.786165668413e-15       1.414286767831e-16      -6.240720798152e-17 
 1217       1.275375681823e-10       2.698620413280e-12       7.620213889019e-13       1.260347920239e-14       2.777060642533e-15       1.446336170740e-16      -6.350530905589e-17 
 1218       1.269525056952e-10       2.722667422623e-12       7.657375522560e-13       1.259294466707e-14       2.767992031822e-15       1.478278670424e-16      -6.459067795184e-17 
 1219       1.263683702770e-10       2.746775910373e-12       7.673083204326e-13       1.258233011577e-14       2.758959693024e-15       1.510140036343e-16      -6.566315832147e-17 
 1220       1.257853286535e-10       2.770935071637e-12       7.667469108973e-13       1.257163810006e-14       2.749963480427e-15       1.541946211291e-16      -6.672259315446e-17 
 1221       1.252035485832e-10       2.795134030308e-12       7.640666798768e-13       1.256087118893e-14       2.741003245853e-15       1.573723311759e-16      -6.776882477698e-17 
 1222       1.246231988597e-10       2.819361838922e-12       7.592811226779e-13       1.255003196885e-14       2.732078838650e-15       1.605497628290e-16      -6.880169485058e-17 
 1223       1.240444493135e-10       2.843607478511e-12       7.524038740077e-13       1.253912304376e-14       2.723190105690e-15       1.637295625839e-16      -6.982104437111e-17 
 1224       1.234674708141e-10       2.867859858458e-12       7.434487082932e-13       1.252814703515e-14       2.714336891361e-15       1.669143944134e-16      -7.082671366764e-17 
 1225       1.228924352725e-10       2.892107816349e-12       7.324295400006e-13       1.251710658206e-14       2.705519037560e-15       1.701069398028e-16      -7.181854240133e-17 
 1226       1.223195156424e-10       2.916340117831e-12       7.193604239558e-13       1.250600434114e-14       2.696736383685e-15       1.733098977867e-16      -7.279636956439e-17 
 1227       1.217488859231e-10       2.940545456463e-12       7.042555556635e-13       1.249484298669e-14       2.687988766635e-15       1.765259849839e-16      -7.376003347896e-17 
 1228       1.211807211610e-10       2.964712453573e-12       6.871292716269e-13       1.248362521066e-14       2.679276020795e-15       1.797579356341e-16      -7.470937179603e-17 
 1229       1.206151974520e-10       2.988829658110e-12       6.679960496679e-13       1.247235372273e-14       2.670597978037e-15       1.830085016331e-16      -7.564422149432e-17 
 1230       1.200524919433e-10       3.012885546499e-12       6.468705092461e-13       1.246103125031e-14       2.661954467710e-15       1.862804525691e-16      -7.656441887924e-17 
 1231       1.194927828358e-10       3.036868522498e-12       6.237674117793e-13       1.244966053859e-14       2.653345316634e-15       1.895765757583e-16      -7.746979958174e-17 
 1232       1.189362493857e-10       3.060766917046e-12       5.987016609625e-13       1.243824435058e-14       2.644770349094e-15       1.928996762809e-16      -7.836019855728e-17 
 1233       1.183830719070e-10       3.084568988124e-12       5.716883030881e-13       1.242678546715e-14       2.636229386834e-15       1.962525770170e-16      -7.923545008470e-17 
 1234       1.178334317731e-10       3.108262920606e-12       5.427425273654e-13       1.241528668705e-14       2.627722249051e-15       1.996381186822e-16      -8.009538776513e-17 
 1235       1.172875114194e-10       3.131836826114e-12       5.118796662402e-13       1.240375082694e-14       2.619248752388e-15       2.030591598639e-16      -8.093984452092e-17 
 1236       1.167454943450e-10       3.155278742871e-12       4.791151957147e-13       1.239218072145e-14       2.610808710927e-15       2.065185770567e-16      -8.176865259451e-17 
 1237       1.162075651147e-10       3.178576635557e-12       4.444647356673e-13       1.238057922321e-14       2.602401936185e-15       2.100192646986e-16      -8.258164354740e-17 
 1238       1.156739093614e-10       3.201718395164e-12       4.079440501719e-13       1.236894920286e-14       2.594028237104e-15       2.135641352067e-16      -8.337864825900e-17 
 1239       1.151447137879e-10       3.224691838846e-12       3.695690478180e-13       1.235729354913e-14       2.585687420048e-15       2.171561190130e-16      -8.415949692557e-17 
 1240       1.146201661689e-10       3.247484709779e-12       3.293557820302e-13       1.234561516883e-14       2.577379288796e-15       2.207981646005e-16      -8.492401905913e-17 
 1241       1.141004553533e-10       3.270084677011e-12       2.873204513882e-13       1.233391698691e-14       2.569103644536e-15       2.244932385388e-16      -8.567204348635e-17 
 1242       1.135857712661e-10       3.292479335320e-12       2.434793999461e-13       1.232220194649e-14       2.560860285854e-15       2.282443255203e-16      -8.640339834747e-17 
 1243       1.130763049105e-10       3.314656205064e-12       1.978491175521e-13       1.231047300891e-14       2.552649008736e-15       2.320544283955e-16      -8.711791109523e-17 
 1244       1.125722483700e-10       3.336602732038e-12       1.504462401688e-13       1.229873315373e-14       2.544469606555e-15       2.359265682094e-16      -8.781540849372e-17 
 1245       1.120737948102e-10       3.358306287328e-12       1.012875501923e-13       1.228698537882e-14       2.536321870068e-15       2.398637842373e-16      -8.849571661736e-17 
 1246       1.115811158487e-10       3.379755347050e-12       5.039271814559e-14       1.227523252679e-14       2.528205607086e-15       2.438679767483e-16      -8.915870405992e-17 
 1247       1.110942933681e-10       3.400943047010e-12      -2.207437679110e-15       1.226347676226e-14       2.520120701768e-15       2.479364203651e-16      -8.980441211877e-17 
 1248       1.106133869067e-10       3.421863669456e-12      -5.647911332185e-14       1.225172008854e-14       2.512067056010e-15       2.520652098690e-16      -9.043292613584e-17 
 1249       1.101384562190e-10       3.442511466928e-12      -1.123882512071e-13       1.223996452067e-14       2.504044569827e-15       2.562504137083e-16      -9.104433242826e-17 
 1250       1.096695612763e-10       3.462880662198e-12      -1.699005396121e-13       1.222821208543e-14       2.496053141348e-15       2.604880739438e-16      -9.163871829060e-17 
 1251       1.092067622664e-10       3.482965448217e-12      -2.289814121359e-13       1.221646482137e-14       2.488092666808e-15       2.647742061963e-16      -9.221617199715e-17 
 1252       1.087501195945e-10       3.502759988063e-12      -2.895960471673e-13       1.220472477878e-14       2.480163040547e-15       2.691047995925e-16      -9.277678280411e-17 
 1253       1.082996938832e-10       3.522258414882e-12      -3.517093673539e-13       1.219299401982e-14       2.472264155004e-15       2.734758167114e-16      -9.332064095189e-17 
 1254       1.078555459727e-10       3.541454831837e-12      -4.152860390706e-13       1.218127461842e-14       2.464395900710e-15       2.778831935314e-16      -9.384783766733e-17 
 1255       1.074177369216e-10       3.560343312053e-12      -4.802904718879e-13       1.216956866039e-14       2.456558166287e-15       2.823228393759e-16      -9.435846516594e-17 
 1256       1.069863280067e-10       3.578917898559e-12      -5.466868180409e-13       1.215787824340e-14       2.448750838441e-15       2.867906368607e-16      -9.485261665415e-17 
 1257       1.065613807234e-10       3.597172604238e-12      -6.144389718973e-13       1.214620547703e-14       2.440973801955e-15       2.912824418398e-16      -9.533038633159e-17 
 1258       1.061429567865e-10       3.615101411770e-12      -6.835105694266e-13       1.213455248276e-14       2.433226939690e-15       2.957940833521e-16      -9.579186939328e-17 
 1259       1.057311181298e-10       3.632698273578e-12      -7.538649876683e-13       1.212292139401e-14       2.425510132575e-15       3.003213635682e-16      -9.623716203191e-17 
 1260       1.053259269067e-10       3.649957111773e-12      -8.254653442003e-13       1.211131435617e-14       2.417823259605e-15       3.048600577362e-16      -9.666636144009e-17 
 1261       1.049274454909e-10       3.666871818100e-12      -8.982744966081e-13       1.209973352660e-14       2.410166197833e-15       3.094059141288e-16      -9.707956581259e-17 
 1262       1.045357364762e-10       3.683436253883e-12      -9.722550419526e-13       1.208818107468e-14       2.402538822369e-15       3.139546539896e-16      -9.747687434856e-17 
 1263       1.041508626767e-10       3.699644249971e-12      -1.047369316239e-12       1.207665918180e-14       2.394941006375e-15       3.185019714795e-16      -9.785838725382e-17 
 1264       1.037728871278e-10       3.715489606681e-12      -1.123579393887e-12       1.206517004142e-14       2.387372621056e-15       3.230435336232e-16      -9.822420574309e-17 
 1265       1.034018730859e-10       3.730966093749e-12      -1.200847087195e-12       1.205371585905e-14       2.379833535661e-15       3.275749802556e-16      -9.857443204220e-17 
 1266       1.030378840289e-10       3.746067450268e-12      -1.279133945813e-12       1.204229885230e-14       2.372323617471e-15       3.320919239687e-16      -9.890916939041e-17 
 1267       1.026809836566e-10       3.760787384640e-12      -1.358401256210e-12       1.203092125091e-14       2.364842731803e-15       3.365899500574e-16      -9.922852204258e-17 
 1268       1.023312358910e-10       3.775119574517e-12      -1.438610041141e-12       1.201958529674e-14       2.357390741997e-15       3.410646164668e-16      -9.953259527147e-17 
 1269       1.019887048762e-10       3.789057666750e-12      -1.519721059119e-12       1.200829324382e-14       2.349967509418e-15       3.455114537378e-16      -9.982149536995e-17 
 1270       1.016534549795e-10       3.802595277331e-12      -1.601694803879e-12       1.199704735835e-14       2.342572893444e-15       3.499259649544e-16      -1.000953296533e-16 
 1271       1.013255507911e-10       3.815725991341e-12      -1.684491503850e-12       1.198584991877e-14       2.335206751469e-15       3.543036256895e-16      -1.003542064613e-16 
 1272       1.010050571243e-10       3.828443362892e-12      -1.768071121621e-12       1.197470321569e-14       2.327868938892e-15       3.586398839520e-16      -1.005982351608e-16 
 1273       1.006920390166e-10       3.840740915078e-12      -1.852393353414e-12       1.196360955202e-14       2.320559309115e-15       3.629301601327e-16      -1.008275261477e-16 
 1274       1.003865617291e-10       3.852612139916e-12      -1.937417628547e-12       1.195257124292e-14       2.313277713539e-15       3.671698469513e-16      -1.010421908490e-16 
 1275       1.000886907474e-10       3.864050498292e-12      -2.023103108907e-12       1.194159061584e-14       2.306024001557e-15       3.713543094024e-16      -1.012423417256e-16 
 1276       9.979849178165e-11       3.875049419908e-12      -2.109408688415e-12       1.193067001054e-14       2.298798020549e-15       3.754788847026e-16      -1.014280922743e-16 
 1277       9.951603076698e-11       3.885602303226e-12      -2.196292992498e-12       1.191981177915e-14       2.291599615879e-15       3.795388822361e-16      -1.015995570296e-16 
 1278       9.924137386374e-11       3.895702515415e-12      -2.283714377554e-12       1.190901828612e-14       2.284428630892e-15       3.835295835022e-16      -1.017568515669e-16 
 1279       9.897458745785e-11       3.905343392293e-12      -2.371630930425e-12       1.189829190830e-14       2.277284906903e-15       3.874462420610e-16      -1.019000925036e-16 
 1280       9.871573816109e-11       3.914518238277e-12      -2.460000467861e-12       1.188763503495e-14       2.270168283198e-15       3.912840834802e-16      -1.020293975024e-16 
 1281       9.846489281144e-11       3.923220326325e-12      -2.548780535991e-12       1.187705006775e-14       2.263078597027e-15       3.950383052816e-16      -1.021448852728e-16 
 1282       9.822211847336e-11       3.931442897885e-12      -2.637928409792e-12       1.186653942082e-14       2.256015683599e-15       3.987040768874e-16      -1.022466755738e-16 
 1283       9.798748243810e-11       3.939179162834e-12      -2.727401092556e-12       1.185610552077e-14       2.248979376078e-15       4.022765395671e-16      -1.023348892159e-16 
 1284       9.776105222404e-11       3.946422299432e-12      -2.817155315360e-12       1.184575080668e-14       2.241969505576e-15       4.057508063834e-16      -1.024096480634e-16 
 1285       9.754287497528e-11       3.953166824075e-12      -2.907149273999e-12       1.183547740951e-14       2.234985916734e-15       4.091232553116e-16      -1.024710723048e-16 
 1286       9.733291540031e-11       3.959412717756e-12      -2.997347862490e-12       1.182528618606e-14       2.228028514656e-15       4.123954248050e-16      -1.025192722255e-16 
 1287       9.713111712785e-11       3.965161346444e-12      -3.087717498057e-12       1.181517767406e-14       2.221097218500e-15       4.155701624444e-16      -1.025543563457e-16 
 1288       9.693742324334e-11       3.970414095578e-12      -3.178224388659e-12       1.180515241180e-14       2.214191945934e-15       4.186503358268e-16      -1.025764341464e-16 
 1289       9.675177628773e-11       3.975172370110e-12      -3.268834532586e-12       1.179521093814e-14       2.207312613140e-15       4.216388326057e-16      -1.025856160708e-16 
 1290       9.657411825632e-11       3.979437594548e-12      -3.359513718057e-12       1.178535379252e-14       2.200459134805e-15       4.245385605317e-16      -1.025820135269e-16 
 1291       9.640439059756e-11       3.983211213003e-12      -3.450227522810e-12       1.177558151493e-14       2.193631424121e-15       4.273524474926e-16      -1.025657388894e-16 
 1292       9.624253421186e-11       3.986494689234e-12      -3.540941313698e-12       1.176589464594e-14       2.186829392776e-15       4.300834415540e-16      -1.025369055013e-16 
 1293       9.608848945042e-11       3.989289506692e-12      -3.631620246286e-12       1.175629372667e-14       2.180052950957e-15       4.327345109996e-16      -1.024956276768e-16 
 1294       9.594219611405e-11       3.991597168563e-12      -3.722229264444e-12       1.174677929883e-14       2.173302007343e-15       4.353086443716e-16      -1.024420207024e-16 
 1295       9.580359345196e-11       3.993419197819e-12      -3.812733099940e-12       1.173735190466e-14       2.166576469098e-15       4.378088505110e-16      -1.023762008397e-16 
 1296       9.567262016059e-11       3.994757137256e-12      -3.903096272039e-12       1.172801208700e-14       2.159876241875e-15       4.402381585984e-16      -1.022982853272e-16 
 1297       9.554921438242e-11       3.995612549542e-12      -3.993283087095e-12       1.171876038921e-14       2.153201229806e-15       4.425996181938e-16      -1.022083923821e-16 
 1298       9.543331370482e-11       3.995987017262e-12      -4.083257638144e-12       1.170959735524e-14       2.146551335499e-15       4.448962992774e-16      -1.021066412027e-16 
 1299       9.532485515879e-11       3.995882142963e-12      -4.172983804504e-12       1.170052352959e-14       2.139926460040e-15       4.471312922897e-16      -1.019931519704e-16 
 1300       9.522377521786e-11       3.995299549198e-12      -4.262425251364e-12       1.169153945731e-14       2.133326502980e-15       4.493077081723e-16      -1.018680458513e-16 
 1301       9.513000979685e-11       3.994240878573e-12      -4.351545429382e-12       1.168264568402e-14       2.126751362340e-15       4.514286784078e-16      -1.017314449989e-16 
 1302       9.504349425069e-11       3.992707793787e-12      -4.440307574280e-12       1.167384275588e-14       2.120200934602e-15       4.534973550605e-16      -1.015834725559e-16 
 1303       9.496416337327e-11       3.990701977683e-12      -4.528674706437e-12       1.166513121962e-14       2.113675114707e-15       4.555169108169e-16      -1.014242526560e-16 
 1304       9.489195139622e-11       3.988225133290e-12      -4.616609630486e-12       1.165651162251e-14       2.107173796053e-15       4.574905390256e-16      -1.012539104262e-16 
 1305       9.482679198773e-11       3.985278983865e-12      -4.704074934904e-12       1.164798451238e-14       2.100696870488e-15       4.594214537382e-16      -1.010725719889e-16 
 1306       9.476861825137e-11       3.981865272945e-12      -4.791032991613e-12       1.163955043761e-14       2.094244228308e-15       4.613128897494e-16      -1.008803644637e-16 
 1307       9.471736272494e-11       3.977985764385e-12      -4.877445955571e-12       1.163120994713e-14       2.087815758255e-15       4.631681026375e-16      -1.006774159696e-16 
 1308       9.467295737921e-11       3.973642242406e-12      -4.963275764367e-12       1.162296359041e-14       2.081411347510e-15       4.649903688049e-16      -1.004638556272e-16 
 1309       9.463533361680e-11       3.968836511641e-12      -5.048484137817e-12       1.161481191748e-14       2.075030881691e-15       4.667829855180e-16      -1.002398135605e-16 
 1310       9.460442227097e-11       3.963570397177e-12      -5.133032577557e-12       1.160675547891e-14       2.068674244850e-15       4.685492709484e-16      -1.000054208988e-16 
 1311       9.458015360445e-11       3.957845744602e-12      -5.216882366640e-12       1.159879482581e-14       2.062341319470e-15       4.702925642124e-16      -9.976080977937e-17 
 1312       9.456245730822e-11       3.951664420049e-12      -5.299994569129e-12       1.159093050986e-14       2.056031986457e-15       4.720162254121e-16      -9.950611334885e-17 
 1313       9.455126250037e-11       3.945028310241e-12      -5.382330029691e-12       1.158316308325e-14       2.049746125141e-15       4.737236356755e-16      -9.924146576564e-17 
 1314       9.454649772489e-11       3.937939322536e-12      -5.463849373194e-12       1.157549309873e-14       2.043483613270e-15       4.754181971967e-16      -9.896700220187e-17 
 1315       9.454809095047e-11       3.930399384973e-12      -5.544513004302e-12       1.156792110958e-14       2.037244327009e-15       4.771033332768e-16      -9.868285884541e-17 
 1316       9.455596956936e-11       3.922410446315e-12      -5.624281107066e-12       1.156044766964e-14       2.031028140931e-15       4.787824883636e-16      -9.838917290197e-17 
 1317       9.457006039615e-11       3.913974476095e-12      -5.703113644523e-12       1.155307333326e-14       2.024834928019e-15       4.804591280927e-16      -9.808608259712e-17 
 1318       9.459028966660e-11       3.905093464660e-12      -5.780970358287e-12       1.154579865536e-14       2.018664559659e-15       4.821367393273e-16      -9.777372717836e-17 
 1319       9.461658303645e-11       3.895769423217e-12      -5.857810768148e-12       1.153862419138e-14       2.012516905638e-15       4.838188301992e-16      -9.745224691714e-17 
 1320       9.464886558022e-11       3.886004383878e-12      -5.933594171663e-12       1.153155049728e-14       2.006391834138e-15       4.855089301484e-16      -9.712178311092e-17 
 1321       9.468706179006e-11       3.875800399704e-12      -6.008279643751e-12       1.152457812959e-14       2.000289211735e-15       4.872105899643e-16      -9.678247808522e-17 
 1322       9.473109557454e-11       3.865159544749e-12      -6.081826036292e-12       1.151770764533e-14       1.994208903395e-15       4.889273818254e-16      -9.643447519568e-17 
 1323       9.478089025748e-11       3.854083914107e-12      -6.154191977716e-12       1.151093960210e-14       1.988150772469e-15       4.906628993403e-16      -9.607791883007e-17 
 1324       9.483636121279e-11       3.842576397557e-12      -6.225340459093e-12       1.150427429339e-14       1.982114693074e-15       4.924198185859e-16      -9.571294560284e-17 
 1325       9.489739368249e-11       3.830643009753e-12      -6.295252648636e-12       1.149771095165e-14       1.976100587394e-15       4.941970697952e-16      -9.533965782803e-17 
 1326       9.496386471140e-11       3.818290585854e-12      -6.363914228948e-12       1.149124853643e-14       1.970108388788e-15       4.959926345161e-16      -9.495814975744e-17 
 1327       9.503565048714e-11       3.805526010358e-12      -6.431310824281e-12       1.148488599821e-14       1.964138029431e-15       4.978044817555e-16      -9.456851636311e-17 
 1328       9.511262633849e-11       3.792356217201e-12      -6.497428000442e-12       1.147862227835e-14       1.958189440320e-15       4.996305679556e-16      -9.417085333867e-17 
 1329       9.519466673367e-11       3.778788189853e-12      -6.562251264708e-12       1.147245630908e-14       1.952262551266e-15       5.014688369701e-16      -9.376525710088e-17 
 1330       9.528164527867e-11       3.764828961414e-12      -6.625766065725e-12       1.146638701350e-14       1.946357290893e-15       5.033172200400e-16      -9.335182479101e-17 
 1331       9.537343471554e-11       3.750485614717e-12      -6.687957793424e-12       1.146041330552e-14       1.940473586634e-15       5.051736357703e-16      -9.293065427631e-17 
 1332       9.546990692072e-11       3.735765282420e-12      -6.748811778927e-12       1.145453408988e-14       1.934611364730e-15       5.070359901056e-16      -9.250184415145e-17 
 1333       9.557093290336e-11       3.720675147109e-12      -6.808313294455e-12       1.144874826210e-14       1.928770550225e-15       5.089021763068e-16      -9.206549373996e-17 
 1334       9.567638280359e-11       3.705222441392e-12      -6.866447553235e-12       1.144305470848e-14       1.922951066965e-15       5.107700749267e-16      -9.162170309572e-17 
 1335       9.578612589088e-11       3.689414447999e-12      -6.923199709412e-12       1.143745230609e-14       1.917152837594e-15       5.126375537868e-16      -9.117057300432e-17 
 1336       9.590003056233e-11       3.673258499877e-12      -6.978554857956e-12       1.143193992272e-14       1.911375783552e-15       5.145024679528e-16      -9.071220498459e-17 
 1337       9.601796434096e-11       3.656761980293e-12      -7.032498034570e-12       1.142651641688e-14       1.905619825073e-15       5.163626597112e-16      -9.024670128999e-17 
 1338       9.613979387408e-11       3.639932322927e-12      -7.085014215597e-12       1.142118063779e-14       1.899884881178e-15       5.182159585453e-16      -8.977416491007e-17 
 1339       9.626538493154e-11       3.622777011971e-12      -7.136088317933e-12       1.141593142533e-14       1.894170869677e-15       5.200601811115e-16      -8.929469957196e-17 
 1340       9.639460240407e-11       3.605303582228e-12      -7.185705198930e-12       1.141076761006e-14       1.888477707165e-15       5.218931312152e-16      -8.880840974172e-17 
 1341       9.652731030158e-11       3.587519619209e-12      -7.233849656308e-12       1.140568801316e-14       1.882805309017e-15       5.237125997870e-16      -8.831540062587e-17 
 1342       9.666337175151e-11       3.569432759231e-12      -7.280506428062e-12       1.140069144645e-14       1.877153589388e-15       5.255163648593e-16      -8.781577817282e-17 
 1343       9.680264899709e-11       3.551050689515e-12      -7.325660192374e-12       1.139577671235e-14       1.871522461207e-15       5.273021915419e-16      -8.730964907427e-17 
 1344       9.694500339566e-11       3.532381148282e-12      -7.369295567513e-12       1.139094260386e-14       1.865911836178e-15       5.290678319982e-16      -8.679712076670e-17 
 1345       9.709029541702e-11       3.513431924856e-12      -7.411397111755e-12       1.138618790453e-14       1.860321624774e-15       5.308110254220e-16      -8.627830143282e-17 
 1346       9.723838464171e-11       3.494210859753e-12      -7.451949323281e-12       1.138151138847e-14       1.854751736236e-15       5.325294980127e-16      -8.575330000297e-17 
 1347       9.738912975931e-11       3.474725844788e-12      -7.490936640092e-12       1.137691182033e-14       1.849202078569e-15       5.342209629524e-16      -8.522222615661e-17 
 1348       9.754238856679e-11       3.454984823168e-12      -7.528343439915e-12       1.137238795522e-14       1.843672558540e-15       5.358831203813e-16      -8.468519032374e-17 
 1349       9.769801796680e-11       3.434995789590e-12      -7.564154040111e-12       1.136793853880e-14       1.838163081675e-15       5.375136573742e-16      -8.414230368636e-17 
 1350       9.785587396597e-11       3.414766790339e-12      -7.598352697585e-12       1.136356230713e-14       1.832673552256e-15       5.391102479167e-16      -8.359367817990e-17 
 1351       9.801581167324e-11       3.394305923387e-12      -7.630923608695e-12       1.135925798678e-14       1.827203873317e-15       5.406705528815e-16      -8.303942649470e-17 
 1352       9.817768529816e-11       3.373621338491e-12      -7.661850909157e-12       1.135502429471e-14       1.821753946646e-15       5.421922200039e-16      -8.247966207740e-17 
 1353       9.834134814921e-11       3.352721237287e-12      -7.691118673956e-12       1.135085993831e-14       1.816323672774e-15       5.436728838587e-16      -8.191449913242e-17 
 1354       9.850665263212e-11       3.331613873394e-12      -7.718710917257e-12       1.134676361535e-14       1.810912950979e-15       5.451101658360e-16      -8.134405262342e-17 
 1355       9.867345024816e-11       3.310307552506e-12      -7.744611592307e-12       1.134273401397e-14       1.805521679282e-15       5.465016741174e-16      -8.076843827470e-17 
 1356       9.884159159246e-11       3.288810632494e-12      -7.768804591350e-12       1.133876981267e-14       1.800149754441e-15       5.478450036523e-16      -8.018777257271e-17 
 1357       9.901092635231e-11       3.267131523502e-12      -7.791273745531e-12       1.133486968030e-14       1.794797071952e-15       5.491377361338e-16      -7.960217276740e-17 
 1358       9.918130330552e-11       3.245278688044e-12      -7.812002824807e-12       1.133103227598e-14       1.789463526043e-15       5.503774399749e-16      -7.901175687378e-17 
 1359       9.935257031866e-11       3.223260641102e-12      -7.830975537853e-12       1.132725624917e-14       1.784149009673e-15       5.515616702851e-16      -7.841664367327e-17 
 1360       9.952457434544e-11       3.201085950227e-12      -7.848175531973e-12       1.132354023959e-14       1.778853414530e-15       5.526879688459e-16      -7.781695271520e-17 
 1361       9.969716142495e-11       3.178763235634e-12      -7.863586393009e-12       1.131988287720e-14       1.773576631026e-15       5.537538640875e-16      -7.721280431824e-17 
 1362       9.987017668006e-11       3.156301170297e-12      -7.877191645246e-12       1.131628278221e-14       1.768318548294e-15       5.547568710644e-16      -7.660431957182e-17 
 1363       1.000434721206e-10       3.133708304812e-12      -7.888979244937e-12       1.131273850192e-14       1.763079064063e-15       5.556949889763e-16      -7.599161298923e-17 
 1364       1.002169301485e-10       3.110992539703e-12      -7.898955113809e-12       1.130924832047e-14       1.757858114391e-15       5.565681996158e-16      -7.537477037761e-17 
 1365       1.003904403015e-10       3.088161647647e-12      -7.907129750562e-12       1.130581044698e-14       1.752655644241e-15       5.573769849486e-16      -7.475387073338e-17 
 1366       1.005638914698e-10       3.065223448285e-12      -7.913513750634e-12       1.130242307854e-14       1.747471597639e-15       5.581218310367e-16      -7.412899357007e-17 
 1367       1.007371718950e-10       3.042185808313e-12      -7.918117806393e-12       1.129908440011e-14       1.742305917666e-15       5.588032280459e-16      -7.350021891934e-17 
 1368       1.009101691690e-10       3.019056641565e-12      -7.920952707339e-12       1.129579258455e-14       1.737158546458e-15       5.594216702547e-16      -7.286762733185e-17 
 1369       1.010827702324e-10       2.995843909101e-12      -7.922029340302e-12       1.129254579259e-14       1.732029425206e-15       5.599776560624e-16      -7.223129987834e-17 
 1370       1.012548613741e-10       2.972555619292e-12      -7.921358689639e-12       1.128934217278e-14       1.726918494148e-15       5.604716879973e-16      -7.159131815053e-17 
 1371       1.014263282291e-10       2.949199827910e-12      -7.918951837435e-12       1.128617986151e-14       1.721825692575e-15       5.609042727249e-16      -7.094776426210e-17 
 1372       1.015970557781e-10       2.925784638211e-12      -7.914819963699e-12       1.128305698293e-14       1.716750958820e-15       5.612759210566e-16      -7.030072084970e-17 
 1373       1.017669283460e-10       2.902318201023e-12      -7.908974346564e-12       1.127997164898e-14       1.711694230265e-15       5.615871479572e-16      -6.965027107388e-17 
 1374       1.019358296009e-10       2.878808714832e-12      -7.901426362484e-12       1.127692195933e-14       1.706655443328e-15       5.618384725541e-16      -6.899649862007e-17 
 1375       1.021036425526e-10       2.855264425868e-12      -7.892187486437e-12       1.127390600139e-14       1.701634533473e-15       5.620304181449e-16      -6.833948769958e-17 
 1376       1.022702495517e-10       2.831693628194e-12      -7.881269292115e-12       1.127092185025e-14       1.696631435197e-15       5.621635122057e-16      -6.767932305052e-17 
 1377       1.024355322882e-10       2.808104663789e-12      -7.868683452133e-12       1.126796756869e-14       1.691646082034e-15       5.622382864000e-16      -6.701608993881e-17 
 1378       1.025993717906e-10       2.784505922638e-12      -7.854441738220e-12       1.126504120714e-14       1.686678406551e-15       5.622552765861e-16      -6.634987415914e-17 
 1379       1.027616484244e-10       2.760905842816e-12      -7.838556021418e-12       1.126214080364e-14       1.681728340347e-15       5.622150228260e-16      -6.568076203595e-17 
 1380       1.029222418912e-10       2.737312910574e-12      -7.821038272285e-12       1.125926438386e-14       1.676795814049e-15       5.621180693935e-16      -6.500884042438e-17 
 1381       1.030810312273e-10       2.713735660429e-12      -7.801900561089e-12       1.125640996103e-14       1.671880757311e-15       5.619649647824e-16      -6.433419671126e-17 
 1382       1.032378948025e-10       2.690182675246e-12      -7.781155058010e-12       1.125357553595e-14       1.666983098810e-15       5.617562617148e-16      -6.365691881606e-17 
 1383       1.033927103192e-10       2.666662586329e-12      -7.758814033334e-12       1.125075909697e-14       1.662102766247e-15       5.614925171495e-16      -6.297709519189e-17 
 1384       1.035453548109e-10       2.643184073503e-12      -7.734889857658e-12       1.124795861992e-14       1.657239686343e-15       5.611742922900e-16      -6.229481482646e-17 
 1385       1.036957046410e-10       2.619755865205e-12      -7.709395002082e-12       1.124517206814e-14       1.652393784835e-15       5.608021525930e-16      -6.161016724302e-17 
 1386       1.038436355022e-10       2.596386738567e-12      -7.682342038411e-12       1.124239739243e-14       1.647564986479e-15       5.603766677767e-16      -6.092324250140e-17 
 1387       1.039890224144e-10       2.573085519503e-12      -7.653743639354e-12       1.123963253104e-14       1.642753215042e-15       5.598984118289e-16      -6.023413119891e-17 
 1388       1.041317397242e-10       2.549861082799e-12      -7.623612578719e-12       1.123687540963e-14       1.637958393302e-15       5.593679630155e-16      -5.954292447134e-17 
 1389       1.042716611034e-10       2.526722352193e-12      -7.591961731618e-12       1.123412394125e-14       1.633180443047e-15       5.587859038883e-16      -5.884971399395e-17 
 1390       1.044086595481e-10       2.503678300470e-12      -7.558804074656e-12       1.123137602633e-14       1.628419285073e-15       5.581528212941e-16      -5.815459198240e-17 
 1391       1.045426073772e-10       2.480737949538e-12      -7.524152686140e-12       1.122862955266e-14       1.623674839180e-15       5.574693063821e-16      -5.745765119376e-17 
 1392       1.046733762312e-10       2.457910370526e-12      -7.488020746270e-12       1.122588239534e-14       1.618947024169e-15       5.567359546127e-16      -5.675898492746e-17 
 1393       1.048008370715e-10       2.435204683861e-12      -7.450421537339e-12       1.122313241677e-14       1.614235757844e-15       5.559533657655e-16      -5.605868702627e-17 
 1394       1.049248601786e-10       2.412630059360e-12      -7.411368443935e-12       1.122037746665e-14       1.609540957005e-15       5.551221439479e-16      -5.535685187726e-17 
 1395       1.050453151513e-10       2.390195716314e-12      -7.370874953135e-12       1.121761538191e-14       1.604862537450e-15       5.542428976030e-16      -5.465357441278e-17 
 1396       1.051620709054e-10       2.367910923576e-12      -7.328954654707e-12       1.121484398674e-14       1.600200413968e-15       5.533162395181e-16      -5.394895011143e-17 
 1397       1.052749956724e-10       2.345784999647e-12      -7.285621241306e-12       1.121206109251e-14       1.595554500343e-15       5.523427868331e-16      -5.324307499902e-17 
 1398       1.053839569987e-10       2.323827312760e-12      -7.240888508673e-12       1.120926449780e-14       1.590924709345e-15       5.513231610483e-16      -5.253604564958e-17 
 1399       1.054888217440e-10       2.302047280972e-12      -7.194770355837e-12       1.120645198834e-14       1.586310952735e-15       5.502579880331e-16      -5.182795918628e-17 
 1400       1.055894560801e-10       2.280454372246e-12      -7.147280785308e-12       1.120362133700e-14       1.581713141256e-15       5.491478980342e-16      -5.111891328241e-17 
 1401       1.056857254903e-10       2.259058104537e-12      -7.098433903278e-12       1.120077030378e-14       1.577131184635e-15       5.479935256837e-16      -5.040900616239e-17 
 1402       1.057775109916e-10       2.237867144138e-12      -7.048245854663e-12       1.119789678297e-14       1.572564999479e-15       5.467956802823e-16      -4.969832678459e-17 
 1403       1.058647579925e-10       2.216886590224e-12      -6.996740649911e-12       1.119499924647e-14       1.568014533062e-15       5.455558585749e-16      -4.898692527594e-17 
 1404       1.059474279429e-10       2.196120662155e-12      -6.943944399364e-12       1.119207630507e-14       1.563479739782e-15       5.442757373400e-16      -4.827484219084e-17 
 1405       1.060254821556e-10       2.175573598679e-12      -6.889883384251e-12       1.118912656163e-14       1.558960573280e-15       5.429570036190e-16      -4.756211830174e-17 
 1406       1.060988818069e-10       2.155249657968e-12      -6.834584056998e-12       1.118614861107e-14       1.554456986444e-15       5.416013547346e-16      -4.684879459944e-17 
 1407       1.061675879355e-10       2.135153117644e-12      -6.778073041552e-12       1.118314104037e-14       1.549968931402e-15       5.402104983099e-16      -4.613491229351e-17 
 1408       1.062315614429e-10       2.115288274815e-12      -6.720377133693e-12       1.118010242852e-14       1.545496359521e-15       5.387861522865e-16      -4.542051281263e-17 
 1409       1.062907630930e-10       2.095659446104e-12      -6.661523301349e-12       1.117703134656e-14       1.541039221409e-15       5.373300449435e-16      -4.470563780501e-17 
 1410       1.063451535118e-10       2.076270967681e-12      -6.601538684919e-12       1.117392635751e-14       1.536597466908e-15       5.358439149165e-16      -4.399032913869e-17 
 1411       1.063946931875e-10       2.057127195296e-12      -6.540450597583e-12       1.117078601638e-14       1.532171045098e-15       5.343295112153e-16      -4.327462890198e-17 
 1412       1.064393424701e-10       2.038232504309e-12      -6.478286525622e-12       1.116760887016e-14       1.527759904290e-15       5.327885932435e-16      -4.255857940379e-17 
 1413       1.064790615711e-10       2.019591289721e-12      -6.415074128733e-12       1.116439345782e-14       1.523363992027e-15       5.312229308168e-16      -4.184222317402e-17 
 1414       1.065138105637e-10       2.001207966207e-12      -6.350841240347e-12       1.116113831025e-14       1.518983255082e-15       5.296343041816e-16      -4.112560296393e-17 
 1415       1.065435493820e-10       1.983086968147e-12      -6.285615867944e-12       1.115784195029e-14       1.514617639457e-15       5.280245040335e-16      -4.040876174650e-17 
 1416       1.065682378216e-10       1.965232749657e-12      -6.219426193373e-12       1.115450289269e-14       1.510267090379e-15       5.263953315366e-16      -3.969174271683e-17 
 1417       1.065878355385e-10       1.947649784621e-12      -6.152300573162e-12       1.115111964411e-14       1.505931552301e-15       5.247485983415e-16      -3.897458929247e-17 
 1418       1.066023020496e-10       1.930342566721e-12      -6.084267538841e-12       1.114769070309e-14       1.501610968898e-15       5.230861266042e-16      -3.825734511385e-17 
 1419       1.066115967324e-10       1.913315609471e-12      -6.015355797255e-12       1.114421456005e-14       1.497305283068e-15       5.214097490048e-16      -3.754005404459e-17 
 1420       1.066156788244e-10       1.896573446246e-12      -5.945594230883e-12       1.114068969729e-14       1.493014436927e-15       5.197213087661e-16      -3.682276017191e-17 
 1421       1.066145074234e-10       1.880120630318e-12      -5.875011898151e-12       1.113711458893e-14       1.488738371809e-15       5.180226596723e-16      -3.610550780699e-17 
 1422       1.066080414869e-10       1.863961734880e-12      -5.803638033753e-12       1.113348770094e-14       1.484477028266e-15       5.163156660878e-16      -3.538834148535e-17 
 1423       1.065962398322e-10       1.848101353085e-12      -5.731502048964e-12       1.112980749110e-14       1.480230346062e-15       5.146022029755e-16      -3.467130596721e-17 
 1424       1.065790611361e-10       1.832544098071e-12      -5.658633531957e-12       1.112607240899e-14       1.475998264176e-15       5.128841559158e-16      -3.395444623789e-17 
 1425       1.065564639347e-10       1.817294602999e-12      -5.585062248123e-12       1.112228089599e-14       1.471780720796e-15       5.111634211250e-16      -3.323780750813e-17 
 1426       1.065284066231e-10       1.802357521079e-12      -5.510818140382e-12       1.111843138526e-14       1.467577653322e-15       5.094419054742e-16      -3.252143521451e-17 
 1427       1.064948474555e-10       1.787737525605e-12      -5.435931329503e-12       1.111452230171e-14       1.463388998359e-15       5.077215265079e-16      -3.180537501980e-17 
 1428       1.064557445446e-10       1.773439309983e-12      -5.360432114423e-12       1.111055206200e-14       1.459214691720e-15       5.060042124625e-16      -3.108967281334e-17 
 1429       1.064110558619e-10       1.759467587768e-12      -5.284350972557e-12       1.110651907452e-14       1.455054668421e-15       5.042919022852e-16      -3.037437471142e-17 
 1430       1.063607392369e-10       1.745827092689e-12      -5.207718560119e-12       1.110242173938e-14       1.450908862681e-15       5.025865456523e-16      -2.965952705763e-17 
 1431       1.063047523574e-10       1.732522578686e-12      -5.130565712440e-12       1.109825844840e-14       1.446777207921e-15       5.008901029884e-16      -2.894517642324e-17 
 1432       1.062430527693e-10       1.719558819937e-12      -5.052923444279e-12       1.109402758509e-14       1.442659636760e-15       4.992045454846e-16      -2.823136960758e-17 
 1433       1.061755978759e-10       1.706940610893e-12      -4.974822950144e-12       1.108972752462e-14       1.438556081013e-15       4.975318551173e-16      -2.751815363841e-17 
 1434       1.061023449383e-10       1.694672766308e-12      -4.896295604609e-12       1.108535663384e-14       1.434466471694e-15       4.958740246669e-16      -2.680557577229e-17 
 1435       1.060232510748e-10       1.682760121271e-12      -4.817372962627e-12       1.108091327124e-14       1.430390739008e-15       4.942330577366e-16      -2.609368349495e-17 
 1436       1.059382732609e-10       1.671207531235e-12      -4.738086759849e-12       1.107639578694e-14       1.426328812355e-15       4.926109687707e-16      -2.538252452167e-17 
 1437       1.058473683293e-10       1.660019872054e-12      -4.658468912941e-12       1.107180252268e-14       1.422280620323e-15       4.910097830735e-16      -2.467214679763e-17 
 1438       1.057504929691e-10       1.649202040007e-12      -4.578551519897e-12       1.106713181180e-14       1.418246090692e-15       4.894315368280e-16      -2.396259849832e-17 
 1439       1.056476037261e-10       1.638758951837e-12      -4.498366860360e-12       1.106238197924e-14       1.414225150425e-15       4.878782771145e-16      -2.325392802988e-17 
 1440       1.055386570025e-10       1.628695544778e-12      -4.417947395938e-12       1.105755134151e-14       1.410217725675e-15       4.863520619291e-16      -2.254618402948e-17 
 1441       1.054236235235e-10       1.619015745756e-12      -4.337324478973e-12       1.105263845116e-14       1.406223748118e-15       4.848542412347e-16      -2.183941827711e-17 
 1442       1.053025318974e-10       1.609719367484e-12      -4.256524463890e-12       1.104764283299e-14       1.402243174055e-15       4.833832920924e-16      -2.113369446254e-17 
 1443       1.051754254972e-10       1.600805180930e-12      -4.175572557013e-12       1.104256425527e-14       1.398275965501e-15       4.819369615953e-16      -2.042907950806e-17 
 1444       1.050423480345e-10       1.592271943258e-12      -4.094494104772e-12       1.103740248597e-14       1.394322083864e-15       4.805129838199e-16      -1.972564066572e-17 
 1445       1.049033435601e-10       1.584118397801e-12      -4.013314593941e-12       1.103215729274e-14       1.390381489939e-15       4.791090798035e-16      -1.902344551783e-17 
 1446       1.047584564650e-10       1.576343274036e-12      -3.932059651882e-12       1.102682844290e-14       1.386454143911e-15       4.777229575212e-16      -1.832256197752e-17 
 1447       1.046077314806e-10       1.568945287550e-12      -3.850755046787e-12       1.102141570347e-14       1.382540005350e-15       4.763523118629e-16      -1.762305828928e-17 
 1448       1.044512136795e-10       1.561923140018e-12      -3.769426687919e-12       1.101591884113e-14       1.378639033211e-15       4.749948246106e-16      -1.692500302949e-17 
 1449       1.042889484763e-10       1.555275519171e-12      -3.688100625858e-12       1.101033762225e-14       1.374751185833e-15       4.736481644154e-16      -1.622846510698e-17 
 1450       1.041209816278e-10       1.549001098769e-12      -3.606803052735e-12       1.100467181289e-14       1.370876420939e-15       4.723099867750e-16      -1.553351376354e-17 
 1451       1.039473592344e-10       1.543098538574e-12      -3.525560302482e-12       1.099892117878e-14       1.367014695629e-15       4.709779340103e-16      -1.484021857449e-17 
 1452       1.037681277398e-10       1.537566484322e-12      -3.444398851070e-12       1.099308548534e-14       1.363165966388e-15       4.696496352430e-16      -1.414864944922e-17 
 1453       1.035833339325e-10       1.532403567691e-12      -3.363345316751e-12       1.098716449765e-14       1.359330189075e-15       4.683227063724e-16      -1.345887663168e-17 
 1454       1.033930249458e-10       1.527608406280e-12      -3.282426460302e-12       1.098115798049e-14       1.355507318929e-15       4.669947500530e-16      -1.277097070100e-17 
 1455       1.031972482589e-10       1.523179603574e-12      -3.201669185262e-12       1.097506569833e-14       1.351697310562e-15       4.656633556709e-16      -1.208500257196e-17 
 1456       1.029960516972e-10       1.519115748921e-12      -3.121100538183e-12       1.096888741528e-14       1.347900117964e-15       4.643260993217e-16      -1.140104349558e-17 
 1457       1.027894834331e-10       1.515415417501e-12      -3.040747708861e-12       1.096262289516e-14       1.344115694494e-15       4.629805437874e-16      -1.071916505962e-17 
 1458       1.025775919867e-10       1.512077170299e-12      -2.960638030588e-12       1.095627190148e-14       1.340343992885e-15       4.616242385131e-16      -1.003943918916e-17 
 1459       1.023604262264e-10       1.509099554076e-12      -2.880798980387e-12       1.094983419739e-14       1.336584965241e-15       4.602547195848e-16      -9.361938147100e-18 
 1460       1.021380353692e-10       1.506481101345e-12      -2.801258179256e-12       1.094330954576e-14       1.332838563033e-15       4.588695097062e-16      -8.686734534728e-18 
 1461       1.019104689821e-10       1.504220330337e-12      -2.722043392412e-12       1.093669770911e-14       1.329104737101e-15       4.574661181758e-16      -8.013901292255e-18 
 1462       1.016777769820e-10       1.502315744976e-12      -2.643182529531e-12       1.092999844966e-14       1.325383437651e-15       4.560420408643e-16      -7.343511699347e-18 
 1463       1.014400096366e-10       1.500765834851e-12      -2.564703644989e-12       1.092321152928e-14       1.321674614253e-15       4.545947601913e-16      -6.675639375676e-18 
 1464       1.011972175652e-10       1.499569075189e-12      -2.486634938107e-12       1.091633670955e-14       1.317978215843e-15       4.531217451028e-16      -6.010358281450e-18 
 1465       1.009494517391e-10       1.498723926823e-12      -2.409004753391e-12       1.090937375172e-14       1.314294190718e-15       4.516204510485e-16      -5.347742717961e-18 
 1466       1.006967634826e-10       1.498228836170e-12      -2.331841580772e-12       1.090232241670e-14       1.310622486535e-15       4.500883199584e-16      -4.687867328121e-18 
 1467       1.004392044729e-10       1.498082235197e-12      -2.255174055853e-12       1.089518246510e-14       1.306963050311e-15       4.485227802203e-16      -4.030807097004e-18 
 1468       1.001768267418e-10       1.498282541396e-12      -2.179030960147e-12       1.088795365720e-14       1.303315828423e-15       4.469212466569e-16      -3.376637352386e-18 
 1469       9.990968267537e-11       1.498828157757e-12      -2.103441221319e-12       1.088063575294e-14       1.299680766603e-15       4.452811205029e-16      -2.725433765283e-18 
 1470       9.963782501512e-11       1.499717472735e-12      -2.028433913432e-12       1.087322851197e-14       1.296057809940e-15       4.435997893821e-16      -2.077272350496e-18 
 1471       9.936130685850e-11       1.500948860230e-12      -1.954038257184e-12       1.086573169359e-14       1.292446902877e-15       4.418746272848e-16      -1.432229467147e-18 
 1472       9.908018165957e-11       1.502520679552e-12      -1.880283620152e-12       1.085814505680e-14       1.288847989208e-15       4.401029945445e-16      -7.903818192200e-19 
 1473       9.879450322961e-11       1.504431275394e-12      -1.807199517034e-12       1.085046836026e-14       1.285261012081e-15       4.382822378154e-16      -1.518064561030e-19 
 1474       9.850432573778e-11       1.506678977807e-12      -1.734815609892e-12       1.084270136230e-14       1.281685913993e-15       4.364096900493e-16       4.834192268734e-19 
 1475       9.820970371173e-11       1.509262102171e-12      -1.663161708392e-12       1.083484382094e-14       1.278122636790e-15       4.344826704730e-16       1.115217487895e-18 
 1476       9.791069203829e-11       1.512178949165e-12      -1.592267770047e-12       1.082689549389e-14       1.274571121667e-15       4.324984845651e-16       1.743510238124e-18 
 1477       9.760734596407e-11       1.515427804740e-12      -1.522163900459e-12       1.081885613851e-14       1.271031309164e-15       4.304544240336e-16       2.368219041160e-18 
 1478       9.729972109612e-11       1.519006940091e-12      -1.452880353561e-12       1.081072551183e-14       1.267503139165e-15       4.283477667926e-16       2.989265112496e-18 
 1479       9.698787340257e-11       1.522914611631e-12      -1.384447531859e-12       1.080250337060e-14       1.263986550898e-15       4.261757769396e-16       3.606569318983e-18 
 1480       9.667186447512e-11       1.527148484580e-12      -1.316892666819e-12       1.079418966312e-14       1.260481488051e-15       4.239365219857e-16       4.220059762036e-18 
 1481       9.635177737217e-11       1.531703897567e-12      -1.250229823663e-12       1.078578510719e-14       1.256987914170e-15       4.216313334262e-16       4.829694610321e-18 
 1482       9.602770093354e-11       1.536575580827e-12      -1.184469798274e-12       1.077729061791e-14       1.253505797409e-15       4.192623704413e-16       5.435439491639e-18 
 1483       9.569972453377e-11       1.541758230958e-12      -1.119623428153e-12       1.076870711627e-14       1.250035105426e-15       4.168318048710e-16       6.037259929527e-18 
 1484       9.536793808300e-11       1.547246510868e-12      -1.055701592476e-12       1.076003552924e-14       1.246575805385e-15       4.143418212375e-16       6.635121343130e-18 
 1485       9.503243202793e-11       1.553035049709e-12      -9.927152121537e-13       1.075127678966e-14       1.243127863949e-15       4.117946167668e-16       7.228989047082e-18 
 1486       9.469329735275e-11       1.559118442823e-12      -9.306752498947e-13       1.074243183637e-14       1.239691247284e-15       4.091924014107e-16       7.818828251373e-18 
 1487       9.435062558003e-11       1.565491251679e-12      -8.695927102622e-13       1.073350161414e-14       1.236265921056e-15       4.065373978687e-16       8.404604061232e-18 
 1488       9.400450877173e-11       1.572148003815e-12      -8.094786397363e-13       1.072448707370e-14       1.232851850431e-15       4.038318416096e-16       8.986281476997e-18 
 1489       9.365503953005e-11       1.579083192776e-12      -7.503441267736e-13       1.071538917178e-14       1.229449000072e-15       4.010779808941e-16       9.563825393990e-18 
 1490       9.330231099837e-11       1.586291278059e-12      -6.922003018676e-13       1.070620887107e-14       1.226057334139e-15       3.982780767956e-16       1.013720060240e-17 
 1491       9.294641686222e-11       1.593766685048e-12      -6.350583376088e-13       1.069694714027e-14       1.222676816289e-15       3.954344032232e-16       1.070637178713e-17 
 1492       9.258745135018e-11       1.601503804959e-12      -5.789294487449e-13       1.068760495409e-14       1.219307409673e-15       3.925492469427e-16       1.127130352773e-17 
 1493       9.222550923482e-11       1.609496994777e-12      -5.238248922411e-13       1.067818329326e-14       1.215949076936e-15       3.896249075992e-16       1.183196029819e-17 
 1494       9.186068583359e-11       1.617740577199e-12      -4.697559673402e-13       1.066868314453e-14       1.212601780217e-15       3.866636977382e-16       1.238830646691e-17 
 1495       9.149307700982e-11       1.626228840571e-12      -4.167340156229e-13       1.065910550069e-14       1.209265481146e-15       3.836679428284e-16       1.294030629648e-17 
 1496       9.112277917358e-11       1.634956038835e-12      -3.647704210681e-13       1.064945136057e-14       1.205940140842e-15       3.806399812827e-16       1.348792394362e-17 
 1497       9.074988928265e-11       1.643916391460e-12      -3.138766101129e-13       1.063972172909e-14       1.202625719917e-15       3.775821644807e-16       1.403112345904e-17 
 1498       9.037450484343e-11       1.653104083390e-12      -2.640640517129e-13       1.062991761719e-14       1.199322178469e-15       3.744968567904e-16       1.456986878730e-17 
 1499       8.999672391188e-11       1.662513264982e-12      -2.153442574026e-13       1.062004004194e-14       1.196029476084e-15       3.713864355898e-16       1.510412376671e-17 
 1500       8.961664509444e-11       1.672138051947e-12      -1.677287813553e-13       1.061009002647e-14       1.192747571836e-15       3.682532912893e-16       1.563385212916e-17 
 1501       8.923436754896e-11       1.681972525287e-12      -1.212292204436e-13       1.060006860002e-14       1.189476424282e-15       3.650998273532e-16       1.615901750005e-17 
 1502       8.884999098563e-11       1.692010731240e-12      -7.585721429922e-14       1.058997679793e-14       1.186215991465e-15       3.619284603217e-16       1.667958339813e-17 
 1503       8.846361566792e-11       1.702246681218e-12      -3.162444537383e-14       1.057981566167e-14       1.182966230910e-15       3.587416198329e-16       1.719551323539e-17 
 1504       8.807534241348e-11       1.712674351748e-12       1.145736100130e-14       1.056958623885e-14       1.179727099627e-15       3.555417486443e-16       1.770677031694e-17 
 1505       8.768527259510e-11       1.723287684412e-12       5.337643655481e-14       1.055928958321e-14       1.176498554104e-15       3.523313026553e-16       1.821331784084e-17 
 1506       8.729350814162e-11       1.734080585788e-12       9.412097001511e-14       1.054892675464e-14       1.173280550311e-15       3.491127509284e-16       1.871511889804e-17 
 1507       8.690015153886e-11       1.745046927391e-12       1.336791070501e-13       1.053849881920e-14       1.170073043695e-15       3.458885757117e-16       1.921213647222e-17 
 1508       8.650530583056e-11       1.756180545609e-12       1.720389502072e-13       1.052800684911e-14       1.166875989184e-15       3.426612724603e-16       1.970433343966e-17 
 1509       8.610907461930e-11       1.767475241652e-12       2.091885588527e-13       1.051745192279e-14       1.163689341180e-15       3.394333498584e-16       2.019167256914e-17 
 1510       8.571156206741e-11       1.778924781483e-12       2.451159491118e-13       1.050683512485e-14       1.160513053562e-15       3.362073298414e-16       2.067411652177e-17 
 1511       8.531287289796e-11       1.790522895765e-12       2.798090938087e-13       1.049615754608e-14       1.157347079685e-15       3.329857476172e-16       2.115162785093e-17 
 1512       8.491311239561e-11       1.802263279799e-12       3.132559224056e-13       1.048542028352e-14       1.154191372377e-15       3.297711516886e-16       2.162416900208e-17 
 1513       8.451238640758e-11       1.814139593463e-12       3.454443209434e-13       1.047462444041e-14       1.151045883937e-15       3.265661038752e-16       2.209170231269e-17 
 1514       8.411080134458e-11       1.826145461155e-12       3.763621319806e-13       1.046377112624e-14       1.147910566137e-15       3.233731793347e-16       2.255419001207e-17 
 1515       8.370846418175e-11       1.838274471733e-12       4.059971545340e-13       1.045286145672e-14       1.144785370221e-15       3.201949665855e-16       2.301159422128e-17 
 1516       8.330548245954e-11       1.850520178453e-12       4.343371440177e-13       1.044189655384e-14       1.141670246899e-15       3.170340675282e-16       2.346387695296e-17 
 1517       8.290196428470e-11       1.862876098913e-12       4.613698121832e-13       1.043087754584e-14       1.138565146354e-15       3.138930974675e-16       2.391100011127e-17 
 1518       8.249801833114e-11       1.875335714991e-12       4.870828270594e-13       1.041980556726e-14       1.135470018231e-15       3.107746851342e-16       2.435292549170e-17 
 1519       8.209374874404e-11       1.887892603104e-12       5.114670484290e-13       1.040868180199e-14       1.132384815795e-15       3.076809918767e-16       2.478961990856e-17 
 1520       8.168923979630e-11       1.900540826486e-12       5.345262684618e-13       1.039750761308e-14       1.129309508412e-15       3.046122641283e-16       2.522107063143e-17 
 1521       8.128457108615e-11       1.913274546569e-12       5.562675647584e-13       1.038628441424e-14       1.126244069181e-15       3.015682670448e-16       2.564727009711e-17 
 1522       8.087982262131e-11       1.926087892955e-12       5.766980734338e-13       1.037501362684e-14       1.123188470798e-15       2.985487640662e-16       2.606821079565e-17 
 1523       8.047507481964e-11       1.938974963364e-12       5.958249892244e-13       1.036369667997e-14       1.120142685549e-15       2.955535169141e-16       2.648388527049e-17 
 1524       8.007040850980e-11       1.951929823579e-12       6.136555655966e-13       1.035233501042e-14       1.117106685316e-15       2.925822855881e-16       2.689428611863e-17 
 1525       7.966590493194e-11       1.964946507394e-12       6.301971148544e-13       1.034093006268e-14       1.114080441571e-15       2.896348283632e-16       2.729940599075e-17 
 1526       7.926164573832e-11       1.978019016561e-12       6.454570082477e-13       1.032948328899e-14       1.111063925379e-15       2.867109017864e-16       2.769923759136e-17 
 1527       7.885771299404e-11       1.991141320740e-12       6.594426760797e-13       1.031799614935e-14       1.108057107394e-15       2.838102606735e-16       2.809377367893e-17 
 1528       7.845418917764e-11       2.004307357442e-12       6.721616078153e-13       1.030647011148e-14       1.105059957860e-15       2.809326581064e-16       2.848300706605e-17 
 1529       7.805115718177e-11       2.017511031978e-12       6.836213521889e-13       1.029490665090e-14       1.102072446609e-15       2.780778454293e-16       2.886693061956e-17 
 1530       7.764870031391e-11       2.030746217406e-12       6.938295173124e-13       1.028330725090e-14       1.099094543061e-15       2.752455722465e-16       2.924553726068e-17 
 1531       7.724690229696e-11       2.044006754479e-12       7.027937707829e-13       1.027167340258e-14       1.096126216223e-15       2.724355864184e-16       2.961881996518e-17 
 1532       7.684584726996e-11       2.057286451591e-12       7.105218397910e-13       1.026000660482e-14       1.093167434689e-15       2.696476340591e-16       2.998677176351e-17 
 1533       7.644561978874e-11       2.070579084725e-12       7.170215112287e-13       1.024830836435e-14       1.090218166637e-15       2.668814595328e-16       3.034938574091e-17 
 1534       7.604630482655e-11       2.083878397400e-12       7.223006317969e-13       1.023658019572e-14       1.087278379829e-15       2.641368054511e-16       3.070665503761e-17 
 1535       7.564798777476e-11       2.097178100617e-12       7.263671081140e-13       1.022482362131e-14       1.084348041613e-15       2.614134126694e-16       3.105857284892e-17 
 1536       7.525075444354e-11       2.110471872809e-12       7.292289068235e-13       1.021304017139e-14       1.081427118916e-15       2.587110202843e-16       3.140513242540e-17 
 1537       7.485469106245e-11       2.123753359785e-12       7.308940547016e-13       1.020123138408e-14       1.078515578251e-15       2.560293656302e-16       3.174632707299e-17 
 1538       7.445988428119e-11       2.137016174679e-12       7.313706387661e-13       1.018939880539e-14       1.075613385709e-15       2.533681842762e-16       3.208215015316e-17 
 1539       7.406642117021e-11       2.150253897897e-12       7.306668063833e-13       1.017754398921e-14       1.072720506962e-15       2.507272100231e-16       3.241259508304e-17 
 1540       7.367438922139e-11       2.163460077063e-12       7.287907653767e-13       1.016566849736e-14       1.069836907262e-15       2.481061749003e-16       3.273765533557e-17 
 1541       7.328387634870e-11       2.176628226967e-12       7.257507841345e-13       1.015377389958e-14       1.066962551439e-15       2.455048091626e-16       3.305732443964e-17 
 1542       7.289497088888e-11       2.189751829515e-12       7.215551917177e-13       1.014186177353e-14       1.064097403900e-15       2.429228412872e-16       3.337159598022e-17 
 1543       7.250776160206e-11       2.202824333669e-12       7.162123779683e-13       1.012993370483e-14       1.061241428629e-15       2.403599979703e-16       3.368046359853e-17 
 1544       7.212233767249e-11       2.215839155404e-12       7.097307936166e-13       1.011799128703e-14       1.058394589187e-15       2.378160041244e-16       3.398392099214e-17 
 1545       7.173878870915e-11       2.228789677644e-12       7.021189503900e-13       1.010603612170e-14       1.055556848710e-15       2.352905828750e-16       3.428196191517e-17 
 1546       7.135720474643e-11       2.241669250220e-12       6.933854211200e-13       1.009406981834e-14       1.052728169906e-15       2.327834555576e-16       3.457458017836e-17 
 1547       7.097767624479e-11       2.254471189810e-12       6.835388398512e-13       1.008209399449e-14       1.049908515060e-15       2.302943417142e-16       3.486176964927e-17 
 1548       7.060029409144e-11       2.267188779887e-12       6.725879019483e-13       1.007011027568e-14       1.047097846026e-15       2.278229590908e-16       3.514352425239e-17 
 1549       7.022514960099e-11       2.279815270669e-12       6.605413642044e-13       1.005812029546e-14       1.044296124233e-15       2.253690236338e-16       3.541983796929e-17 
 1550       6.985233451612e-11       2.292343879067e-12       6.474080449493e-13       1.004612569541e-14       1.041503310678e-15       2.229322494871e-16       3.569070483876e-17 
 1551       6.948194100822e-11       2.304767788625e-12       6.331968241569e-13       1.003412812517e-14       1.038719365930e-15       2.205123489891e-16       3.595611895697e-17 
 1552       6.911406167810e-11       2.317080149475e-12       6.179166435534e-13       1.002212924243e-14       1.035944250126e-15       2.181090326693e-16       3.621607447757e-17 
 1553       6.874878955661e-11       2.329274078282e-12       6.015765067254e-13       1.001013071297e-14       1.033177922972e-15       2.157220092454e-16       3.647056561188e-17 
 1554       6.838621810533e-11       2.341342658188e-12       5.841854792273e-13       9.998134210613e-15       1.030420343742e-15       2.133509856202e-16       3.671958662898e-17 
 1555       6.802644121722e-11       2.353278938764e-12       5.657526886900e-13       9.986141417322e-15       1.027671471275e-15       2.109956668783e-16       3.696313185592e-17 
 1556       6.766955321728e-11       2.365075935953e-12       5.462873249283e-13       9.974154023148e-15       1.024931263977e-15       2.086557562834e-16       3.720119567778e-17 
 1557       6.731564886325e-11       2.376726632020e-12       5.257986400489e-13       9.962173726269e-15       1.022199679819e-15       2.063309552747e-16       3.743377253788e-17 
 1558       6.696481248363e-11       2.388224636032e-12       5.042973920295e-13       9.950202127567e-15       1.019476679721e-15       2.040209442888e-16       3.766085996050e-17 
 1559       6.661708527904e-11       2.399566172198e-12       4.818001900626e-13       9.938240413276e-15       1.016762237743e-15       2.017253250338e-16       3.788246764992e-17 
 1560       6.627249771518e-11       2.410748110093e-12       4.583251902247e-13       9.926289669378e-15       1.014056330988e-15       1.994436776672e-16       3.809860847711e-17 
 1561       6.593108035774e-11       2.421767305798e-12       4.338906558880e-13       9.914350986774e-15       1.011358936224e-15       1.971755799174e-16       3.830929546517e-17 
 1562       6.559286387246e-11       2.432620601878e-12       4.085149578985e-13       9.902425461290e-15       1.008670029886e-15       1.949206070802e-16       3.851454178957e-17 
 1563       6.525787902528e-11       2.443304827366e-12       3.822165747563e-13       9.890514193680e-15       1.005989588073e-15       1.926783320144e-16       3.871436077850e-17 
 1564       6.492615668251e-11       2.453816797737e-12       3.550140927942e-13       9.878618289642e-15       1.003317586548e-15       1.904483251377e-16       3.890876591310e-17 
 1565       6.459772781090e-11       2.464153314893e-12       3.269262063573e-13       9.866738859816e-15       1.000654000738e-15       1.882301544231e-16       3.909777082782e-17 
 1566       6.427262347778e-11       2.474311167139e-12       2.979717179819e-13       9.854877019798e-15       9.979988057323e-16       1.860233853943e-16       3.928138931064e-17 
 1567       6.395087485121e-11       2.484287129167e-12       2.681695385754e-13       9.843033890144e-15       9.953519762826e-16       1.838275811219e-16       3.945963530342e-17 
 1568       6.363251320010e-11       2.494077962031e-12       2.375386875949e-13       9.831210596379e-15       9.927134868016e-16       1.816423022195e-16       3.963252290215e-17 
 1569       6.331756989430e-11       2.503680413129e-12       2.060982932267e-13       9.819408269004e-15       9.900833113626e-16       1.794671068392e-16       3.980006635727e-17 
 1570       6.300607640479e-11       2.513091216184e-12       1.738675925658e-13       9.807628043502e-15       9.874614236994e-16       1.773015506680e-16       3.996228007394e-17 
 1571       6.269806430376e-11       2.522307091223e-12       1.408659317946e-13       9.795871060348e-15       9.848477972047e-16       1.751451869235e-16       4.011917861234e-17 
 1572       6.239356526474e-11       2.531324744555e-12       1.071127663629e-13       9.784138465013e-15       9.822424049301e-16       1.729975663500e-16       4.027077668794e-17 
 1573       6.209261106276e-11       2.540140868754e-12       7.262766116655e-14       9.772431407975e-15       9.796452195852e-16       1.708582372142e-16       4.041708917184e-17 
 1574       6.179523357444e-11       2.548752142636e-12       3.743029072694e-14       9.760751044724e-15       9.770562135367e-16       1.687267453014e-16       4.055813109102e-17 
 1575       6.150146477814e-11       2.557155231241e-12       1.540439370294e-15       9.749098535769e-15       9.744753588081e-16       1.666026339113e-16       4.069391762863e-17 
 1576       6.121133675407e-11       2.565346785810e-12      -3.502199859312e-14       9.737475046647e-15       9.719026270790e-16       1.644854438541e-16       4.082446412430e-17 
 1577       6.092488168445e-11       2.573323443769e-12      -7.223701868972e-14       9.725881747930e-15       9.693379896838e-16       1.623747134461e-16       4.094978607443e-17 
 1578       6.064213185357e-11       2.581081828704e-12      -1.100845061034e-13       9.714319815232e-15       9.667814176121e-16       1.602699785062e-16       4.106989913246e-17 
 1579       6.036311964801e-11       2.588618550345e-12      -1.485442354961e-13       9.702790429215e-15       9.642328815069e-16       1.581707723512e-16       4.118481910918e-17 
 1580       6.008787755669e-11       2.595930204544e-12      -1.875958708287e-13       9.691294775599e-15       9.616923516647e-16       1.560766257923e-16       4.129456197302e-17 
 1581       5.981643817103e-11       2.603013373253e-12      -2.272189651819e-13       9.679834045169e-15       9.591597980346e-16       1.539870671308e-16       4.139914385033e-17 
 1582       5.954883418507e-11       2.609864624507e-12      -2.673929605766e-13       9.668409433778e-15       9.566351902175e-16       1.519016221538e-16       4.149858102567e-17 
 1583       5.928509839559e-11       2.616480512403e-12      -3.080971877949e-13       9.657022142362e-15       9.541184974654e-16       1.498198141309e-16       4.159288994213e-17 
 1584       5.902526370228e-11       2.622857577078e-12      -3.493108662006e-13       9.645673376939e-15       9.516096886812e-16       1.477411638091e-16       4.168208720157e-17 
 1585       5.876936310779e-11       2.628992344690e-12      -3.910131035603e-13       9.634364348624e-15       9.491087324172e-16       1.456651894098e-16       4.176618956496e-17 
 1586       5.851742971793e-11       2.634881327401e-12      -4.331828958638e-13       9.623096273632e-15       9.466155968751e-16       1.435914066238e-16       4.184521395265e-17 
 1587       5.826949674176e-11       2.640521023348e-12      -4.757991271452e-13       9.611870373285e-15       9.441302499052e-16       1.415193286081e-16       4.191917744464e-17 
 1588       5.802559749172e-11       2.645907916635e-12      -5.188405693031e-13       9.600687874020e-15       9.416526590055e-16       1.394484659811e-16       4.198809728091e-17 
 1589       5.778576538376e-11       2.651038477300e-12      -5.622858819219e-13       9.589550007401e-15       9.391827913212e-16       1.373783268191e-16       4.205199086168e-17 
 1590       5.755003393747e-11       2.655909161307e-12      -6.061136120922e-13       9.578458010117e-15       9.367206136437e-16       1.353084166519e-16       4.211087574774e-17 
 1591       5.731843677621e-11       2.660516410515e-12      -6.503021942316e-13       9.567413123999e-15       9.342660924107e-16       1.332382384589e-16       4.216476966067e-17 
 1592       5.709100762724e-11       2.664856652666e-12      -6.948299499055e-13       9.556416596019e-15       9.318191937045e-16       1.311672926652e-16       4.221369048321e-17 
 1593       5.686778032182e-11       2.668926301360e-12      -7.396750876479e-13       9.545469678306e-15       9.293798832523e-16       1.290950771371e-16       4.225765625951e-17 
 1594       5.664878879536e-11       2.672721756038e-12      -7.848157027820e-13       9.534573628146e-15       9.269481264246e-16       1.270210871784e-16       4.229668519541e-17 
 1595       5.643406708757e-11       2.676239401957e-12      -8.302297772410e-13       9.523729707991e-15       9.245238882353e-16       1.249448155263e-16       4.233079565875e-17 
 1596       5.622364934253e-11       2.679475610177e-12      -8.758951793886e-13       9.512939185469e-15       9.221071333406e-16       1.228657523473e-16       4.236000617968e-17 
 1597       5.601755999404e-11       2.682427492443e-12      -9.217904758654e-13       9.502203158914e-15       9.196978288196e-16       1.207836430852e-16       4.238433746150e-17 
 1598       5.581578422291e-11       2.685095173454e-12      -9.678973756193e-13       9.491522032188e-15       9.172959525449e-16       1.186992645968e-16       4.240381843290e-17 
 1599       5.561829722930e-11       2.687479539374e-12      -1.014198307906e-12       9.480896035063e-15       9.149014848873e-16       1.166136561178e-16       4.241848025176e-17 
 1600       5.542507402263e-11       2.689581484820e-12      -1.060675612156e-12       9.470325397261e-15       9.125144059412e-16       1.145278620643e-16       4.242835429999e-17 
 1601       5.523608942125e-11       2.691401912887e-12      -1.107311537830e-12       9.459810348448e-15       9.101346955237e-16       1.124429320404e-16       4.243347218389e-17 
 1602       5.505131805211e-11       2.692941735156e-12      -1.154088244282e-12       9.449351118238e-15       9.077623331744e-16       1.103599208464e-16       4.243386573453e-17 
 1603       5.487073435041e-11       2.694201871711e-12      -1.200987800617e-12       9.438947936193e-15       9.053972981547e-16       1.082798884872e-16       4.242956700817e-17 
 1604       5.469431255930e-11       2.695183251156e-12      -1.247992185547e-12       9.428601031815e-15       9.030395694474e-16       1.062039001800e-16       4.242060828662e-17 
 1605       5.452202672949e-11       2.695886810629e-12      -1.295083287254e-12       9.418310634555e-15       9.006891257559e-16       1.041330263625e-16       4.240702207762e-17 
 1606       5.435385071899e-11       2.696313495818e-12      -1.342242903247e-12       9.408076973804e-15       8.983459455038e-16       1.020683427011e-16       4.238884111527e-17 
 1607       5.418975819270e-11       2.696464260975e-12      -1.389452740221e-12       9.397900278897e-15       8.960100068342e-16       1.000109300987e-16       4.236609836033e-17 
 1608       5.402972262212e-11       2.696340068933e-12      -1.436694413915e-12       9.387780779109e-15       8.936812876097e-16       9.796187470300e-17       4.233882700071e-17 
 1609       5.387371728501e-11       2.695941891121e-12      -1.483949448974e-12       9.377718703657e-15       8.913597654110e-16       9.592226791442e-17       4.230706045176e-17 
 1610       5.372171526505e-11       2.695270707578e-12      -1.531199278805e-12       9.367714281697e-15       8.890454175370e-16       9.389320639428e-17       4.227083235672e-17 
 1611       5.357368945151e-11       2.694327506968e-12      -1.578425245436e-12       9.357767742324e-15       8.867382210041e-16       9.187579207281e-17       4.223017658707e-17 
 1612       5.342961253890e-11       2.693113286598e-12      -1.625608599375e-12       9.347879314571e-15       8.844381525455e-16       8.987113215725e-17       4.218512724296e-17 
 1613       5.328945702666e-11       2.691629052433e-12      -1.672730499473e-12       9.338049227410e-15       8.821451886109e-16       8.788033913988e-17       4.213571865351e-17 
 1614       5.315319521880e-11       2.689875819107e-12      -1.719772012776e-12       9.328277709746e-15       8.798593053655e-16       8.590453080615e-17       4.208198537730e-17 
 1615       5.302079922360e-11       2.687854609943e-12      -1.766714114390e-12       9.318564990424e-15       8.775804786902e-16       8.394483024269e-17       4.202396220268e-17 
 1616       5.289224095323e-11       2.685566456967e-12      -1.813537687336e-12       9.308911298218e-15       8.753086841803e-16       8.200236584542e-17       4.196168414817e-17 
 1617       5.276749212345e-11       2.683012400923e-12      -1.860223522411e-12       9.299316861842e-15       8.730438971453e-16       8.007827132759e-17       4.189518646288e-17 
 1618       5.264652425328e-11       2.680193491287e-12      -1.906752318044e-12       9.289781909939e-15       8.707860926084e-16       7.817368572789e-17       4.182450462685e-17 
 1619       5.252930866462e-11       2.677110786284e-12      -1.953104680162e-12       9.280306671085e-15       8.685352453060e-16       7.628975341848e-17       4.174967435147e-17 
 1620       5.241581648198e-11       2.673765352904e-12      -1.999261122039e-12       9.270891373789e-15       8.662913296867e-16       7.442762411308e-17       4.167073157984e-17 
 1621       5.230601863210e-11       2.670158266916e-12      -2.045202064164e-12       9.261536246487e-15       8.640543199115e-16       7.258845287505e-17       4.158771248717e-17 
 1622       5.219988584360e-11       2.666290612883e-12      -2.090907834092e-12       9.252241517549e-15       8.618241898524e-16       7.077340012544e-17       4.150065348116e-17 
 1623       5.209738864672e-11       2.662163484177e-12      -2.136358666311e-12       9.243007415270e-15       8.596009130926e-16       6.898363165106e-17       4.140959120240e-17 
 1624       5.199849737290e-11       2.657777982997e-12      -2.181534702094e-12       9.233834167876e-15       8.573844629255e-16       6.722031861258e-17       4.131456252472e-17 
 1625       5.190318215452e-11       2.653135220382e-12      -2.226415989361e-12       9.224722003518e-15       8.551748123544e-16       6.548463755255e-17       4.121560455560e-17 
 1626       5.181141292450e-11       2.648236316224e-12      -2.270982482539e-12       9.215671150274e-15       8.529719340918e-16       6.377777040352e-17       4.111275463659e-17 
 1627       5.172315941600e-11       2.643082399291e-12      -2.315214042419e-12       9.206681836147e-15       8.507758005589e-16       6.210090449609e-17       4.100605034360e-17 
 1628       5.163839116210e-11       2.637674607234e-12      -2.359090436014e-12       9.197754289066e-15       8.485863838850e-16       6.045523256697e-17       4.089552948739e-17 
 1629       5.155707749542e-11       2.632014086606e-12      -2.402591336421e-12       9.188888736882e-15       8.464036559071e-16       5.884195276706e-17       4.078123011389e-17 
 1630       5.147918754784e-11       2.626101992877e-12      -2.445696322678e-12       9.180085407370e-15       8.442275881691e-16       5.726226866953e-17       4.066319050460e-17 
 1631       5.140469025013e-11       2.619939490451e-12      -2.488384879622e-12       9.171344528226e-15       8.420581519217e-16       5.571738927786e-17       4.054144917699e-17 
 1632       5.133355433159e-11       2.613527752678e-12      -2.530636397753e-12       9.162666327068e-15       8.398953181213e-16       5.420852903397e-17       4.041604488488e-17 
 1633       5.126574831981e-11       2.606867961870e-12      -2.572430173083e-12       9.154051031434e-15       8.377390574300e-16       5.273690782620e-17       4.028701661879e-17 
 1634       5.120124054022e-11       2.599961309321e-12      -2.613745407007e-12       9.145498868783e-15       8.355893402143e-16       5.130375099747e-17       4.015440360640e-17 
 1635       5.113999911583e-11       2.592808995314e-12      -2.654561206151e-12       9.137010066490e-15       8.334461365456e-16       4.991028935330e-17       4.001824531285e-17 
 1636       5.108198816194e-11       2.585412656777e-12      -2.694858807810e-12       9.128584713152e-15       8.313094184995e-16       4.855741810187e-17       3.987858052628e-17 
 1637       5.102715633367e-11       2.577775654381e-12      -2.734628278270e-12       9.120222341133e-15       8.291791670802e-16       4.724467032245e-17       3.973544460453e-17 
 1638       5.097544817535e-11       2.569901796976e-12      -2.773861874105e-12       9.111922340285e-15       8.270553653575e-16       4.597123433328e-17       3.958887220455e-17 
 1639       5.092680791565e-11       2.561794915043e-12      -2.812551821994e-12       9.103684096294e-15       8.249379961708e-16       4.473629391917e-17       3.943889819544e-17 
 1640       5.088117946709e-11       2.553458860726e-12      -2.850690318687e-12       9.095506990677e-15       8.228270421291e-16       4.353902832438e-17       3.928555765878e-17 
 1641       5.083850642553e-11       2.544897507865e-12      -2.888269530960e-12       9.087390400777e-15       8.207224856099e-16       4.237861224532e-17       3.912888588900e-17 
 1642       5.079873206964e-11       2.536114752033e-12      -2.925281595571e-12       9.079333699748e-15       8.186243087595e-16       4.125421582340e-17       3.896891839368e-17 
 1643       5.076179936043e-11       2.527114510568e-12      -2.961718619225e-12       9.071336256558e-15       8.165324934920e-16       4.016500463777e-17       3.880569089394e-17 
 1644       5.072765094075e-11       2.517900722609e-12      -2.997572678528e-12       9.063397435973e-15       8.144470214893e-16       3.911013969815e-17       3.863923932473e-17 
 1645       5.069622913473e-11       2.508477349130e-12      -3.032835819947e-12       9.055516598555e-15       8.123678742002e-16       3.808877743759e-17       3.846959983524e-17 
 1646       5.066747594736e-11       2.498848372976e-12      -3.067500059769e-12       9.047693100655e-15       8.102950328402e-16       3.710006970527e-17       3.829680878921e-17 
 1647       5.064133306388e-11       2.489017798893e-12      -3.101557384059e-12       9.039926294404e-15       8.082284783913e-16       3.614316375928e-17       3.812090276526e-17 
 1648       5.061774184938e-11       2.478989653570e-12      -3.134999748618e-12       9.032215527707e-15       8.061681916010e-16       3.521720225943e-17       3.794191855726e-17 
 1649       5.059664334823e-11       2.468767985664e-12      -3.167819078944e-12       9.024560144233e-15       8.041141529822e-16       3.432132326000e-17       3.775989317466e-17 
 1650       5.057797828359e-11       2.458356865844e-12      -3.200007270188e-12       9.016959483415e-15       8.020663428128e-16       3.345466020255e-17       3.757486384284e-17 
 1651       5.056168705692e-11       2.447760386818e-12      -3.231556187115e-12       9.009412880435e-15       8.000247411352e-16       3.261634190872e-17       3.738686800347e-17 
 1652       5.054770974744e-11       2.436982663372e-12      -3.262457664061e-12       9.001919666222e-15       7.979893277557e-16       3.180549257299e-17       3.719594331480e-17 
 1653       5.053598611166e-11       2.426027832401e-12      -3.292703504891e-12       8.994479167442e-15       7.959600822442e-16       3.102123175550e-17       3.700212765209e-17 
 1654       5.052645558288e-11       2.414900052948e-12      -3.322285482960e-12       8.987090706494e-15       7.939369839338e-16       3.026267437480e-17       3.680545910787e-17 
 1655       5.051905727065e-11       2.403603506233e-12      -3.351195341071e-12       8.979753601501e-15       7.919200119202e-16       2.952893070067e-17       3.660597599233e-17 
 1656       5.051372996027e-11       2.392142395694e-12      -3.379424791431e-12       8.972467166302e-15       7.899091450615e-16       2.881910634689e-17       3.640371683367e-17 
 1657       5.051041211232e-11       2.380520947013e-12      -3.406965515613e-12       8.965230710446e-15       7.879043619774e-16       2.813230226404e-17       3.619872037840e-17 
 1658       5.050904186214e-11       2.368743408159e-12      -3.433809164513e-12       8.958043539188e-15       7.859056410490e-16       2.746761473228e-17       3.599102559176e-17 
 1659       5.050955701930e-11       2.356814049418e-12      -3.459947358310e-12       8.950904953474e-15       7.839129604185e-16       2.682413535413e-17       3.578067165796e-17 
 1660       5.051189506710e-11       2.344737163426e-12      -3.485371686422e-12       8.943814249944e-15       7.819262979883e-16       2.620095104729e-17       3.556769798063e-17 
 1661       5.051599316213e-11       2.332517065209e-12      -3.510073707467e-12       8.936770720917e-15       7.799456314212e-16       2.559714403737e-17       3.535214418310e-17 
 1662       5.052178813365e-11       2.320158092211e-12      -3.534044949222e-12       8.929773654387e-15       7.779709381391e-16       2.501179185075e-17       3.513405010876e-17 
 1663       5.052921648320e-11       2.307664604335e-12      -3.557276908577e-12       8.922822334017e-15       7.760021953234e-16       2.444396730731e-17       3.491345582140e-17 
 1664       5.053821438401e-11       2.295040983970e-12      -3.579761051502e-12       8.915916039130e-15       7.740393799140e-16       2.389273851325e-17       3.469040160556e-17 
 1665       5.054871768055e-11       2.282291636032e-12      -3.601488812998e-12       8.909054044701e-15       7.720824686093e-16       2.335716885385e-17       3.446492796691e-17 
 1666       5.056066188799e-11       2.269420987997e-12      -3.622451597058e-12       8.902235621355e-15       7.701314378652e-16       2.283631698630e-17       3.423707563250e-17 
 1667       5.057398219172e-11       2.256433489932e-12      -3.642640776628e-12       8.895460035354e-15       7.681862638951e-16       2.232923683244e-17       3.400688555120e-17 
 1668       5.058861344683e-11       2.243333614532e-12      -3.662047693562e-12       8.888726548593e-15       7.662469226695e-16       2.183497757157e-17       3.377439889400e-17 
 1669       5.060449017760e-11       2.230125857158e-12      -3.680663658584e-12       8.882034418593e-15       7.643133899150e-16       2.135258363327e-17       3.353965705437e-17 
 1670       5.062154657701e-11       2.216814735863e-12      -3.698479951244e-12       8.875382898492e-15       7.623856411146e-16       2.088109469012e-17       3.330270164858e-17 
 1671       5.063971650624e-11       2.203404791434e-12      -3.715487819878e-12       8.868771237041e-15       7.604636515066e-16       2.041954565054e-17       3.306357451606e-17 
 1672       5.065893349415e-11       2.189900587425e-12      -3.731678481567e-12       8.862198678594e-15       7.585473960847e-16       1.996696665157e-17       3.282231771976e-17 
 1673       5.067913073676e-11       2.176306710187e-12      -3.747043122093e-12       8.855664463102e-15       7.566368495971e-16       1.952238305162e-17       3.257897354647e-17 
 1674       5.070024109679e-11       2.162627768908e-12      -3.761572895902e-12       8.849167826108e-15       7.547319865464e-16       1.908481542333e-17       3.233358450718e-17 
 1675       5.072220004557e-11       2.148868323220e-12      -3.775261130160e-12       8.842707966496e-15       7.528327831055e-16       1.865343793603e-17       3.208619301622e-17 
 1676       5.074495451803e-11       2.135032665260e-12      -3.788109958066e-12       8.836283949456e-15       7.509392228858e-16       1.822805503070e-17       3.183684042507e-17 
 1677       5.076845413406e-11       2.121125035778e-12      -3.800123743400e-12       8.829894802661e-15       7.490512912183e-16       1.780862889438e-17       3.158556798081e-17 
 1678       5.079264826273e-11       2.107149696413e-12      -3.811306881733e-12       8.823539548418e-15       7.471689732418e-16       1.739512144783e-17       3.133241714685e-17 
 1679       5.081748602184e-11       2.093110929730e-12      -3.821663800476e-12       8.817217203664e-15       7.452922539022e-16       1.698749434512e-17       3.107742960330e-17 
 1680       5.084291627760e-11       2.079013039250e-12      -3.831198958940e-12       8.810926779954e-15       7.434211179522e-16       1.658570897319e-17       3.082064724728e-17 
 1681       5.086888764426e-11       2.064860349479e-12      -3.839916848382e-12       8.804667283452e-15       7.415555499508e-16       1.618972645140e-17       3.056211219322e-17 
 1682       5.089534848368e-11       2.050657205942e-12      -3.847821992063e-12       8.798437714928e-15       7.396955342633e-16       1.579950763110e-17       3.030186677325e-17 
 1683       5.092224690497e-11       2.036407975216e-12      -3.854918945296e-12       8.792237069741e-15       7.378410550606e-16       1.541501309517e-17       3.003995353750e-17 
 1684       5.094953076414e-11       2.022117044956e-12      -3.861212295505e-12       8.786064337841e-15       7.359920963190e-16       1.503620315758e-17       2.977641525441e-17 
 1685       5.097714766367e-11       2.007788823931e-12      -3.866706662272e-12       8.779918503749e-15       7.341486418196e-16       1.466303786298e-17       2.951129491109e-17 
 1686       5.100504495220e-11       1.993427742054e-12      -3.871406697393e-12       8.773798546560e-15       7.323106751484e-16       1.429547698622e-17       2.924463571367e-17 
 1687       5.103316972406e-11       1.979038250411e-12      -3.875317084930e-12       8.767703439926e-15       7.304781796955e-16       1.393348003192e-17       2.897648108755e-17 
 1688       5.106146881897e-11       1.964624821297e-12      -3.878442541263e-12       8.761632152051e-15       7.286511386550e-16       1.357700623404e-17       2.870687467783e-17 
 1689       5.108988882164e-11       1.950191948245e-12      -3.880787815146e-12       8.755583645682e-15       7.268295350244e-16       1.322601455543e-17       2.843586034958e-17 
 1690       5.111837606135e-11       1.935744146055e-12      -3.882357687757e-12       8.749556878103e-15       7.250133516045e-16       1.288046368738e-17       2.816348218817e-17 
 1691       5.114687661163e-11       1.921285950830e-12      -3.883156972750e-12       8.743550801121e-15       7.232025709990e-16       1.254031204920e-17       2.788978449963e-17 
 1692       5.117533628985e-11       1.906821920004e-12      -3.883190516310e-12       8.737564361062e-15       7.213971756139e-16       1.220551778775e-17       2.761481181097e-17 
 1693       5.120370065684e-11       1.892356632374e-12      -3.882463197208e-12       8.731596498764e-15       7.195971476573e-16       1.187603877703e-17       2.733860887050e-17 
 1694       5.123191501650e-11       1.877894688133e-12      -3.880979926847e-12       8.725646149562e-15       7.178024691391e-16       1.155183261770e-17       2.706122064817e-17 
 1695       5.125992441547e-11       1.863440708899e-12      -3.878745649323e-12       8.719712243287e-15       7.160131218706e-16       1.123285663669e-17       2.678269233588e-17 
 1696       5.128767364269e-11       1.848999337749e-12      -3.875765341469e-12       8.713793704253e-15       7.142290874640e-16       1.091906788670e-17       2.650306934786e-17 
 1697       5.131510722906e-11       1.834575239247e-12      -3.872044012918e-12       8.707889451247e-15       7.124503473324e-16       1.061042314580e-17       2.622239732095e-17 
 1698       5.134216944705e-11       1.820173099478e-12      -3.867586706147e-12       8.701998397528e-15       7.106768826887e-16       1.030687891698e-17       2.594072211495e-17 
 1699       5.136880431031e-11       1.805797626080e-12      -3.862398496535e-12       8.696119450810e-15       7.089086745463e-16       1.000839142770e-17       2.565808981295e-17 
 1700       5.139495557331e-11       1.791453548273e-12      -3.856484492414e-12       8.690251513260e-15       7.071457037179e-16       9.714916629441e-18       2.537454672167e-17 
 1701       5.142056673095e-11       1.777145616890e-12      -3.849849835121e-12       8.684393481486e-15       7.053879508152e-16       9.426410197294e-18       2.509013937177e-17 
 1702       5.144558101818e-11       1.762878604412e-12      -3.842499699054e-12       8.678544246528e-15       7.036353962490e-16       9.142827529486e-18       2.480491451821e-17 
 1703       5.146994140962e-11       1.748657304997e-12      -3.834439291722e-12       8.672702693853e-15       7.018880202286e-16       8.864123746955e-18       2.451891914053e-17 
 1704       5.149359061919e-11       1.734486534510e-12      -3.825673853799e-12       8.666867703344e-15       7.001458027613e-16       8.590253692904e-18       2.423220044326e-17 
 1705       5.151647109974e-11       1.720371130558e-12      -3.816208659175e-12       8.661038149293e-15       6.984087236522e-16       8.321171932360e-18       2.394480585615e-17 
 1706       5.153852504262e-11       1.706315952516e-12      -3.806049015013e-12       8.655212900390e-15       6.966767625037e-16       8.056832751733e-18       2.365678303460e-17 
 1707       5.155969437736e-11       1.692325881566e-12      -3.795200261797e-12       8.649390819718e-15       6.949498987155e-16       7.797190158374e-18       2.336817985993e-17 
 1708       5.157992077126e-11       1.678405820720e-12      -3.783667773390e-12       8.643570764741e-15       6.932281114835e-16       7.542197880134e-18       2.307904443971e-17 
 1709       5.159914562903e-11       1.664560694858e-12      -3.771456957080e-12       8.637751587301e-15       6.915113798005e-16       7.291809364919e-18       2.278942510812e-17 
 1710       5.161731009239e-11       1.650795450755e-12      -3.758573253641e-12       8.631932133601e-15       6.897996824547e-16       7.045977780252e-18       2.249937042628e-17 
 1711       5.163435503971e-11       1.637115057117e-12      -3.745022137379e-12       8.626111244206e-15       6.880929980303e-16       6.804656012832e-18       2.220892918254e-17 
 1712       5.165022108559e-11       1.623524504606e-12      -3.730809116189e-12       8.620287754028e-15       6.863913049064e-16       6.567796668090e-18       2.191815039286e-17 
 1713       5.166484858055e-11       1.610028805877e-12      -3.715939731605e-12       8.614460492319e-15       6.846945812572e-16       6.335352069746e-18       2.162708330112e-17 
 1714       5.167818438229e-11       1.596632543841e-12      -3.700420582314e-12       8.608628359245e-15       6.830028066573e-16       6.107311434964e-18       2.133577243039e-17 
 1715       5.169020223367e-11       1.583338512176e-12      -3.684262404127e-12       8.602790556326e-15       6.813159669150e-16       5.883812747712e-18       2.104424269006e-17 
 1716       5.170088255794e-11       1.570149063275e-12      -3.667477016406e-12       8.596946357943e-15       6.796340492796e-16       5.665031839533e-18       2.075251414223e-17 
 1717       5.171020570275e-11       1.557066558970e-12      -3.650076301082e-12       8.591095034936e-15       6.779570408390e-16       5.451145301708e-18       2.046060693937e-17 
 1718       5.171815194005e-11       1.544093370543e-12      -3.632072202755e-12       8.585235854592e-15       6.762849285191e-16       5.242330486335e-18       2.016854132446e-17 
 1719       5.172470146596e-11       1.531231878743e-12      -3.613476728785e-12       8.579368080646e-15       6.746176990838e-16       5.038765507402e-18       1.987633763109e-17 
 1720       5.172983440068e-11       1.518484473796e-12      -3.594301949389e-12       8.573490973272e-15       6.729553391347e-16       4.840629241865e-18       1.958401628358e-17 
 1721       5.173353078840e-11       1.505853555418e-12      -3.574559997733e-12       8.567603789078e-15       6.712978351105e-16       4.648101330722e-18       1.929159779714e-17 
 1722       5.173577059719e-11       1.493341532829e-12      -3.554263070028e-12       8.561705781102e-15       6.696451732870e-16       4.461362180093e-18       1.899910277800e-17 
 1723       5.173653371889e-11       1.480950824768e-12      -3.533423425628e-12       8.555796198807e-15       6.679973397767e-16       4.280592962291e-18       1.870655192350e-17 
 1724       5.173579996902e-11       1.468683859499e-12      -3.512053387117e-12       8.549874288072e-15       6.663543205286e-16       4.105975616900e-18       1.841396602226e-17 
 1725       5.173354908666e-11       1.456543074831e-12      -3.490165340413e-12       8.543939291192e-15       6.647161013277e-16       3.937692851855e-18       1.812136595429e-17 
 1726       5.172976073435e-11       1.444530918130e-12      -3.467771734852e-12       8.537990446868e-15       6.630826677947e-16       3.775928144510e-18       1.782877269109e-17 
 1727       5.172441449803e-11       1.432649846327e-12      -3.444885083294e-12       8.532026990207e-15       6.614540053861e-16       3.620865742721e-18       1.753620729586e-17 
 1728       5.171748988685e-11       1.420902325937e-12      -3.421517962208e-12       8.526048152709e-15       6.598300993935e-16       3.472690665918e-18       1.724369092353e-17 
 1729       5.170896633317e-11       1.409290833067e-12      -3.397683011772e-12       8.520053162271e-15       6.582109349434e-16       3.331588706182e-18       1.695124482096e-17 
 1730       5.169882319237e-11       1.397817853432e-12      -3.373392935968e-12       8.514041243172e-15       6.565964969969e-16       3.197746429325e-18       1.665889032704e-17 
 1731       5.168703974279e-11       1.386485882368e-12      -3.348660502672e-12       8.508011616076e-15       6.549867703495e-16       3.071351175956e-18       1.636664887282e-17 
 1732       5.167359518565e-11       1.375297424842e-12      -3.323498543753e-12       8.501963498022e-15       6.533817396308e-16       2.952591062570e-18       1.607454198165e-17 
 1733       5.165846864487e-11       1.364254995469e-12      -3.297919955167e-12       8.495896102420e-15       6.517813893040e-16       2.841654982612e-18       1.578259126927e-17 
 1734       5.164163916706e-11       1.353361118521e-12      -3.271937697050e-12       8.489808639045e-15       6.501857036658e-16       2.738732607562e-18       1.549081844400e-17 
 1735       5.162308572134e-11       1.342618327943e-12      -3.245564793812e-12       8.483700314034e-15       6.485946668462e-16       2.644014388005e-18       1.519924530684e-17 
 1736       5.160278719929e-11       1.332029167365e-12      -3.218814334237e-12       8.477570329877e-15       6.470082628077e-16       2.557691554711e-18       1.490789375156e-17 
 1737       5.158072241482e-11       1.321596190112e-12      -3.191699471570e-12       8.471417885414e-15       6.454264753459e-16       2.479956119707e-18       1.461678576490e-17 
 1738       5.155687010408e-11       1.311321959223e-12      -3.164233423617e-12       8.465242175831e-15       6.438492880881e-16       2.411000877359e-18       1.432594342665e-17 
 1739       5.153120892535e-11       1.301209047459e-12      -3.136429472839e-12       8.459042392651e-15       6.422766844939e-16       2.351019405441e-18       1.403538890978e-17 
 1740       5.150371745892e-11       1.291260037316e-12      -3.108300966444e-12       8.452817723731e-15       6.407086478545e-16       2.300206066216e-18       1.374514448059e-17 
 1741       5.147437420704e-11       1.281477521043e-12      -3.079861316484e-12       8.446567353259e-15       6.391451612924e-16       2.258756007510e-18       1.345523249883e-17 
 1742       5.144315759375e-11       1.271864100647e-12      -3.051123999948e-12       8.440290461742e-15       6.375862077613e-16       2.226865163787e-18       1.316567541782e-17 
 1743       5.141004596485e-11       1.262422387912e-12      -3.022102558861e-12       8.433986226008e-15       6.360317700456e-16       2.204730257230e-18       1.287649578460e-17 
 1744       5.137501758773e-11       1.253155004413e-12      -2.992810600371e-12       8.427653819196e-15       6.344818307603e-16       2.192548798809e-18       1.258771624002e-17 
 1745       5.133805065130e-11       1.244064581520e-12      -2.963261796850e-12       8.421292410752e-15       6.329363723503e-16       2.190519089364e-18       1.229935951892e-17 
 1746       5.129912326588e-11       1.235153760423e-12      -2.933469885988e-12       8.414901166425e-15       6.313953770908e-16       2.198840220677e-18       1.201144845020e-17 
 1747       5.125821346311e-11       1.226425192136e-12      -2.903448670882e-12       8.408479248259e-15       6.298588270862e-16       2.217712076551e-18       1.172400595701e-17 
 1748       5.121529919584e-11       1.217881537513e-12      -2.873212020140e-12       8.402025814591e-15       6.283267042705e-16       2.247335333882e-18       1.143705505683e-17 
 1749       5.117035833801e-11       1.209525467260e-12      -2.842773867966e-12       8.395540020042e-15       6.267989904066e-16       2.287911463740e-18       1.115061886162e-17 
 1750       5.112336868457e-11       1.201359661951e-12      -2.812148214262e-12       8.389021015516e-15       6.252756670860e-16       2.339642732440e-18       1.086472057795e-17 
 1751       5.107430795138e-11       1.193386812038e-12      -2.781349124718e-12       8.382467948189e-15       6.237567157289e-16       2.402732202622e-18       1.057938350712e-17 
 1752       5.102315377508e-11       1.185609617862e-12      -2.750390730909e-12       8.375879961511e-15       6.222421175832e-16       2.477383734324e-18       1.029463104529e-17 
 1753       5.096988993129e-11       1.178030257680e-12      -2.719286748967e-12       8.369256321201e-15       6.207318550787e-16       2.563754605462e-18       1.001048606808e-17 
 1754       5.091452504605e-11       1.170648786837e-12      -2.688049031013e-12       8.362596794429e-15       6.192259158991e-16       2.661812938659e-18       9.726969078473e-18 
 1755       5.085707404035e-11       1.163464725255e-12      -2.656689001818e-12       8.355901273791e-15       6.177242889435e-16       2.771479086492e-18       9.444100043689e-18 
 1756       5.079755192619e-11       1.156477588203e-12      -2.625218139213e-12       8.349169651588e-15       6.162269629747e-16       2.892672903292e-18       9.161899009447e-18 
 1757       5.073597380668e-11       1.149686886288e-12      -2.593647974154e-12       8.342401819828e-15       6.147339266194e-16       3.025313744375e-18       8.880386100058e-18 
 1758       5.067235487622e-11       1.143092125452e-12      -2.561990090807e-12       8.335597670225e-15       6.132451683679e-16       3.169320465266e-18       8.599581518532e-18 
 1759       5.060671042060e-11       1.136692806958e-12      -2.530256126618e-12       8.328757094196e-15       6.117606765738e-16       3.324611420929e-18       8.319505546677e-18 
 1760       5.053905581720e-11       1.130488427387e-12      -2.498457772393e-12       8.321879982862e-15       6.102804394540e-16       3.491104464989e-18       8.040178545212e-18 
 1761       5.046940653504e-11       1.124478478627e-12      -2.466606772368e-12       8.314966227050e-15       6.088044450880e-16       3.668716948965e-18       7.761620953867e-18 
 1762       5.039777813502e-11       1.118662447867e-12      -2.434714924293e-12       8.308015717289e-15       6.073326814179e-16       3.857365721491e-18       7.483853291486e-18 
 1763       5.032418626998e-11       1.113039817589e-12      -2.402794079501e-12       8.301028343812e-15       6.058651362485e-16       4.056967127546e-18       7.206896156136e-18 
 1764       5.024864668488e-11       1.107610065560e-12      -2.370856142987e-12       8.294003996554e-15       6.044017972463e-16       4.267437007682e-18       6.930770225207e-18 
 1765       5.017117521695e-11       1.102372664822e-12      -2.338913073482e-12       8.286942565154e-15       6.029426519399e-16       4.488690697247e-18       6.655496255520e-18 
 1766       5.009178779580e-11       1.097327083688e-12      -2.306976883532e-12       8.279843938951e-15       6.014876877196e-16       4.720643025615e-18       6.381095083430e-18 
 1767       5.001050044355e-11       1.092472785732e-12      -2.275059639571e-12       8.272708006986e-15       6.000368918369e-16       4.963208315412e-18       6.107587624932e-18 
 1768       4.992732927502e-11       1.087809229780e-12      -2.243173461996e-12       8.265534658004e-15       5.985902514046e-16       5.216300381743e-18       5.834994875762e-18 
 1769       4.984229049784e-11       1.083335869907e-12      -2.211330525248e-12       8.258323780446e-15       5.971477533964e-16       5.479832531417e-18       5.563337911505e-18 
 1770       4.975540041258e-11       1.079052155422e-12      -2.179543057882e-12       8.251075262458e-15       5.957093846465e-16       5.753717562178e-18       5.292637887700e-18 
 1771       4.966667541291e-11       1.074957530865e-12      -2.147823342646e-12       8.243788991883e-15       5.942751318498e-16       6.037867761928e-18       5.022916039940e-18 
 1772       4.957613198572e-11       1.071051436001e-12      -2.116183716556e-12       8.236464856264e-15       5.928449815610e-16       6.332194907954e-18       4.754193683981e-18 
 1773       4.948378671129e-11       1.067333305805e-12      -2.084636570971e-12       8.229102742845e-15       5.914189201951e-16       6.636610266158e-18       4.486492215847e-18 
 1774       4.938965626340e-11       1.063802570461e-12      -2.053194351672e-12       8.221702538568e-15       5.899969340265e-16       6.951024590281e-18       4.219833111930e-18 
 1775       4.929375740948e-11       1.060458655352e-12      -2.021869558935e-12       8.214264130073e-15       5.885790091893e-16       7.275348121131e-18       3.954237929097e-18 
 1776       4.919610701075e-11       1.057300981050e-12      -1.990674747606e-12       8.206787403697e-15       5.871651316767e-16       7.609490585810e-18       3.689728304798e-18 
 1777       4.909672202239e-11       1.054328963310e-12      -1.959622527180e-12       8.199272245478e-15       5.857552873407e-16       7.953361196938e-18       3.426325957163e-18 
 1778       4.899561949361e-11       1.051542013066e-12      -1.928725561874e-12       8.191718541148e-15       5.843494618922e-16       8.306868651887e-18       3.164052685115e-18 
 1779       4.889281656785e-11       1.048939536413e-12      -1.897996570706e-12       8.184126176138e-15       5.829476409006e-16       8.669921131998e-18       2.902930368466e-18 
 1780       4.878833048291e-11       1.046520934611e-12      -1.867448327567e-12       8.176495035573e-15       5.815498097933e-16       9.042426301817e-18       2.642980968031e-18 
 1781       4.868217857107e-11       1.044285604070e-12      -1.837093661300e-12       8.168825004277e-15       5.801559538560e-16       9.424291308316e-18       2.384226525722e-18 
 1782       4.857437825925e-11       1.042232936341e-12      -1.806945455774e-12       8.161115966769e-15       5.787660582319e-16       9.815422780122e-18       2.126689164663e-18 
 1783       4.846494706914e-11       1.040362318115e-12      -1.777016649961e-12       8.153367807261e-15       5.773801079218e-16       1.021572682674e-17       1.870391089287e-18 
 1784       4.835390261732e-11       1.038673131209e-12      -1.747320238011e-12       8.145580409663e-15       5.759980877837e-16       1.062510903780e-17       1.615354585443e-18 
 1785       4.824126261546e-11       1.037164752561e-12      -1.717869269327e-12       8.137753657577e-15       5.746199825327e-16       1.104347448224e-17       1.361602020502e-18 
 1786       4.812704487039e-11       1.035836554221e-12      -1.688676848646e-12       8.129887434301e-15       5.732457767405e-16       1.147072770758e-17       1.109155843458e-18 
 1787       4.801126728429e-11       1.034687903345e-12      -1.659756136106e-12       8.121981622826e-15       5.718754548355e-16       1.190677273913e-17       8.580385850380e-19 
 1788       4.789394785480e-11       1.033718162183e-12      -1.631120347330e-12       8.114036105837e-15       5.705090011023e-16       1.235151307920e-17       6.082728578007e-19 
 1789       4.777510467518e-11       1.032926688078e-12      -1.602782753497e-12       8.106050765710e-15       5.691463996816e-16       1.280485170635e-17       3.598813562446e-19 
 1790       4.765475593443e-11       1.032312833450e-12      -1.574756681421e-12       8.098025484515e-15       5.677876345698e-16       1.326669107463e-17       1.128868569118e-19 
 1791       4.753291991746e-11       1.031875945796e-12      -1.547055513624e-12       8.089960144014e-15       5.664326896189e-16       1.373693311275e-17      -1.326877815080e-19 
 1792       4.740961749472e-11       1.031615055380e-12      -1.519691254442e-12       8.081854722380e-15       5.650815496821e-16       1.421547852119e-17      -3.768215718951e-19 
 1793       4.728487961320e-11       1.031527935553e-12      -1.492670215381e-12       8.073709585211e-15       5.637342040612e-16       1.470222465853e-17      -6.195012775087e-19 
 1794       4.715873986689e-11       1.031612034747e-12      -1.465997294680e-12       8.065525196892e-15       5.623906430869e-16       1.519706763633e-17      -8.607155809753e-19 
 1795       4.703123201305e-11       1.031864788054e-12      -1.439677408106e-12       8.057302024094e-15       5.610508569751e-16       1.569990301888e-17      -1.100453134792e-18 
 1796       4.690238997245e-11       1.032283617208e-12      -1.413715488974e-12       8.049040535777e-15       5.597148358271e-16       1.621062582242e-17      -1.338702561294e-18 
 1797       4.677224782956e-11       1.032865930563e-12      -1.388116488174e-12       8.040741203195e-15       5.583825696289e-16       1.672913051439e-17      -1.575452452626e-18 
 1798       4.664083983286e-11       1.033609123076e-12      -1.362885374188e-12       8.032404499897e-15       5.570540482512e-16       1.725531101254e-17      -1.810691370707e-18 
 1799       4.650820039498e-11       1.034510576288e-12      -1.338027133118e-12       8.024030901731e-15       5.557292614494e-16       1.778906068423e-17      -2.044407847199e-18 
 1800       4.637436409301e-11       1.035567658301e-12      -1.313546768704e-12       8.015620886848e-15       5.544081988631e-16       1.833027234554e-17      -2.276590383479e-18 
 1801       4.623936566870e-11       1.036777723762e-12      -1.289449302345e-12       8.007174935705e-15       5.530908500161e-16       1.887883826055e-17      -2.507227450604e-18 
 1802       4.610324002867e-11       1.038138113842e-12      -1.265739773128e-12       7.998693531066e-15       5.517772043161e-16       1.943465014047e-17      -2.736307489280e-18 
 1803       4.596602224472e-11       1.039646156216e-12      -1.242423237844e-12       7.990177158008e-15       5.504672510545e-16       1.999759914289e-17      -2.963818909832e-18 
 1804       4.582774755395e-11       1.041299165045e-12      -1.219504771013e-12       7.981626303925e-15       5.491609794062e-16       2.056757587097e-17      -3.189750092171e-18 
 1805       4.568845135911e-11       1.043094440955e-12      -1.196989464904e-12       7.973041458527e-15       5.478583784295e-16       2.114447037262e-17      -3.414089385762e-18 
 1806       4.554816922874e-11       1.045029271018e-12      -1.174882429562e-12       7.964423113846e-15       5.465594370658e-16       2.172817213973e-17      -3.636825109594e-18 
 1807       4.540693689746e-11       1.047100928734e-12      -1.153188792826e-12       7.955771764241e-15       5.452641441395e-16       2.231857010734e-17      -3.857945552147e-18 
 1808       4.526479026618e-11       1.049306674010e-12      -1.131913700352e-12       7.947087906396e-15       5.439724883574e-16       2.291555265287e-17      -4.077438971362e-18 
 1809       4.512176540233e-11       1.051643753138e-12      -1.111062315636e-12       7.938372039330e-15       5.426844583093e-16       2.351900759530e-17      -4.295293594607e-18 
 1810       4.497789854011e-11       1.054109398782e-12      -1.090639820037e-12       7.929624664393e-15       5.414000424669e-16       2.412882219438e-17      -4.511497618648e-18 
 1811       4.483322608070e-11       1.056700829953e-12      -1.070651412799e-12       7.920846285274e-15       5.401192291843e-16       2.474488314985e-17      -4.726039209616e-18 
 1812       4.468778459253e-11       1.059415251990e-12      -1.051102311072e-12       7.912037408005e-15       5.388420066974e-16       2.536707660057e-17      -4.938906502976e-18 
 1813       4.454161081145e-11       1.062249856544e-12      -1.031997749934e-12       7.903198540960e-15       5.375683631238e-16       2.599528812382e-17      -5.150087603494e-18 
 1814       4.439474164103e-11       1.065201821554e-12      -1.013342982416e-12       7.894330194861e-15       5.362982864627e-16       2.662940273443e-17      -5.359570585207e-18 
 1815       4.424721415277e-11       1.068268311232e-12      -9.951432795236e-13       7.885432882780e-15       5.350317645945e-16       2.726930488399e-17      -5.567343491393e-18 
 1816       4.409906558630e-11       1.071446476041e-12      -9.774039302557e-13       7.876507120144e-15       5.337687852809e-16       2.791487846008e-17      -5.773394334534e-18 
 1817       4.395033334966e-11       1.074733452672e-12      -9.601302416314e-13       7.867553424738e-15       5.325093361643e-16       2.856600678544e-17      -5.977711096290e-18 
 1818       4.380105501952e-11       1.078126364034e-12      -9.433275387100e-13       7.858572316703e-15       5.312534047679e-16       2.922257261720e-17      -6.180281727464e-18 
 1819       4.365126834137e-11       1.081622319225e-12      -9.270011646136e-13       7.849564318549e-15       5.300009784955e-16       2.988445814605e-17      -6.381094147975e-18 
 1820       4.350101122983e-11       1.085218413516e-12      -9.111564805494e-13       7.840529955150e-15       5.287520446312e-16       3.055154499545e-17      -6.580136246817e-18 
 1821       4.335032176883e-11       1.088911728335e-12      -8.957988658325e-13       7.831469753749e-15       5.275065903391e-16       3.122371422085e-17      -6.777395882040e-18 
 1822       4.319923821184e-11       1.092699331240e-12      -8.809337179072e-13       7.822384243964e-15       5.262646026633e-16       3.190084630886e-17      -6.972860880707e-18 
 1823       4.304779898213e-11       1.096578275908e-12      -8.665664523705e-13       7.813273957789e-15       5.250260685275e-16       3.258282117648e-17      -7.166519038870e-18 
 1824       4.289604267300e-11       1.100545602108e-12      -8.527025029932e-13       7.804139429597e-15       5.237909747352e-16       3.326951817028e-17      -7.358358121535e-18 
 1825       4.274400804799e-11       1.104598335686e-12      -8.393473217433e-13       7.794981196145e-15       5.225593079688e-16       3.396081606562e-17      -7.548365862632e-18 
 1826       4.259173404113e-11       1.108733488545e-12      -8.265063788074e-13       7.785799796575e-15       5.213310547902e-16       3.465659306581e-17      -7.736529964980e-18 
 1827       4.243925975717e-11       1.112948058625e-12      -8.141851626135e-13       7.776595772417e-15       5.201062016399e-16       3.535672680136e-17      -7.922838100262e-18 
 1828       4.228662447181e-11       1.117239029880e-12      -8.023891798532e-13       7.767369667598e-15       5.188847348374e-16       3.606109432917e-17      -8.107277908986e-18 
 1829       4.213386763195e-11       1.121603372266e-12      -7.911239555039e-13       7.758122028435e-15       5.176666405804e-16       3.676957213168e-17      -8.289837000459e-18 
 1830       4.198102885589e-11       1.126038041716e-12      -7.803950328512e-13       7.748853403649e-15       5.164519049452e-16       3.748203611616e-17      -8.470502952752e-18 
 1831       4.182814618705e-11       1.130540011559e-12      -7.702065373598e-13       7.739564365092e-15       5.152405148593e-16       3.819835568509e-17      -8.649268142279e-18 
 1832       4.167525083926e-11       1.135106367092e-12      -7.605568556921e-13       7.730255570139e-15       5.140324610302e-16       3.891837589739e-17      -8.826144274796e-18 
 1833       4.152237240993e-11       1.139734211728e-12      -7.514429221996e-13       7.720927699803e-15       5.128277350396e-16       3.964193516303e-17      -9.001147970471e-18 
 1834       4.136954062294e-11       1.144420635604e-12      -7.428616519101e-13       7.711581438055e-15       5.116263283724e-16       4.036887115787e-17      -9.174295944966e-18 
 1835       4.121678532883e-11       1.149162715566e-12      -7.348099404988e-13       7.702217471824e-15       5.104282324164e-16       4.109902082262e-17      -9.345605009572e-18 
 1836       4.106413650496e-11       1.153957515148e-12      -7.272846642594e-13       7.692836491007e-15       5.092334384622e-16       4.183222036182e-17      -9.515092071351e-18 
 1837       4.091162425565e-11       1.158802084557e-12      -7.202826800745e-13       7.683439188466e-15       5.080419377028e-16       4.256830524285e-17      -9.682774133282e-18 
 1838       4.075927881240e-11       1.163693460650e-12      -7.138008253870e-13       7.674026260036e-15       5.068537212339e-16       4.330711019489e-17      -9.848668294396e-18 
 1839       4.060713053404e-11       1.168628666921e-12      -7.078359181708e-13       7.664598404528e-15       5.056687800530e-16       4.404846920794e-17      -1.001279174992e-17 
 1840       4.045520990691e-11       1.173604713478e-12      -7.023847569018e-13       7.655156323735e-15       5.044871050601e-16       4.479221553179e-17      -1.017516179142e-17 
 1841       4.030354754499e-11       1.178618597026e-12      -6.974441205287e-13       7.645700722431e-15       5.033086870570e-16       4.553818167503e-17      -1.033579580694e-17 
 1842       4.015217419012e-11       1.183667300852e-12      -6.930107684440e-13       7.636232308381e-15       5.021335167470e-16       4.628619940398e-17      -1.049471128114e-17 
 1843       4.000112071216e-11       1.188747794801e-12      -6.890814404550e-13       7.626751792341e-15       5.009615847353e-16       4.703609974178e-17      -1.065192579545e-17 
 1844       3.985041810914e-11       1.193857035261e-12      -6.856528567547e-13       7.617259888061e-15       4.997928815284e-16       4.778771296725e-17      -1.080745702819e-17 
 1845       3.970009750743e-11       1.198991965144e-12      -6.827217178924e-13       7.607757312293e-15       4.986273975339e-16       4.854086861401e-17      -1.096132275473e-17 
 1846       3.955019016194e-11       1.204149513869e-12      -6.802847047451e-13       7.598244784793e-15       4.974651230608e-16       4.929539546937e-17      -1.111354084762e-17 
 1847       3.940072745628e-11       1.209326597340e-12      -6.783384784883e-13       7.588723028325e-15       4.963060483187e-16       5.005112157336e-17      -1.126412927674e-17 
 1848       3.925174090291e-11       1.214520117932e-12      -6.768796805664e-13       7.579192768662e-15       4.951501634182e-16       5.080787421772e-17      -1.141310610944e-17 
 1849       3.910326214332e-11       1.219726964470e-12      -6.759049326644e-13       7.569654734596e-15       4.939974583702e-16       5.156547994487e-17      -1.156048951067e-17 
 1850       3.895532294822e-11       1.224944012209e-12      -6.754108366784e-13       7.560109657938e-15       4.928479230863e-16       5.232376454693e-17      -1.170629774313e-17 
 1851       3.880795521767e-11       1.230168122821e-12      -6.753939746865e-13       7.550558273522e-15       4.917015473782e-16       5.308255306466e-17      -1.185054916741e-17 
 1852       3.866119098131e-11       1.235396144371e-12      -6.758509089198e-13       7.541001319209e-15       4.905583209577e-16       5.384166978651e-17      -1.199326224214e-17 
 1853       3.851506239848e-11       1.240624911303e-12      -6.767781817333e-13       7.531439535893e-15       4.894182334367e-16       5.460093824755e-17      -1.213445552412e-17 
 1854       3.836960175839e-11       1.245851244419e-12      -6.781723155769e-13       7.521873667504e-15       4.882812743265e-16       5.536018122850e-17      -1.227414766845e-17 
 1855       3.822484148033e-11       1.251071950860e-12      -6.800298129662e-13       7.512304461009e-15       4.871474330383e-16       5.611922075468e-17      -1.241235742871e-17 
 1856       3.808081411381e-11       1.256283824090e-12      -6.823471564535e-13       7.502732666420e-15       4.860166988826e-16       5.687787809505e-17      -1.254910365704e-17 
 1857       3.793755233874e-11       1.261483643878e-12      -6.851208085987e-13       7.493159036798e-15       4.848890610692e-16       5.763597376116e-17      -1.268440530436e-17 
 1858       3.779508896558e-11       1.266668176275e-12      -6.883472119402e-13       7.483584328252e-15       4.837645087069e-16       5.839332750613e-17      -1.281828142044e-17 
 1859       3.765345693556e-11       1.271834173601e-12      -6.920227889658e-13       7.474009299950e-15       4.826430308036e-16       5.914975832368e-17      -1.295075115408e-17 
 1860       3.751268932081e-11       1.276978374425e-12      -6.961439420837e-13       7.464434714116e-15       4.815246162658e-16       5.990508444709e-17      -1.308183375323e-17 
 1861       3.737281932451e-11       1.282097503545e-12      -7.007070535932e-13       7.454861336040e-15       4.804092538986e-16       6.065912334819e-17      -1.321154856517e-17 
 1862       3.723388028113e-11       1.287188271970e-12      -7.057084856561e-13       7.445289934077e-15       4.792969324057e-16       6.141169173635e-17      -1.333991503659e-17 
 1863       3.709590565655e-11       1.292247376903e-12      -7.111445802671e-13       7.435721279655e-15       4.781876403889e-16       6.216260555747e-17      -1.346695271378e-17 
 1864       3.695892904822e-11       1.297271501724e-12      -7.170116592250e-13       7.426156147275e-15       4.770813663481e-16       6.291167999299e-17      -1.359268124276e-17 
 1865       3.682298418538e-11       1.302257315967e-12      -7.233060241034e-13       7.416595314521e-15       4.759780986813e-16       6.365872945883e-17      -1.371712036941e-17 
 1866       3.668810492918e-11       1.307201475304e-12      -7.300239562219e-13       7.407039562055e-15       4.748778256840e-16       6.440356760442e-17      -1.384028993962e-17 
 1867       3.655432527289e-11       1.312100621530e-12      -7.371617166170e-13       7.397489673630e-15       4.737805355495e-16       6.514600731167e-17      -1.396220989944e-17 
 1868       3.642167934205e-11       1.316951382537e-12      -7.447155460126e-13       7.387946436088e-15       4.726862163685e-16       6.588586069398e-17      -1.408290029519e-17 
 1869       3.629020139463e-11       1.321750372305e-12      -7.526816647915e-13       7.378410639368e-15       4.715948561289e-16       6.662293909519e-17      -1.420238127363e-17 
 1870       3.615992168221e-11       1.326494487375e-12      -7.610556036147e-13       7.368883026888e-15       4.705064435440e-16       6.735706712497e-17      -1.432065711833e-17 
 1871       3.603085399773e-11       1.331181798871e-12      -7.698301896118e-13       7.359364146287e-15       4.694209705435e-16       6.808812488699e-17      -1.443766822190e-17 
 1872       3.590300803058e-11       1.335810667426e-12      -7.789975443728e-13       7.349854497524e-15       4.683384298017e-16       6.881600607918e-17      -1.455333873818e-17 
 1873       3.577639349686e-11       1.340379447309e-12      -7.885497518167e-13       7.340354582392e-15       4.672588139108e-16       6.954060398687e-17      -1.466759251145e-17 
 1874       3.565102013939e-11       1.344886486412e-12      -7.984788581393e-13       7.330864904524e-15       4.661821153806e-16       7.026181148225e-17      -1.478035307607e-17 
 1875       3.552689772771e-11       1.349330126249e-12      -8.087768717615e-13       7.321385969389e-15       4.651083266387e-16       7.097952102380e-17      -1.489154365604e-17 
 1876       3.540403605815e-11       1.353708701941e-12      -8.194357632769e-13       7.311918284302e-15       4.640374400301e-16       7.169362465582e-17      -1.500108716462e-17 
 1877       3.528244495383e-11       1.358020542212e-12      -8.304474653998e-13       7.302462358417e-15       4.629694478172e-16       7.240401400786e-17      -1.510890620390e-17 
 1878       3.516213426469e-11       1.362263969380e-12      -8.418038729134e-13       7.293018702737e-15       4.619043421796e-16       7.311058029422e-17      -1.521492306441e-17 
 1879       3.504311386755e-11       1.366437299348e-12      -8.534968426177e-13       7.283587830113e-15       4.608421152139e-16       7.381321431337e-17      -1.531905972469e-17 
 1880       3.492539366609e-11       1.370538841596e-12      -8.655181932772e-13       7.274170255248e-15       4.597827589339e-16       7.451180644747e-17      -1.542123785092e-17 
 1881       3.480898359091e-11       1.374566899172e-12      -8.778597055691e-13       7.264766494694e-15       4.587262652699e-16       7.520624666182e-17      -1.552137879648e-17 
 1882       3.469389359955e-11       1.378519768687e-12      -8.905131220314e-13       7.255377066862e-15       4.576726260689e-16       7.589642450434e-17      -1.561940360158e-17 
 1883       3.458013367654e-11       1.382395740304e-12      -9.034701470104e-13       7.246002492018e-15       4.566218330947e-16       7.658222910502e-17      -1.571523299279e-17 
 1884       3.446771383337e-11       1.386193097728e-12      -9.167224466091e-13       7.236643292290e-15       4.555738780272e-16       7.726354917540e-17      -1.580878738273e-17 
 1885       3.435664410859e-11       1.389910118203e-12      -9.302616486350e-13       7.227299991666e-15       4.545287524627e-16       7.794027300805e-17      -1.589998686956e-17 
 1886       3.424693456780e-11       1.393545072500e-12      -9.440793425480e-13       7.217973115999e-15       4.534864479136e-16       7.861228847603e-17      -1.598875123665e-17 
 1887       3.413859530367e-11       1.397096224910e-12      -9.581670794084e-13       7.208663193009e-15       4.524469558082e-16       7.927948303236e-17      -1.607499995214e-17 
 1888       3.403163643599e-11       1.400561833235e-12      -9.725163718251e-13       7.199370752283e-15       4.514102674908e-16       7.994174370949e-17      -1.615865216853e-17 
 1889       3.392606811170e-11       1.403940148780e-12      -9.871186939030e-13       7.190096325280e-15       4.503763742212e-16       8.059895711877e-17      -1.623962672231e-17 
 1890       3.382190050489e-11       1.407229416346e-12      -1.001965481192e-12       7.180840445333e-15       4.493452671750e-16       8.125100944993e-17      -1.631784213350e-17 
 1891       3.371914381687e-11       1.410427874222e-12      -1.017048130633e-12       7.171603647650e-15       4.483169374430e-16       8.189778647052e-17      -1.639321660529e-17 
 1892       3.361780827616e-11       1.413533754174e-12      -1.032358000508e-12       7.162386469315e-15       4.472913760315e-16       8.253917352544e-17      -1.646566802359e-17 
 1893       3.351790413854e-11       1.416545281438e-12      -1.047886410388e-12       7.153189449296e-15       4.462685738618e-16       8.317505553633e-17      -1.653511395668e-17 
 1894       3.341944168709e-11       1.419460674716e-12      -1.063624641078e-12       7.144013128438e-15       4.452485217703e-16       8.380531700110e-17      -1.660147165475e-17 
 1895       3.332243123217e-11       1.422278146159e-12      -1.079563934569e-12       7.134858049476e-15       4.442312105082e-16       8.442984199338e-17      -1.666465804952e-17 
 1896       3.322688311150e-11       1.424995901369e-12      -1.095695493984e-12       7.125724757028e-15       4.432166307416e-16       8.504851416199e-17      -1.672458975383e-17 
 1897       3.313280769018e-11       1.427612139382e-12      -1.112010483525e-12       7.116613797601e-15       4.422047730511e-16       8.566121673042e-17      -1.678118306125e-17 
 1898       3.304021536068e-11       1.430125052666e-12      -1.128500028422e-12       7.107525719597e-15       4.411956279317e-16       8.626783249628e-17      -1.683435394562e-17 
 1899       3.294911654292e-11       1.432532827108e-12      -1.145155214883e-12       7.098461073307e-15       4.401891857929e-16       8.686824383078e-17      -1.688401806072e-17 
 1900       3.285952168427e-11       1.434833642011e-12      -1.161967090036e-12       7.089420410920e-15       4.391854369583e-16       8.746233267820e-17      -1.693009073979e-17 
 1901       3.277144125957e-11       1.437025670081e-12      -1.178926661886e-12       7.080404286525e-15       4.381843716654e-16       8.804998055537e-17      -1.697248699518e-17 
 1902       3.268488577118e-11       1.439107077422e-12      -1.196024899253e-12       7.071413256107e-15       4.371859800660e-16       8.863106855113e-17      -1.701112151793e-17 
 1903       3.259986574901e-11       1.441076023524e-12      -1.213252731729e-12       7.062447877556e-15       4.361902522253e-16       8.920547732579e-17      -1.704590867731e-17 
 1904       3.251639175053e-11       1.442930661261e-12      -1.230601049618e-12       7.053508710668e-15       4.351971781224e-16       8.977308711062e-17      -1.707676252052e-17 
 1905       3.243447436080e-11       1.444669136877e-12      -1.248060703890e-12       7.044596317145e-15       4.342067476498e-16       9.033377770731e-17      -1.710359677217e-17 
 1906       3.235412419252e-11       1.446289589980e-12      -1.265622506127e-12       7.035711260597e-15       4.332189506134e-16       9.088742848743e-17      -1.712632483396e-17 
 1907       3.227535188603e-11       1.447790153535e-12      -1.283277228469e-12       7.026854106547e-15       4.322337767322e-16       9.143391839193e-17      -1.714485978422e-17 
 1908       3.219816810937e-11       1.449168953853e-12      -1.301015603565e-12       7.018025422432e-15       4.312512156386e-16       9.197312593057e-17      -1.715911437754e-17 
 1909       3.212257979875e-11       1.450424467372e-12      -1.318828634021e-12       7.009225699165e-15       4.302712575833e-16       9.250495606519e-17      -1.716903487820e-17 
 1910       3.204857884856e-11       1.451556594008e-12      -1.336708523454e-12       7.000455115159e-15       4.292938955586e-16       9.302942108575e-17      -1.717470284500e-17 
 1911       3.197615333472e-11       1.452565592011e-12      -1.354647752472e-12       6.991713770498e-15       4.283191231914e-16       9.354656035327e-17      -1.717623412596e-17 
 1912       3.190529126623e-11       1.453451721937e-12      -1.372638769778e-12       6.983001765214e-15       4.273469340389e-16       9.405641347266e-17      -1.717374509600e-17 
 1913       3.183598058511e-11       1.454215246648e-12      -1.390673992131e-12       6.974319199286e-15       4.263773215886e-16       9.455902029312e-17      -1.716735265764e-17 
 1914       3.176820916627e-11       1.454856431313e-12      -1.408745804301e-12       6.965666172636e-15       4.254102792580e-16       9.505442090847e-17      -1.715717424172e-17 
 1915       3.170196481743e-11       1.455375543416e-12      -1.426846559028e-12       6.957042785137e-15       4.244458003945e-16       9.554265565751e-17      -1.714332780809e-17 
 1916       3.163723527904e-11       1.455772852757e-12      -1.444968576983e-12       6.948449136605e-15       4.234838782755e-16       9.602376512437e-17      -1.712593184633e-17 
 1917       3.157400822414e-11       1.456048631455e-12      -1.463104146720e-12       6.939885326800e-15       4.225245061081e-16       9.649779013886e-17      -1.710510537647e-17 
 1918       3.151227125833e-11       1.456203153953e-12      -1.481245524640e-12       6.931351455430e-15       4.215676770292e-16       9.696477177687e-17      -1.708096794965e-17 
 1919       3.145201191959e-11       1.456236697022e-12      -1.499384934946e-12       6.922847622146e-15       4.206133841048e-16       9.742475136065e-17      -1.705363964888e-17 
 1920       3.139321767827e-11       1.456149539764e-12      -1.517514569604e-12       6.914373926544e-15       4.196616203308e-16       9.787777045922e-17      -1.702324108972e-17 
 1921       3.133587593694e-11       1.455941963613e-12      -1.535626588297e-12       6.905930468165e-15       4.187123786322e-16       9.832387088871e-17      -1.698989342099e-17 
 1922       3.127997403033e-11       1.455614252342e-12      -1.553713118385e-12       6.897517346491e-15       4.177656518630e-16       9.876309471271e-17      -1.695371832549e-17 
 1923       3.122549922519e-11       1.455166692065e-12      -1.571766254867e-12       6.889134660949e-15       4.168214328064e-16       9.919548424263e-17      -1.691483802069e-17 
 1924       3.117243872024e-11       1.454599571242e-12      -1.589778060331e-12       6.880782510911e-15       4.158797141748e-16       9.962108203805e-17      -1.687337525943e-17 
 1925       3.112077964606e-11       1.453913180679e-12      -1.607740564921e-12       6.872460995689e-15       4.149404886090e-16       1.000399309071e-16      -1.682945333066e-17 
 1926       3.107050906498e-11       1.453107813537e-12      -1.625645766288e-12       6.864170214538e-15       4.140037486788e-16       1.004520739067e-16      -1.678319606014e-17 
 1927       3.102161397099e-11       1.452183765329e-12      -1.643485629553e-12       6.855910266657e-15       4.130694868825e-16       1.008575543431e-16      -1.673472781109e-17 
 1928       3.097408128966e-11       1.451141333929e-12      -1.661252087262e-12       6.847681251184e-15       4.121376956471e-16       1.012564157722e-16      -1.668417348499e-17 
 1929       3.092789787805e-11       1.449980819574e-12      -1.678937039346e-12       6.839483267202e-15       4.112083673276e-16       1.016487019997e-16      -1.663165852222e-17 
 1930       3.088305052458e-11       1.448702524866e-12      -1.696532353079e-12       6.831316413731e-15       4.102814942077e-16       1.020344570816e-16      -1.657730890278e-17 
 1931       3.083952594895e-11       1.447306754776e-12      -1.714029863034e-12       6.823180789734e-15       4.093570684989e-16       1.024137253248e-16      -1.652125114702e-17 
 1932       3.079731080208e-11       1.445793816649e-12      -1.731421371045e-12       6.815076494117e-15       4.084350823409e-16       1.027865512868e-16      -1.646361231632e-17 
 1933       3.075639166595e-11       1.444164020207e-12      -1.748698646162e-12       6.807003625721e-15       4.075155278014e-16       1.031529797769e-16      -1.640452001382e-17 
 1934       3.071675505356e-11       1.442417677552e-12      -1.765853424611e-12       6.798962283331e-15       4.065983968757e-16       1.035130558558e-16      -1.634410238511e-17 
 1935       3.067838740881e-11       1.440555103170e-12      -1.782877409748e-12       6.790952565671e-15       4.056836814870e-16       1.038668248364e-16      -1.628248811893e-17 
 1936       3.064127510641e-11       1.438576613932e-12      -1.799762272026e-12       6.782974571401e-15       4.047713734859e-16       1.042143322841e-16      -1.621980644792e-17 
 1937       3.060540445178e-11       1.436482529104e-12      -1.816499648942e-12       6.775028399124e-15       4.038614646506e-16       1.045556240169e-16      -1.615618714926e-17 
 1938       3.057076168096e-11       1.434273170343e-12      -1.833081145005e-12       6.767114147380e-15       4.029539466866e-16       1.048907461060e-16      -1.609176054545e-17 
 1939       3.053733296052e-11       1.431948861705e-12      -1.849498331688e-12       6.759231914646e-15       4.020488112268e-16       1.052197448763e-16      -1.602665750497e-17 
 1940       3.050510438744e-11       1.429509929648e-12      -1.865742747388e-12       6.751381799340e-15       4.011460498309e-16       1.055426669063e-16      -1.596100944298e-17 
 1941       3.047406198906e-11       1.426956703034e-12      -1.881805897384e-12       6.743563899814e-15       4.002456539859e-16       1.058595590288e-16      -1.589494832207e-17 
 1942       3.044419172293e-11       1.424289513135e-12      -1.897679253796e-12       6.735778314359e-15       3.993476151055e-16       1.061704683311e-16      -1.582860665293e-17 
 1943       3.041547947677e-11       1.421508693634e-12      -1.913354255542e-12       6.728025141204e-15       3.984519245303e-16       1.064754421555e-16      -1.576211749509e-17 
 1944       3.038791106832e-11       1.418614580628e-12      -1.928822308298e-12       6.720304478514e-15       3.975585735276e-16       1.067745280995e-16      -1.569561445758e-17 
 1945       3.036147224529e-11       1.415607512638e-12      -1.944074784453e-12       6.712616424388e-15       3.966675532912e-16       1.070677740162e-16      -1.562923169968e-17 
 1946       3.033614868525e-11       1.412487830602e-12      -1.959103023069e-12       6.704961076865e-15       3.957788549413e-16       1.073552280148e-16      -1.556310393162e-17 
 1947       3.031192599551e-11       1.409255877889e-12      -1.973898329841e-12       6.697338533917e-15       3.948924695245e-16       1.076369384607e-16      -1.549736641526e-17 
 1948       3.028878831639e-11       1.405912218115e-12      -1.988452912673e-12       6.689748832196e-15       3.940083886148e-16       1.079129346202e-16      -1.543212612716e-17 
 1949       3.026671411965e-11       1.402458290402e-12      -2.002762696190e-12       6.682191762770e-15       3.931266061229e-16       1.081831684336e-16      -1.536737500938e-17 
 1950       3.024568037826e-11       1.398895759050e-12      -2.016824528291e-12       6.674667053999e-15       3.922471165003e-16       1.084475723053e-16      -1.530307606830e-17 
 1951       3.022566396010e-11       1.395226296179e-12      -2.030635246434e-12       6.667174432668e-15       3.913699141390e-16       1.087060784198e-16      -1.523919215294e-17 
 1952       3.020664162784e-11       1.391451581735e-12      -2.044191677625e-12       6.659713623980e-15       3.904949933720e-16       1.089586187411e-16      -1.517568595473e-17 
 1953       3.018859003875e-11       1.387573303501e-12      -2.057490638404e-12       6.652284351558e-15       3.896223484725e-16       1.092051250126e-16      -1.511252000730e-17 
 1954       3.017148574460e-11       1.383593157112e-12      -2.070528934834e-12       6.644886337438e-15       3.887519736544e-16       1.094455287571e-16      -1.504965668631e-17 
 1955       3.015530519148e-11       1.379512846060e-12      -2.083303362488e-12       6.637519302071e-15       3.878838630716e-16       1.096797612761e-16      -1.498705820922e-17 
 1956       3.014002471973e-11       1.375334081705e-12      -2.095810706438e-12       6.630182964319e-15       3.870180108186e-16       1.099077536499e-16      -1.492468663509e-17 
 1957       3.012562056372e-11       1.371058583290e-12      -2.108047741239e-12       6.622877041452e-15       3.861544109298e-16       1.101294367372e-16      -1.486250386436e-17 
 1958       3.011206885177e-11       1.366688077945e-12      -2.120011230923e-12       6.615601249147e-15       3.852930573798e-16       1.103447411747e-16      -1.480047163870e-17 
 1959       3.009934560599e-11       1.362224300705e-12      -2.131697928980e-12       6.608355301484e-15       3.844339440830e-16       1.105535973773e-16      -1.473855154074e-17 
 1960       3.008742674212e-11       1.357668994511e-12      -2.143104578352e-12       6.601138910948e-15       3.835770648937e-16       1.107559355371e-16      -1.467670499390e-17 
 1961       3.007628806944e-11       1.353023910230e-12      -2.154227911416e-12       6.593951788420e-15       3.827224136061e-16       1.109516856240e-16      -1.461489326218e-17 
 1962       3.006590529058e-11       1.348290806657e-12      -2.165064649972e-12       6.586793643181e-15       3.818699839539e-16       1.111407773849e-16      -1.455307744996e-17 
 1963       3.005625400140e-11       1.343471450534e-12      -2.175611505235e-12       6.579664182907e-15       3.810197696105e-16       1.113231403433e-16      -1.449121850178e-17 
 1964       3.004730969086e-11       1.338567616552e-12      -2.185865177817e-12       6.572563113665e-15       3.801717641887e-16       1.114987037997e-16      -1.442927720218e-17 
 1965       3.003904774088e-11       1.333581087367e-12      -2.195822357720e-12       6.565490139914e-15       3.793259612406e-16       1.116673968307e-16      -1.436721417541e-17 
 1966       3.003144342619e-11       1.328513653608e-12      -2.205479724318e-12       6.558444964503e-15       3.784823542579e-16       1.118291482892e-16      -1.430498988533e-17 
 1967       3.002447191418e-11       1.323367113889e-12      -2.214833946352e-12       6.551427288665e-15       3.776409366710e-16       1.119838868036e-16      -1.424256463511e-17 
 1968       3.001810826480e-11       1.318143274818e-12      -2.223881681910e-12       6.544436812016e-15       3.768017018499e-16       1.121315407782e-16      -1.417989856712e-17 
 1969       3.001232743037e-11       1.312843951008e-12      -2.232619578420e-12       6.537473232557e-15       3.759646431033e-16       1.122720383925e-16      -1.411695166262e-17 
 1970       3.000710425548e-11       1.307470965088e-12      -2.241044272637e-12       6.530536246666e-15       3.751297536788e-16       1.124053076011e-16      -1.405368374165e-17 
 1971       3.000241347684e-11       1.302026147711e-12      -2.249152390628e-12       6.523625549098e-15       3.742970267631e-16       1.125312761333e-16      -1.399005446277e-17 
 1972       2.999822972314e-11       1.296511337568e-12      -2.256940547763e-12       6.516740832985e-15       3.734664554812e-16       1.126498714931e-16      -1.392602332289e-17 
 1973       2.999452751488e-11       1.290928381397e-12      -2.264405348700e-12       6.509881789828e-15       3.726380328970e-16       1.127610209588e-16      -1.386154965703e-17 
 1974       2.999128126430e-11       1.285279133992e-12      -2.271543387375e-12       6.503048109503e-15       3.718117520129e-16       1.128646515826e-16      -1.379659263814e-17 
 1975       2.998846527517e-11       1.279565458214e-12      -2.278351246988e-12       6.496239480249e-15       3.709876057697e-16       1.129606901905e-16      -1.373111127690e-17 
 1976       2.998605374270e-11       1.273789225004e-12      -2.284825499992e-12       6.489455588675e-15       3.701655870465e-16       1.130490633822e-16      -1.366506442148e-17 
 1977       2.998402075336e-11       1.267952313390e-12      -2.290962708079e-12       6.482696119751e-15       3.693456886606e-16       1.131296975304e-16      -1.359841075740e-17 
 1978       2.998234028478e-11       1.262056610499e-12      -2.296759422171e-12       6.475960756810e-15       3.685279033676e-16       1.132025187811e-16      -1.353110880725e-17 
 1979       2.998098620558e-11       1.256104011566e-12      -2.302212182404e-12       6.469249181542e-15       3.677122238610e-16       1.132674530528e-16      -1.346311693054e-17 
 1980       2.997993227526e-11       1.250096419950e-12      -2.307317518116e-12       6.462561073997e-15       3.668986427724e-16       1.133244260367e-16      -1.339439332348e-17 
 1981       2.997915214401e-11       1.244035747134e-12      -2.312071947840e-12       6.455896112576e-15       3.660871526711e-16       1.133733631960e-16      -1.332489601877e-17 
 1982       2.997861935263e-11       1.237923912746e-12      -2.316471979284e-12       6.449253974035e-15       3.652777460642e-16       1.134141897662e-16      -1.325458288541e-17 
 1983       2.997830733238e-11       1.231762844564e-12      -2.320514109324e-12       6.442634333478e-15       3.644704153966e-16       1.134468307542e-16      -1.318341162847e-17 
 1984       2.997818940478e-11       1.225554478526e-12      -2.324194823990e-12       6.436036864357e-15       3.636651530507e-16       1.134712109385e-16      -1.311133978891e-17 
 1985       2.997823878156e-11       1.219300758743e-12      -2.327510598454e-12       6.429461238472e-15       3.628619513464e-16       1.134872548690e-16      -1.303832474336e-17 
 1986       2.997842856444e-11       1.213003637508e-12      -2.330457897018e-12       6.422907125963e-15       3.620608025408e-16       1.134948868662e-16      -1.296432370393e-17 
 1987       2.997873300845e-11       1.206665066042e-12      -2.333034111720e-12       6.416374178985e-15       3.612616993415e-16       1.134940675063e-16      -1.288930079137e-17 
 1988       2.997913132209e-11       1.200286966629e-12      -2.335240385738e-12       6.409861982590e-15       3.604646364495e-16       1.134849033687e-16      -1.281324831190e-17 
 1989       2.997960389484e-11       1.193871260300e-12      -2.337078810763e-12       6.403370103478e-15       3.596696090273e-16       1.134675380963e-16      -1.273616563670e-17 
 1990       2.998013103624e-11       1.187419876083e-12      -2.338551490278e-12       6.396898106288e-15       3.588766121867e-16       1.134421159846e-16      -1.265805214278e-17 
 1991       2.998069297577e-11       1.180934751016e-12      -2.339660539579e-12       6.390445553593e-15       3.580856409889e-16       1.134087819829e-16      -1.257890721297e-17 
 1992       2.998126986275e-11       1.174417830157e-12      -2.340408085786e-12       6.384012005904e-15       3.572966904444e-16       1.133676816952e-16      -1.249873023598e-17 
 1993       2.998184176624e-11       1.167871066596e-12      -2.340796267865e-12       6.377597021658e-15       3.565097555129e-16       1.133189613806e-16      -1.241752060636e-17 
 1994       2.998238867492e-11       1.161296421461e-12      -2.340827236642e-12       6.371200157223e-15       3.557248311030e-16       1.132627679548e-16      -1.233527772453e-17 
 1995       2.998289049703e-11       1.154695863931e-12      -2.340503154816e-12       6.364820966892e-15       3.549419120725e-16       1.131992489902e-16      -1.225200099681e-17 
 1996       2.998332706026e-11       1.148071371247e-12      -2.339826196981e-12       6.358459002879e-15       3.541609932282e-16       1.131285527174e-16      -1.216768983537e-17 
 1997       2.998367811159e-11       1.141424928719e-12      -2.338798549637e-12       6.352113815320e-15       3.533820693256e-16       1.130508280258e-16      -1.208234365833e-17 
 1998       2.998392331727e-11       1.134758529737e-12      -2.337422411211e-12       6.345784952267e-15       3.526051350691e-16       1.129662244643e-16      -1.199596188970e-17 
 1999       2.998404226268e-11       1.128074175786e-12      -2.335699992069e-12       6.339471959686e-15       3.518301851116e-16       1.128748922425e-16      -1.190854395941e-17 
 2000       2.998401445223e-11       1.121373876449e-12      -2.333633514535e-12       6.333174381454e-15       3.510572140550e-16       1.127769822312e-16      -1.182008930333e-17 
 2001       2.998381930925e-11       1.114659649420e-12      -2.331225212904e-12       6.326891759358e-15       3.502862164494e-16       1.126726459634e-16      -1.173059736328e-17 
 2002       2.998343617592e-11       1.107933520516e-12      -2.328477333463e-12       6.320623633090e-15       3.495171867935e-16       1.125620356354e-16      -1.164006758702e-17 
 2003       2.998284431314e-11       1.101197523685e-12      -2.325392134505e-12       6.314369540246e-15       3.487501195344e-16       1.124453041070e-16      -1.154849942829e-17 
 2004       2.998202290044e-11       1.094453701017e-12      -2.321971886342e-12       6.308129016323e-15       3.479850090674e-16       1.123226049030e-16      -1.145589234680e-17 
 2005       2.998095103587e-11       1.087704102753e-12      -2.318218871328e-12       6.301901594713e-15       3.472218497362e-16       1.121940922139e-16      -1.136224580825e-17 
 2006       2.997960773593e-11       1.080950787298e-12      -2.314135383867e-12       6.295686806707e-15       3.464606358325e-16       1.120599208965e-16      -1.126755928434e-17 
 2007       2.997797193542e-11       1.074195821226e-12      -2.309723730439e-12       6.289484181486e-15       3.457013615960e-16       1.119202464749e-16      -1.117183225276e-17 
 2008       2.997602248737e-11       1.067441279297e-12      -2.304986229606e-12       6.283293246119e-15       3.449440212147e-16       1.117752251415e-16      -1.107506419724e-17 
 2009       2.997373816296e-11       1.060689244460e-12      -2.299925212035e-12       6.277113525565e-15       3.441886088241e-16       1.116250137576e-16      -1.097725460754e-17 
 2010       2.997109765136e-11       1.053941807870e-12      -2.294543020514e-12       6.270944542664e-15       3.434351185079e-16       1.114697698544e-16      -1.087840297944e-17 
 2011       2.996807955968e-11       1.047201068892e-12      -2.288842009963e-12       6.264785818139e-15       3.426835442973e-16       1.113096516338e-16      -1.077850881479e-17 
 2012       2.996466241285e-11       1.040469135115e-12      -2.282824547458e-12       6.258636870591e-15       3.419338801713e-16       1.111448179693e-16      -1.067757162149e-17 
 2013       2.996082465351e-11       1.033748122360e-12      -2.276493012240e-12       6.252497216497e-15       3.411861200564e-16       1.109754284069e-16      -1.057559091352e-17 
 2014       2.995654464192e-11       1.027040154694e-12      -2.269849795735e-12       6.246366370207e-15       3.404402578266e-16       1.108016431656e-16      -1.047256621093e-17 
 2015       2.995180065589e-11       1.020347364435e-12      -2.262897301569e-12       6.240243843939e-15       3.396962873035e-16       1.106236231389e-16      -1.036849703987e-17 
 2016       2.994657089059e-11       1.013671892164e-12      -2.255637945587e-12       6.234129147782e-15       3.389542022558e-16       1.104415298949e-16      -1.026338293261e-17 
 2017       2.994083345857e-11       1.007015886737e-12      -2.248074155865e-12       6.228021789687e-15       3.382139963997e-16       1.102555256779e-16      -1.015722342750e-17 
 2018       2.993456638954e-11       1.000381505294e-12      -2.240208372729e-12       6.221921275468e-15       3.374756633984e-16       1.100657734085e-16      -1.005001806903e-17 
 2019       2.992774763035e-11       9.937709132681e-13      -2.232043048769e-12       6.215827108798e-15       3.367391968623e-16       1.098724366850e-16      -9.941766407848e-18 
 2020       2.992035504487e-11       9.871862843962e-13      -2.223580648859e-12       6.209738791206e-15       3.360045903489e-16       1.096756797842e-16      -9.832468000713e-18 
 2021       2.991236641387e-11       9.806298007299e-13      -2.214823650170e-12       6.203655822075e-15       3.352718373626e-16       1.094756676620e-16      -9.722122410560e-18 
 2022       2.990375943494e-11       9.741036526454e-13      -2.205774542186e-12       6.197577698639e-15       3.345409313546e-16       1.092725659543e-16      -9.610729206487e-18 
 2023       2.989451172236e-11       9.676100388529e-13      -2.196435826723e-12       6.191503915981e-15       3.338118657230e-16       1.090665409782e-16      -9.498287963767e-18 
 2024       2.988460080705e-11       9.611511664074e-13      -2.186810017943e-12       6.185433967027e-15       3.330846338125e-16       1.088577597322e-16      -9.384798263866e-18 
 2025       2.987400413642e-11       9.547292507188e-13      -2.176899642370e-12       6.179367342548e-15       3.323592289145e-16       1.086463898978e-16      -9.270259694445e-18 
 2026       2.986270179248e-11       9.483463277645e-13      -2.166707687050e-12       6.173303561370e-15       3.316356447049e-16       1.084325343986e-16      -9.154673885212e-18 
 2027       2.985068466780e-11       9.420036892241e-13      -2.156238947524e-12       6.167242261261e-15       3.309138765607e-16       1.082160345605e-16      -9.038050631524e-18 
 2028       2.983794634840e-11       9.357024432842e-13      -2.145498689624e-12       6.161183108698e-15       3.301939202531e-16       1.079966655315e-16      -8.920401815042e-18 
 2029       2.982448040093e-11       9.294437020697e-13      -2.134492202246e-12       6.155125768704e-15       3.294757715094e-16       1.077742015922e-16      -8.801739371987e-18 
 2030       2.981028037264e-11       9.232285816486e-13      -2.123224797379e-12       6.149069904852e-15       3.287594260142e-16       1.075484161555e-16      -8.682075293207e-18 
 2031       2.979533979133e-11       9.170582020364e-13      -2.111701810135e-12       6.143015179259e-15       3.280448794082e-16       1.073190817647e-16      -8.561421624248e-18 
 2032       2.977965216536e-11       9.109336872013e-13      -2.099928598774e-12       6.136961252582e-15       3.273321272887e-16       1.070859700931e-16      -8.439790465423e-18 
 2033       2.976321098363e-11       9.048561650683e-13      -2.087910544740e-12       6.130907784024e-15       3.266211652096e-16       1.068488519425e-16      -8.317193971884e-18 
 2034       2.974600971553e-11       8.988267675240e-13      -2.075653052687e-12       6.124854431325e-15       3.259119886811e-16       1.066074972426e-16      -8.193644353690e-18 
 2035       2.972804181096e-11       8.928466304215e-13      -2.063161550507e-12       6.118800850762e-15       3.252045931696e-16       1.063616750493e-16      -8.069153875879e-18 
 2036       2.970930070025e-11       8.869168935848e-13      -2.050441489362e-12       6.112746697149e-15       3.244989740979e-16       1.061111535442e-16      -7.943734858538e-18 
 2037       2.968977979420e-11       8.810387008136e-13      -2.037498343710e-12       6.106691623833e-15       3.237951268449e-16       1.058557000335e-16      -7.817399676869e-18 
 2038       2.966947248403e-11       8.752131998878e-13      -2.024337611340e-12       6.100635282692e-15       3.230930467455e-16       1.055950809465e-16      -7.690160761267e-18 
 2039       2.964837214134e-11       8.694415425724e-13      -2.010964813395e-12       6.094577324136e-15       3.223927290909e-16       1.053290618349e-16      -7.562030597381e-18 
 2040       2.962647211812e-11       8.637248846219e-13      -1.997385494405e-12       6.088517397101e-15       3.216941691280e-16       1.050574073718e-16      -7.433021726191e-18 
 2041       2.960376574674e-11       8.580643857851e-13      -1.983605222316e-12       6.082455149052e-15       3.209973620597e-16       1.047798813503e-16      -7.303146744076e-18 
 2042       2.958024633985e-11       8.524612098098e-13      -1.969629588517e-12       6.076390225975e-15       3.203023030448e-16       1.044962466827e-16      -7.172418302882e-18 
 2043       2.955590719047e-11       8.469165244473e-13      -1.955464207872e-12       6.070322272382e-15       3.196089871979e-16       1.042062653994e-16      -7.040849109994e-18 
 2044       2.953074157188e-11       8.414315014571e-13      -1.941114718750e-12       6.064250931302e-15       3.189174095893e-16       1.039096986480e-16      -6.908451928407e-18 
 2045       2.950474273764e-11       8.360073166118e-13      -1.926586783050e-12       6.058175844286e-15       3.182275652446e-16       1.036063066917e-16      -6.775239576794e-18 
 2046       2.947790392155e-11       8.306451497014e-13      -1.911886086236e-12       6.052096651401e-15       3.175394491456e-16       1.032958489087e-16      -6.641224929579e-18 
 2047       2.945021833765e-11       8.253461845381e-13      -1.897018337360e-12       6.046012991226e-15       3.168530562290e-16       1.029780837913e-16      -6.506420917001e-18 
 2048       2.942167918019e-11       8.201116089612e-13      -1.881989269099e-12       6.039924500859e-15       3.161683813873e-16       1.026527689442e-16      -6.370840525193e-18 
 2049       2.939227962357e-11       8.149426148412e-13      -1.866804637775e-12       6.033830815904e-15       3.154854194683e-16       1.023196610841e-16      -6.234496796243e-18 
 2050       2.936201282240e-11       8.098403980850e-13      -1.851470223394e-12       6.027731570476e-15       3.148041652750e-16       1.019785160382e-16      -6.097402828272e-18 
 2051       2.933087191139e-11       8.048061586403e-13      -1.835991829668e-12       6.021626397199e-15       3.141246135658e-16       1.016290887432e-16      -5.959571775498e-18 
 2052       2.929885000540e-11       7.998411005003e-13      -1.820375284048e-12       6.015514927202e-15       3.134467590542e-16       1.012711332446e-16      -5.821016848310e-18 
 2053       2.926594019937e-11       7.949464317085e-13      -1.804626437752e-12       6.009396790117e-15       3.127705964087e-16       1.009044026951e-16      -5.681751313334e-18 
 2054       2.923213556833e-11       7.901233643629e-13      -1.788751165795e-12       6.003271614077e-15       3.120961202530e-16       1.005286493539e-16      -5.541788493510e-18 
 2055       2.919742916734e-11       7.853731146213e-13      -1.772755367018e-12       5.997139025718e-15       3.114233251657e-16       1.001436245857e-16      -5.401141768155e-18 
 2056       2.916181403153e-11       7.806969027055e-13      -1.756644964118e-12       5.990998650172e-15       3.107522056802e-16       9.974907885928e-17      -5.259824573035e-18 
 2057       2.912528317601e-11       7.760959529060e-13      -1.740425903676e-12       5.984850111068e-15       3.100827562850e-16       9.934476174667e-17      -5.117850400438e-18 
 2058       2.908782959589e-11       7.715714935869e-13      -1.724104156185e-12       5.978693030528e-15       3.094149714232e-16       9.893042192213e-17      -4.975232799242e-18 
 2059       2.904944626625e-11       7.671247571903e-13      -1.707685716086e-12       5.972527029169e-15       3.087488454926e-16       9.850580716099e-17      -4.831985374984e-18 
 2060       2.901012614213e-11       7.627569802412e-13      -1.691176601789e-12       5.966351726098e-15       3.080843728456e-16       9.807066433863e-17      -4.688121789931e-18 
 2061       2.896986215848e-11       7.584694033519e-13      -1.674582855707e-12       5.960166738909e-15       3.074215477893e-16       9.762473942939e-17      -4.543655763152e-18 
 2062       2.892864723015e-11       7.542632712268e-13      -1.657910544285e-12       5.953971683684e-15       3.067603645852e-16       9.716777750554e-17      -4.398601070584e-18 
 2063       2.888647425188e-11       7.501398326671e-13      -1.641165758028e-12       5.947766174992e-15       3.061008174493e-16       9.669952273622e-17      -4.252971545107e-18 
 2064       2.884333609827e-11       7.461003405752e-13      -1.624354611531e-12       5.941549825882e-15       3.054429005520e-16       9.621971838635e-17      -4.106781076610e-18 
 2065       2.879922808546e-11       7.421458193276e-13      -1.607483058030e-12       5.935322302542e-15       3.047866083924e-16       9.572822973307e-17      -3.960049602048e-18 
 2066       2.875415537519e-11       7.382763650800e-13      -1.590556331568e-12       5.929083488692e-15       3.041319369250e-16       9.522541376952e-17      -3.812821121877e-18 
 2067       2.870812562318e-11       7.344918405115e-13      -1.573579500930e-12       5.922833322347e-15       3.034788824409e-16       9.471175211959e-17      -3.665145811466e-18 
 2068       2.866114652225e-11       7.307921070046e-13      -1.556557654793e-12       5.916571741274e-15       3.028274411942e-16       9.418772836067e-17      -3.517074042947e-18 
 2069       2.861322580234e-11       7.271770246434e-13      -1.539495901744e-12       5.910298682987e-15       3.021776094015e-16       9.365382802615e-17      -3.368656385449e-18 
 2070       2.856437123061e-11       7.236464522118e-13      -1.522399370308e-12       5.904014084747e-15       3.015293832424e-16       9.311053860775e-17      -3.219943605343e-18 
 2071       2.851459061141e-11       7.202002471911e-13      -1.505273208973e-12       5.897717883562e-15       3.008827588589e-16       9.255834955792e-17      -3.070986666474e-18 
 2072       2.846389178642e-11       7.168382657588e-13      -1.488122586209e-12       5.891410016188e-15       3.002377323558e-16       9.199775229228e-17      -2.921836730402e-18 
 2073       2.841228263461e-11       7.135603627864e-13      -1.470952690498e-12       5.885090419128e-15       2.995942998003e-16       9.142924019196e-17      -2.772545156646e-18 
 2074       2.835977107237e-11       7.103663918372e-13      -1.453768730352e-12       5.878759028631e-15       2.989524572222e-16       9.085330860605e-17      -2.623163502911e-18 
 2075       2.830636505347e-11       7.072562051651e-13      -1.436575934344e-12       5.872415780689e-15       2.983122006136e-16       9.027045485394e-17      -2.473743525338e-18 
 2076       2.825207256920e-11       7.042296537122e-13      -1.419379551127e-12       5.866060611045e-15       2.976735259291e-16       8.968117822777e-17      -2.324337178737e-18 
 2077       2.819690164833e-11       7.012865871070e-13      -1.402184849459e-12       5.859693455183e-15       2.970364290856e-16       8.908597999479e-17      -2.174996616825e-18 
 2078       2.814086035724e-11       6.984268536626e-13      -1.384997118229e-12       5.853314248334e-15       2.964009059622e-16       8.848536339979e-17      -2.025774192467e-18 
 2079       2.808395679988e-11       6.956503003748e-13      -1.367821666479e-12       5.846922925473e-15       2.957669524002e-16       8.787983366744e-17      -1.876722457912e-18 
 2080       2.802619911791e-11       6.929567729203e-13      -1.350663823430e-12       5.840519421319e-15       2.951345642032e-16       8.726989800475e-17      -1.727894165036e-18 
 2081       2.796759549068e-11       6.903461156545e-13      -1.333528938504e-12       5.834103670337e-15       2.945037371366e-16       8.665606560344e-17      -1.579342265576e-18 
 2082       2.790815413530e-11       6.878181716099e-13      -1.316422381351e-12       5.827675606732e-15       2.938744669282e-16       8.603884764232e-17      -1.431119911368e-18 
 2083       2.784788330669e-11       6.853727824944e-13      -1.299349541869e-12       5.821235164454e-15       2.932467492675e-16       8.541875728970e-17      -1.283280454592e-18 
 2084       2.778679129763e-11       6.830097886887e-13      -1.282315830233e-12       5.814782277199e-15       2.926205798061e-16       8.479630970580e-17      -1.135877448004e-18 
 2085       2.772488643880e-11       6.807290292451e-13      -1.265326676913e-12       5.808316878400e-15       2.919959541573e-16       8.417202204514e-17      -9.889646451762e-19 
 2086       2.766217709882e-11       6.785303418856e-13      -1.248387532706e-12       5.801838901236e-15       2.913728678964e-16       8.354641345892e-17      -8.425960007382e-19 
 2087       2.759867168433e-11       6.764135629994e-13      -1.231503868754e-12       5.795348278628e-15       2.907513165602e-16       8.292000509742e-17      -6.968256706125e-19 
 2088       2.753437863999e-11       6.743785276417e-13      -1.214681176568e-12       5.788844943237e-15       2.901312956476e-16       8.229332011241e-17      -5.517080122544e-19 
 2089       2.746930644859e-11       6.724250695313e-13      -1.197924968057e-12       5.782328827466e-15       2.895128006187e-16       8.166688365955e-17      -4.072975848906e-19 
 2090       2.740346363103e-11       6.705530210491e-13      -1.181240775547e-12       5.775799863459e-15       2.888958268956e-16       8.104122290077e-17      -2.636491497573e-19 
 2091       2.733685874640e-11       6.687622132361e-13      -1.164634151809e-12       5.769257983100e-15       2.882803698615e-16       8.041686700667e-17      -1.208176703392e-19 
 2092       2.726950039205e-11       6.670524757912e-13      -1.148110670080e-12       5.762703118014e-15       2.876664248614e-16       7.979434715891e-17       2.114168739214e-20 
 2093       2.720139720360e-11       6.654236370699e-13      -1.131675924089e-12       5.756135199566e-15       2.870539872017e-16       7.917419655265e-17       1.621735547398e-19 
 2094       2.713255785499e-11       6.638755240819e-13      -1.115335528081e-12       5.749554158861e-15       2.864430521499e-16       7.855695039887e-17       3.022223600428e-19 
 2095       2.706299105858e-11       6.624079624894e-13      -1.099095116840e-12       5.742959926741e-15       2.858336149352e-16       7.794314592683e-17       4.412323284374e-19 
 2096       2.699270556510e-11       6.610207766054e-13      -1.082960345714e-12       5.736352433790e-15       2.852256707477e-16       7.733332238646e-17       5.791474816190e-19 
 2097       2.692171016381e-11       6.597137893914e-13      -1.066936890639e-12       5.729731610329e-15       2.846192147388e-16       7.672802105071e-17       7.159116376030e-19 
 2098       2.685001368246e-11       6.584868224560e-13      -1.051030448163e-12       5.723097386416e-15       2.840142420212e-16       7.612778521799e-17       8.514684104866e-19 
 2099       2.677762498738e-11       6.573396960525e-13      -1.035246735471e-12       5.716449691850e-15       2.834107476685e-16       7.553316021458e-17       9.857612102102e-19 
 2100       2.670455298352e-11       6.562722290774e-13      -1.019591490406e-12       5.709788456164e-15       2.828087267154e-16       7.494469339695e-17       1.118733242319e-18 
 2101       2.663080661450e-11       6.552842390686e-13      -1.004070471498e-12       5.703113608632e-15       2.822081741574e-16       7.436293415425e-17       1.250327507723e-18 
 2102       2.655639486265e-11       6.543755422029e-13      -9.886894579847e-13       5.696425078262e-15       2.816090849513e-16       7.378843391066e-17       1.380486802462e-18 
 2103       2.648132674905e-11       6.535459532948e-13      -9.734542498352e-13       5.689722793801e-15       2.810114540143e-16       7.322174612776e-17       1.509153717462e-18 
 2104       2.640561231224e-11       6.527951398529e-13      -9.583700768997e-13       5.683006729191e-15       2.804152765457e-16       7.266329361568e-17       1.636278261415e-18 
 2105       2.632926555159e-11       6.521221831441e-13      -9.434398218096e-13       5.676277040306e-15       2.798205489913e-16       7.211296945245e-17       1.761840787852e-18 
 2106       2.625230150449e-11       6.515260140720e-13      -9.286657847602e-13       5.669533929168e-15       2.792272680853e-16       7.157053329290e-17       1.885829227102e-18 
 2107       2.617473526963e-11       6.510055588350e-13      -9.140502732737e-13       5.662777598574e-15       2.786354305300e-16       7.103574380666e-17       2.008231477629e-18 
 2108       2.609658200712e-11       6.505597389204e-13      -8.995956022068e-13       5.656008252094e-15       2.780450329955e-16       7.050835867695e-17       2.129035406002e-18 
 2109       2.601785693850e-11       6.501874710990e-13      -8.853040937590e-13       5.649226094076e-15       2.774560721197e-16       6.998813459941e-17       2.248228846860e-18 
 2110       2.593857534687e-11       6.498876674187e-13      -8.711780774808e-13       5.642431329643e-15       2.768685445085e-16       6.947482728089e-17       2.365799602879e-18 
 2111       2.585875257693e-11       6.496592351991e-13      -8.572198902814e-13       5.635624164698e-15       2.762824467354e-16       6.896819143824e-17       2.481735444746e-18 
 2112       2.577840403509e-11       6.495010770254e-13      -8.434318764374e-13       5.628804805920e-15       2.756977753417e-16       6.846798079713e-17       2.596024111119e-18 
 2113       2.569754518948e-11       6.494120907426e-13      -8.298163876002e-13       5.621973460769e-15       2.751145268365e-16       6.797394809083e-17       2.708653308602e-18 
 2114       2.561619157011e-11       6.493911694497e-13      -8.163757828048e-13       5.615130337485e-15       2.745326976963e-16       6.748584505903e-17       2.819610711708e-18 
 2115       2.553435876887e-11       6.494372014940e-13      -8.031124284775e-13       5.608275645090e-15       2.739522843653e-16       6.700342244665e-17       2.928883962831e-18 
 2116       2.545206243965e-11       6.495490704650e-13      -7.900286984440e-13       5.601409593388e-15       2.733732832553e-16       6.652643000259e-17       3.036460672210e-18 
 2117       2.536931829838e-11       6.497256551886e-13      -7.771269739376e-13       5.594532392964e-15       2.727956907455e-16       6.605461647860e-17       3.142328417898e-18 
 2118       2.528614212313e-11       6.499658297215e-13      -7.644096436073e-13       5.587644255190e-15       2.722195031826e-16       6.558772962803e-17       3.246474745735e-18 
 2119       2.520254975419e-11       6.502684633452e-13      -7.518791035260e-13       5.580745392222e-15       2.716447168807e-16       6.512551620465e-17       3.348887169308e-18 
 2120       2.511855709411e-11       6.506324205599e-13      -7.395377571983e-13       5.573836017000e-15       2.710713281211e-16       6.466772196145e-17       3.449553169924e-18 
 2121       2.503418010781e-11       6.510565610793e-13      -7.273880155690e-13       5.566916343252e-15       2.704993331525e-16       6.421409164945e-17       3.548460196576e-18 
 2122       2.494943482262e-11       6.515397398240e-13      -7.154322970308e-13       5.559986585495e-15       2.699287281910e-16       6.376436901648e-17       3.645595665915e-18 
 2123       2.486433732839e-11       6.520808069163e-13      -7.036730274328e-13       5.553046959032e-15       2.693595094197e-16       6.331829680602e-17       3.740946962211e-18 
 2124       2.477890377755e-11       6.526786076740e-13      -6.921126400882e-13       5.546097679957e-15       2.687916729889e-16       6.287561675593e-17       3.834501437326e-18 
 2125       2.469315038516e-11       6.533319826047e-13      -6.807535757828e-13       5.539138965153e-15       2.682252150161e-16       6.243606959734e-17       3.926246410682e-18 
 2126       2.460709342903e-11       6.540397673999e-13      -6.695982827826e-13       5.532171032295e-15       2.676601315858e-16       6.199939505339e-17       4.016169169226e-18 
 2127       2.452074924975e-11       6.548007929291e-13      -6.586492168427e-13       5.525194099849e-15       2.670964187494e-16       6.156533183803e-17       4.104256967400e-18 
 2128       2.443413425080e-11       6.556138852341e-13      -6.479088412145e-13       5.518208387077e-15       2.665340725254e-16       6.113361765488e-17       4.190497027108e-18 
 2129       2.434726489859e-11       6.564778655231e-13      -6.373796266543e-13       5.511214114031e-15       2.659730888993e-16       6.070398919595e-17       4.274876537688e-18 
 2130       2.426015772258e-11       6.573915501649e-13      -6.270640514314e-13       5.504211501560e-15       2.654134638233e-16       6.027618214052e-17       4.357382655873e-18 
 2131       2.417282931530e-11       6.583537506828e-13      -6.169646013361e-13       5.497200771308e-15       2.648551932165e-16       5.984993115387e-17       4.438002505763e-18 
 2132       2.408529633246e-11       6.593632737493e-13      -6.070837696877e-13       5.490182145716e-15       2.642982729648e-16       5.942496988613e-17       4.516723178794e-18 
 2133       2.399757549302e-11       6.604189211797e-13      -5.974240573431e-13       5.483155848021e-15       2.637426989208e-16       5.900103097108e-17       4.593531733704e-18 
 2134       2.390968357925e-11       6.615194899266e-13      -5.879879727039e-13       5.476122102259e-15       2.631884669037e-16       5.857784602491e-17       4.668415196501e-18 
 2135       2.382163743682e-11       6.626637720738e-13      -5.787780317258e-13       5.469081133267e-15       2.626355726994e-16       5.815514564506e-17       4.741360560433e-18 
 2136       2.373345397486e-11       6.638505548309e-13      -5.697967579255e-13       5.462033166680e-15       2.620840120605e-16       5.773265940902e-17       4.812354785952e-18 
 2137       2.364515016607e-11       6.650786205269e-13      -5.610466823896e-13       5.454978428935e-15       2.615337807061e-16       5.731011587310e-17       4.881384800686e-18 
 2138       2.355674304672e-11       6.663467466048e-13      -5.525303437825e-13       5.447917147270e-15       2.609848743215e-16       5.688724257127e-17       4.948437499406e-18 
 2139       2.346824971680e-11       6.676537056154e-13      -5.442502883542e-13       5.440849549727e-15       2.604372885589e-16       5.646376601393e-17       5.013499743993e-18 
 2140       2.337968734007e-11       6.689982652119e-13      -5.362090699488e-13       5.433775865150e-15       2.598910190365e-16       5.603941168674e-17       5.076558363405e-18 
 2141       2.329107314410e-11       6.703791881436e-13      -5.284092500124e-13       5.426696323190e-15       2.593460613392e-16       5.561390404939e-17       5.137600153647e-18 
 2142       2.320242442041e-11       6.717952322505e-13      -5.208533976013e-13       5.419611154302e-15       2.588024110178e-16       5.518696653443e-17       5.196611877741e-18 
 2143       2.311375782364e-11       6.732451495627e-13      -5.135434770950e-13       5.412520601465e-15       2.582600638657e-16       5.475838494492e-17       5.253590855699e-18 
 2144       2.302508726399e-11       6.747276836055e-13      -5.064790067481e-13       5.405424955424e-15       2.577190167479e-16       5.432819812327e-17       5.308576813605e-18 
 2145       2.293642600055e-11       6.762415720642e-13      -4.996588875758e-13       5.398324519690e-15       2.571792667773e-16       5.389650858245e-17       5.361620252027e-18 
 2146       2.284778734090e-11       6.777855476713e-13      -4.930820144991e-13       5.391219598847e-15       2.566408110390e-16       5.346341922586e-17       5.412771876012e-18 
 2147       2.275918464117e-11       6.793583382007e-13      -4.867472763366e-13       5.384110498551e-15       2.561036465905e-16       5.302903334776e-17       5.462082595322e-18 
 2148       2.267063130608e-11       6.809586664612e-13      -4.806535557969e-13       5.376997525534e-15       2.555677704614e-16       5.259345463371e-17       5.509603524683e-18 
 2149       2.258214078900e-11       6.825852502915e-13      -4.747997294708e-13       5.369880987602e-15       2.550331796534e-16       5.215678716110e-17       5.555385984028e-18 
 2150       2.249372659203e-11       6.842368025534e-13      -4.691846678228e-13       5.362761193638e-15       2.544998711407e-16       5.171913539951e-17       5.599481498745e-18 
 2151       2.240540226602e-11       6.859120311269e-13      -4.638072351839e-13       5.355638453604e-15       2.539678418691e-16       5.128060421124e-17       5.641941799915e-18 
 2152       2.231718141064e-11       6.876096389036e-13      -4.586662897435e-13       5.348513078540e-15       2.534370887569e-16       5.084129885174e-17       5.682818824562e-18 
 2153       2.222907767445e-11       6.893283237811e-13      -4.537606835413e-13       5.341385380567e-15       2.529076086942e-16       5.040132497008e-17       5.722164715897e-18 
 2154       2.214110475493e-11       6.910667786574e-13      -4.490892624595e-13       5.334255672888e-15       2.523793985431e-16       4.996078860936e-17       5.760031823560e-18 
 2155       2.205327639857e-11       6.928236914243e-13      -4.446508662152e-13       5.327124269788e-15       2.518524551376e-16       4.951979620725e-17       5.796472703867e-18 
 2156       2.196560640087e-11       6.945977449625e-13      -4.404443283521e-13       5.319991486636e-15       2.513267752837e-16       4.907845459636e-17       5.831540120052e-18 
 2157       2.187810860648e-11       6.963876171350e-13      -4.364684762329e-13       5.312857639887e-15       2.508023557592e-16       4.863687100477e-17       5.865287042515e-18 
 2158       2.179079690917e-11       6.981919807816e-13      -4.327221310312e-13       5.305723047081e-15       2.502791933138e-16       4.819515305643e-17       5.897766649063e-18 
 2159       2.170368525194e-11       7.000095037127e-13      -4.292041077237e-13       5.298588026848e-15       2.497572846688e-16       4.775340877166e-17       5.929032325158e-18 
 2160       2.161678762704e-11       7.018388487039e-13      -4.259132150825e-13       5.291452898904e-15       2.492366265173e-16       4.731174656757e-17       5.959137664159e-18 
 2161       2.153011807608e-11       7.036786734897e-13      -4.228482556669e-13       5.284317984056e-15       2.487172155243e-16       4.687027525855e-17       5.988136467568e-18 
 2162       2.144369069001e-11       7.055276307581e-13      -4.200080258157e-13       5.277183604204e-15       2.481990483262e-16       4.642910405671e-17       6.016082745272e-18 
 2163       2.135751960925e-11       7.073843681442e-13      -4.173913156391e-13       5.270050082339e-15       2.476821215312e-16       4.598834257235e-17       6.043030715792e-18 
 2164       2.127161902370e-11       7.092475282248e-13      -4.149969090112e-13       5.262917742544e-15       2.471664317188e-16       4.554810081437e-17       6.069034806524e-18 
 2165       2.118600317281e-11       7.111157485121e-13      -4.128235835618e-13       5.255786909999e-15       2.466519754403e-16       4.510848919081e-17       6.094149653984e-18 
 2166       2.110068634562e-11       7.129876614483e-13      -4.108701106685e-13       5.248657910980e-15       2.461387492185e-16       4.466961850923e-17       6.118430104055e-18 
 2167       2.101568288086e-11       7.148618943994e-13      -4.091352554490e-13       5.241531072859e-15       2.456267495475e-16       4.423159997721e-17       6.141931212229e-18 
 2168       2.093100716696e-11       7.167370696496e-13      -4.076177767530e-13       5.234406724107e-15       2.451159728929e-16       4.379454520279e-17       6.164708243852e-18 
 2169       2.084667364211e-11       7.186118043950e-13      -4.063164271546e-13       5.227285194295e-15       2.446064156917e-16       4.335856619494e-17       6.186816674368e-18 
 2170       2.076269679436e-11       7.204847107384e-13      -4.052299529441e-13       5.220166814095e-15       2.440980743521e-16       4.292377536401e-17       6.208312189567e-18 
 2171       2.067909116160e-11       7.223543956827e-13      -4.043570941201e-13       5.213051915279e-15       2.435909452537e-16       4.249028552216e-17       6.229250685825e-18 
 2172       2.059587133171e-11       7.242194611255e-13      -4.036965843822e-13       5.205940830726e-15       2.430850247474e-16       4.205820988388e-17       6.249688270352e-18 
 2173       2.051305194253e-11       7.260785038533e-13      -4.032471511222e-13       5.198833894415e-15       2.425803091552e-16       4.162766206639e-17       6.269681261433e-18 
 2174       2.043064768197e-11       7.279301155354e-13      -4.030075154168e-13       5.191731441434e-15       2.420767947703e-16       4.119875609012e-17       6.289286188678e-18 
 2175       2.034867328803e-11       7.297728827178e-13      -4.029763920199e-13       5.184633807977e-15       2.415744778572e-16       4.077160637915e-17       6.308559793260e-18 
 2176       2.026714354889e-11       7.316053868182e-13      -4.031524893539e-13       5.177541331346e-15       2.410733546511e-16       4.034632776172e-17       6.327559028165e-18 
 2177       2.018607330294e-11       7.334262041191e-13      -4.035345095026e-13       5.170454349950e-15       2.405734213587e-16       3.992303547061e-17       6.346341058435e-18 
 2178       2.010547743886e-11       7.352339057626e-13      -4.041211482031e-13       5.163373203313e-15       2.400746741575e-16       3.950184514366e-17       6.364963261409e-18 
 2179       2.002537089565e-11       7.370270577443e-13      -4.049110948375e-13       5.156298232066e-15       2.395771091958e-16       3.908287282417e-17       6.383483226974e-18 
 2180       1.994576866269e-11       7.388042209076e-13      -4.059030324257e-13       5.149229777956e-15       2.390807225932e-16       3.866623496144e-17       6.401958757804e-18 
 2181       1.986668577982e-11       7.405639509377e-13      -4.070956376168e-13       5.142168183844e-15       2.385855104399e-16       3.825204841113e-17       6.420447869608e-18 
 2182       1.978813565032e-11       7.423049136810e-13      -4.084872683725e-13       5.135113771884e-15       2.380914690350e-16       3.784041187173e-17       6.438999545701e-18 
 2183       1.971012496751e-11       7.440262319622e-13      -4.100750247401e-13       5.128066777908e-15       2.375985956018e-16       3.743135005672e-17       6.457625932446e-18 
 2184       1.963265875422e-11       7.457271410822e-13      -4.118556817622e-13       5.121027416606e-15       2.371068875769e-16       3.702486914876e-17       6.476329957758e-18 
 2185       1.955574204680e-11       7.474068737016e-13      -4.138260011984e-13       5.113995903307e-15       2.366163423732e-16       3.662097532970e-17       6.495114559852e-18 
 2186       1.947937989510e-11       7.490646598371e-13      -4.159827315088e-13       5.106972453976e-15       2.361269573792e-16       3.621967478059e-17       6.513982687250e-18 
 2187       1.940357736248e-11       7.506997268593e-13      -4.183226078391e-13       5.099957285219e-15       2.356387299595e-16       3.582097368167e-17       6.532937298798e-18 
 2188       1.932833952584e-11       7.523112994888e-13      -4.208423520044e-13       5.092950614283e-15       2.351516574545e-16       3.542487821234e-17       6.551981363674e-18 
 2189       1.925367147565e-11       7.538985997941e-13      -4.235386724734e-13       5.085952659055e-15       2.346657371805e-16       3.503139455117e-17       6.571117861399e-18 
 2190       1.917957831591e-11       7.554608471883e-13      -4.264082643528e-13       5.078963638061e-15       2.341809664296e-16       3.464052887588e-17       6.590349781852e-18 
 2191       1.910606516422e-11       7.569972584259e-13      -4.294478093716e-13       5.071983770473e-15       2.336973424695e-16       3.425228736333e-17       6.609680125281e-18 
 2192       1.903313715177e-11       7.585070476003e-13      -4.326539758651e-13       5.065013276104e-15       2.332148625438e-16       3.386667618952e-17       6.629111902312e-18 
 2193       1.896079942333e-11       7.599894261406e-13      -4.360234187594e-13       5.058052375409e-15       2.327335238717e-16       3.348370152955e-17       6.648648133961e-18 
 2194       1.888905713730e-11       7.614436028086e-13      -4.395527795555e-13       5.051101289488e-15       2.322533236481e-16       3.310336955765e-17       6.668291851650e-18 
 2195       1.881791546572e-11       7.628687836958e-13      -4.432386863135e-13       5.044160240086e-15       2.317742590437e-16       3.272568644714e-17       6.688046097212e-18 
 2196       1.874737959426e-11       7.642641722207e-13      -4.470777536369e-13       5.037229449593e-15       2.312963272044e-16       3.235065837042e-17       6.707913922910e-18 
 2197       1.867745472224e-11       7.656289691257e-13      -4.510665826571e-13       5.030309141046e-15       2.308195252520e-16       3.197829149898e-17       6.727898391441e-18 
 2198       1.860814606267e-11       7.669623724741e-13      -4.552017610171e-13       5.023399538126e-15       2.303438502837e-16       3.160859200336e-17       6.748002575954e-18 
 2199       1.853945884222e-11       7.682635776470e-13      -4.594798628561e-13       5.016500865164e-15       2.298692993722e-16       3.124156605318e-17       6.768229560058e-18 
 2200       1.847139830128e-11       7.695317773408e-13      -4.638974487939e-13       5.009613347136e-15       2.293958695657e-16       3.087721981708e-17       6.788582437835e-18 
 2201       1.840396969393e-11       7.707661615638e-13      -4.684510659147e-13       5.002737209670e-15       2.289235578876e-16       3.051555946275e-17       6.809064313851e-18 
 2202       1.833717828799e-11       7.719659176334e-13      -4.731372477516e-13       4.995872679041e-15       2.284523613370e-16       3.015659115690e-17       6.829678303169e-18 
 2203       1.827102936499e-11       7.731302301731e-13      -4.779525142709e-13       4.989019982173e-15       2.279822768883e-16       2.980032106526e-17       6.850427531359e-18 
 2204       1.820552822025e-11       7.742582811096e-13      -4.828933718562e-13       4.982179346644e-15       2.275133014909e-16       2.944675535255e-17       6.871315134509e-18 
 2205       1.814068016282e-11       7.753492496700e-13      -4.879563132927e-13       4.975351000678e-15       2.270454320699e-16       2.909590018249e-17       6.892344259239e-18 
 2206       1.807649051553e-11       7.764023123784e-13      -4.931378177515e-13       4.968535173157e-15       2.265786655254e-16       2.874776171778e-17       6.913518062713e-18 
 2207       1.801296461503e-11       7.774166430533e-13      -4.984343507737e-13       4.961732093609e-15       2.261129987328e-16       2.840234612009e-17       6.934839712648e-18 
 2208       1.795010781174e-11       7.783914128047e-13      -5.038423642548e-13       4.954941992221e-15       2.256484285427e-16       2.805965955005e-17       6.956312387325e-18 
 2209       1.788792546990e-11       7.793257900307e-13      -5.093582964288e-13       4.948165099830e-15       2.251849517807e-16       2.771970816724e-17       6.977939275605e-18 
 2210       1.782642296761e-11       7.802189404151e-13      -5.149785718525e-13       4.941401647928e-15       2.247225652477e-16       2.738249813018e-17       6.999723576938e-18 
 2211       1.776560569678e-11       7.810700269241e-13      -5.206996013899e-13       4.934651868663e-15       2.242612657196e-16       2.704803559632e-17       7.021668501373e-18 
 2212       1.770547906319e-11       7.818782098032e-13      -5.265177821961e-13       4.927915994838e-15       2.238010499474e-16       2.671632672201e-17       7.043777269574e-18 
 2213       1.764604848650e-11       7.826426465748e-13      -5.324294977020e-13       4.921194259914e-15       2.233419146569e-16       2.638737766254e-17       7.066053112826e-18 
 2214       1.758731940024e-11       7.833624920346e-13      -5.384311175980e-13       4.914486898006e-15       2.228838565492e-16       2.606119457207e-17       7.088499273051e-18 
 2215       1.752929725185e-11       7.840368982492e-13      -5.445189978186e-13       4.907794143890e-15       2.224268723001e-16       2.573778360366e-17       7.111119002821e-18 
 2216       1.747198750267e-11       7.846650145526e-13      -5.506894805268e-13       4.901116232997e-15       2.219709585603e-16       2.541715090923e-17       7.133915565362e-18 
 2217       1.741539562797e-11       7.852459875438e-13      -5.569388940978e-13       4.894453401421e-15       2.215161119555e-16       2.509930263958e-17       7.156892234575e-18 
 2218       1.735952711695e-11       7.857789610834e-13      -5.632635531038e-13       4.887805885911e-15       2.210623290863e-16       2.478424494435e-17       7.180052295040e-18 
 2219       1.730438747278e-11       7.862630762909e-13      -5.696597582978e-13       4.881173923880e-15       2.206096065278e-16       2.447198397204e-17       7.203399042033e-18 
 2220       1.724998221256e-11       7.866974715415e-13      -5.761237965982e-13       4.874557753401e-15       2.201579408302e-16       2.416252586997e-17       7.226935781536e-18 
 2221       1.719631527215e-11       7.870814309188e-13      -5.826520239235e-13       4.867957579083e-15       2.197073287243e-16       2.385587822977e-17       7.250655808474e-18 
 2222       1.714338420879e-11       7.874148306477e-13      -5.892411143264e-13       4.861373469457e-15       2.192577677415e-16       2.355205443430e-17       7.274512269222e-18 
 2223       1.709118496687e-11       7.876976955980e-13      -5.958878124702e-13       4.854805458916e-15       2.188092555979e-16       2.325106933936e-17       7.298448100473e-18 
 2224       1.703971347026e-11       7.879300510969e-13      -6.025888509142e-13       4.848253581776e-15       2.183617899887e-16       2.295293783082e-17       7.322406032741e-18 
 2225       1.698896562227e-11       7.881119229300e-13      -6.093409500993e-13       4.841717872280e-15       2.179153685883e-16       2.265767482468e-17       7.346328590129e-18 
 2226       1.693893730568e-11       7.882433373415e-13      -6.161408183346e-13       4.835198364595e-15       2.174699890500e-16       2.236529526702e-17       7.370158090101e-18 
 2227       1.688962438265e-11       7.883243210349e-13      -6.229851517835e-13       4.828695092812e-15       2.170256490063e-16       2.207581413413e-17       7.393836643242e-18 
 2228       1.684102269476e-11       7.883549011740e-13      -6.298706344501e-13       4.822208090946e-15       2.165823460683e-16       2.178924643243e-17       7.417306153033e-18 
 2229       1.679312806291e-11       7.883351053833e-13      -6.367939381653e-13       4.815737392938e-15       2.161400778264e-16       2.150560719858e-17       7.440508315616e-18 
 2230       1.674593628736e-11       7.882649617486e-13      -6.437517225734e-13       4.809283032649e-15       2.156988418498e-16       2.122491149943e-17       7.463384619562e-18 
 2231       1.669944314769e-11       7.881444988177e-13      -6.507406351177e-13       4.802845043867e-15       2.152586356865e-16       2.094717443211e-17       7.485876345638e-18 
 2232       1.665364440273e-11       7.879737456012e-13      -6.577573110274e-13       4.796423460302e-15       2.148194568635e-16       2.067241112400e-17       7.507924566579e-18 
 2233       1.660853579058e-11       7.877527315730e-13      -6.647983733036e-13       4.790018315589e-15       2.143813028865e-16       2.040063673280e-17       7.529470146851e-18 
 2234       1.656411302861e-11       7.874814866709e-13      -6.718604327055e-13       4.783629643283e-15       2.139441712402e-16       2.013186644654e-17       7.550453742423e-18 
 2235       1.652037181334e-11       7.871600412974e-13      -6.789400877367e-13       4.777257476866e-15       2.135080593878e-16       1.986611548356e-17       7.570815800529e-18 
 2236       1.647730782050e-11       7.867884263204e-13      -6.860339246317e-13       4.770901849739e-15       2.130729647714e-16       1.960339909262e-17       7.590496559446e-18 
 2237       1.643491670500e-11       7.863666730736e-13      -6.931385173417e-13       4.764562795227e-15       2.126388848118e-16       1.934373255284e-17       7.609436048250e-18 
 2238       1.639319410084e-11       7.858948133573e-13      -7.002504275211e-13       4.758240346580e-15       2.122058169085e-16       1.908713117380e-17       7.627574086596e-18 
 2239       1.635213562115e-11       7.853728794392e-13      -7.073662045140e-13       4.751934536965e-15       2.117737584395e-16       1.883361029548e-17       7.644850284473e-18 
 2240       1.631173685813e-11       7.848009040545e-13      -7.144823853399e-13       4.745645399477e-15       2.113427067617e-16       1.858318528838e-17       7.661204041986e-18 
 2241       1.627199338305e-11       7.841789204075e-13      -7.215954946806e-13       4.739372967127e-15       2.109126592103e-16       1.833587155345e-17       7.676574549111e-18 
 2242       1.623290074619e-11       7.835069621714e-13      -7.287020448658e-13       4.733117272853e-15       2.104836130993e-16       1.809168452221e-17       7.690900785472e-18 
 2243       1.619445447686e-11       7.827850634891e-13      -7.357985358599e-13       4.726878349512e-15       2.100555657210e-16       1.785063965667e-17       7.704121520104e-18 
 2244       1.615665008333e-11       7.820132589743e-13      -7.428814552480e-13       4.720656229881e-15       2.096285143466e-16       1.761275244946e-17       7.716175311225e-18 
 2245       1.611948305282e-11       7.811915837117e-13      -7.499472782222e-13       4.714450946661e-15       2.092024562252e-16       1.737803842376e-17       7.727000505999e-18 
 2246       1.608294885149e-11       7.803200732579e-13      -7.569924675678e-13       4.708262532473e-15       2.087773885849e-16       1.714651313341e-17       7.736535240308e-18 
 2247       1.604704292441e-11       7.793987636419e-13      -7.640134736497e-13       4.702091019858e-15       2.083533086319e-16       1.691819216285e-17       7.744717438517e-18 
 2248       1.601176069551e-11       7.784276913657e-13      -7.710067343985e-13       4.695936441279e-15       2.079302135509e-16       1.669309112723e-17       7.751484813247e-18 
 2249       1.597709756758e-11       7.774068934053e-13      -7.779686752968e-13       4.689798829118e-15       2.075081005048e-16       1.647122567236e-17       7.756774865135e-18 
 2250       1.594304892224e-11       7.763364072110e-13      -7.848957093658e-13       4.683678215679e-15       2.070869666352e-16       1.625261147478e-17       7.760524882610e-18 
 2251       1.590961011991e-11       7.752162707080e-13      -7.917842371507e-13       4.677574633185e-15       2.066668090616e-16       1.603726424177e-17       7.762671941655e-18 
 2252       1.587677649979e-11       7.740465222974e-13      -7.986306467080e-13       4.671488113779e-15       2.062476248819e-16       1.582519971136e-17       7.763152905579e-18 
 2253       1.584454337981e-11       7.728272008567e-13      -8.054313135910e-13       4.665418689524e-15       2.058294111724e-16       1.561643365241e-17       7.761904424781e-18 
 2254       1.581290605666e-11       7.715583457404e-13      -8.121826008364e-13       4.659366392403e-15       2.054121649874e-16       1.541098186455e-17       7.758862936523e-18 
 2255       1.578185980569e-11       7.702399967805e-13      -8.188808589504e-13       4.653331254318e-15       2.049958833595e-16       1.520886017827e-17       7.753964664693e-18 
 2256       1.575139988097e-11       7.688721942875e-13      -8.255224258951e-13       4.647313307091e-15       2.045805632994e-16       1.501008445492e-17       7.747145619577e-18 
 2257       1.572152151517e-11       7.674549790509e-13      -8.321036270748e-13       4.641312582460e-15       2.041662017961e-16       1.481467058674e-17       7.738341597623e-18 
 2258       1.569221991963e-11       7.659883923395e-13      -8.386207753219e-13       4.635329112087e-15       2.037527958163e-16       1.462263449688e-17       7.727488181212e-18 
 2259       1.566349028425e-11       7.644724759029e-13      -8.450701708835e-13       4.629362927549e-15       2.033403423052e-16       1.443399213943e-17       7.714520738426e-18 
 2260       1.563532709685e-11       7.629073718616e-13      -8.514484571689e-13       4.623414036410e-15       2.029288383648e-16       1.424875485504e-17       7.699391601235e-18 
 2261       1.560772209616e-11       7.612936230861e-13      -8.577536905380e-13       4.617482350257e-15       2.025182817929e-16       1.406691540490e-17       7.682121722153e-18 
 2262       1.558066630553e-11       7.596318747657e-13      -8.639842774152e-13       4.611567756193e-15       2.021086705477e-16       1.388846184634e-17       7.662749351749e-18 
 2263       1.555415071231e-11       7.579227746970e-13      -8.701386191525e-13       4.605670140734e-15       2.017000025691e-16       1.371338216892e-17       7.641312890779e-18 
 2264       1.552816626780e-11       7.561669732877e-13      -8.762151120236e-13       4.599789389802e-15       2.012922757790e-16       1.354166429438e-17       7.617850890358e-18 
 2265       1.550270388727e-11       7.543651235588e-13      -8.822121472188e-13       4.593925388727e-15       2.008854880806e-16       1.337329607650e-17       7.592402052134e-18 
 2266       1.547775444988e-11       7.525178811484e-13      -8.881281108397e-13       4.588078022246e-15       2.004796373591e-16       1.320826530107e-17       7.565005228454e-18 
 2267       1.545330879861e-11       7.506259043143e-13      -8.939613838936e-13       4.582247174501e-15       2.000747214814e-16       1.304655968577e-17       7.535699422541e-18 
 2268       1.542935774029e-11       7.486898539367e-13      -8.997103422880e-13       4.576432729041e-15       1.996707382957e-16       1.288816688012e-17       7.504523788663e-18 
 2269       1.540589204550e-11       7.467103935218e-13      -9.053733568256e-13       4.570634568817e-15       1.992676856321e-16       1.273307446533e-17       7.471517632302e-18 
 2270       1.538290244854e-11       7.446881892045e-13      -9.109487931988e-13       4.564852576186e-15       1.988655613022e-16       1.258126995430e-17       7.436720410331e-18 
 2271       1.536037964740e-11       7.426239097512e-13      -9.164350119838e-13       4.559086632908e-15       1.984643630991e-16       1.243274079148e-17       7.400171731177e-18 
 2272       1.533831430374e-11       7.405182265634e-13      -9.218303686361e-13       4.553336620143e-15       1.980640887975e-16       1.228747435278e-17       7.361911355004e-18 
 2273       1.531669704279e-11       7.383718136798e-13      -9.271332134844e-13       4.547602418454e-15       1.976647361536e-16       1.214545794554e-17       7.321979193872e-18 
 2274       1.529551845337e-11       7.361853477803e-13      -9.323418917255e-13       4.541883907806e-15       1.972663029051e-16       1.200667880839e-17       7.280415311917e-18 
 2275       1.527476908778e-11       7.339595081881e-13      -9.374547434188e-13       4.536180967563e-15       1.968687867710e-16       1.187112411117e-17       7.237259925519e-18 
 2276       1.525443946185e-11       7.316949768733e-13      -9.424701034811e-13       4.530493476487e-15       1.964721854520e-16       1.173878095490e-17       7.192553403473e-18 
 2277       1.523452005482e-11       7.293924384558e-13      -9.473863016810e-13       4.524821312741e-15       1.960764966300e-16       1.160963637163e-17       7.146336267164e-18 
 2278       1.521500130933e-11       7.270525802079e-13      -9.522016626337e-13       4.519164353883e-15       1.956817179683e-16       1.148367732438e-17       7.098649190732e-18 
 2279       1.519587363137e-11       7.246760920578e-13      -9.569145057953e-13       4.513522476872e-15       1.952878471116e-16       1.136089070707e-17       7.049533001249e-18 
 2280       1.517712739026e-11       7.222636665923e-13      -9.615231454580e-13       4.507895558060e-15       1.948948816861e-16       1.124126334442e-17       6.999028678889e-18 
 2281       1.515875291857e-11       7.198159990601e-13      -9.660258907440e-13       4.502283473196e-15       1.945028192989e-16       1.112478199186e-17       6.947177357096e-18 
 2282       1.514074051213e-11       7.173337873742e-13      -9.704210456005e-13       4.496686097423e-15       1.941116575388e-16       1.101143333546e-17       6.894020322762e-18 
 2283       1.512308042993e-11       7.148177321155e-13      -9.747069087945e-13       4.491103305280e-15       1.937213939755e-16       1.090120399184e-17       6.839599016392e-18 
 2284       1.510576289412e-11       7.122685365357e-13      -9.788817739069e-13       4.485534970698e-15       1.933320261603e-16       1.079408050809e-17       6.783955032278e-18 
 2285       1.508877808998e-11       7.096869065599e-13      -9.829439293276e-13       4.479980967000e-15       1.929435516253e-16       1.069004936166e-17       6.727130118670e-18 
 2286       1.507211616582e-11       7.070735507902e-13      -9.868916582496e-13       4.474441166903e-15       1.925559678842e-16       1.058909696032e-17       6.669166177949e-18 
 2287       1.505576723299e-11       7.044291805080e-13      -9.907232386643e-13       4.468915442514e-15       1.921692724315e-16       1.049120964204e-17       6.610105266795e-18 
 2288       1.503972136582e-11       7.017545096776e-13      -9.944369433555e-13       4.463403665330e-15       1.917834627431e-16       1.039637367491e-17       6.549989596364e-18 
 2289       1.502396860159e-11       6.990502549489e-13      -9.980310398942e-13       4.457905706239e-15       1.913985362757e-16       1.030457525708e-17       6.488861532451e-18 
 2290       1.500849894047e-11       6.963171356606e-13      -1.001503790633e-12       4.452421435516e-15       1.910144904674e-16       1.021580051663e-17       6.426763595669e-18 
 2291       1.499330234550e-11       6.935558738428e-13      -1.004853452702e-12       4.446950722827e-15       1.906313227372e-16       1.013003551154e-17       6.363738461618e-18 
 2292       1.497836874252e-11       6.907671942205e-13      -1.008078278002e-12       4.441493437223e-15       1.902490304851e-16       1.004726622956e-17       6.299828961053e-18 
 2293       1.496368802017e-11       6.879518242161e-13      -1.011176513198e-12       4.436049447143e-15       1.898676110921e-16       9.967478588150e-18       6.235078080062e-18 
 2294       1.494925002979e-11       6.851104939530e-13      -1.014146399716e-12       4.430618620413e-15       1.894870619204e-16       9.890658434393e-18       6.169528960229e-18 
 2295       1.493504458545e-11       6.822439362579e-13      -1.016986173739e-12       4.425200824241e-15       1.891073803129e-16       9.816791544901e-18       6.103224898815e-18 
 2296       1.492106146386e-11       6.793528866644e-13      -1.019694066197e-12       4.419795925223e-15       1.887285635934e-16       9.745863625737e-18       6.036209348920e-18 
 2297       1.490729040432e-11       6.764380834156e-13      -1.022268302765e-12       4.414403789338e-15       1.883506090669e-16       9.677860312332e-18       5.968525919662e-18 
 2298       1.489372110873e-11       6.735002674672e-13      -1.024707103857e-12       4.409024281946e-15       1.879735140190e-16       9.612767169393e-18       5.900218376343e-18 
 2299       1.488034363363e-11       6.705401928300e-13      -1.027009068754e-12       4.403657262782e-15       1.875972758729e-16       9.550569487844e-18       5.831332555474e-18 
 2300       1.486714956932e-11       6.675586576620e-13      -1.029174330672e-12       4.398302570886e-15       1.872218926608e-16       9.491251674374e-18       5.761922122820e-18 
 2301       1.485413086817e-11       6.645564733800e-13      -1.031203409039e-12       4.392960039575e-15       1.868473625552e-16       9.434797857827e-18       5.692042852365e-18 
 2302       1.484127945316e-11       6.615344543418e-13      -1.033096826035e-12       4.387629501439e-15       1.864736837128e-16       9.381192091745e-18       5.621750715005e-18 
 2303       1.482858721785e-11       6.584934178492e-13      -1.034855106590e-12       4.382310788345e-15       1.861008542743e-16       9.330418354282e-18       5.551101878762e-18 
 2304       1.481604602634e-11       6.554341841512e-13      -1.036478778392e-12       4.377003731431e-15       1.857288723642e-16       9.282460548109e-18       5.480152709000e-18 
 2305       1.480364771321e-11       6.523575764475e-13      -1.037968371887e-12       4.371708161110e-15       1.853577360914e-16       9.237302500328e-18       5.408959768639e-18 
 2306       1.479138408354e-11       6.492644208913e-13      -1.039324420285e-12       4.366423907066e-15       1.849874435485e-16       9.194927962383e-18       5.337579818371e-18 
 2307       1.477924691284e-11       6.461555465931e-13      -1.040547459563e-12       4.361150798255e-15       1.846179928120e-16       9.155320609971e-18       5.266069816873e-18 
 2308       1.476722794703e-11       6.430317856234e-13      -1.041638028466e-12       4.355888662900e-15       1.842493819425e-16       9.118464042951e-18       5.194486921023e-18 
 2309       1.475531890240e-11       6.398939730162e-13      -1.042596668513e-12       4.350637328498e-15       1.838816089844e-16       9.084341785256e-18       5.122888486116e-18 
 2310       1.474351146561e-11       6.367429467721e-13      -1.043423923998e-12       4.345396621812e-15       1.835146719660e-16       9.052937284805e-18       5.051332066077e-18 
 2311       1.473179729359e-11       6.335795478620e-13      -1.044120341996e-12       4.340166368872e-15       1.831485688995e-16       9.024233913412e-18       4.979875413674e-18 
 2312       1.472016801358e-11       6.304046202294e-13      -1.044686472364e-12       4.334946394978e-15       1.827832977809e-16       8.998214966696e-18       4.908576480739e-18 
 2313       1.470861522305e-11       6.272190107945e-13      -1.045122867745e-12       4.329736524691e-15       1.824188565901e-16       8.974863663997e-18       4.837493418376e-18 
 2314       1.469713048969e-11       6.240235694572e-13      -1.045430083573e-12       4.324536581842e-15       1.820552432906e-16       8.954163148279e-18       4.766684577181e-18 
 2315       1.468570535138e-11       6.208191491000e-13      -1.045608678073e-12       4.319346389524e-15       1.816924558299e-16       8.936096486047e-18       4.696208507452e-18 
 2316       1.467433131613e-11       6.176066055916e-13      -1.045659212268e-12       4.314165770093e-15       1.813304921391e-16       8.920646667257e-18       4.626123959410e-18 
 2317       1.466299986207e-11       6.143867977899e-13      -1.045582249978e-12       4.308994545169e-15       1.809693501331e-16       8.907796605223e-18       4.556489883408e-18 
 2318       1.465170243743e-11       6.111605875456e-13      -1.045378357829e-12       4.303832535632e-15       1.806090277106e-16       8.897529136533e-18       4.487365430148e-18 
 2319       1.464043046048e-11       6.079288397050e-13      -1.045048105251e-12       4.298679561625e-15       1.802495227537e-16       8.889827020957e-18       4.418809950897e-18 
 2320       1.462917531950e-11       6.046924221132e-13      -1.044592064484e-12       4.293535442548e-15       1.798908331285e-16       8.884672941355e-18       4.350882997701e-18 
 2321       1.461792837278e-11       6.014522056180e-13      -1.044010810581e-12       4.288399997064e-15       1.795329566846e-16       8.882049503596e-18       4.283644323598e-18 
 2322       1.460668094853e-11       5.982090640724e-13      -1.043304921412e-12       4.283273043092e-15       1.791758912552e-16       8.881939236460e-18       4.217153882836e-18 
 2323       1.459542434492e-11       5.949638743379e-13      -1.042474977665e-12       4.278154397807e-15       1.788196346571e-16       8.884324591555e-18       4.151471831087e-18 
 2324       1.458414982997e-11       5.917175162884e-13      -1.041521562851e-12       4.273043877644e-15       1.784641846907e-16       8.889187943224e-18       4.086658525658e-18 
 2325       1.457284864159e-11       5.884708728126e-13      -1.040445263309e-12       4.267941298292e-15       1.781095391400e-16       8.896511588458e-18       4.022774525712e-18 
 2326       1.456151198750e-11       5.852248298178e-13      -1.039246668206e-12       4.262846474694e-15       1.777556957725e-16       8.906277746806e-18       3.959880592479e-18 
 2327       1.455013104521e-11       5.819802762328e-13      -1.037926369541e-12       4.257759221049e-15       1.774026523393e-16       8.918468560287e-18       3.898037689472e-18 
 2328       1.453869696198e-11       5.787381040113e-13      -1.036484962152e-12       4.252679350807e-15       1.770504065748e-16       8.933066093299e-18       3.837306982699e-18 
 2329       1.452720085481e-11       5.754992081351e-13      -1.034923043712e-12       4.247606676673e-15       1.766989561971e-16       8.950052332530e-18       3.777749840883e-18 
 2330       1.451563381041e-11       5.722644866174e-13      -1.033241214742e-12       4.242541010601e-15       1.763482989076e-16       8.969409186871e-18       3.719427835674e-18 
 2331       1.450398688510e-11       5.690348405059e-13      -1.031440078606e-12       4.237482163797e-15       1.759984323912e-16       8.991118487325e-18       3.662402741861e-18 
 2332       1.449225110489e-11       5.658111738860e-13      -1.029520241518e-12       4.232429946716e-15       1.756493543161e-16       9.015161986917e-18       3.606736537594e-18 
 2333       1.448041746534e-11       5.625943938842e-13      -1.027482312545e-12       4.227384169063e-15       1.753010623341e-16       9.041521360609e-18       3.552491404592e-18 
 2334       1.446847693161e-11       5.593854106714e-13      -1.025326903610e-12       4.222344639791e-15       1.749535540802e-16       9.070178205204e-18       3.499729728361e-18 
 2335       1.445642043835e-11       5.561851374657e-13      -1.023054629495e-12       4.217311167098e-15       1.746068271727e-16       9.101114039263e-18       3.448514098407e-18 
 2336       1.444423888975e-11       5.529944905361e-13      -1.020666107847e-12       4.212283558430e-15       1.742608792134e-16       9.134310303015e-18       3.398907308454e-18 
 2337       1.443192315944e-11       5.498143892055e-13      -1.018161959176e-12       4.207261620480e-15       1.739157077873e-16       9.169748358262e-18       3.350972356657e-18 
 2338       1.441946508504e-11       5.466456891244e-13      -1.015543013886e-12       4.202245169437e-15       1.735713105987e-16       9.207408131915e-18       3.304749618209e-18 
 2339       1.440686045846e-11       5.434889816279e-13      -1.012810934767e-12       4.197234061815e-15       1.732276858802e-16       9.247264037458e-18       3.260188206526e-18 
 2340       1.439410605428e-11       5.403447931289e-13      -1.009967598403e-12       4.192228163818e-15       1.728848319865e-16       9.289289027764e-18       3.217214182664e-18 
 2341       1.438119863684e-11       5.372136517349e-13      -1.007014888517e-12       4.187227341105e-15       1.725427472579e-16       9.333455949038e-18       3.175753343609e-18 
 2342       1.436813496025e-11       5.340960872501e-13      -1.003954695973e-12       4.182231458783e-15       1.722014300211e-16       9.379737540695e-18       3.135731221988e-18 
 2343       1.435491176841e-11       5.309926311771e-13      -1.000788918790e-12       4.177240381414e-15       1.718608785885e-16       9.428106435247e-18       3.097073085790e-18 
 2344       1.434152579494e-11       5.279038167186e-13      -9.975194621452e-13       4.172253973010e-15       1.715210912586e-16       9.478535158180e-18       3.059703938073e-18 
 2345       1.432797376324e-11       5.248301787792e-13      -9.941482383825e-13       4.167272097033e-15       1.711820663158e-16       9.530996127838e-18       3.023548516680e-18 
 2346       1.431425238640e-11       5.217722539672e-13      -9.906771670224e-13       4.162294616396e-15       1.708438020303e-16       9.585461655299e-18       2.988531293955e-18 
 2347       1.430035836727e-11       5.187305805964e-13      -9.871081747686e-13       4.157321393459e-15       1.705062966583e-16       9.641903944262e-18       2.954576476454e-18 
 2348       1.428628839840e-11       5.157056986878e-13      -9.834431955156e-13       4.152352290033e-15       1.701695484421e-16       9.700295090926e-18       2.921608004662e-18 
 2349       1.427203916202e-11       5.126981499714e-13      -9.796841703574e-13       4.147387167375e-15       1.698335556094e-16       9.760607083869e-18       2.889549552701e-18 
 2350       1.425760733007e-11       5.097084778878e-13      -9.758330475946e-13       4.142425886190e-15       1.694983163741e-16       9.822811803931e-18       2.858324528053e-18 
 2351       1.424298956416e-11       5.067372275903e-13      -9.718917827426e-13       4.137468306630e-15       1.691638289359e-16       9.886881024094e-18       2.827856071267e-18 
 2352       1.422818251558e-11       5.037849459464e-13      -9.678623385396e-13       4.132514288293e-15       1.688300914801e-16       9.952786409367e-18       2.798067055672e-18 
 2353       1.421318282526e-11       5.008521815397e-13      -9.637466849544e-13       4.127563690221e-15       1.684971021780e-16       1.002049951666e-17       2.768880087099e-18 
 2354       1.419798712380e-11       4.979394846717e-13      -9.595467991940e-13       4.122616370903e-15       1.681648591865e-16       1.008999179467e-17       2.740217503585e-18 
 2355       1.418259203141e-11       4.950474073632e-13      -9.552646657119e-13       4.117672188270e-15       1.678333606485e-16       1.016123458376e-17       2.712001375094e-18 
 2356       1.416699415794e-11       4.921765033568e-13      -9.509022762156e-13       4.112730999698e-15       1.675026046923e-16       1.023419911585e-17       2.684153503229e-18 
 2357       1.415119010286e-11       4.893273281178e-13      -9.464616296747e-13       4.107792662004e-15       1.671725894322e-16       1.030885651428e-17       2.656595420942e-18 
 2358       1.413517645523e-11       4.865004388367e-13      -9.419447323288e-13       4.102857031451e-15       1.668433129681e-16       1.038517779369e-17       2.629248392256e-18 
 2359       1.411894979371e-11       4.836963944305e-13      -9.373535976952e-13       4.097923963739e-15       1.665147733854e-16       1.046313385994e-17       2.602033411970e-18 
 2360       1.410250668656e-11       4.809157555446e-13      -9.326902465768e-13       4.092993314011e-15       1.661869687555e-16       1.054269550993e-17       2.574871205379e-18 
 2361       1.408584369157e-11       4.781590845548e-13      -9.279567070701e-13       4.088064936853e-15       1.658598971352e-16       1.062383343154e-17       2.547682227987e-18 
 2362       1.406895735614e-11       4.754269455687e-13      -9.231550145729e-13       4.083138686285e-15       1.655335565670e-16       1.070651820347e-17       2.520386665218e-18 
 2363       1.405184421720e-11       4.727199044277e-13      -9.182872117924e-13       4.078214415772e-15       1.652079450790e-16       1.079072029515e-17       2.492904432133e-18 
 2364       1.403450080120e-11       4.700385287086e-13      -9.133553487530e-13       4.073291978213e-15       1.648830606848e-16       1.087641006658e-17       2.465155173142e-18 
 2365       1.401692362416e-11       4.673833877256e-13      -9.083614828038e-13       4.068371225948e-15       1.645589013837e-16       1.096355776826e-17       2.437058261719e-18 
 2366       1.399910919159e-11       4.647550525320e-13      -9.033076786272e-13       4.063452010753e-15       1.642354651605e-16       1.105213354104e-17       2.408532800117e-18 
 2367       1.398105399851e-11       4.621540959216e-13      -8.981960082459e-13       4.058534183839e-15       1.639127499854e-16       1.114210741602e-17       2.379497619077e-18 
 2368       1.396275452946e-11       4.595810924310e-13      -8.930285510317e-13       4.053617595855e-15       1.635907538144e-16       1.123344931440e-17       2.349871277550e-18 
 2369       1.394420725845e-11       4.570366183412e-13      -8.878073937127e-13       4.048702096886e-15       1.632694745887e-16       1.132612904742e-17       2.319572062401e-18 
 2370       1.392540864895e-11       4.545212516791e-13      -8.825346303812e-13       4.043787536449e-15       1.629489102351e-16       1.142011631615e-17       2.288517988134e-18 
 2371       1.390635515394e-11       4.520355722197e-13      -8.772123625020e-13       4.038873763498e-15       1.626290586660e-16       1.151538071147e-17       2.256626796595e-18 
 2372       1.388704321581e-11       4.495801614875e-13      -8.718426989200e-13       4.033960626418e-15       1.623099177788e-16       1.161189171388e-17       2.223815956694e-18 
 2373       1.386746926642e-11       4.471556027584e-13      -8.664277558680e-13       4.029047973028e-15       1.619914854568e-16       1.170961869342e-17       2.190002664115e-18 
 2374       1.384762972707e-11       4.447624810616e-13      -8.609696569747e-13       4.024135650580e-15       1.616737595685e-16       1.180853090953e-17       2.155103841031e-18 
 2375       1.382752100845e-11       4.424013831811e-13      -8.554705332725e-13       4.019223505756e-15       1.613567379677e-16       1.190859751094e-17       2.119036135818e-18 
 2376       1.380713951070e-11       4.400728976577e-13      -8.499325232055e-13       4.014311384669e-15       1.610404184937e-16       1.200978753555e-17       2.081715922769e-18 
 2377       1.378648254185e-11       4.377775209284e-13      -8.443577354497e-13       4.009399151056e-15       1.607247990958e-16       1.211207145451e-17       2.043079481151e-18 
 2378       1.376555107953e-11       4.355153751094e-13      -8.387481371074e-13       4.004486740967e-15       1.604098782085e-16       1.221542581510e-17       2.003143668786e-18 
 2379       1.374434702628e-11       4.332864884781e-13      -8.331056648400e-13       3.999574108414e-15       1.600956543787e-16       1.231982862621e-17       1.961945621629e-18 
 2380       1.372287229258e-11       4.310908891777e-13      -8.274322619999e-13       3.994661207200e-15       1.597821261412e-16       1.242525781664e-17       1.919522608495e-18 
 2381       1.370112879685e-11       4.289286052167e-13      -8.217298786375e-13       3.989747990929e-15       1.594692920183e-16       1.253169123505e-17       1.875912031207e-18 
 2382       1.367911846550e-11       4.267996644687e-13      -8.160004715086e-13       3.984834412997e-15       1.591571505204e-16       1.263910664984e-17       1.831151424739e-18 
 2383       1.365684323289e-11       4.247040946721e-13      -8.102460040812e-13       3.979920426599e-15       1.588457001455e-16       1.274748174907e-17       1.785278457353e-18 
 2384       1.363430504137e-11       4.226419234302e-13      -8.044684465426e-13       3.975005984723e-15       1.585349393794e-16       1.285679414037e-17       1.738330930746e-18 
 2385       1.361150584128e-11       4.206131782106e-13      -7.986697758068e-13       3.970091040152e-15       1.582248666956e-16       1.296702135089e-17       1.690346780189e-18 
 2386       1.358844759095e-11       4.186178863453e-13      -7.928519755211e-13       3.965175545466e-15       1.579154805552e-16       1.307814082716e-17       1.641364074673e-18 
 2387       1.356513225673e-11       4.166560750302e-13      -7.870170360736e-13       3.960259453037e-15       1.576067794073e-16       1.319012993504e-17       1.591421017048e-18 
 2388       1.354156181297e-11       4.147277713249e-13      -7.811669545999e-13       3.955342715033e-15       1.572987616885e-16       1.330296595961e-17       1.540555944168e-18 
 2389       1.351773824206e-11       4.128330021528e-13      -7.753037349908e-13       3.950425283417e-15       1.569914258229e-16       1.341662610513e-17       1.488807327029e-18 
 2390       1.349366353442e-11       4.109717943004e-13      -7.694293878986e-13       3.945507109943e-15       1.566847702226e-16       1.353108749489e-17       1.436213770917e-18 
 2391       1.346933968851e-11       4.091441744175e-13      -7.635459307446e-13       3.940588146161e-15       1.563787932870e-16       1.364632717115e-17       1.382814015547e-18 
 2392       1.344476871083e-11       4.073501690166e-13      -7.576553877263e-13       3.935668343414e-15       1.560734934035e-16       1.376232209510e-17       1.328646935204e-18 
 2393       1.341995261596e-11       4.055898044730e-13      -7.517597898244e-13       3.930747652839e-15       1.557688689466e-16       1.387904914669e-17       1.273751538890e-18 
 2394       1.339489342654e-11       4.038631070244e-13      -7.458611748095e-13       3.925826025363e-15       1.554649182790e-16       1.399648512460e-17       1.218166970460e-18 
 2395       1.336959317328e-11       4.021701027708e-13      -7.399615872497e-13       3.920903411708e-15       1.551616397503e-16       1.411460674615e-17       1.161932508771e-18 
 2396       1.334405389500e-11       4.005108176740e-13      -7.340630785175e-13       3.915979762390e-15       1.548590316983e-16       1.423339064720e-17       1.105087567820e-18 
 2397       1.331827763859e-11       3.988852775577e-13      -7.281677067967e-13       3.911055027713e-15       1.545570924478e-16       1.435281338205e-17       1.047671696885e-18 
 2398       1.329226645905e-11       3.972935081071e-13      -7.222775370899e-13       3.906129157776e-15       1.542558203115e-16       1.447285142341e-17       9.897245806739e-19 
 2399       1.326602241951e-11       3.957355348687e-13      -7.163946412252e-13       3.901202102470e-15       1.539552135894e-16       1.459348116224e-17       9.312860394590e-19 
 2400       1.323954759121e-11       3.942113832501e-13      -7.105210978632e-13       3.896273811476e-15       1.536552705691e-16       1.471467890771e-17       8.723960292245e-19 
 2401       1.321284405351e-11       3.927210785198e-13      -7.046589925047e-13       3.891344234266e-15       1.533559895257e-16       1.483642088712e-17       8.130946418069e-19 
 2402       1.318591389393e-11       3.912646458069e-13      -6.988104174969e-13       3.886413320104e-15       1.530573687216e-16       1.495868324577e-17       7.534221050377e-19 
 2403       1.315875920813e-11       3.898421101009e-13      -6.929774720415e-13       3.881481018045e-15       1.527594064067e-16       1.508144204692e-17       6.934187828853e-19 
 2404       1.313138209993e-11       3.884534962516e-13      -6.871622622008e-13       3.876547276935e-15       1.524621008185e-16       1.520467327168e-17       6.331251755979e-19 
 2405       1.310378468130e-11       3.870988289685e-13      -6.813669009055e-13       3.871612045407e-15       1.521654501817e-16       1.532835281893e-17       5.725819198454e-19 
 2406       1.307596907241e-11       3.857781328212e-13      -6.755935079613e-13       3.866675271889e-15       1.518694527085e-16       1.545245650523e-17       5.118297888619e-19 
 2407       1.304793740160e-11       3.844914322384e-13      -6.698442100563e-13       3.861736904594e-15       1.515741065984e-16       1.557696006474e-17       4.509096925879e-19 
 2408       1.301969180541e-11       3.832387515086e-13      -6.641211407680e-13       3.856796891529e-15       1.512794100384e-16       1.570183914913e-17       3.898626778125e-19 
 2409       1.299123442857e-11       3.820201147789e-13      -6.584264405702e-13       3.851855180486e-15       1.509853612028e-16       1.582706932749e-17       3.287299283161e-19 
 2410       1.296256742403e-11       3.808355460554e-13      -6.527622568406e-13       3.846911719049e-15       1.506919582532e-16       1.595262608626e-17       2.675527650123e-19 
 2411       1.293369295296e-11       3.796850692029e-13      -6.471307438671e-13       3.841966454590e-15       1.503991993384e-16       1.607848482911e-17       2.063726460905e-19 
 2412       1.290461318475e-11       3.785687079446e-13      -6.415340628556e-13       3.837019334269e-15       1.501070825947e-16       1.620462087690e-17       1.452311671580e-19 
 2413       1.287533029705e-11       3.774864858616e-13      -6.359743819366e-13       3.832070305037e-15       1.498156061457e-16       1.633100946756e-17       8.417006138225e-20 
 2414       1.284584647572e-11       3.764384263933e-13      -6.304538761726e-13       3.827119313629e-15       1.495247681020e-16       1.645762575600e-17       2.323119963357e-20 
 2415       1.281616391490e-11       3.754245528365e-13      -6.249747275650e-13       3.822166306570e-15       1.492345665618e-16       1.658444481407e-17      -3.754340937297e-20 
 2416       1.278628520989e-11       3.744448213619e-13      -6.195389113581e-13       3.817211248281e-15       1.489449997003e-16       1.671143846046e-17      -9.811647738687e-20 
 2417       1.275621453846e-11       3.734989196184e-13      -6.141475535210e-13       3.812254175515e-15       1.486560660411e-16       1.683856572985e-17      -1.584700440105e-19 
 2418       1.272595648672e-11       3.725864669074e-13      -6.088015693861e-13       3.807295143251e-15       1.483677641867e-16       1.696578234584e-17      -2.185909575528e-19 
 2419       1.269551565690e-11       3.717070810547e-13      -6.035018770009e-13       3.802334206614e-15       1.480800927285e-16       1.709304388553e-17      -2.784660245740e-19 
 2420       1.266489666733e-11       3.708603784082e-13      -5.982493971314e-13       3.797371420877e-15       1.477930502469e-16       1.722030577937e-17      -3.380820098429e-19 
 2421       1.263410415252e-11       3.700459738370e-13      -5.930450532638e-13       3.792406841460e-15       1.475066353112e-16       1.734752331100e-17      -3.974256362946e-19 
 2422       1.260314276309e-11       3.692634807293e-13      -5.878897716083e-13       3.787440523930e-15       1.472208464798e-16       1.747465161709e-17      -4.564835849881e-19 
 2423       1.257201716588e-11       3.685125109912e-13      -5.827844811009e-13       3.782472524004e-15       1.469356822998e-16       1.760164568719e-17      -5.152424950633e-19 
 2424       1.254073204389e-11       3.677926750445e-13      -5.777301134065e-13       3.777502897544e-15       1.466511413075e-16       1.772846036360e-17      -5.736889636994e-19 
 2425       1.250929209634e-11       3.671035818259e-13      -5.727276029217e-13       3.772531700561e-15       1.463672220278e-16       1.785505034121e-17      -6.318095460716e-19 
 2426       1.247770203869e-11       3.664448387846e-13      -5.677778867771e-13       3.767558989216e-15       1.460839229746e-16       1.798137016733e-17      -6.895907553092e-19 
 2427       1.244596660261e-11       3.658160518814e-13      -5.628819048402e-13       3.762584819814e-15       1.458012426508e-16       1.810737424156e-17      -7.470190624529e-19 
 2428       1.241409053606e-11       3.652168255865e-13      -5.580405997185e-13       3.757609248813e-15       1.455191795480e-16       1.823301681563e-17      -8.040808964122e-19 
 2429       1.238207860327e-11       3.646467628782e-13      -5.532549167612e-13       3.752632332816e-15       1.452377321466e-16       1.835825199324e-17      -8.607626439232e-19 
 2430       1.234993558476e-11       3.641054652416e-13      -5.485258040630e-13       3.747654128577e-15       1.449568989161e-16       1.848303372994e-17      -9.170506495062e-19 
 2431       1.231766627735e-11       3.635925326662e-13      -5.438542124660e-13       3.742674692996e-15       1.446766783144e-16       1.860731583293e-17      -9.729312154227e-19 
 2432       1.228527549420e-11       3.631075636451e-13      -5.392410955628e-13       3.737694083124e-15       1.443970687885e-16       1.873105196095e-17      -1.028390601633e-18 
 2433       1.225276806483e-11       3.626501551729e-13      -5.346874096989e-13       3.732712356162e-15       1.441180687742e-16       1.885419562413e-17      -1.083415025756e-18 
 2434       1.222014883508e-11       3.622199027443e-13      -5.301941139757e-13       3.727729569457e-15       1.438396766958e-16       1.897670018381e-17      -1.137990663021e-18 
 2435       1.218742266720e-11       3.618164003524e-13      -5.257621702530e-13       3.722745780507e-15       1.435618909667e-16       1.909851885238e-17      -1.192103646233e-18 
 2436       1.215459443983e-11       3.614392404874e-13      -5.213925431518e-13       3.717761046960e-15       1.432847099888e-16       1.921960469318e-17      -1.245740065724e-18 
 2437       1.212166904802e-11       3.610880141345e-13      -5.170862000568e-13       3.712775426612e-15       1.430081321528e-16       1.933991062031e-17      -1.298885969312e-18 
 2438       1.208865140325e-11       3.607623107727e-13      -5.128441111193e-13       3.707788977409e-15       1.427321558381e-16       1.945938939850e-17      -1.351527362262e-18 
 2439       1.205554643343e-11       3.604617183729e-13      -5.086672492599e-13       3.702801757449e-15       1.424567794128e-16       1.957799364292e-17      -1.403650207238e-18 
 2440       1.202235908296e-11       3.601858233967e-13      -5.045565901708e-13       3.697813824976e-15       1.421820012338e-16       1.969567581908e-17      -1.455240424265e-18 
 2441       1.198909431270e-11       3.599342107943e-13      -5.005131123192e-13       3.692825238388e-15       1.419078196466e-16       1.981238824264e-17      -1.506283890685e-18 
 2442       1.195575710001e-11       3.597064640032e-13      -4.965377969492e-13       3.687836056230e-15       1.416342329852e-16       1.992808307929e-17      -1.556766441113e-18 
 2443       1.192235243878e-11       3.595021649468e-13      -4.926316280852e-13       3.682846337199e-15       1.413612395724e-16       2.004271234456e-17      -1.606673867397e-18 
 2444       1.188888533941e-11       3.593208940322e-13      -4.887955925341e-13       3.677856140142e-15       1.410888377197e-16       2.015622790371e-17      -1.655991918574e-18 
 2445       1.185536082885e-11       3.591622301493e-13      -4.850306798882e-13       3.672865524057e-15       1.408170257271e-16       2.026858147154e-17      -1.704706300828e-18 
 2446       1.182178395062e-11       3.590257506684e-13      -4.813378825277e-13       3.667874548092e-15       1.405458018832e-16       2.037972461227e-17      -1.752802677449e-18 
 2447       1.178815976483e-11       3.589110314395e-13      -4.777181956238e-13       3.662883271546e-15       1.402751644651e-16       2.048960873938e-17      -1.800266668786e-18 
 2448       1.175449334817e-11       3.588176467900e-13      -4.741726171411e-13       3.657891753869e-15       1.400051117388e-16       2.059818511545e-17      -1.847083852210e-18 
 2449       1.172078979395e-11       3.587451695233e-13      -4.707021478400e-13       3.652900054662e-15       1.397356419586e-16       2.070540485201e-17      -1.893239762070e-18 
 2450       1.168705421212e-11       3.586931709174e-13      -4.673077912802e-13       3.647908233678e-15       1.394667533673e-16       2.081121890940e-17      -1.938719889646e-18 
 2451       1.165329172928e-11       3.586612207231e-13      -4.639905538225e-13       3.642916350820e-15       1.391984441964e-16       2.091557809661e-17      -1.983509683113e-18 
 2452       1.161950748868e-11       3.586488871623e-13      -4.607514446322e-13       3.637924466144e-15       1.389307126657e-16       2.101843307112e-17      -2.027594547496e-18 
 2453       1.158570665027e-11       3.586557369268e-13      -4.575914756812e-13       3.632932639856e-15       1.386635569839e-16       2.111973433878e-17      -2.070959844625e-18 
 2454       1.155189439070e-11       3.586813351761e-13      -4.545116617513e-13       3.627940932314e-15       1.383969753477e-16       2.121943225362e-17      -2.113590893097e-18 
 2455       1.151807576670e-11       3.587252376918e-13      -4.515128214616e-13       3.622949412948e-15       1.381309660989e-16       2.131749835152e-17      -2.155472963121e-18 
 2456       1.148425530447e-11       3.587869672902e-13      -4.485949790502e-13       3.617958187065e-15       1.378655281931e-16       2.141398949044e-17      -2.196591261116e-18 
 2457       1.145043740785e-11       3.588660372659e-13      -4.457579590301e-13       3.612967369204e-15       1.376006607337e-16       2.150898409247e-17      -2.236930944940e-18 
 2458       1.141662649482e-11       3.589619592213e-13      -4.430015848390e-13       3.607977074230e-15       1.373363628154e-16       2.160256084495e-17      -2.276477128944e-18 
 2459       1.138282699742e-11       3.590742430649e-13      -4.403256788374e-13       3.602987417335e-15       1.370726335243e-16       2.169479870085e-17      -2.315214883931e-18 
 2460       1.134904336186e-11       3.592023970102e-13      -4.377300623082e-13       3.597998514040e-15       1.368094719383e-16       2.178577687895e-17      -2.353129237115e-18 
 2461       1.131528004845e-11       3.593459275729e-13      -4.352145554546e-13       3.593010480190e-15       1.365468771264e-16       2.187557486417e-17      -2.390205172077e-18 
 2462       1.128154153165e-11       3.595043395702e-13      -4.327789773993e-13       3.588023431963e-15       1.362848481492e-16       2.196427240782e-17      -2.426427628722e-18 
 2463       1.124783230012e-11       3.596771361183e-13      -4.304231461831e-13       3.583037485863e-15       1.360233840587e-16       2.205194952790e-17      -2.461781503237e-18 
 2464       1.121415685665e-11       3.598638186308e-13      -4.281468787637e-13       3.578052758721e-15       1.357624838984e-16       2.213868650933e-17      -2.496251648049e-18 
 2465       1.118051971825e-11       3.600638868172e-13      -4.259499910144e-13       3.573069367700e-15       1.355021467032e-16       2.222456390426e-17      -2.529822871781e-18 
 2466       1.114692541613e-11       3.602768386810e-13      -4.238322977228e-13       3.568087430292e-15       1.352423714992e-16       2.230966253232e-17      -2.562479939212e-18 
 2467       1.111337849573e-11       3.605021705177e-13      -4.217936125894e-13       3.563107064316e-15       1.349831573043e-16       2.239406348092e-17      -2.594207571230e-18 
 2468       1.107988351671e-11       3.607393769134e-13      -4.198337482266e-13       3.558128387924e-15       1.347245031274e-16       2.247784810549e-17      -2.624990444795e-18 
 2469       1.104644505298e-11       3.609879507430e-13      -4.179525161574e-13       3.553151519597e-15       1.344664079689e-16       2.256109802979e-17      -2.654813192893e-18 
 2470       1.101306769272e-11       3.612473831682e-13      -4.161497268140e-13       3.548176578146e-15       1.342088708207e-16       2.264389514613e-17      -2.683660404492e-18 
 2471       1.097975603839e-11       3.615171636358e-13      -4.144251895363e-13       3.543203682713e-15       1.339518906657e-16       2.272632161571e-17      -2.711516624504e-18 
 2472       1.094651470673e-11       3.617967798763e-13      -4.127787125713e-13       3.538232952773e-15       1.336954664786e-16       2.280845986885e-17      -2.738366353738e-18 
 2473       1.091334832880e-11       3.620857179017e-13      -4.112101030713e-13       3.533264508129e-15       1.334395972250e-16       2.289039260527e-17      -2.764194048861e-18 
 2474       1.088026154997e-11       3.623834620038e-13      -4.097191670925e-13       3.528298468920e-15       1.331842818621e-16       2.297220279436e-17      -2.788984122352e-18 
 2475       1.084725902994e-11       3.626894947527e-13      -4.083057095945e-13       3.523334955614e-15       1.329295193383e-16       2.305397367547e-17      -2.812720942463e-18 
 2476       1.081434544278e-11       3.630032969951e-13      -4.069695344380e-13       3.518374089013e-15       1.326753085933e-16       2.313578875818e-17      -2.835388833173e-18 
 2477       1.078152547689e-11       3.633243478518e-13      -4.057104443845e-13       3.513415990250e-15       1.324216485580e-16       2.321773182255e-17      -2.856972074148e-18 
 2478       1.074880383507e-11       3.636521247170e-13      -4.045282410944e-13       3.508460780793e-15       1.321685381547e-16       2.329988691942e-17      -2.877454900697e-18 
 2479       1.071618523450e-11       3.639861032558e-13      -4.034227251258e-13       3.503508582442e-15       1.319159762969e-16       2.338233837067e-17      -2.896821503730e-18 
 2480       1.068367440679e-11       3.643257574027e-13      -4.023936959336e-13       3.498559517332e-15       1.316639618894e-16       2.346517076949e-17      -2.915056029716e-18 
 2481       1.065127609793e-11       3.646705593598e-13      -4.014409518678e-13       3.493613707930e-15       1.314124938282e-16       2.354846898068e-17      -2.932142580639e-18 
 2482       1.061899506836e-11       3.650199795950e-13      -4.005642901725e-13       3.488671277039e-15       1.311615710005e-16       2.363231814088e-17      -2.948065213957e-18 
 2483       1.058683609299e-11       3.653734868404e-13      -3.997635069846e-13       3.483732347795e-15       1.309111922848e-16       2.371680365889e-17      -2.962807942556e-18 
 2484       1.055480396116e-11       3.657305480903e-13      -3.990383973324e-13       3.478797043671e-15       1.306613565507e-16       2.380201121589e-17      -2.976354734715e-18 
 2485       1.052290347670e-11       3.660906285998e-13      -3.983887551345e-13       3.473865488473e-15       1.304120626591e-16       2.388802676576e-17      -2.988689514053e-18 
 2486       1.049113945793e-11       3.664531918827e-13      -3.978143731982e-13       3.468937806344e-15       1.301633094619e-16       2.397493653535e-17      -2.999796159496e-18 
 2487       1.045951673768e-11       3.668176997097e-13      -3.973150432188e-13       3.464014121762e-15       1.299150958025e-16       2.406282702471e-17      -3.009658505228e-18 
 2488       1.042804016328e-11       3.671836121071e-13      -3.968905557778e-13       3.459094559541e-15       1.296674205151e-16       2.415178500742e-17      -3.018260340652e-18 
 2489       1.039671459662e-11       3.675503873546e-13      -3.965407003420e-13       3.454179244833e-15       1.294202824253e-16       2.424189753081e-17      -3.025585410346e-18 
 2490       1.036554491410e-11       3.679174819836e-13      -3.962652652619e-13       3.449268303124e-15       1.291736803498e-16       2.433325191629e-17      -3.031617414020e-18 
 2491       1.033453600673e-11       3.682843507757e-13      -3.960640377706e-13       3.444361860240e-15       1.289276130963e-16       2.442593575957e-17      -3.036340006475e-18 
 2492       1.030369278006e-11       3.686504467608e-13      -3.959368039827e-13       3.439460042341e-15       1.286820794637e-16       2.452003693096e-17      -3.039736797558e-18 
 2493       1.027302015423e-11       3.690152212151e-13      -3.958833488928e-13       3.434562975928e-15       1.284370782421e-16       2.461564357564e-17      -3.041791352123e-18 
 2494       1.024252246798e-11       3.693781555970e-13      -3.959032327701e-13       3.429670782066e-15       1.281926080550e-16       2.471281251619e-17      -3.042499475923e-18 
 2495       1.021220168670e-11       3.697388575618e-13      -3.959951189110e-13       3.424783559028e-15       1.279486668865e-16       2.481147425682e-17      -3.041906152199e-18 
 2496       1.018205918387e-11       3.700969655071e-13      -3.961574419369e-13       3.419901399554e-15       1.277052525512e-16       2.491152742197e-17      -3.040068821869e-18 
 2497       1.015209633612e-11       3.704521166854e-13      -3.963886310349e-13       3.415024396609e-15       1.274623628519e-16       2.501287030303e-17      -3.037045117473e-18 
 2498       1.012231452328e-11       3.708039472031e-13      -3.966871099518e-13       3.410152643387e-15       1.272199955795e-16       2.511540085804e-17      -3.032892863368e-18 
 2499       1.009271512829e-11       3.711520920194e-13      -3.970512969889e-13       3.405286233311e-15       1.269781485126e-16       2.521901671133e-17      -3.027670075927e-18 
 2500       1.006329953730e-11       3.714961849450e-13      -3.974796049958e-13       3.400425260030e-15       1.267368194181e-16       2.532361515322e-17      -3.021434963727e-18 
