# dimensionless total [l(l+1)/2pi] C_l's
# for l=2 to 3000, i.e. number of multipoles equal to 2999
#
# -> if you prefer output in CAMB/HealPix/LensPix units/order, set 'format' to 'camb' in input file
# -> if you don't want to see such a header, set 'headers' to 'no' in input file
#
# 1:l     2:TT                     3:EE                     4:TE                     5:BB                     6:phiphi                 7:TPhi                   8:Ephi               
    2       1.494853720813e-10       7.287189269814e-15       4.814014736787e-13       0.000000000000e+00       8.824705325779e-09       4.854412255456e-10      -2.509199940220e-12 
    3       1.409232150967e-10       1.233902927379e-14       6.057304419538e-13       0.000000000000e+00       5.420163132421e-09       3.460503754128e-10      -2.206965371209e-12 
    4       1.324583362284e-10       1.440622963386e-14       6.265593530976e-13       0.000000000000e+00       3.766656346720e-09       2.634089693903e-10      -1.760485080501e-12 
    5       1.257492883392e-10       1.332206657754e-14       5.867564902876e-13       0.000000000000e+00       2.811336060090e-09       2.089779079352e-10      -1.306654697415e-12 
    6       1.208032446602e-10       1.027923145069e-14       5.163537831954e-13       0.000000000000e+00       2.196151125788e-09       1.706542446764e-10      -8.928197817183e-13 
    7       1.173594982665e-10       6.812746138891e-15       4.356573216786e-13       0.000000000000e+00       1.772011677946e-09       1.424115158231e-10      -5.430982089308e-13 
    8       1.150306946122e-10       4.025918785388e-15       3.569896555476e-13       0.000000000000e+00       1.464698693163e-09       1.208092648588e-10      -2.682343211236e-13 
    9       1.136049138867e-10       2.327647638789e-15       2.876208512825e-13       0.000000000000e+00       1.233367577959e-09       1.037915115753e-10      -6.983575384105e-14 
   10       1.128815844707e-10       1.566555439219e-15       2.315209062655e-13       0.000000000000e+00       1.054023401044e-09       9.016375156240e-11       5.743008466380e-14 
   11       1.126903797616e-10       1.341954256410e-15       1.904150142304e-13       0.000000000000e+00       8.886984365407e-10       7.941958302435e-11       1.230677839313e-13 
   12       1.129728837744e-10       1.284637321853e-15       1.640158051854e-13       0.000000000000e+00       7.765354199150e-10       7.029606350302e-11       1.419902740144e-13 
   13       1.135524190540e-10       1.197295471697e-15       1.505497703120e-13       0.000000000000e+00       6.844650105250e-10       6.270082114649e-11       1.274545789787e-13 
   14       1.143495755462e-10       1.051909579625e-15       1.474482100434e-13       0.000000000000e+00       6.078564430794e-10       5.617357290763e-11       9.265081998236e-14 
   15       1.153784485884e-10       9.081749371595e-16       1.517051031898e-13       0.000000000000e+00       5.433746300866e-10       5.071479117026e-11       4.956179946427e-14 
   16       1.166156088773e-10       8.273411957613e-16       1.603146901423e-13       0.000000000000e+00       4.885510562319e-10       4.612029445472e-11       7.299179497714e-15 
   17       1.179368819780e-10       8.268064184737e-16       1.708169963145e-13       0.000000000000e+00       4.415214506198e-10       4.215027989953e-11      -2.781426955903e-14 
   18       1.193854322237e-10       8.792391182868e-16       1.813011076874e-13       0.000000000000e+00       4.007007018877e-10       3.858558870575e-11      -5.221963503088e-14 
   19       1.209686912181e-10       9.520811300582e-16       1.908058019963e-13       0.000000000000e+00       3.654416952481e-10       3.541557691092e-11      -6.501058771446e-14 
   20       1.226077943753e-10       1.011957026201e-15       1.986279019098e-13       0.000000000000e+00       3.343869856413e-10       3.262138845221e-11      -6.699648962223e-14 
   21       1.243174607226e-10       1.061807491943e-15       2.048193683848e-13       0.000000000000e+00       3.070491545338e-10       3.016986906211e-11      -6.032713449314e-14 
   22       1.261077039914e-10       1.119694151946e-15       2.097918900435e-13       0.000000000000e+00       2.827740895782e-10       2.798024397950e-11      -4.836562394473e-14 
   23       1.279631341361e-10       1.204832701850e-15       2.140385047867e-13       0.000000000000e+00       2.612280484017e-10       2.600902903731e-11      -3.402180436669e-14 
   24       1.298423661594e-10       1.335627567989e-15       2.181373591481e-13       0.000000000000e+00       2.419130530070e-10       2.420411385446e-11      -2.035596195686e-14 
   25       1.317605009224e-10       1.512583466072e-15       2.225153124435e-13       0.000000000000e+00       2.246023700168e-10       2.256233550816e-11      -9.280338672880e-15 
   26       1.337325509983e-10       1.728863578050e-15       2.275239526783e-13       0.000000000000e+00       2.089832606018e-10       2.108065149305e-11      -2.221821895911e-15 
   27       1.357505695318e-10       1.978045493987e-15       2.332291187106e-13       0.000000000000e+00       1.948685659469e-10       1.975047091631e-11       6.724630142525e-16 
   28       1.377909569514e-10       2.253665879542e-15       2.395298728554e-13       0.000000000000e+00       1.820150263784e-10       1.855092329197e-11      -1.272416462844e-16 
   29       1.398603813128e-10       2.555262707962e-15       2.461195492513e-13       0.000000000000e+00       1.703569787834e-10       1.746884160518e-11      -3.819023051363e-15 
   30       1.419635422935e-10       2.884133926437e-15       2.525271389202e-13       0.000000000000e+00       1.597691571289e-10       1.648035914022e-11      -9.212917668067e-15 
   31       1.440947212496e-10       3.240935717205e-15       2.582050104607e-13       0.000000000000e+00       1.500355335067e-10       1.555373597318e-11      -1.490482082176e-14 
   32       1.462575286624e-10       3.623435333278e-15       2.627915769201e-13       0.000000000000e+00       1.411059691147e-10       1.468836389422e-11      -2.001049810070e-14 
   33       1.484498749935e-10       4.027811872262e-15       2.659367496601e-13       0.000000000000e+00       1.329175324591e-10       1.388883379053e-11      -2.367906634108e-14 
   34       1.506633032754e-10       4.450771902736e-15       2.673004079292e-13       0.000000000000e+00       1.253558610269e-10       1.315462357553e-11      -2.513192593795e-14 
   35       1.529034081787e-10       4.895146892703e-15       2.667973386204e-13       0.000000000000e+00       1.183823106312e-10       1.248149774666e-11      -2.449463945692e-14 
   36       1.551748857826e-10       5.366326936691e-15       2.644397522569e-13       0.000000000000e+00       1.119409435974e-10       1.185958353181e-11      -2.226756141368e-14 
   37       1.574773035017e-10       5.869859462775e-15       2.602831002475e-13       0.000000000000e+00       1.059479414210e-10       1.127641733667e-11      -1.905159451639e-14 
   38       1.598118990348e-10       6.407983194764e-15       2.544519638336e-13       0.000000000000e+00       1.003878470291e-10       1.073066724649e-11      -1.531541270024e-14 
   39       1.621758043999e-10       6.981994028806e-15       2.471281174966e-13       0.000000000000e+00       9.524305376183e-11       1.022233344632e-11      -1.156634604184e-14 
   40       1.645593795855e-10       7.593168751006e-15       2.385479461450e-13       0.000000000000e+00       9.046453034025e-11       9.748765355786e-12      -8.421445173419e-15 
   41       1.669511094047e-10       8.242553817743e-15       2.289367737702e-13       0.000000000000e+00       8.598891096411e-11       9.305805999109e-12      -6.454849286952e-15 
   42       1.693558000484e-10       8.930257359495e-15       2.182780222439e-13       0.000000000000e+00       8.180304676578e-11       8.892253839183e-12      -5.663847877852e-15 
   43       1.717811936968e-10       9.655920847809e-15       2.064745883363e-13       0.000000000000e+00       7.789585384018e-11       8.506446843405e-12      -5.840405897170e-15 
   44       1.742326482557e-10       1.041888951004e-14       1.934100594197e-13       0.000000000000e+00       7.423894250514e-11       8.144858306161e-12      -6.711459451410e-15 
   45       1.767132264256e-10       1.121847140220e-14       1.789534376750e-13       0.000000000000e+00       7.079676391805e-11       7.803274483532e-12      -7.972392173675e-15 
   46       1.792246530978e-10       1.205484883100e-14       1.629782551467e-13       0.000000000000e+00       6.756391409802e-11       7.481092077258e-12      -9.409313869985e-15 
   47       1.817661688904e-10       1.292840920702e-14       1.453468213882e-13       0.000000000000e+00       6.453663860658e-11       7.178056674578e-12      -1.080618123311e-14 
   48       1.843339350262e-10       1.383949010490e-14       1.259036085289e-13       0.000000000000e+00       6.170158073275e-11       6.892982126003e-12      -1.190830326596e-14 
   49       1.869207751414e-10       1.478837744993e-14       1.044742203207e-13       0.000000000000e+00       5.903506737532e-11       6.623680496248e-12      -1.242030402756e-14 
   50       1.895192286440e-10       1.577529658508e-14       8.091371473675e-14       0.000000000000e+00       5.651024088494e-11       6.367660245463e-12      -1.209841157926e-14 
   51       1.921322868674e-10       1.680038682048e-14       5.526942680660e-14       0.000000000000e+00       5.412239353324e-11       6.124606704726e-12      -1.106158371568e-14 
   52       1.947651248255e-10       1.786371684115e-14       2.766056013358e-14       0.000000000000e+00       5.186927540268e-11       5.894453813486e-12      -9.561312277912e-15 
   53       1.974219444409e-10       1.896528912546e-14      -1.766042931197e-15       0.000000000000e+00       4.974351274625e-11       5.676641643050e-12      -7.897022731196e-15 
   54       2.001058721923e-10       2.010503779674e-14      -3.283460972174e-14       0.000000000000e+00       4.773226309139e-11       5.470082499532e-12      -6.418475790834e-15 
   55       2.028190479448e-10       2.128286973999e-14      -6.538274285401e-14       0.000000000000e+00       4.582113464581e-11       5.273516706562e-12      -5.444161184206e-15 
   56       2.055631517676e-10       2.249880483524e-14      -9.940360296183e-14       0.000000000000e+00       4.400787483142e-11       5.086761108867e-12      -4.987237033525e-15 
   57       2.083388287094e-10       2.375286679812e-14      -1.349367849238e-13       0.000000000000e+00       4.229147816352e-11       4.909711350440e-12      -4.965714568661e-15 
   58       2.111454162405e-10       2.504504251418e-14      -1.720282134965e-13       0.000000000000e+00       4.066804501828e-11       4.741961061300e-12      -5.279648572223e-15 
   59       2.139808493482e-10       2.637528157620e-14      -2.107305503383e-13       0.000000000000e+00       3.913060287833e-11       4.582783142767e-12      -5.810265971853e-15 
   60       2.168415656324e-10       2.774349582141e-14      -2.511036010330e-13       0.000000000000e+00       3.766892757822e-11       4.431111052747e-12      -6.419094432501e-15 
   61       2.197240030526e-10       2.914948944771e-14      -2.932025305124e-13       0.000000000000e+00       3.627238302075e-11       4.285836284940e-12      -6.976444628660e-15 
   62       2.226297007269e-10       3.059273207898e-14      -3.370384974788e-13       0.000000000000e+00       3.493958956467e-11       4.146821172024e-12      -7.456299202358e-15 
   63       2.255611798621e-10       3.207253370887e-14      -3.826098660148e-13       0.000000000000e+00       3.367061848381e-11       4.014081242007e-12      -7.861273252450e-15 
   64       2.285204086407e-10       3.358810701437e-14      -4.299136372694e-13       0.000000000000e+00       3.246408365944e-11       3.887480574574e-12      -8.195198879999e-15 
   65       2.315087578489e-10       3.513856469040e-14      -4.789454696523e-13       0.000000000000e+00       3.131705859962e-11       3.766723118960e-12      -8.463185150626e-15 
   66       2.345269565061e-10       3.672291678437e-14      -5.296996990269e-13       0.000000000000e+00       3.022499345851e-11       3.651344011824e-12      -8.671678056867e-15 
   67       2.375750474935e-10       3.834006803079e-14      -5.821693589039e-13       0.000000000000e+00       2.918163205569e-11       3.540700895124e-12      -8.828520480518e-15 
   68       2.406528530182e-10       3.998893435432e-14      -6.363446320708e-13       0.000000000000e+00       2.818068288993e-11       3.434152622417e-12      -8.942463579845e-15 
   69       2.437615797099e-10       4.166882574951e-14      -6.922077960197e-13       0.000000000000e+00       2.722141084639e-11       3.331656833405e-12      -9.021451949984e-15 
   70       2.469024605433e-10       4.337913655076e-14      -7.497372849008e-13       0.000000000000e+00       2.630403465228e-11       3.233278423119e-12      -9.074097113329e-15 
   71       2.500762430092e-10       4.511923350373e-14      -8.089091479004e-13       0.000000000000e+00       2.542803569411e-11       3.139009047127e-12      -9.110240459352e-15 
   72       2.532831577828e-10       4.688845614769e-14      -8.696970293175e-13       0.000000000000e+00       2.459211989618e-11       3.048763231957e-12      -9.140999176905e-15 
   73       2.565228873919e-10       4.868611719787e-14      -9.320721486409e-13       0.000000000000e+00       2.379417959914e-11       2.962374485509e-12      -9.178812186512e-15 
   74       2.597945348849e-10       5.051150292787e-14      -9.960032806256e-13       0.000000000000e+00       2.303125543846e-11       2.879591407477e-12      -9.237486072669e-15 
   75       2.630965924992e-10       5.236387355199e-14      -1.061456735370e-12       0.000000000000e+00       2.229949822297e-11       2.800073799764e-12      -9.332241016143e-15 
   76       2.664275677256e-10       5.424231234258e-14      -1.128394728691e-12       0.000000000000e+00       2.159512450337e-11       2.723481308861e-12      -9.475298116107e-15 
   77       2.697880625647e-10       5.614524037188e-14      -1.196770194217e-12       0.000000000000e+00       2.091756871872e-11       2.649766612570e-12      -9.661610837196e-15 
   78       2.731790182713e-10       5.807081356460e-14      -1.266530984665e-12       0.000000000000e+00       2.026683927058e-11       2.578928879101e-12      -9.880602984093e-15 
   79       2.766010740320e-10       6.001706343725e-14      -1.337621345535e-12       0.000000000000e+00       1.964255836859e-11       2.510924018203e-12      -1.012035172425e-14 
   80       2.800545491138e-10       6.198189437872e-14      -1.409981862184e-12       0.000000000000e+00       1.904394428541e-11       2.445662689023e-12      -1.036754209278e-14 
   81       2.835394250128e-10       6.396308093084e-14      -1.483549406890e-12       0.000000000000e+00       1.846979361166e-11       2.383008307969e-12      -1.060742149733e-14 
   82       2.870553276030e-10       6.595826506891e-14      -1.558257085921e-12       0.000000000000e+00       1.791846351083e-11       2.322775056567e-12      -1.082375422298e-14 
   83       2.906015092844e-10       6.796495348228e-14      -1.634034186609e-12       0.000000000000e+00       1.738785397424e-11       2.264725889320e-12      -1.099877593709e-14 
   84       2.941772257142e-10       6.998076062773e-14      -1.710814089222e-12       0.000000000000e+00       1.687591825696e-11       2.208629954997e-12      -1.111693000405e-14 
   85       2.977829768598e-10       7.200419014254e-14      -1.788559625581e-12       0.000000000000e+00       1.638233028183e-11       2.154450161597e-12      -1.117688776419e-14 
   86       3.014194399130e-10       7.403397858947e-14      -1.867241846868e-12       0.000000000000e+00       1.590706240622e-11       2.102183197763e-12      -1.118144681452e-14 
   87       3.050870819458e-10       7.606886259208e-14      -1.946832512325e-12       0.000000000000e+00       1.544987308059e-11       2.051801905048e-12      -1.113394417183e-14 
   88       3.087861486914e-10       7.810758024590e-14      -2.027304170189e-12       0.000000000000e+00       1.501029798036e-11       2.003254284322e-12      -1.103827433738e-14 
   89       3.125166533236e-10       8.014887252962e-14      -2.108630238620e-12       0.000000000000e+00       1.458764113789e-11       1.956462502174e-12      -1.089890736165e-14 
   90       3.162783652376e-10       8.219148471629e-14      -2.190785086634e-12       0.000000000000e+00       1.418096607437e-11       1.911321897319e-12      -1.072090690902e-14 
   91       3.200707988300e-10       8.423416778452e-14      -2.273744115033e-12       0.000000000000e+00       1.378908693175e-11       1.867699987003e-12      -1.050994832251e-14 
   92       3.238932022792e-10       8.627567982964e-14      -2.357483837334e-12       0.000000000000e+00       1.341055960468e-11       1.825435473406e-12      -1.027233668847e-14 
   93       3.277448258472e-10       8.831467875062e-14      -2.441973845229e-12       0.000000000000e+00       1.304402439779e-11       1.784377548545e-12      -1.001430856356e-14 
   94       3.316257973150e-10       9.034937878304e-14      -2.527151146872e-12       0.000000000000e+00       1.268931221131e-11       1.744512729224e-12      -9.739777785312e-15 
   95       3.355363580810e-10       9.237784467746e-14      -2.612942100741e-12       0.000000000000e+00       1.234648910381e-11       1.705855349772e-12      -9.452282453634e-15 
   96       3.394765880876e-10       9.439809574073e-14      -2.699270157165e-12       0.000000000000e+00       1.201551560217e-11       1.668408528736e-12      -9.155679181647e-15 
   97       3.434463984377e-10       9.640810575479e-14      -2.786055827849e-12       0.000000000000e+00       1.169624265881e-11       1.632163728456e-12      -8.854151327349e-15 
   98       3.474455240127e-10       9.840580289536e-14      -2.873216655409e-12       0.000000000000e+00       1.138840760900e-11       1.597100314642e-12      -8.552217225275e-15 
   99       3.514735160889e-10       1.003890696508e-13      -2.960667182904e-12       0.000000000000e+00       1.109163012806e-11       1.563185115946e-12      -8.254738418160e-15 
  100       3.555297349552e-10       1.023557427406e-13      -3.048318923365e-12       0.000000000000e+00       1.080540818867e-11       1.530371983546e-12      -7.966927888601e-15 
  101       3.596133425302e-10       1.043036130346e-13      -3.136080329325e-12       0.000000000000e+00       1.052911401807e-11       1.498601350713e-12      -7.694358290724e-15 
  102       3.637232949791e-10       1.062304254713e-13      -3.223856762353e-12       0.000000000000e+00       1.026199005535e-11       1.467799792392e-12      -7.442970181837e-15 
  103       3.678583353315e-10       1.081338789767e-13      -3.311550462584e-12       0.000000000000e+00       1.000314490871e-11       1.437879584779e-12      -7.219080254102e-15 
  104       3.720172604243e-10       1.100117351356e-13      -3.399067095581e-12       0.000000000000e+00       9.751755435001e-12       1.408759143648e-12      -7.027902196188e-15 
  105       3.761997787027e-10       1.118621610981e-13      -3.486336465749e-12       0.000000000000e+00       9.507712775097e-12       1.380428432306e-12      -6.868863988778e-15 
  106       3.804057550718e-10       1.136834330591e-13      -3.573294557228e-12       0.000000000000e+00       9.271056457936e-12       1.352891609361e-12      -6.739670445337e-15 
  107       3.846349426017e-10       1.154738327424e-13      -3.659877247726e-12       0.000000000000e+00       9.041774315063e-12       1.326146730530e-12      -6.637726079750e-15 
  108       3.888869781601e-10       1.172316485147e-13      -3.746020350333e-12       0.000000000000e+00       8.819800702974e-12       1.300185537659e-12      -6.560126993263e-15 
  109       3.931613780434e-10       1.189551764995e-13      -3.831659655326e-12       0.000000000000e+00       8.605014725446e-12       1.274993247729e-12      -6.503652761415e-15 
  110       3.974575336087e-10       1.206427216907e-13      -3.916730971985e-12       0.000000000000e+00       8.397238455875e-12       1.250548341874e-12      -6.464758320980e-15 
  111       4.017747069055e-10       1.222925990669e-13      -4.001170170396e-12       0.000000000000e+00       8.196235159613e-12       1.226822354389e-12      -6.439565856898e-15 
  112       4.061120263078e-10       1.239031347045e-13      -4.084913223264e-12       0.000000000000e+00       8.001707516301e-12       1.203779661747e-12      -6.423856689219e-15 
  113       4.104684821451e-10       1.254726668923e-13      -4.167896247720e-12       0.000000000000e+00       7.813295842211e-12       1.181377271612e-12      -6.413063160034e-15 
  114       4.148429223352e-10       1.269995472448e-13      -4.250055547135e-12       0.000000000000e+00       7.630576312575e-12       1.159564611846e-12      -6.402260520416e-15 
  115       4.192340480150e-10       1.284821418164e-13      -4.331327652923e-12       0.000000000000e+00       7.453059183927e-12       1.138283319529e-12      -6.386158817355e-15 
  116       4.236405968167e-10       1.299188605620e-13      -4.411647815781e-12       0.000000000000e+00       7.280296172990e-12       1.117480527027e-12      -6.360193531476e-15 
  117       4.280619273123e-10       1.313082474034e-13      -4.490945181895e-12       0.000000000000e+00       7.112221204757e-12       1.097151003845e-12      -6.323965268158e-15 
  118       4.324974977542e-10       1.326489032560e-13      -4.569147106029e-12       0.000000000000e+00       6.948847947603e-12       1.077299766077e-12      -6.278204979511e-15 
  119       4.369466821097e-10       1.339394600112e-13      -4.646180677421e-12       0.000000000000e+00       6.790163559964e-12       1.057928947143e-12      -6.223714217616e-15 
  120       4.414087673522e-10       1.351785819004e-13      -4.721972747884e-12       0.000000000000e+00       6.636127877804e-12       1.039037706145e-12      -6.161366736317e-15 
  121       4.458829507517e-10       1.363649668602e-13      -4.796449959900e-12       0.000000000000e+00       6.486672602085e-12       1.020622136210e-12      -6.092110093021e-15 
  122       4.503683371658e-10       1.374973478961e-13      -4.869538774725e-12       0.000000000000e+00       6.341700486239e-12       1.002675172846e-12      -6.016967250498e-15 
  123       4.548639363306e-10       1.385744944475e-13      -4.941165500487e-12       0.000000000000e+00       6.201084523632e-12       9.851865022904e-13      -5.937038178677e-15 
  124       4.593686601514e-10       1.395952137521e-13      -5.011256320283e-12       0.000000000000e+00       6.064667135037e-12       9.681424698576e-13      -5.853501456443e-15 
  125       4.638813199939e-10       1.405583522101e-13      -5.079737320285e-12       0.000000000000e+00       5.932259356101e-12       9.515259882928e-13      -5.767615873440e-15 
  126       4.684006239747e-10       1.414627967489e-13      -5.146534517832e-12       0.000000000000e+00       5.803640024817e-12       9.353164461203e-13      -5.680722031861e-15 
  127       4.729251742524e-10       1.423074761876e-13      -5.211573889536e-12       0.000000000000e+00       5.678554968990e-12       9.194896159943e-13      -5.594243948255e-15 
  128       4.774534643182e-10       1.430913626012e-13      -5.274781399377e-12       0.000000000000e+00       5.556716193708e-12       9.040175630486e-13      -5.509690655320e-15 
  129       4.819840358869e-10       1.438135175252e-13      -5.336084379033e-12       0.000000000000e+00       5.437863781419e-12       8.888748680665e-13      -5.428354229659e-15 
  130       4.865159747825e-10       1.444732334011e-13      -5.395415780364e-12       0.000000000000e+00       5.321960995529e-12       8.740582635227e-13      -5.350363018870e-15 
  131       4.910484645850e-10       1.450699102979e-13      -5.452710444705e-12       0.000000000000e+00       5.209019144027e-12       8.595689884672e-13      -5.275527095902e-15 
  132       4.955806303557e-10       1.456030141328e-13      -5.507903829859e-12       0.000000000000e+00       5.099036425232e-12       8.454066207921e-13      -5.203631958092e-15 
  133       5.001115370695e-10       1.460720783558e-13      -5.560932047872e-12       0.000000000000e+00       4.991997564013e-12       8.315690307684e-13      -5.134437956699e-15 
  134       5.046401880485e-10       1.464767056354e-13      -5.611731902812e-12       0.000000000000e+00       4.887873448003e-12       8.180523345822e-13      -5.067679726437e-15 
  135       5.091655233945e-10       1.468165695439e-13      -5.660240928541e-12       0.000000000000e+00       4.786620763823e-12       8.048508478720e-13      -5.003065615007e-15 
  136       5.136864184218e-10       1.470914162424e-13      -5.706397426495e-12       0.000000000000e+00       4.688181633292e-12       7.919570392651e-13      -4.940277112632e-15 
  137       5.182016820904e-10       1.473010661667e-13      -5.750140503456e-12       0.000000000000e+00       4.592483249652e-12       7.793614839144e-13      -4.878968281590e-15 
  138       5.227100554387e-10       1.474454157121e-13      -5.791410109327e-12       0.000000000000e+00       4.499437513782e-12       7.670528170351e-13      -4.818765185743e-15 
  139       5.272102100166e-10       1.475244389192e-13      -5.830147074913e-12       0.000000000000e+00       4.408940670414e-12       7.550176874415e-13      -4.759265320075e-15 
  140       5.317007463180e-10       1.475381891587e-13      -5.866293149692e-12       0.000000000000e+00       4.320872944356e-12       7.432407110837e-13      -4.700037040224e-15 
  141       5.361801922141e-10       1.474868008171e-13      -5.899791039590e-12       0.000000000000e+00       4.235098176703e-12       7.317044245842e-13      -4.640618992012e-15 
  142       5.406470013863e-10       1.473704909820e-13      -5.930584444762e-12       0.000000000000e+00       4.151463461062e-12       7.203892387748e-13      -4.580519540981e-15 
  143       5.450995517588e-10       1.471895611273e-13      -5.958618097364e-12       0.000000000000e+00       4.069798779764e-12       7.092733922331e-13      -4.519216201926e-15 
  144       5.495362764838e-10       1.469444090395e-13      -5.983838129850e-12       0.000000000000e+00       3.989952652143e-12       6.983378844461e-13      -4.456270757387e-15 
  145       5.539560747590e-10       1.466355623639e-13      -6.006193141049e-12       0.000000000000e+00       3.911903808269e-12       6.875819215166e-13      -4.391688608393e-15 
  146       5.583579387206e-10       1.462636515848e-13      -6.025633307487e-12       0.000000000000e+00       3.835659884468e-12       6.770089119613e-13      -4.325593931385e-15 
  147       5.627408237303e-10       1.458294018100e-13      -6.042110101631e-12       0.000000000000e+00       3.761222244437e-12       6.666216061307e-13      -4.258117264006e-15 
  148       5.671036475691e-10       1.453336345155e-13      -6.055576331559e-12       0.000000000000e+00       3.688585822424e-12       6.564220783650e-13      -4.189395599514e-15 
  149       5.714452896330e-10       1.447772692893e-13      -6.065986180640e-12       0.000000000000e+00       3.617738966412e-12       6.464117091491e-13      -4.119572481191e-15 
  150       5.757645901269e-10       1.441613255755e-13      -6.073295247206e-12       0.000000000000e+00       3.548663281305e-12       6.365911672679e-13      -4.048798096760e-15 
  151       5.800603492598e-10       1.434869244189e-13      -6.077460584227e-12       0.000000000000e+00       3.481333472109e-12       6.269603919617e-13      -3.977229372792e-15 
  152       5.843313264391e-10       1.427552902087e-13      -6.078440738991e-12       0.000000000000e+00       3.415717187117e-12       6.175185750814e-13      -3.905030069121e-15 
  153       5.885762394658e-10       1.419677524232e-13      -6.076195792771e-12       0.000000000000e+00       3.351774861093e-12       6.082641432435e-13      -3.832370873256e-15 
  154       5.927937637285e-10       1.411257473734e-13      -6.070687400509e-12       0.000000000000e+00       3.289459558455e-12       5.991947399859e-13      -3.759429494793e-15 
  155       5.969825313989e-10       1.402308199476e-13      -6.061878830486e-12       0.000000000000e+00       3.228716816456e-12       5.903072079226e-13      -3.686390759826e-15 
  156       6.011411306258e-10       1.392846253557e-13      -6.049735003998e-12       0.000000000000e+00       3.169484488372e-12       5.815975708995e-13      -3.613446705360e-15 
  157       6.052681047301e-10       1.382889308728e-13      -6.034222535033e-12       0.000000000000e+00       3.111692586684e-12       5.730610161490e-13      -3.540796673725e-15 
  158       6.093619513996e-10       1.372456175840e-13      -6.015309769944e-12       0.000000000000e+00       3.055263126259e-12       5.646918764462e-13      -3.468647406983e-15 
  159       6.134211218834e-10       1.361566821282e-13      -5.992966827127e-12       0.000000000000e+00       3.000109967539e-12       5.564836122631e-13      -3.397213141345e-15 
  160       6.174440201870e-10       1.350242384425e-13      -5.967165636693e-12       0.000000000000e+00       2.946138659718e-12       5.484287939247e-13      -3.326715701582e-15 
  161       6.214291146970e-10       1.338504712188e-13      -5.937879880094e-12       0.000000000000e+00       2.893265793892e-12       5.405207277378e-13      -3.257343516051e-15 
  162       6.253752858410e-10       1.326374879878e-13      -5.905084719692e-12       0.000000000000e+00       2.841479315002e-12       5.327585334439e-13      -3.189124390530e-15 
  163       6.292815077764e-10       1.313874572268e-13      -5.868757120992e-12       0.000000000000e+00       2.790783268566e-12       5.251424837652e-13      -3.122041611497e-15 
  164       6.331467384393e-10       1.301026569807e-13      -5.828875989440e-12       0.000000000000e+00       2.741178703892e-12       5.176723906160e-13      -3.056073919761e-15 
  165       6.369699192569e-10       1.287854763844e-13      -5.785422209641e-12       0.000000000000e+00       2.692663607028e-12       5.103475948210e-13      -2.991195415884e-15 
  166       6.407499748586e-10       1.274384171839e-13      -5.738378684577e-12       0.000000000000e+00       2.645232833708e-12       5.031669558350e-13      -2.927375465583e-15 
  167       6.444858127889e-10       1.260640952592e-13      -5.687730374814e-12       0.000000000000e+00       2.598878042294e-12       4.961288414614e-13      -2.864578605145e-15 
  168       6.481763232190e-10       1.246652421459e-13      -5.633464337725e-12       0.000000000000e+00       2.553587626730e-12       4.892311175714e-13      -2.802764446838e-15 
  169       6.518203786584e-10       1.232447065573e-13      -5.575569766700e-12       0.000000000000e+00       2.509346649481e-12       4.824711378228e-13      -2.741887584323e-15 
  170       6.554168336676e-10       1.218054559063e-13      -5.514038030363e-12       0.000000000000e+00       2.466136774486e-12       4.758457333791e-13      -2.681897498061e-15 
  171       6.589645245695e-10       1.203505778279e-13      -5.448862711788e-12       0.000000000000e+00       2.423936200098e-12       4.693512026287e-13      -2.622738460729e-15 
  172       6.624622691615e-10       1.188832817004e-13      -5.380039647709e-12       0.000000000000e+00       2.382719592036e-12       4.629833009035e-13      -2.564349442628e-15 
  173       6.659088664278e-10       1.174069001681e-13      -5.307566967742e-12       0.000000000000e+00       2.342458016329e-12       4.567372301981e-13      -2.506664017093e-15 
  174       6.693030962510e-10       1.159248906632e-13      -5.231445133594e-12       0.000000000000e+00       2.303118872262e-12       4.506076288885e-13      -2.449610265909e-15 
  175       6.726437191240e-10       1.144408369275e-13      -5.151676978280e-12       0.000000000000e+00       2.264665825324e-12       4.445885614518e-13      -2.393110684716e-15 
  176       6.759294758625e-10       1.129584505348e-13      -5.068267745340e-12       0.000000000000e+00       2.227058740153e-12       4.386735081842e-13      -2.337082088426e-15 
  177       6.791590873164e-10       1.114815724127e-13      -4.981225128052e-12       0.000000000000e+00       2.190253613483e-12       4.328553549207e-13      -2.281435516627e-15 
  178       6.823312540820e-10       1.100141743647e-13      -4.890559308644e-12       0.000000000000e+00       2.154202507090e-12       4.271263827540e-13      -2.226076139001e-15 
  179       6.854446562141e-10       1.085603605922e-13      -4.796282997516e-12       0.000000000000e+00       2.118853480740e-12       4.214782577531e-13      -2.170903160731e-15 
  180       6.884980399445e-10       1.071242228841e-13      -4.698410111326e-12       0.000000000000e+00       2.084160998202e-12       4.159038527142e-13      -2.115831671450e-15 
  181       6.914904861472e-10       1.057093901351e-13      -4.596951607858e-12       0.000000000000e+00       2.050118210331e-12       4.104028958220e-13      -2.060860331801e-15 
  182       6.944211627098e-10       1.043194458588e-13      -4.491919394611e-12       0.000000000000e+00       2.016727115321e-12       4.049767522927e-13      -2.006008898043e-15 
  183       6.972892394766e-10       1.029580722782e-13      -4.383327694127e-12       0.000000000000e+00       1.983988287961e-12       3.996266291838e-13      -1.951296748346e-15 
  184       7.000938882807e-10       1.016290513090e-13      -4.271193078194e-12       0.000000000000e+00       1.951900851162e-12       3.943535718607e-13      -1.896742869023e-15 
  185       7.028342829770e-10       1.003362655423e-13      -4.155534502046e-12       0.000000000000e+00       1.920462447472e-12       3.891584604636e-13      -1.842365840762e-15 
  186       7.055095994745e-10       9.908369922787e-14      -4.036373338564e-12       0.000000000000e+00       1.889669210601e-12       3.840420063742e-13      -1.788183824867e-15 
  187       7.081190157684e-10       9.787543925707e-14      -3.913733412481e-12       0.000000000000e+00       1.859515736943e-12       3.790047486827e-13      -1.734214549485e-15 
  188       7.106617119730e-10       9.671567614600e-14      -3.787641034580e-12       0.000000000000e+00       1.829995057094e-12       3.740470506545e-13      -1.680475295845e-15 
  189       7.131368703537e-10       9.560870501849e-14      -3.658125035897e-12       0.000000000000e+00       1.801098607376e-12       3.691690961968e-13      -1.626982884489e-15 
  190       7.155436753597e-10       9.455892658911e-14      -3.525216801923e-12       0.000000000000e+00       1.772816201357e-12       3.643708863257e-13      -1.573753661512e-15 
  191       7.178813136565e-10       9.357084814626e-14      -3.388950306804e-12       0.000000000000e+00       1.745136001374e-12       3.596522356328e-13      -1.520803484789e-15 
  192       7.201489741583e-10       9.264908453522e-14      -3.249362147544e-12       0.000000000000e+00       1.718044490051e-12       3.550127687521e-13      -1.468147710216e-15 
  193       7.223458480601e-10       9.179835914113e-14      -3.106491578208e-12       0.000000000000e+00       1.691526441824e-12       3.504519168268e-13      -1.415801177941e-15 
  194       7.244711288707e-10       9.102350487210e-14      -2.960380544119e-12       0.000000000000e+00       1.665564894460e-12       3.459689139759e-13      -1.363778198596e-15 
  195       7.265240124445e-10       9.032946514223e-14      -2.811073716066e-12       0.000000000000e+00       1.640141120578e-12       3.415627937614e-13      -1.312092539539e-15 
  196       7.285036970148e-10       8.972129485464e-14      -2.658618524499e-12       0.000000000000e+00       1.615234599173e-12       3.372323856546e-13      -1.260757411080e-15 
  197       7.304093832253e-10       8.920416138451e-14      -2.503065193734e-12       0.000000000000e+00       1.590822987134e-12       3.329763115033e-13      -1.209785452720e-15 
  198       7.322402741631e-10       8.878334556217e-14      -2.344466776158e-12       0.000000000000e+00       1.566882090767e-12       3.287929819983e-13      -1.159188719386e-15 
  199       7.339955753910e-10       8.846424265608e-14      -2.182879186422e-12       0.000000000000e+00       1.543385837317e-12       3.246805931406e-13      -1.108978667661e-15 
  200       7.356744949802e-10       8.825236335592e-14      -2.018361235650e-12       0.000000000000e+00       1.520306246486e-12       3.206371227077e-13      -1.059166142023e-15 
  201       7.372763015608e-10       8.815307229646e-14      -1.850971620134e-12       0.000000000000e+00       1.497618911985e-12       3.166606540975e-13      -1.009760383280e-15 
  202       7.388005030298e-10       8.817078077102e-14      -1.680759576597e-12       0.000000000000e+00       1.475319941740e-12       3.127503809856e-13      -9.607660035672e-16 
  203       7.402466806863e-10       8.830969818130e-14      -1.507773624604e-12       0.000000000000e+00       1.453410174228e-12       3.089056677012e-13      -9.121857684755e-16 
  204       7.416144325625e-10       8.857408951957e-14      -1.332064577112e-12       0.000000000000e+00       1.431889765098e-12       3.051257257520e-13      -8.640215388744e-16 
  205       7.429033736276e-10       8.896827557605e-14      -1.153685565671e-12       0.000000000000e+00       1.410758174973e-12       3.014096112578e-13      -8.162742542587e-16 
  206       7.441131359920e-10       8.949663314620e-14      -9.726920656189e-13       0.000000000000e+00       1.390014157263e-12       2.977562223852e-13      -7.689439160930e-16 
  207       7.452433691112e-10       9.016359523809e-14      -7.891419212904e-13       0.000000000000e+00       1.369655745966e-12       2.941642967822e-13      -7.220295711558e-16 
  208       7.462937399891e-10       9.097365127975e-14      -6.030953712113e-13       0.000000000000e+00       1.349680243474e-12       2.906324090122e-13      -6.755292948841e-16 
  209       7.472639333829e-10       9.193134732645e-14      -4.146150733015e-13       0.000000000000e+00       1.330084208383e-12       2.871589679884e-13      -6.294401747180e-16 
  210       7.481536520061e-10       9.304128626813e-14      -2.237661300753e-13       0.000000000000e+00       1.310863443296e-12       2.837422144084e-13      -5.837582934449e-16 
  211       7.489626167331e-10       9.430812803665e-14      -3.061611384175e-14       0.000000000000e+00       1.292012982632e-12       2.803802181883e-13      -5.384787125444e-16 
  212       7.496905668027e-10       9.573658981320e-14       1.647649080948e-13       0.000000000000e+00       1.273527080430e-12       2.770708758974e-13      -4.935954555323e-16 
  213       7.503372600220e-10       9.733144623561e-14       3.623043482341e-13       0.000000000000e+00       1.255399198156e-12       2.738119081921e-13      -4.491014913054e-16 
  214       7.509024729707e-10       9.909752960568e-14       5.619270736791e-13       0.000000000000e+00       1.237621992509e-12       2.706008572506e-13      -4.049887174857e-16 
  215       7.513860012047e-10       1.010397300965e-13       7.635553809360e-13       0.000000000000e+00       1.220187303228e-12       2.674350842074e-13      -3.612479437654e-16 
  216       7.517876594601e-10       1.031629959599e-13       9.671089707133e-13       0.000000000000e+00       1.203086140899e-12       2.643117665872e-13      -3.178688752506e-16 
  217       7.521072818569e-10       1.054723337337e-13       1.172504922721e-12       0.000000000000e+00       1.186308674759e-12       2.612278957396e-13      -2.748400958066e-16 
  218       7.523447221035e-10       1.079728084490e-13       1.379657670472e-12       0.000000000000e+00       1.169844220503e-12       2.581802742734e-13      -2.321490514017e-16 
  219       7.524998536999e-10       1.106695438376e-13       1.588478976077e-12       0.000000000000e+00       1.153681228093e-12       2.551655134910e-13      -1.897820334520e-16 
  220       7.525725701420e-10       1.135677225392e-13       1.798877905050e-12       0.000000000000e+00       1.137807269559e-12       2.521800308225e-13      -1.477241621659e-16 
  221       7.525627851257e-10       1.166725863093e-13       2.010760801103e-12       0.000000000000e+00       1.122209026812e-12       2.492200472606e-13      -1.059593698886e-16 
  222       7.524704327503e-10       1.199894362255e-13       2.224031260946e-12       0.000000000000e+00       1.106872279442e-12       2.462815847945e-13      -6.447038444609e-17 
  223       7.522954677229e-10       1.235236328958e-13       2.438590109091e-12       0.000000000000e+00       1.091781892534e-12       2.433604638443e-13      -2.323871249046e-17 
  224       7.520378855579e-10       1.272802340600e-13       2.654340589023e-12       0.000000000000e+00       1.076924745109e-12       2.404532297571e-13       1.775040788318e-17 
  225       7.516977841975e-10       1.312628810795e-13       2.871204359744e-12       0.000000000000e+00       1.062298749911e-12       2.375600037871e-13       5.849276102456e-17 
  226       7.512753067485e-10       1.354748412476e-13       3.089106479065e-12       0.000000000000e+00       1.047904390014e-12       2.346818104738e-13       9.897945171976e-17 
  227       7.507706220924e-10       1.399193633072e-13       3.307970266976e-12       0.000000000000e+00       1.033741825146e-12       2.318196647065e-13       1.392017911428e-16 
  228       7.501839251370e-10       1.445996767944e-13       3.527717292869e-12       0.000000000000e+00       1.019810886498e-12       2.289745713710e-13       1.791513016796e-16 
  229       7.495154370679e-10       1.495189913831e-13       3.748267362753e-12       0.000000000000e+00       1.006111071532e-12       2.261475249957e-13       2.188197217520e-16 
  230       7.487654055999e-10       1.546804962287e-13       3.969538506475e-12       0.000000000000e+00       9.926415387893e-13       2.233395093984e-13       2.581990106413e-16 
  231       7.479341052290e-10       1.600873593118e-13       4.191446964939e-12       0.000000000000e+00       9.794011026957e-13       2.205514973325e-13       2.972813533126e-16 
  232       7.470218374833e-10       1.657427267827e-13       4.413907177326e-12       0.000000000000e+00       9.663882283722e-13       2.177844501333e-13       3.360591652386e-16 
  233       7.460289311750e-10       1.716497223052e-13       4.636831768315e-12       0.000000000000e+00       9.536010264416e-13       2.150393173646e-13       3.745250972234e-16 
  234       7.449557426515e-10       1.778114464003e-13       4.860131535298e-12       0.000000000000e+00       9.410372478361e-13       2.123170364651e-13       4.126720402267e-16 
  235       7.438026560473e-10       1.842309757908e-13       5.083715435603e-12       0.000000000000e+00       9.286942786057e-13       2.096185323949e-13       4.504931301871e-16 
  236       7.425700835355e-10       1.909113627446e-13       5.307490573712e-12       0.000000000000e+00       9.165691347257e-13       2.069447172815e-13       4.879817528470e-16 
  237       7.412584655790e-10       1.978556344194e-13       5.531362188483e-12       0.000000000000e+00       9.046584569044e-13       2.042964900668e-13       5.251315485756e-16 
  238       7.398682711823e-10       2.050667922059e-13       5.755233640364e-12       0.000000000000e+00       8.929585053913e-13       2.016747361530e-13       5.619364171932e-16 
  239       7.383999981432e-10       2.125478110727e-13       5.979006398617e-12       0.000000000000e+00       8.814651547846e-13       1.990803270496e-13       5.983905227954e-16 
  240       7.368541733036e-10       2.203016389094e-13       6.202580028536e-12       0.000000000000e+00       8.701738888388e-13       1.965141200191e-13       6.344882985764e-16 
  241       7.352313528019e-10       2.283311958713e-13       6.425852178667e-12       0.000000000000e+00       8.590797952732e-13       1.939769577239e-13       6.702244516534e-16 
  242       7.335321223240e-10       2.366393737230e-13       6.648718568026e-12       0.000000000000e+00       8.481775605791e-13       1.914696678728e-13       7.055939678905e-16 
  243       7.317570973550e-10       2.452290351825e-13       6.871072973319e-12       0.000000000000e+00       8.374614648279e-13       1.889930628669e-13       7.405921167223e-16 
  244       7.299069234307e-10       2.541030132651e-13       7.092807216162e-12       0.000000000000e+00       8.269253764787e-13       1.865479394465e-13       7.752144559781e-16 
  245       7.279822763889e-10       2.632641106277e-13       7.313811150300e-12       0.000000000000e+00       8.165627471863e-13       1.841350783374e-13       8.094568367058e-16 
  246       7.259838626214e-10       2.727150989123e-13       7.533972648825e-12       0.000000000000e+00       8.063666066091e-13       1.817552438972e-13       8.433154079957e-16 
  247       7.239124193251e-10       2.824587180906e-13       7.753177591400e-12       0.000000000000e+00       7.963295572166e-13       1.794091837618e-13       8.767866218045e-16 
  248       7.217687147538e-10       2.924976758074e-13       7.971309851471e-12       0.000000000000e+00       7.864437690974e-13       1.770976284919e-13       9.098672377792e-16 
  249       7.195535484694e-10       3.028346467250e-13       8.188251283493e-12       0.000000000000e+00       7.767009747670e-13       1.748212912190e-13       9.425543280810e-16 
  250       7.172677246399e-10       3.134719162477e-13       8.403888901910e-12       0.000000000000e+00       7.670940461196e-13       1.725807195025e-13       9.748448845356e-16 
  251       7.149119697029e-10       3.244102902490e-13       8.618136903935e-12       0.000000000000e+00       7.576218369253e-13       1.703758421468e-13       1.006734604985e-15 
  252       7.124870104381e-10       3.356501211376e-13       8.830915893145e-12       0.000000000000e+00       7.482846097672e-13       1.682063955387e-13       1.038219046249e-15 
  253       7.099936006921e-10       3.471916564844e-13       9.042145803078e-12       0.000000000000e+00       7.390824768942e-13       1.660720684503e-13       1.069294019542e-15 
  254       7.074325215786e-10       3.590350376867e-13       9.251745898198e-12       0.000000000000e+00       7.300153980543e-13       1.639725014027e-13       1.099955594532e-15 
  255       7.048045816781e-10       3.711802986319e-13       9.459634774874e-12       0.000000000000e+00       7.210831783279e-13       1.619072860303e-13       1.130200103405e-15 
  256       7.021106172384e-10       3.836273643616e-13       9.665730362348e-12       0.000000000000e+00       7.122854659612e-13       1.598759644442e-13       1.160024144931e-15 
  257       6.993514923740e-10       3.963760497355e-13       9.869949923710e-12       0.000000000000e+00       7.036217502001e-13       1.578780285961e-13       1.189424588525e-15 
  258       6.965280992667e-10       4.094260580951e-13       1.007221005687e-11       0.000000000000e+00       6.950913591229e-13       1.559129196421e-13       1.218398578309e-15 
  259       6.936413583648e-10       4.227769799279e-13       1.027242669553e-11       0.000000000000e+00       6.866934574743e-13       1.539800273063e-13       1.246943537182e-15 
  260       6.906922185839e-10       4.364282915313e-13       1.047051511015e-11       0.000000000000e+00       6.784270444986e-13       1.520786892450e-13       1.275057170874e-15 
  261       6.876816575063e-10       4.503793536764e-13       1.066638990895e-11       0.000000000000e+00       6.702909517731e-13       1.502081904102e-13       1.302737472016e-15 
  262       6.846106815811e-10       4.646294102718e-13       1.085996503883e-11       0.000000000000e+00       6.622838410416e-13       1.483677624132e-13       1.329982724204e-15 
  263       6.814803263245e-10       4.791775870281e-13       1.105115378640e-11       0.000000000000e+00       6.544042020478e-13       1.465565828889e-13       1.356791506056e-15 
  264       6.782916565192e-10       4.940228901210e-13       1.123986877891e-11       0.000000000000e+00       6.466503503687e-13       1.447737748593e-13       1.383162695284e-15 
  265       6.750457664151e-10       5.091642048558e-13       1.142602198523e-11       0.000000000000e+00       6.390204252481e-13       1.430184060972e-13       1.409095472750e-15 
  266       6.717437799285e-10       5.246002943314e-13       1.160952471685e-11       0.000000000000e+00       6.315123874300e-13       1.412894884901e-13       1.434589326533e-15 
  267       6.683868508428e-10       5.403297981036e-13       1.179028762882e-11       0.000000000000e+00       6.241240169919e-13       1.395859774041e-13       1.459644055993e-15 
  268       6.649761630078e-10       5.563512308496e-13       1.196822072074e-11       0.000000000000e+00       6.168529111783e-13       1.379067710475e-13       1.484259775831e-15 
  269       6.615129305404e-10       5.726629810319e-13       1.214323333773e-11       0.000000000000e+00       6.096964822343e-13       1.362507098348e-13       1.508436920158e-15 
  270       6.579983980238e-10       5.892633095619e-13       1.231523417140e-11       0.000000000000e+00       6.026519552387e-13       1.346165757501e-13       1.532176246553e-15 
  271       6.544338407083e-10       6.061503484640e-13       1.248413126082e-11       0.000000000000e+00       5.957163659378e-13       1.330030917114e-13       1.555478840128e-15 
  272       6.508205647105e-10       6.233220995396e-13       1.264983199350e-11       0.000000000000e+00       5.888865585786e-13       1.314089209341e-13       1.578346117595e-15 
  273       6.471599072140e-10       6.407764330308e-13       1.281224310635e-11       0.000000000000e+00       5.821591837420e-13       1.298326662947e-13       1.600779831322e-15 
  274       6.434532366685e-10       6.585110862847e-13       1.297127068667e-11       0.000000000000e+00       5.755306961768e-13       1.282728696950e-13       1.622782073406e-15 
  275       6.397019529909e-10       6.765236624168e-13       1.312682017311e-11       0.000000000000e+00       5.689973526326e-13       1.267280114253e-13       1.644355279728e-15 
  276       6.359074877643e-10       6.948116289755e-13       1.327879635665e-11       0.000000000000e+00       5.625552096934e-13       1.251965095287e-13       1.665502234019e-15 
  277       6.320713044383e-10       7.133723166056e-13       1.342710338156e-11       0.000000000000e+00       5.562001216114e-13       1.236767191647e-13       1.686226071928e-15 
  278       6.281948985294e-10       7.322029177123e-13       1.357164474639e-11       0.000000000000e+00       5.499277381396e-13       1.221669319728e-13       1.706530285078e-15 
  279       6.242797183312e-10       7.513003775238e-13       1.371233092398e-11       0.000000000000e+00       5.437343279298e-13       1.206657297500e-13       1.726418343133e-15 
  280       6.203269220892e-10       7.706610637789e-13       1.384910265651e-11       0.000000000000e+00       5.376193004009e-13       1.191730670727e-13       1.745892529954e-15 
  281       6.163376086355e-10       7.902810773235e-13       1.398190886925e-11       0.000000000000e+00       5.315828103042e-13       1.176892435246e-13       1.764955055059e-15 
  282       6.123128958219e-10       8.101563566760e-13       1.411069917281e-11       0.000000000000e+00       5.256249430340e-13       1.162145543434e-13       1.783608433655e-15 
  283       6.082539205983e-10       8.302826765260e-13       1.423542387583e-11       0.000000000000e+00       5.197457137287e-13       1.147492903298e-13       1.801855490116e-15 
  284       6.041618390904e-10       8.506556462333e-13       1.435603399766e-11       0.000000000000e+00       5.139450663732e-13       1.132937377546e-13       1.819699361459e-15 
  285       6.000378266772e-10       8.712707083260e-13       1.447248128101e-11       0.000000000000e+00       5.082228728996e-13       1.118481782676e-13       1.837143500819e-15 
  286       5.958830780693e-10       8.921231369995e-13       1.458471820467e-11       0.000000000000e+00       5.025789322892e-13       1.104128888047e-13       1.854191680927e-15 
  287       5.916988073868e-10       9.132080366151e-13       1.469269799614e-11       0.000000000000e+00       4.970129696741e-13       1.089881414969e-13       1.870847997588e-15 
  288       5.874862482367e-10       9.345203401985e-13       1.479637464434e-11       0.000000000000e+00       4.915246354387e-13       1.075742035779e-13       1.887116873153e-15 
  289       5.832466537916e-10       9.560548079385e-13       1.489570291228e-11       0.000000000000e+00       4.861135043213e-13       1.061713372918e-13       1.903003060002e-15 
  290       5.789812968665e-10       9.778060256857e-13       1.499063834971e-11       0.000000000000e+00       4.807790745155e-13       1.047797998021e-13       1.918511644016e-15 
  291       5.746914699976e-10       9.997684034511e-13       1.508113730584e-11       0.000000000000e+00       4.755207667721e-13       1.033998430987e-13       1.933648048054e-15 
  292       5.703784855199e-10       1.021936173905e-12       1.516715694197e-11       0.000000000000e+00       4.703379235003e-13       1.020317139067e-13       1.948418035432e-15 
  293       5.660436756447e-10       1.044303390874e-12       1.524865524420e-11       0.000000000000e+00       4.652298078695e-13       1.006756535941e-13       1.962827713398e-15 
  294       5.616883925380e-10       1.066863927844e-12       1.532559103610e-11       0.000000000000e+00       4.601956029109e-13       9.933189807993e-14       1.976883536610e-15 
  295       5.573140083980e-10       1.089611476452e-12       1.539792399137e-11       0.000000000000e+00       4.552344106191e-13       9.800067774225e-14       1.990592310609e-15 
  296       5.529219155334e-10       1.112539544992e-12       1.546561464653e-11       0.000000000000e+00       4.503452510533e-13       9.668221732634e-14       2.003961195300e-15 
  297       5.485135264408e-10       1.135641456907e-12       1.552862441360e-11       0.000000000000e+00       4.455270614394e-13       9.537673585264e-14       2.016997708428e-15 
  298       5.440902738828e-10       1.158910349295e-12       1.558691559276e-11       0.000000000000e+00       4.407786952711e-13       9.408444652481e-14       2.029709729049e-15 
  299       5.396536109658e-10       1.182339171399e-12       1.564045138505e-11       0.000000000000e+00       4.360989214120e-13       9.280555663781e-14       2.042105501017e-15 
  300       5.352050112182e-10       1.205920683113e-12       1.568919590502e-11       0.000000000000e+00       4.314864231965e-13       9.154026748591e-14       2.054193636451e-15 
  301       5.307459686677e-10       1.229647453477e-12       1.573311419341e-11       0.000000000000e+00       4.269397975320e-13       9.028877427079e-14       2.065983119216e-15 
  302       5.262779979197e-10       1.253511859177e-12       1.577217222986e-11       0.000000000000e+00       4.224575540001e-13       8.905126600955e-14       2.077483308400e-15 
  303       5.218026342349e-10       1.277506083041e-12       1.580633694554e-11       0.000000000000e+00       4.180381139584e-13       8.782792544279e-14       2.088703941788e-15 
  304       5.173214336071e-10       1.301622112543e-12       1.583557623585e-11       0.000000000000e+00       4.136798096418e-13       8.661892894264e-14       2.099655139342e-15 
  305       5.128359728415e-10       1.325851738294e-12       1.585985897310e-11       0.000000000000e+00       4.093808832643e-13       8.542444642081e-14       2.110347406676e-15 
  306       5.083478496321e-10       1.350186552550e-12       1.587915501916e-11       0.000000000000e+00       4.051394861204e-13       8.424464123666e-14       2.120791638532e-15 
  307       5.038586826398e-10       1.374617947701e-12       1.589343523819e-11       0.000000000000e+00       4.009536776871e-13       8.307967010523e-14       2.130999122256e-15 
  308       4.993701115703e-10       1.399137114778e-12       1.590267150925e-11       0.000000000000e+00       3.968214247248e-13       8.192968300530e-14       2.140981541278e-15 
  309       4.948837972518e-10       1.423735041945e-12       1.590683673901e-11       0.000000000000e+00       3.927406003793e-13       8.079482308744e-14       2.150750978585e-15 
  310       4.904014217131e-10       1.448402513001e-12       1.590590487445e-11       0.000000000000e+00       3.887089832833e-13       7.967522658206e-14       2.160319920200e-15 
  311       4.859246882614e-10       1.473130105881e-12       1.589985091547e-11       0.000000000000e+00       3.847242566581e-13       7.857102270745e-14       2.169701258658e-15 
  312       4.814552057289e-10       1.497908666136e-12       1.588865531652e-11       0.000000000000e+00       3.807844433191e-13       7.748230412067e-14       2.178905406011e-15 
  313       4.769941351175e-10       1.522730754764e-12       1.587231739087e-11       0.000000000000e+00       3.768892348443e-13       7.640903694331e-14       2.187931477660e-15 
  314       4.725425267109e-10       1.547589264627e-12       1.585084255302e-11       0.000000000000e+00       3.730387223236e-13       7.535114638132e-14       2.196775706248e-15 
  315       4.681014343630e-10       1.572476950608e-12       1.582423800392e-11       0.000000000000e+00       3.692329656539e-13       7.430854567818e-14       2.205434295178e-15 
  316       4.636719154338e-10       1.597386428691e-12       1.579251274900e-11       0.000000000000e+00       3.654719931761e-13       7.328113598675e-14       2.213903418531e-15 
  317       4.592550307248e-10       1.622310175047e-12       1.575567761624e-11       0.000000000000e+00       3.617558013125e-13       7.226880624116e-14       2.222179221001e-15 
  318       4.548518444147e-10       1.647240525111e-12       1.571374527428e-11       0.000000000000e+00       3.580843542036e-13       7.127143302863e-14       2.230257817810e-15 
  319       4.504634239945e-10       1.672169672670e-12       1.566673025043e-11       0.000000000000e+00       3.544575833459e-13       7.028888046131e-14       2.238135294641e-15 
  320       4.460908402037e-10       1.697089668941e-12       1.561464894881e-11       0.000000000000e+00       3.508753872284e-13       6.932100004819e-14       2.245807707555e-15 
  321       4.417351669653e-10       1.721992421654e-12       1.555751966836e-11       0.000000000000e+00       3.473376309707e-13       6.836763056690e-14       2.253271082922e-15 
  322       4.373974813215e-10       1.746869694138e-12       1.549536262091e-11       0.000000000000e+00       3.438441459593e-13       6.742859793558e-14       2.260521417344e-15 
  323       4.330788633694e-10       1.771713104398e-12       1.542819994931e-11       0.000000000000e+00       3.403947294856e-13       6.650371508474e-14       2.267554677579e-15 
  324       4.287803961963e-10       1.796514124200e-12       1.535605574544e-11       0.000000000000e+00       3.369891443824e-13       6.559278182912e-14       2.274366800466e-15 
  325       4.245031658156e-10       1.821264078154e-12       1.527895606828e-11       0.000000000000e+00       3.336271186618e-13       6.469558473951e-14       2.280953692850e-15 
  326       4.202482611017e-10       1.845954142794e-12       1.519692896203e-11       0.000000000000e+00       3.303083451518e-13       6.381189701465e-14       2.287311231506e-15 
  327       4.160167737263e-10       1.870575345664e-12       1.511000447411e-11       0.000000000000e+00       3.270324811340e-13       6.294147835303e-14       2.293435263068e-15 
  328       4.118097980935e-10       1.895118564397e-12       1.501821467331e-11       0.000000000000e+00       3.237991479804e-13       6.208407482481e-14       2.299321603948e-15 
  329       4.076284312753e-10       1.919574525796e-12       1.492159366777e-11       0.000000000000e+00       3.206079307911e-13       6.123941874359e-14       2.304966040262e-15 
  330       4.034737729474e-10       1.943933804921e-12       1.482017762313e-11       0.000000000000e+00       3.174583780310e-13       6.040722853836e-14       2.310364327760e-15 
  331       3.993469253246e-10       1.968186824169e-12       1.471400478053e-11       0.000000000000e+00       3.143500011672e-13       5.958720862526e-14       2.315512191743e-15 
  332       3.952489930964e-10       1.992323852355e-12       1.460311547474e-11       0.000000000000e+00       3.112822743066e-13       5.877904927949e-14       2.320405326995e-15 
  333       3.911810833624e-10       2.016335003797e-12       1.448755215218e-11       0.000000000000e+00       3.082546338324e-13       5.798242650716e-14       2.325039397704e-15 
  334       3.871443055679e-10       2.040210237395e-12       1.436735938904e-11       0.000000000000e+00       3.052664780418e-13       5.719700191712e-14       2.329410037385e-15 
  335       3.831397714397e-10       2.063939355716e-12       1.424258390928e-11       0.000000000000e+00       3.023171667832e-13       5.642242259282e-14       2.333512848811e-15 
  336       3.791685949212e-10       2.087512004077e-12       1.411327460277e-11       0.000000000000e+00       2.994060210932e-13       5.565832096419e-14       2.337343403931e-15 
  337       3.752318921084e-10       2.110917669622e-12       1.397948254333e-11       0.000000000000e+00       2.965323228340e-13       5.490431467946e-14       2.340897243800e-15 
  338       3.713307811850e-10       2.134145680411e-12       1.384126100677e-11       0.000000000000e+00       2.936953143304e-13       5.416000647701e-14       2.344169878500e-15 
  339       3.674663823582e-10       2.157185204499e-12       1.369866548901e-11       0.000000000000e+00       2.908941980073e-13       5.342498405728e-14       2.347156787068e-15 
  340       3.636398177943e-10       2.180025249018e-12       1.355175372413e-11       0.000000000000e+00       2.881281360267e-13       5.269881995453e-14       2.349853417418e-15 
  341       3.598522115540e-10       2.202654659260e-12       1.340058570241e-11       0.000000000000e+00       2.853962499249e-13       5.198107140880e-14       2.352255186269e-15 
  342       3.561046895283e-10       2.225062117760e-12       1.324522368845e-11       0.000000000000e+00       2.826976202500e-13       5.127128023767e-14       2.354357479067e-15 
  343       3.523983793735e-10       2.247236143376e-12       1.308573223920e-11       0.000000000000e+00       2.800312861986e-13       5.056897270816e-14       2.356155649910e-15 
  344       3.487344104475e-10       2.269165090375e-12       1.292217822205e-11       0.000000000000e+00       2.773962452537e-13       4.987365940858e-14       2.357645021475e-15 
  345       3.451139137444e-10       2.290837147511e-12       1.275463083290e-11       0.000000000000e+00       2.747914528211e-13       4.918483512040e-14       2.358820884941e-15 
  346       3.415380218309e-10       2.312240337111e-12       1.258316161419e-11       0.000000000000e+00       2.722158218673e-13       4.850197869004e-14       2.359678499914e-15 
  347       3.380078687814e-10       2.333362514156e-12       1.240784447303e-11       0.000000000000e+00       2.696682225564e-13       4.782455290080e-14       2.360213094352e-15 
  348       3.345245901136e-10       2.354191365361e-12       1.222875569924e-11       0.000000000000e+00       2.671474818873e-13       4.715200434466e-14       2.360419864490e-15 
  349       3.310892245598e-10       2.374715527623e-12       1.204597035565e-11       0.000000000000e+00       2.646525999618e-13       4.648387480339e-14       2.360295242522e-15 
  350       3.277024150081e-10       2.394927996496e-12       1.185955124653e-11       0.000000000000e+00       2.621834094446e-13       4.582014076020e-14       2.359840757904e-15 
  351       3.243646950129e-10       2.414822857498e-12       1.166955952637e-11       0.000000000000e+00       2.597399427850e-13       4.516088773953e-14       2.359059336296e-15 
  352       3.210765856778e-10       2.434394179702e-12       1.147605830069e-11       0.000000000000e+00       2.573222179084e-13       4.450620005184e-14       2.357954047435e-15 
  353       3.178385954951e-10       2.453636015922e-12       1.127911264056e-11       0.000000000000e+00       2.549302380664e-13       4.385616077495e-14       2.356528106312e-15 
  354       3.146512201844e-10       2.472542402892e-12       1.107878959713e-11       0.000000000000e+00       2.525639916868e-13       4.321085173549e-14       2.354784874341e-15 
  355       3.115149425321e-10       2.491107361447e-12       1.087515821608e-11       0.000000000000e+00       2.502234522235e-13       4.257035349028e-14       2.352727860525e-15 
  356       3.084302322305e-10       2.509324896710e-12       1.066828955220e-11       0.000000000000e+00       2.479085780067e-13       4.193474530770e-14       2.350360722633e-15 
  357       3.053975457167e-10       2.527188998269e-12       1.045825668384e-11       0.000000000000e+00       2.456193120930e-13       4.130410514914e-14       2.347687268364e-15 
  358       3.024173260116e-10       2.544693640362e-12       1.024513472742e-11       0.000000000000e+00       2.433555821152e-13       4.067850965039e-14       2.344711456523e-15 
  359       2.994900025595e-10       2.561832782055e-12       1.002900085197e-11       0.000000000000e+00       2.411173001325e-13       4.005803410300e-14       2.341437398186e-15 
  360       2.966159910668e-10       2.578600367431e-12       9.809934293598e-12       0.000000000000e+00       2.389043624804e-13       3.944275243573e-14       2.337869357873e-15 
  361       2.937956933412e-10       2.594990325764e-12       9.588016370010e-12       0.000000000000e+00       2.367166496209e-13       3.883273719592e-14       2.334011754720e-15 
  362       2.910294971307e-10       2.610996571705e-12       9.363330495019e-12       0.000000000000e+00       2.345540259923e-13       3.822805953089e-14       2.329869163643e-15 
  363       2.883177759632e-10       2.626613005467e-12       9.135962193044e-12       0.000000000000e+00       2.324163398595e-13       3.762878916937e-14       2.325446316517e-15 
  364       2.856608889847e-10       2.641833513000e-12       8.905999113618e-12       0.000000000000e+00       2.303034231638e-13       3.703499440284e-14       2.320748103338e-15 
  365       2.830591807994e-10       2.656651966177e-12       8.673531045893e-12       0.000000000000e+00       2.282150913731e-13       3.644674206702e-14       2.315779573398e-15 
  366       2.805129813081e-10       2.671062222977e-12       8.438649933146e-12       0.000000000000e+00       2.261511433319e-13       3.586409752316e-14       2.310545936456e-15 
  367       2.780226055476e-10       2.685058127664e-12       8.201449887282e-12       0.000000000000e+00       2.241113611111e-13       3.528712463953e-14       2.305052563904e-15 
  368       2.755883535298e-10       2.698633510972e-12       7.962027203341e-12       0.000000000000e+00       2.220955098584e-13       3.471588577280e-14       2.299304989940e-15 
  369       2.732105100807e-10       2.711782190284e-12       7.720480374006e-12       0.000000000000e+00       2.201033376481e-13       3.415044174938e-14       2.293308912740e-15 
  370       2.708893446796e-10       2.724497969816e-12       7.476910104101e-12       0.000000000000e+00       2.181345753311e-13       3.359085184692e-14       2.287070195624e-15 
  371       2.686251112980e-10       2.736774640797e-12       7.231419325104e-12       0.000000000000e+00       2.161889363851e-13       3.303717377561e-14       2.280594868228e-15 
  372       2.664180482393e-10       2.748605981655e-12       6.984113209649e-12       0.000000000000e+00       2.142661167646e-13       3.248946365966e-14       2.273889127678e-15 
  373       2.642683779770e-10       2.759985758194e-12       6.735099186029e-12       0.000000000000e+00       2.123657947506e-13       3.194777601865e-14       2.266959339754e-15 
  374       2.621763069946e-10       2.770907723779e-12       6.484486952707e-12       0.000000000000e+00       2.104876308013e-13       3.141216374895e-14       2.259812040063e-15 
  375       2.601420256242e-10       2.781365619517e-12       6.232388492815e-12       0.000000000000e+00       2.086312674014e-13       3.088267810512e-14       2.252453935213e-15 
  376       2.581657078860e-10       2.791353174438e-12       5.978918088665e-12       0.000000000000e+00       2.067963289125e-13       3.035936868128e-14       2.244891903975e-15 
  377       2.562475113271e-10       2.800864105681e-12       5.724192336250e-12       0.000000000000e+00       2.049824214234e-13       2.984228339258e-14       2.237132998461e-15 
  378       2.543875768606e-10       2.809892118671e-12       5.468330159753e-12       0.000000000000e+00       2.031891325995e-13       2.933146845653e-14       2.229184445292e-15 
  379       2.525860286050e-10       2.818430907302e-12       5.211452826048e-12       0.000000000000e+00       2.014160315332e-13       2.882696837441e-14       2.221053646765e-15 
  380       2.508429737231e-10       2.826474154123e-12       4.953683959209e-12       0.000000000000e+00       1.996626685940e-13       2.832882591271e-14       2.212748182027e-15 
  381       2.491585022610e-10       2.834015530515e-12       4.695149555013e-12       0.000000000000e+00       1.979285752784e-13       2.783708208450e-14       2.204275808244e-15 
  382       2.475326869874e-10       2.841048696874e-12       4.435977995449e-12       0.000000000000e+00       1.962132640598e-13       2.735177613084e-14       2.195644461772e-15 
  383       2.459655832326e-10       2.847567302796e-12       4.176300063216e-12       0.000000000000e+00       1.945162282390e-13       2.687294550215e-14       2.186862259326e-15 
  384       2.444572287279e-10       2.853564987256e-12       3.916248956239e-12       0.000000000000e+00       1.928369417934e-13       2.640062583966e-14       2.177937499149e-15 
  385       2.430076434440e-10       2.859035378791e-12       3.655960302162e-12       0.000000000000e+00       1.911748592281e-13       2.593485095678e-14       2.168878662188e-15 
  386       2.416168294309e-10       2.863972095681e-12       3.395572172865e-12       0.000000000000e+00       1.895294154250e-13       2.547565282049e-14       2.159694413258e-15 
  387       2.402847706567e-10       2.868368746132e-12       3.135225098960e-12       0.000000000000e+00       1.879000254933e-13       2.502306153277e-14       2.150393602214e-15 
  388       2.390114178885e-10       2.872220071015e-12       2.875050168044e-12       0.000000000000e+00       1.862861894388e-13       2.457709581187e-14       2.140983830267e-15 
  389       2.377966430424e-10       2.875525418828e-12       2.615132799036e-12       0.000000000000e+00       1.846878107947e-13       2.413773408158e-14       2.131467087424e-15 
  390       2.366402828104e-10       2.878285401076e-12       2.355547641257e-12       0.000000000000e+00       1.831048896149e-13       2.370494226407e-14       2.121843954157e-15 
  391       2.355421532917e-10       2.880500762534e-12       2.096370373344e-12       0.000000000000e+00       1.815374186648e-13       2.327868315620e-14       2.112115021555e-15 
  392       2.345020498204e-10       2.882172382343e-12       1.837677708284e-12       0.000000000000e+00       1.799853833546e-13       2.285891640347e-14       2.102280891353e-15 
  393       2.335197467921e-10       2.883301275095e-12       1.579547398443e-12       0.000000000000e+00       1.784487616722e-13       2.244559847375e-14       2.092342175963e-15 
  394       2.325949974918e-10       2.883888591925e-12       1.322058240596e-12       0.000000000000e+00       1.769275241174e-13       2.203868263123e-14       2.082299498502e-15 
  395       2.317275339204e-10       2.883935621603e-12       1.065290080963e-12       0.000000000000e+00       1.754216336346e-13       2.163811891021e-14       2.072153492821e-15 
  396       2.309170666226e-10       2.883443791625e-12       8.093238202342e-13       0.000000000000e+00       1.739310455463e-13       2.124385408896e-14       2.061904803533e-15 
  397       2.301632845135e-10       2.882414669298e-12       5.542414186057e-13       0.000000000000e+00       1.724557074868e-13       2.085583166356e-14       2.051554086049e-15 
  398       2.294658547061e-10       2.880849962838e-12       3.001259008086e-13       0.000000000000e+00       1.709955593350e-13       2.047399182178e-14       2.041102006599e-15 
  399       2.288244223387e-10       2.878751522452e-12       4.706136114014e-14       0.000000000000e+00       1.695505331483e-13       2.009827141687e-14       2.030549242268e-15 
  400       2.282386104018e-10       2.876121341437e-12      -2.048670315042e-13       0.000000000000e+00       1.681205530959e-13       1.972860394145e-14       2.019896481021e-15 
  401       2.277080195654e-10       2.872961557263e-12      -4.555730286001e-13       0.000000000000e+00       1.667055353916e-13       1.936491950134e-14       2.009144421736e-15 
  402       2.272322280062e-10       2.869274452669e-12      -7.049692969632e-13       0.000000000000e+00       1.653053882281e-13       1.900714478943e-14       1.998293774230e-15 
  403       2.268107912350e-10       2.865062456749e-12      -9.529674137179e-13       0.000000000000e+00       1.639200117093e-13       1.865520305949e-14       1.987345259293e-15 
  404       2.264432419237e-10       2.860328146044e-12      -1.199477861266e-12       0.000000000000e+00       1.625492977849e-13       1.830901410002e-14       1.976299608712e-15 
  405       2.261290897325e-10       2.855074245635e-12      -1.444410022255e-12       0.000000000000e+00       1.611931301824e-13       1.796849420815e-14       1.965157565304e-15 
  406       2.258678211374e-10       2.849303630229e-12      -1.687672174550e-12       0.000000000000e+00       1.598513843417e-13       1.763355616341e-14       1.953919882947e-15 
  407       2.256588992569e-10       2.843019325251e-12      -1.929171486196e-12       0.000000000000e+00       1.585239273477e-13       1.730410920163e-14       1.942587326603e-15 
  408       2.255017636798e-10       2.836224507936e-12      -2.168814010395e-12       0.000000000000e+00       1.572106178639e-13       1.698005898878e-14       1.931160672355e-15 
  409       2.253958302920e-10       2.828922508417e-12      -2.406504680468e-12       0.000000000000e+00       1.559113060659e-13       1.666130759479e-14       1.919640707433e-15 
  410       2.253404911039e-10       2.821116810817e-12      -2.642147304827e-12       0.000000000000e+00       1.546258335745e-13       1.634775346742e-14       1.908028230240e-15 
  411       2.253351140776e-10       2.812811054339e-12      -2.875644561943e-12       0.000000000000e+00       1.533540333893e-13       1.603929140612e-14       1.896324050389e-15 
  412       2.253790429539e-10       2.804009034355e-12      -3.106897995317e-12       0.000000000000e+00       1.520957298219e-13       1.573581253582e-14       1.884528988727e-15 
  413       2.254715970798e-10       2.794714703499e-12      -3.335808008444e-12       0.000000000000e+00       1.508507384294e-13       1.543720428085e-14       1.872643877366e-15 
  414       2.256120712357e-10       2.784932172754e-12      -3.562273859787e-12       0.000000000000e+00       1.496188659478e-13       1.514335033873e-14       1.860669559712e-15 
  415       2.257997354625e-10       2.774665712547e-12      -3.786193657742e-12       0.000000000000e+00       1.483999102251e-13       1.485413065404e-14       1.848606890495e-15 
  416       2.260338348885e-10       2.763919753834e-12      -4.007464355609e-12       0.000000000000e+00       1.471936601550e-13       1.456942139229e-14       1.836456735799e-15 
  417       2.263135895574e-10       2.752698889194e-12      -4.225981746562e-12       0.000000000000e+00       1.459998956100e-13       1.428909491369e-14       1.824219973090e-15 
  418       2.266381942547e-10       2.741007873918e-12      -4.441640458612e-12       0.000000000000e+00       1.448183873750e-13       1.401301974710e-14       1.811897491246e-15 
  419       2.270068183356e-10       2.728851627100e-12      -4.654333949584e-12       0.000000000000e+00       1.436488970804e-13       1.374106056380e-14       1.799490190589e-15 
  420       2.274186055515e-10       2.716235232727e-12      -4.863954502078e-12       0.000000000000e+00       1.424911771359e-13       1.347307815136e-14       1.786998982908e-15 
  421       2.278726738780e-10       2.703163940769e-12      -5.070393218444e-12       0.000000000000e+00       1.413449706633e-13       1.320892938749e-14       1.774424791498e-15 
  422       2.283681153413e-10       2.689643168271e-12      -5.273540015748e-12       0.000000000000e+00       1.402100114304e-13       1.294846721388e-14       1.761768551179e-15 
  423       2.289039958462e-10       2.675678500441e-12      -5.473283620740e-12       0.000000000000e+00       1.390860237839e-13       1.269154061008e-14       1.749031208334e-15 
  424       2.294793550027e-10       2.661275691742e-12      -5.669511564825e-12       0.000000000000e+00       1.379727225831e-13       1.243799456727e-14       1.736213720933e-15 
  425       2.300932059535e-10       2.646440666981e-12      -5.862110179029e-12       0.000000000000e+00       1.368698131332e-13       1.218767006220e-14       1.723317058567e-15 
  426       2.307445352012e-10       2.631179522401e-12      -6.050964588973e-12       0.000000000000e+00       1.357769911187e-13       1.194040403097e-14       1.710342202471e-15 
  427       2.314323837342e-10       2.615498744426e-12      -6.235972616534e-12       0.000000000000e+00       1.346939952702e-13       1.169606057639e-14       1.697290229063e-15 
  428       2.321560937967e-10       2.599405871868e-12      -6.417087016013e-12       0.000000000000e+00       1.336207674747e-13       1.145462581274e-14       1.684162563595e-15 
  429       2.329150701748e-10       2.582908858393e-12      -6.594274665025e-12       0.000000000000e+00       1.325572979818e-13       1.121611619636e-14       1.670960735188e-15 
  430       2.337086995368e-10       2.566015858131e-12      -6.767502791718e-12       0.000000000000e+00       1.315035731301e-13       1.098054757809e-14       1.657686294190e-15 
  431       2.345363503141e-10       2.548735226908e-12      -6.936738978876e-12       0.000000000000e+00       1.304595753153e-13       1.074793519763e-14       1.644340812266e-15 
  432       2.353973725816e-10       2.531075523482e-12      -7.101951168013e-12       0.000000000000e+00       1.294252829581e-13       1.051829367788e-14       1.630925882473e-15 
  433       2.362910979387e-10       2.513045510774e-12      -7.263107663478e-12       0.000000000000e+00       1.284006704724e-13       1.029163701931e-14       1.617443119356e-15 
  434       2.372168393894e-10       2.494654157102e-12      -7.420177136553e-12       0.000000000000e+00       1.273857082331e-13       1.006797859430e-14       1.603894159022e-15 
  435       2.381738912230e-10       2.475910637413e-12      -7.573128629555e-12       0.000000000000e+00       1.263803625442e-13       9.847331141494e-15       1.590280659229e-15 
  436       2.391615288950e-10       2.456824334519e-12      -7.721931559934e-12       0.000000000000e+00       1.253845956065e-13       9.629706760175e-15       1.576604299472e-15 
  437       2.401790089074e-10       2.437404840327e-12      -7.866555724373e-12       0.000000000000e+00       1.243983654862e-13       9.415116904601e-15       1.562866781064e-15 
  438       2.412255686895e-10       2.417661957077e-12      -8.006971302892e-12       0.000000000000e+00       1.234216260824e-13       9.203572378370e-15       1.549069827221e-15 
  439       2.423004264782e-10       2.397605698569e-12      -8.143148862944e-12       0.000000000000e+00       1.224543270951e-13       8.995083328768e-15       1.535215183146e-15 
  440       2.434027811989e-10       2.377246291403e-12      -8.275059363515e-12       0.000000000000e+00       1.214964139935e-13       8.789659241132e-15       1.521304616116e-15 
  441       2.445318123459e-10       2.356594176204e-12      -8.402674159228e-12       0.000000000000e+00       1.205478279837e-13       8.587308933196e-15       1.507339915563e-15 
  442       2.456866798632e-10       2.335660008866e-12      -8.525965004440e-12       0.000000000000e+00       1.196085059769e-13       8.388040549454e-15       1.493322893160e-15 
  443       2.468665240248e-10       2.314454661775e-12      -8.644904057342e-12       0.000000000000e+00       1.186783805572e-13       8.191861555510e-15       1.479255382904e-15 
  444       2.480704653156e-10       2.292989225048e-12      -8.759463884062e-12       0.000000000000e+00       1.177573799499e-13       7.998778732436e-15       1.465139241203e-15 
  445       2.492976043117e-10       2.271275007766e-12      -8.869617462761e-12       0.000000000000e+00       1.168454279891e-13       7.808798171124e-15       1.450976346957e-15 
  446       2.505470215612e-10       2.249323539204e-12      -8.975338187737e-12       0.000000000000e+00       1.159424440859e-13       7.621925266645e-15       1.436768601643e-15 
  447       2.518177774650e-10       2.227146570070e-12      -9.076599873522e-12       0.000000000000e+00       1.150483431965e-13       7.438164712600e-15       1.422517929402e-15 
  448       2.531089121567e-10       2.204756073732e-12      -9.173376758987e-12       0.000000000000e+00       1.141630357899e-13       7.257520495477e-15       1.408226277121e-15 
  449       2.544194453839e-10       2.182164247455e-12      -9.265643511434e-12       0.000000000000e+00       1.132864278164e-13       7.079995889007e-15       1.393895614516e-15 
  450       2.557483763886e-10       2.159383513633e-12      -9.353375230705e-12       0.000000000000e+00       1.124184206748e-13       6.905593448518e-15       1.379527934219e-15 
  451       2.570946837875e-10       2.136426521022e-12      -9.436547453276e-12       0.000000000000e+00       1.115589111812e-13       6.734315005287e-15       1.365125251862e-15 
  452       2.584573254531e-10       2.113306145977e-12      -9.515136156359e-12       0.000000000000e+00       1.107077915366e-13       6.566161660902e-15       1.350689606159e-15 
  453       2.598352383936e-10       2.090035493679e-12      -9.589117762004e-12       0.000000000000e+00       1.098649492948e-13       6.401133781610e-15       1.336223058993e-15 
  454       2.612273386343e-10       2.066627899372e-12      -9.658469141196e-12       0.000000000000e+00       1.090302673307e-13       6.239230992677e-15       1.321727695498e-15 
  455       2.626325210977e-10       2.043096929598e-12      -9.723167617958e-12       0.000000000000e+00       1.082036238080e-13       6.080452172738e-15       1.307205624145e-15 
  456       2.640496594842e-10       2.019456383424e-12      -9.783190973448e-12       0.000000000000e+00       1.073848921475e-13       5.924795448160e-15       1.292658976825e-15 
  457       2.654776061525e-10       1.995720293684e-12      -9.838517450063e-12       0.000000000000e+00       1.065739409947e-13       5.772258187386e-15       1.278089908936e-15 
  458       2.669151920008e-10       1.971902928205e-12      -9.889125755535e-12       0.000000000000e+00       1.057706341882e-13       5.622836995301e-15       1.263500599463e-15 
  459       2.683612263465e-10       1.948018791042e-12      -9.934995067036e-12       0.000000000000e+00       1.049748307275e-13       5.476527707580e-15       1.248893251064e-15 
  460       2.698144968077e-10       1.924082623715e-12      -9.976105035272e-12       0.000000000000e+00       1.041863847408e-13       5.333325385046e-15       1.234270090158e-15 
  461       2.712737691832e-10       1.900109406436e-12      -1.001243578859e-11       0.000000000000e+00       1.034051454535e-13       5.193224308023e-15       1.219633367004e-15 
  462       2.727377873333e-10       1.876114359350e-12      -1.004396793707e-11       0.000000000000e+00       1.026309571556e-13       5.056217970692e-15       1.204985355787e-15 
  463       2.742052730602e-10       1.852112943760e-12      -1.007068257664e-11       0.000000000000e+00       1.018636591701e-13       4.922299075448e-15       1.190328354704e-15 
  464       2.756749259891e-10       1.828120863366e-12      -1.009256129314e-11       0.000000000000e+00       1.011030858211e-13       4.791459527253e-15       1.175664686045e-15 
  465       2.771454234482e-10       1.804154065496e-12      -1.010958616649e-11       0.000000000000e+00       1.003490664011e-13       4.663690427989e-15       1.160996696282e-15 
  466       2.786155586978e-10       1.780227706541e-12      -1.012174781890e-11       0.000000000000e+00       9.960145374392e-14       4.538979510089e-15       1.146326526983e-15 
  467       2.800846606049e-10       1.756353010217e-12      -1.012906982776e-11       0.000000000000e+00       9.886021098607e-14       4.417303360780e-15       1.131655419538e-15 
  468       2.815521868270e-10       1.732540313711e-12      -1.013158508253e-11       0.000000000000e+00       9.812532744894e-14       4.298634944127e-15       1.116984388904e-15 
  469       2.830175866045e-10       1.708800095278e-12      -1.012932781788e-11       0.000000000000e+00       9.739679026315e-14       4.182946132794e-15       1.102314450779e-15 
  470       2.844803007175e-10       1.685142974910e-12      -1.012233362228e-11       0.000000000000e+00       9.667458435234e-14       4.070207700990e-15       1.087646621548e-15 
  471       2.859397614428e-10       1.661579714987e-12      -1.011063944648e-11       0.000000000000e+00       9.595869241697e-14       3.960389317405e-15       1.072981918250e-15 
  472       2.873953925107e-10       1.638121220951e-12      -1.009428361209e-11       0.000000000000e+00       9.524909491806e-14       3.853459538162e-15       1.058321358529e-15 
  473       2.888466090620e-10       1.614778541960e-12      -1.007330582008e-11       0.000000000000e+00       9.454577006095e-14       3.749385799752e-15       1.043665960599e-15 
  474       2.902928176047e-10       1.591562871553e-12      -1.004774715935e-11       0.000000000000e+00       9.384869377908e-14       3.648134411982e-15       1.029016743196e-15 
  475       2.917334159711e-10       1.568485548311e-12      -1.001765011525e-11       0.000000000000e+00       9.315783971776e-14       3.549670550918e-15       1.014374725539e-15 
  476       2.931677932744e-10       1.545558056522e-12      -9.983058578087e-12       0.000000000000e+00       9.247317921793e-14       3.453958251823e-15       9.997409272849e-16 
  477       2.945953298658e-10       1.522792026841e-12      -9.944017851724e-12       0.000000000000e+00       9.179468129992e-14       3.360960402107e-15       9.851163684912e-16 
  478       2.960153972915e-10       1.500199236950e-12      -9.900574662062e-12       0.000000000000e+00       9.112231264724e-14       3.270638734264e-15       9.705020695702e-16 
  479       2.974273582491e-10       1.477791612223e-12      -9.852777165598e-12       0.000000000000e+00       9.045603759032e-14       3.182953818819e-15       9.558990512479e-16 
  480       2.988305665452e-10       1.455581226390e-12      -9.800674957957e-12       0.000000000000e+00       8.979581809027e-14       3.097865057269e-15       9.413083345222e-16 
  481       3.002243670515e-10       1.433580302195e-12      -9.744319082428e-12       0.000000000000e+00       8.914161372271e-14       3.015330675026e-15       9.267309406208e-16 
  482       3.016080956623e-10       1.411801212057e-12      -9.683762038502e-12       0.000000000000e+00       8.849338166143e-14       2.935307714361e-15       9.121678909587e-16 
  483       3.029810792509e-10       1.390256478740e-12      -9.619057790403e-12       0.000000000000e+00       8.785107666227e-14       2.857752027346e-15       8.976202070967e-16 
  484       3.043426356271e-10       1.368958776006e-12      -9.550261775628e-12       0.000000000000e+00       8.721465104680e-14       2.782618268800e-15       8.830889106987e-16 
  485       3.056920734933e-10       1.347920929283e-12      -9.477430913481e-12       0.000000000000e+00       8.658405468614e-14       2.709859889226e-15       8.685750234904e-16 
  486       3.070286924021e-10       1.327155916325e-12      -9.400623613610e-12       0.000000000000e+00       8.595923498469e-14       2.639429127758e-15       8.540795672166e-16 
  487       3.083517827128e-10       1.306676867873e-12      -9.319899784541e-12       0.000000000000e+00       8.534013686392e-14       2.571277005107e-15       8.396035635991e-16 
  488       3.096606255481e-10       1.286497068320e-12      -9.235320842216e-12       0.000000000000e+00       8.472670274615e-14       2.505353316497e-15       8.251480342951e-16 
  489       3.109544927516e-10       1.266629956371e-12      -9.146949718526e-12       0.000000000000e+00       8.411887253825e-14       2.441606624612e-15       8.107140008549e-16 
  490       3.122326468441e-10       1.247089125705e-12      -9.054850869851e-12       0.000000000000e+00       8.351658361551e-14       2.379984252540e-15       7.963024846797e-16 
  491       3.134943409808e-10       1.227888325641e-12      -8.959090285592e-12       0.000000000000e+00       8.291977080530e-14       2.320432276713e-15       7.819145069797e-16 
  492       3.147388189080e-10       1.209041461792e-12      -8.859735496707e-12       0.000000000000e+00       8.232836637091e-14       2.262895519852e-15       7.675510887319e-16 
  493       3.159653149202e-10       1.190562596736e-12      -8.756855584251e-12       0.000000000000e+00       8.174229999529e-14       2.207317543911e-15       7.532132506380e-16 
  494       3.171730538167e-10       1.172465950673e-12      -8.650521187905e-12       0.000000000000e+00       8.116149876482e-14       2.153640643016e-15       7.389020130827e-16 
  495       3.183612508587e-10       1.154765902088e-12      -8.540804514520e-12       0.000000000000e+00       8.058588715308e-14       2.101805836412e-15       7.246183960909e-16 
  496       3.195291117261e-10       1.137476988413e-12      -8.427779346645e-12       0.000000000000e+00       8.001538700461e-14       2.051752861404e-15       7.103634192865e-16 
  497       3.206758324744e-10       1.120613906692e-12      -8.311521051068e-12       0.000000000000e+00       7.944991751866e-14       2.003420166302e-15       6.961381018496e-16 
  498       3.218005994917e-10       1.104191514236e-12      -8.192106587349e-12       0.000000000000e+00       7.888939523300e-14       1.956744903361e-15       6.819434624748e-16 
  499       3.229025894552e-10       1.088224829296e-12      -8.069614516360e-12       0.000000000000e+00       7.833373400766e-14       1.911662921725e-15       6.677805193291e-16 
  500       3.239809692886e-10       1.072729031713e-12      -7.944125008813e-12       0.000000000000e+00       7.778284500869e-14       1.868108760373e-15       6.536502900097e-16 
  501       3.250348961186e-10       1.057719463591e-12      -7.815719853805e-12       0.000000000000e+00       7.723663669194e-14       1.826015641056e-15       6.395537915020e-16 
  502       3.260635172318e-10       1.043211629951e-12      -7.684482467347e-12       0.000000000000e+00       7.669501478682e-14       1.785315461247e-15       6.254920401375e-16 
  503       3.270659700320e-10       1.029221199397e-12      -7.550497900904e-12       0.000000000000e+00       7.615788228007e-14       1.745938787079e-15       6.114660515518e-16 
  504       3.280413819965e-10       1.015764004778e-12      -7.413852849926e-12       0.000000000000e+00       7.562513939953e-14       1.707814846290e-15       5.974768406424e-16 
  505       3.289889976926e-10       1.002854184693e-12      -7.274632943930e-12       0.000000000000e+00       7.509669971889e-14       1.670883513194e-15       5.835254451869e-16 
  506       3.299085639377e-10       9.904985477842e-13      -7.132914513520e-12       0.000000000000e+00       7.457253901524e-14       1.635131657666e-15       5.696129975299e-16 
  507       3.307999556504e-10       9.787020473884e-13      -6.988772603005e-12       0.000000000000e+00       7.405264778709e-14       1.600557829428e-15       5.557406548785e-16 
  508       3.316630498107e-10       9.674696258019e-13      -6.842283674649e-12       0.000000000000e+00       7.353701525198e-14       1.567160359299e-15       5.419095757978e-16 
  509       3.324977254772e-10       9.568062140687e-13      -6.693525615933e-12       0.000000000000e+00       7.302562933786e-14       1.534937357770e-15       5.281209201799e-16 
  510       3.333038638033e-10       9.467167317697e-13      -6.542577746809e-12       0.000000000000e+00       7.251847667439e-14       1.503886713579e-15       5.143758492134e-16 
  511       3.340813480537e-10       9.372060868116e-13      -6.389520826967e-12       0.000000000000e+00       7.201554258432e-14       1.474006092286e-15       5.006755253517e-16 
  512       3.348300636213e-10       9.282791752162e-13      -6.234437063084e-12       0.000000000000e+00       7.151681107476e-14       1.445292934845e-15       4.870211122829e-16 
  513       3.355498980432e-10       9.199408809092e-13      -6.077410116095e-12       0.000000000000e+00       7.102226482862e-14       1.417744456182e-15       4.734137748980e-16 
  514       3.362407410178e-10       9.121960755094e-13      -5.918525108440e-12       0.000000000000e+00       7.053188519583e-14       1.391357643767e-15       4.598546792606e-16 
  515       3.369024844211e-10       9.050496181174e-13      -5.757868631334e-12       0.000000000000e+00       7.004565218476e-14       1.366129256188e-15       4.463449925756e-16 
  516       3.375350223231e-10       8.985063551053e-13      -5.595528752020e-12       0.000000000000e+00       6.956354445354e-14       1.342055821732e-15       4.328858831582e-16 
  517       3.381382510046e-10       8.925711199051e-13      -5.431595021027e-12       0.000000000000e+00       6.908553930138e-14       1.319133636950e-15       4.194785204031e-16 
  518       3.387120689737e-10       8.872487327981e-13      -5.266158479437e-12       0.000000000000e+00       6.861161265990e-14       1.297358765239e-15       4.061240747536e-16 
  519       3.392563769824e-10       8.825440007038e-13      -5.099311666134e-12       0.000000000000e+00       6.814173908450e-14       1.276727035413e-15       3.928237176703e-16 
  520       3.397710780430e-10       8.784617169688e-13      -4.931148625071e-12       0.000000000000e+00       6.767589174569e-14       1.257234040279e-15       3.795786216006e-16 
  521       3.402560774445e-10       8.750066611564e-13      -4.761764912527e-12       0.000000000000e+00       6.721404242039e-14       1.238875135211e-15       3.663899599472e-16 
  522       3.407112827697e-10       8.721835988348e-13      -4.591257604364e-12       0.000000000000e+00       6.675616148332e-14       1.221645436725e-15       3.532589070378e-16 
  523       3.411366039113e-10       8.699972813670e-13      -4.419725303288e-12       0.000000000000e+00       6.630221789829e-14       1.205539821054e-15       3.401866380933e-16 
  524       3.415319530885e-10       8.684524456992e-13      -4.247268146109e-12       0.000000000000e+00       6.585217920958e-14       1.190552922721e-15       3.271743291978e-16 
  525       3.418972448637e-10       8.675538141501e-13      -4.073987810999e-12       0.000000000000e+00       6.540601153323e-14       1.176679133114e-15       3.142231572668e-16 
  526       3.422323961590e-10       8.673060942000e-13      -3.899987524752e-12       0.000000000000e+00       6.496367954844e-14       1.163912599065e-15       3.013343000167e-16 
  527       3.425373262726e-10       8.677139782797e-13      -3.725372070041e-12       0.000000000000e+00       6.452514648884e-14       1.152247221416e-15       2.885089359336e-16 
  528       3.428119568957e-10       8.687821435596e-13      -3.550247792680e-12       0.000000000000e+00       6.409037413387e-14       1.141676653602e-15       2.757482442427e-16 
  529       3.430562121286e-10       8.705152517388e-13      -3.374722608883e-12       0.000000000000e+00       6.365932280011e-14       1.132194300219e-15       2.630534048770e-16 
  530       3.432700184977e-10       8.729179488341e-13      -3.198906012521e-12       0.000000000000e+00       6.323195133259e-14       1.123793315606e-15       2.504255984462e-16 
  531       3.434533049715e-10       8.759948649688e-13      -3.022909082383e-12       0.000000000000e+00       6.280821709617e-14       1.116466602411e-15       2.378660062062e-16 
  532       3.436060029779e-10       8.797506141622e-13      -2.846844489434e-12       0.000000000000e+00       6.238807596686e-14       1.110206810173e-15       2.253758100280e-16 
  533       3.437280464199e-10       8.841897941183e-13      -2.670826504077e-12       0.000000000000e+00       6.197148232314e-14       1.105006333890e-15       2.129561923663e-16 
  534       3.438193716930e-10       8.893169860151e-13      -2.494971003407e-12       0.000000000000e+00       6.155838903732e-14       1.100857312602e-15       2.006083362291e-16 
  535       3.438799177011e-10       8.951367542932e-13      -2.319395478475e-12       0.000000000000e+00       6.114874746686e-14       1.097751627955e-15       1.883334251466e-16 
  536       3.439096258732e-10       9.016536464455e-13      -2.144219041547e-12       0.000000000000e+00       6.074250744573e-14       1.095680902787e-15       1.761326431400e-16 
  537       3.439084401803e-10       9.088721928055e-13      -1.969562433360e-12       0.000000000000e+00       6.033961727571e-14       1.094636499692e-15       1.640071746908e-16 
  538       3.438763071515e-10       9.167969063370e-13      -1.795548030382e-12       0.000000000000e+00       5.994002371778e-14       1.094609519603e-15       1.519582047095e-16 
  539       3.438131758908e-10       9.254322824226e-13      -1.622299852075e-12       0.000000000000e+00       5.954367198340e-14       1.095590800361e-15       1.399869185052e-16 
  540       3.437189980935e-10       9.347827986533e-13      -1.449943568148e-12       0.000000000000e+00       5.915050572588e-14       1.097570915294e-15       1.280945017540e-16 
  541       3.435937280630e-10       9.448529146168e-13      -1.278606505822e-12       0.000000000000e+00       5.876046703173e-14       1.100540171786e-15       1.162821404687e-16 
  542       3.434373227271e-10       9.556470716875e-13      -1.108417657086e-12       0.000000000000e+00       5.837349641196e-14       1.104488609858e-15       1.045510209670e-16 
  543       3.432497416547e-10       9.671696928146e-13      -9.395076859579e-13       0.000000000000e+00       5.798953279344e-14       1.109406000738e-15       9.290232984153e-17 
  544       3.430310059799e-10       9.794236555508e-13      -7.719970741017e-13       0.000000000000e+00       5.760852303044e-14       1.115281373979e-15       8.133707902146e-17 
  545       3.427813768753e-10       9.924056666536e-13      -6.059601943030e-13       0.000000000000e+00       5.723045073655e-14       1.122101587791e-15       6.985557587822e-17 
  546       3.425011818870e-10       1.006110763296e-12      -4.414602899560e-13       0.000000000000e+00       5.685530820718e-14       1.129852717637e-15       5.845793887952e-17 
  547       3.421907564996e-10       1.020533827802e-12      -2.785612521829e-13       0.000000000000e+00       5.648308696436e-14       1.138520522623e-15       4.714427111159e-17 
  548       3.418504441766e-10       1.035669586821e-12      -1.173276222927e-13       0.000000000000e+00       5.611377775193e-14       1.148090443879e-15       3.591466017744e-17 
  549       3.414805964005e-10       1.051512610494e-12       4.217540576113e-14       0.000000000000e+00       5.574737053073e-14       1.158547602941e-15       2.476917809507e-17 
  550       3.410815727134e-10       1.068057311629e-12       1.998819829224e-13       0.000000000000e+00       5.538385447377e-14       1.169876800139e-15       1.370788119578e-17 
  551       3.406537407573e-10       1.085297944870e-12       3.557256025736e-13       0.000000000000e+00       5.502321796146e-14       1.182062512979e-15       2.730810022358e-18 
  552       3.401974763147e-10       1.103228605869e-12       5.096390980782e-13       0.000000000000e+00       5.466544857678e-14       1.195088894523e-15      -8.162010772669e-18 
  553       3.397131633488e-10       1.121843230454e-12       6.615546403219e-13       0.000000000000e+00       5.431053310045e-14       1.208939771780e-15      -1.897057252876e-17 
  554       3.392011940437e-10       1.141135593806e-12       8.114037352548e-13       0.000000000000e+00       5.395845750615e-14       1.223598644085e-15      -2.969488267916e-17 
  555       3.386619688454e-10       1.161099309625e-12       9.591172214331e-13       0.000000000000e+00       5.360920695571e-14       1.239048681483e-15      -4.033496485260e-17 
  556       3.380958965016e-10       1.181727829302e-12       1.104625267561e-12       0.000000000000e+00       5.326276579429e-14       1.255272723114e-15      -5.089085897510e-17 
  557       3.375033941023e-10       1.203014441094e-12       1.247857370031e-12       0.000000000000e+00       5.291911754556e-14       1.272253275595e-15      -6.136262137172e-17 
  558       3.368848871202e-10       1.224952269289e-12       1.388742350470e-12       0.000000000000e+00       5.257824490691e-14       1.289972511409e-15      -7.175032486828e-17 
  559       3.362408094513e-10       1.247534273382e-12       1.527208353275e-12       0.000000000000e+00       5.224012974464e-14       1.308412267280e-15      -8.205405889316e-17 
  560       3.355716034550e-10       1.270753247241e-12       1.663182843159e-12       0.000000000000e+00       5.190475308913e-14       1.327554042566e-15      -9.227392957903e-17 
  561       3.348777199944e-10       1.294601818286e-12       1.796592602692e-12       0.000000000000e+00       5.157209513005e-14       1.347378997635e-15      -1.024100598646e-16 
  562       3.341596184771e-10       1.319072446651e-12       1.927363729843e-12       0.000000000000e+00       5.124213521155e-14       1.367867952255e-15      -1.124625895964e-16 
  563       3.334177668954e-10       1.344157424362e-12       2.055421635521e-12       0.000000000000e+00       5.091485182743e-14       1.389001383973e-15      -1.224316756306e-16 
  564       3.326526418665e-10       1.369848874504e-12       2.180691041116e-12       0.000000000000e+00       5.059022261637e-14       1.410759426502e-15      -1.323174919344e-16 
  565       3.318647286732e-10       1.396138750396e-12       2.303095976044e-12       0.000000000000e+00       5.026822435707e-14       1.433121868103e-15      -1.421202296885e-16 
  566       3.310545213042e-10       1.423018834756e-12       2.422559775284e-12       0.000000000000e+00       4.994883296348e-14       1.456068149971e-15      -1.518400973882e-16 
  567       3.302225224942e-10       1.450480738879e-12       2.539005076926e-12       0.000000000000e+00       4.963202347998e-14       1.479577364614e-15      -1.614773209452e-16 
  568       3.293692437649e-10       1.478515901804e-12       2.652353819705e-12       0.000000000000e+00       4.931777007656e-14       1.503628254244e-15      -1.710321437900e-16 
  569       3.284952054649e-10       1.507115589484e-12       2.762527240550e-12       0.000000000000e+00       4.900604604403e-14       1.528199209152e-15      -1.805048269727e-16 
  570       3.276009368100e-10       1.536270893962e-12       2.869445872122e-12       0.000000000000e+00       4.869682378918e-14       1.553268266102e-15      -1.898956492657e-16 
  571       3.266869759243e-10       1.565972732537e-12       2.973029540358e-12       0.000000000000e+00       4.839007483000e-14       1.578813106704e-15      -1.992049072647e-16 
  572       3.257538698796e-10       1.596211846938e-12       3.073197362007e-12       0.000000000000e+00       4.808576979086e-14       1.604811055807e-15      -2.084329154908e-16 
  573       3.248021747368e-10       1.626978802494e-12       3.169867742182e-12       0.000000000000e+00       4.778387839769e-14       1.631239079877e-15      -2.175800064925e-16 
  574       3.238324555856e-10       1.658263987306e-12       3.262958371892e-12       0.000000000000e+00       4.748436947321e-14       1.658073785383e-15      -2.266465309467e-16 
  575       3.228452865849e-10       1.690057611416e-12       3.352386225588e-12       0.000000000000e+00       4.718721093205e-14       1.685291417180e-15      -2.356328577613e-16 
  576       3.218412510038e-10       1.722349705981e-12       3.438067558706e-12       0.000000000000e+00       4.689236977601e-14       1.712867856895e-15      -2.445393741766e-16 
  577       3.208209412613e-10       1.755130122443e-12       3.519917905207e-12       0.000000000000e+00       4.659981208922e-14       1.740778621308e-15      -2.533664858668e-16 
  578       3.197849589671e-10       1.788388531697e-12       3.597852075119e-12       0.000000000000e+00       4.630950303331e-14       1.768998860735e-15      -2.621146170421e-16 
  579       3.187339149620e-10       1.822114423268e-12       3.671784152077e-12       0.000000000000e+00       4.602140684266e-14       1.797503357415e-15      -2.707842105505e-16 
  580       3.176684293578e-10       1.856297104478e-12       3.741627490869e-12       0.000000000000e+00       4.573548681952e-14       1.826266523894e-15      -2.793757279791e-16 
  581       3.165891315786e-10       1.890925699616e-12       3.807294714974e-12       0.000000000000e+00       4.545170532925e-14       1.855262401406e-15      -2.878896497566e-16 
  582       3.154966604001e-10       1.925989149113e-12       3.868697714107e-12       0.000000000000e+00       4.517002379549e-14       1.884464658255e-15      -2.963264752542e-16 
  583       3.143916379536e-10       1.961476075084e-12       3.925761466884e-12       0.000000000000e+00       4.489040849525e-14       1.913850811717e-15      -3.046864979998e-16 
  584       3.132745909385e-10       1.997374375958e-12       3.978465893169e-12       0.000000000000e+00       4.461284811298e-14       1.943415012857e-15      -3.129691249429e-16 
  585       3.121460275212e-10       2.033671620080e-12       4.026805042409e-12       0.000000000000e+00       4.433733661550e-14       1.973155577901e-15      -3.211735403847e-16 
  586       3.110064632251e-10       2.070355177557e-12       4.070773365537e-12       0.000000000000e+00       4.406386748907e-14       2.003070793500e-15      -3.292989293497e-16 
  587       3.098564209618e-10       2.107412219373e-12       4.110365717384e-12       0.000000000000e+00       4.379243373662e-14       2.033158916604e-15      -3.373444776082e-16 
  588       3.086964310629e-10       2.144829716518e-12       4.145577359094e-12       0.000000000000e+00       4.352302787497e-14       2.063418174331e-15      -3.453093716987e-16 
  589       3.075270313104e-10       2.182594439111e-12       4.176403960538e-12       0.000000000000e+00       4.325564193210e-14       2.093846763843e-15      -3.531927989506e-16 
  590       3.063487669686e-10       2.220692955523e-12       4.202841602728e-12       0.000000000000e+00       4.299026744432e-14       2.124442852216e-15      -3.609939475066e-16 
  591       3.051621908149e-10       2.259111631501e-12       4.224886780235e-12       0.000000000000e+00       4.272689545356e-14       2.155204576313e-15      -3.687120063450e-16 
  592       3.039678631712e-10       2.297836629295e-12       4.242536403598e-12       0.000000000000e+00       4.246551650461e-14       2.186130042658e-15      -3.763461653027e-16 
  593       3.027663519350e-10       2.336853906776e-12       4.255787801743e-12       0.000000000000e+00       4.220612064229e-14       2.217217327305e-15      -3.838956150969e-16 
  594       3.015582326108e-10       2.376149216566e-12       4.264638724396e-12       0.000000000000e+00       4.194869740877e-14       2.248464475714e-15      -3.913595473486e-16 
  595       3.003440883412e-10       2.415708105160e-12       4.269087344497e-12       0.000000000000e+00       4.169323584073e-14       2.279869502620e-15      -3.987371546040e-16 
  596       2.991245099381e-10       2.455515912049e-12       4.269132260613e-12       0.000000000000e+00       4.143972446664e-14       2.311430391909e-15      -4.060276303581e-16 
  597       2.979000959139e-10       2.495557768842e-12       4.264772499357e-12       0.000000000000e+00       4.118815130398e-14       2.343145096486e-15      -4.132301690761e-16 
  598       2.966714525127e-10       2.535818598397e-12       4.256007517798e-12       0.000000000000e+00       4.093850385648e-14       2.375011538151e-15      -4.203439662169e-16 
  599       2.954391937419e-10       2.576283113937e-12       4.242837205877e-12       0.000000000000e+00       4.069076911135e-14       2.407027607470e-15      -4.273682182547e-16 
  600       2.942039414026e-10       2.616935818179e-12       4.225261888823e-12       0.000000000000e+00       4.044493353651e-14       2.439191163649e-15      -4.343021227023e-16 
  601       2.929663251217e-10       2.657761002456e-12       4.203282329565e-12       0.000000000000e+00       4.020098307783e-14       2.471500034401e-15      -4.411448781330e-16 
  602       2.917269823826e-10       2.698742745842e-12       4.176899731148e-12       0.000000000000e+00       3.995890315638e-14       2.503952015827e-15      -4.478956842033e-16 
  603       2.904865585565e-10       2.739864914276e-12       4.146115739148e-12       0.000000000000e+00       3.971867866561e-14       2.536544872279e-15      -4.545537416755e-16 
  604       2.892457069338e-10       2.781111159684e-12       4.110932444083e-12       0.000000000000e+00       3.948029396868e-14       2.569276336240e-15      -4.611182524400e-16 
  605       2.880050887549e-10       2.822464919105e-12       4.071352383833e-12       0.000000000000e+00       3.924373289560e-14       2.602144108193e-15      -4.675884195380e-16 
  606       2.867653732420e-10       2.863909413815e-12       4.027378546049e-12       0.000000000000e+00       3.900897874051e-14       2.635145856492e-15      -4.739634471837e-16 
  607       2.855272376298e-10       2.905427648450e-12       3.979014370572e-12       0.000000000000e+00       3.877601425892e-14       2.668279217238e-15      -4.802425407872e-16 
  608       2.842913671971e-10       2.947002410131e-12       3.926263751845e-12       0.000000000000e+00       3.854482166493e-14       2.701541794148e-15      -4.864249069765e-16 
  609       2.830584552978e-10       2.988616267586e-12       3.869131041326e-12       0.000000000000e+00       3.831538262845e-14       2.734931158429e-15      -4.925097536206e-16 
  610       2.818292033919e-10       3.030251570276e-12       3.807621049907e-12       0.000000000000e+00       3.808767827246e-14       2.768444848652e-15      -4.984962898512e-16 
  611       2.806043210774e-10       3.071890447520e-12       3.741739050324e-12       0.000000000000e+00       3.786168917027e-14       2.802080370619e-15      -5.043837260862e-16 
  612       2.793845261208e-10       3.113514807616e-12       3.671490779576e-12       0.000000000000e+00       3.763739534267e-14       2.835835197242e-15      -5.101712740511e-16 
  613       2.781705444887e-10       3.155106336965e-12       3.596882441333e-12       0.000000000000e+00       3.741477625525e-14       2.869706768410e-15      -5.158581468024e-16 
  614       2.769631103790e-10       3.196646499199e-12       3.517920708358e-12       0.000000000000e+00       3.719381081559e-14       2.903692490867e-15      -5.214435587495e-16 
  615       2.757629662519e-10       3.238116534302e-12       3.434612724914e-12       0.000000000000e+00       3.697447737051e-14       2.937789738076e-15      -5.269267256777e-16 
  616       2.745708628614e-10       3.279497457732e-12       3.346966109187e-12       0.000000000000e+00       3.675675370329e-14       2.971995850101e-15      -5.323068647701e-16 
  617       2.733875592864e-10       3.320770059549e-12       3.254988955691e-12       0.000000000000e+00       3.654061703094e-14       3.006308133472e-15      -5.375831946306e-16 
  618       2.722138229617e-10       3.361914903538e-12       3.158689837691e-12       0.000000000000e+00       3.632604400138e-14       3.040723861061e-15      -5.427549353061e-16 
  619       2.710504297095e-10       3.402912326331e-12       3.058077809610e-12       0.000000000000e+00       3.611301069072e-14       3.075240271953e-15      -5.478213083092e-16 
  620       2.698981637708e-10       3.443742436533e-12       2.953162409451e-12       0.000000000000e+00       3.590149260047e-14       3.109854571319e-15      -5.527815366405e-16 
  621       2.687578178359e-10       3.484385113845e-12       2.843953661206e-12       0.000000000000e+00       3.569146465481e-14       3.144563930289e-15      -5.576348448112e-16 
  622       2.676301128174e-10       3.524821491955e-12       2.730469542292e-12       0.000000000000e+00       3.548290484010e-14       3.179364251217e-15      -5.623806679366e-16 
  623       2.665154550395e-10       3.565038447130e-12       2.612758573061e-12       0.000000000000e+00       3.527580522286e-14       3.214246431980e-15      -5.670192843493e-16 
  624       2.654141734222e-10       3.605024213036e-12       2.490877761234e-12       0.000000000000e+00       3.507016118445e-14       3.249200013918e-15      -5.715511978496e-16 
  625       2.643265992317e-10       3.644766906083e-12       2.364885189493e-12       0.000000000000e+00       3.486596780050e-14       3.284214408008e-15      -5.759769300633e-16 
  626       2.632530660868e-10       3.684254524997e-12       2.234840020213e-12       0.000000000000e+00       3.466321983922e-14       3.319278894354e-15      -5.802970205285e-16 
  627       2.621939099651e-10       3.723474950415e-12       2.100802500183e-12       0.000000000000e+00       3.446191175978e-14       3.354382621678e-15      -5.845120267831e-16 
  628       2.611494692097e-10       3.762415944459e-12       1.962833965334e-12       0.000000000000e+00       3.426203771070e-14       3.389514606810e-15      -5.886225244521e-16 
  629       2.601200845351e-10       3.801065150324e-12       1.820996845468e-12       0.000000000000e+00       3.406359152819e-14       3.424663734175e-15      -5.926291073347e-16 
  630       2.591060990340e-10       3.839410091861e-12       1.675354668980e-12       0.000000000000e+00       3.386656673450e-14       3.459818755290e-15      -5.965323874915e-16 
  631       2.581078581835e-10       3.877438173162e-12       1.525972067586e-12       0.000000000000e+00       3.367095653631e-14       3.494968288245e-15      -6.003329953319e-16 
  632       2.571257098513e-10       3.915136678138e-12       1.372914781050e-12       0.000000000000e+00       3.347675382309e-14       3.530100817201e-15      -6.040315797012e-16 
  633       2.561600043022e-10       3.952492770109e-12       1.216249661908e-12       0.000000000000e+00       3.328395116543e-14       3.565204691876e-15      -6.076288079680e-16 
  634       2.552110942047e-10       3.989493491384e-12       1.056044680196e-12       0.000000000000e+00       3.309254081344e-14       3.600268127034e-15      -6.111253661111e-16 
  635       2.542793346368e-10       4.026125762845e-12       8.923689281764e-13       0.000000000000e+00       3.290251469510e-14       3.635279201980e-15      -6.145219588071e-16 
  636       2.533650830930e-10       4.062376383531e-12       7.252926250623e-13       0.000000000000e+00       3.271386441462e-14       3.670225860043e-15      -6.178193095174e-16 
  637       2.524686994902e-10       4.098232030220e-12       5.548871217456e-13       0.000000000000e+00       3.252658125079e-14       3.705095908073e-15      -6.210181605758e-16 
  638       2.515905461743e-10       4.133679257015e-12       3.812249055222e-13       0.000000000000e+00       3.234065615538e-14       3.739877015927e-15      -6.241192732752e-16 
  639       2.507309879262e-10       4.168704494924e-12       2.043796048186e-13       0.000000000000e+00       3.215607975146e-14       3.774556715960e-15      -6.271234279551e-16 
  640       2.498903919690e-10       4.203294051447e-12       2.442599391758e-14       0.000000000000e+00       3.197284233179e-14       3.809122402514e-15      -6.300314240890e-16 
  641       2.490691279732e-10       4.237434110158e-12      -1.585600023150e-13       0.000000000000e+00       3.179093385717e-14       3.843561331411e-15      -6.328440803714e-16 
  642       2.482675680641e-10       4.271110730289e-12      -3.445013037044e-13       0.000000000000e+00       3.161034395481e-14       3.877860619440e-15      -6.355622348051e-16 
  643       2.474860868276e-10       4.304309846310e-12      -5.333196700406e-13       0.000000000000e+00       3.143106191668e-14       3.912007243847e-15      -6.381867447885e-16 
  644       2.467250613166e-10       4.337017267518e-12      -7.249356963525e-13       0.000000000000e+00       3.125307669791e-14       3.945988041829e-15      -6.407184872028e-16 
  645       2.459848710577e-10       4.369218677617e-12      -9.192688081811e-13       0.000000000000e+00       3.107637691508e-14       3.979789710020e-15      -6.431583584991e-16 
  646       2.452658980569e-10       4.400899634303e-12      -1.116237256854e-12       0.000000000000e+00       3.090095084467e-14       4.013398803980e-15      -6.455072747860e-16 
  647       2.445685268070e-10       4.432045568845e-12      -1.315758114758e-12       0.000000000000e+00       3.072678642136e-14       4.046801737691e-15      -6.477661719165e-16 
  648       2.438931442927e-10       4.462641785673e-12      -1.517747270616e-12       0.000000000000e+00       3.055387123640e-14       4.079984783042e-15      -6.499360055751e-16 
  649       2.432401399981e-10       4.492673461956e-12      -1.722119424755e-12       0.000000000000e+00       3.038219253602e-14       4.112934069319e-15      -6.520177513657e-16 
  650       2.426099059124e-10       4.522125647189e-12      -1.928788084387e-12       0.000000000000e+00       3.021173721972e-14       4.145635582699e-15      -6.540124048981e-16 
  651       2.420028365363e-10       4.550983262777e-12      -2.137665558878e-12       0.000000000000e+00       3.004249183870e-14       4.178075165735e-15      -6.559209818756e-16 
  652       2.414193288888e-10       4.579231101615e-12      -2.348662955022e-12       0.000000000000e+00       2.987444259417e-14       4.210238516850e-15      -6.577445181823e-16 
  653       2.408597825130e-10       4.606853827676e-12      -2.561690172317e-12       0.000000000000e+00       2.970757533575e-14       4.242111189826e-15      -6.594840699702e-16 
  654       2.403245994828e-10       4.633835975590e-12      -2.776655898239e-12       0.000000000000e+00       2.954187555981e-14       4.273678593292e-15      -6.611407137464e-16 
  655       2.398141844093e-10       4.660161950230e-12      -2.993467603512e-12       0.000000000000e+00       2.937732840785e-14       4.304925990218e-15      -6.627155464605e-16 
  656       2.393289444469e-10       4.685816026295e-12      -3.212031537386e-12       0.000000000000e+00       2.921391866485e-14       4.335838497400e-15      -6.642096855915e-16 
  657       2.388692892999e-10       4.710782347895e-12      -3.432252722908e-12       0.000000000000e+00       2.905163075763e-14       4.366401084955e-15      -6.656242692355e-16 
  658       2.384356312288e-10       4.735044928131e-12      -3.654034952200e-12       0.000000000000e+00       2.889044875322e-14       4.396598575808e-15      -6.669604561926e-16 
  659       2.380283850566e-10       4.758587648681e-12      -3.877280781726e-12       0.000000000000e+00       2.873035635723e-14       4.426415645183e-15      -6.682194260544e-16 
  660       2.376479681751e-10       4.781394259384e-12      -4.101891527571e-12       0.000000000000e+00       2.857133691220e-14       4.455836820092e-15      -6.694023792909e-16 
  661       2.372947207552e-10       4.803450640294e-12      -4.327770492031e-12       0.000000000000e+00       2.841337573766e-14       4.484849237754e-15      -6.705103135406e-16 
  662       2.369686644319e-10       4.824751643457e-12      -4.554832731044e-12       0.000000000000e+00       2.825646721029e-14       4.513450988648e-15      -6.715433468875e-16 
  663       2.366697383101e-10       4.845294401183e-12      -4.782995492802e-12       0.000000000000e+00       2.810060783668e-14       4.541642956429e-15      -6.725013798339e-16 
  664       2.363978782640e-10       4.865076077440e-12      -5.012175002099e-12       0.000000000000e+00       2.794579392473e-14       4.569426075906e-15      -6.733843177721e-16 
  665       2.361530169213e-10       4.884093868058e-12      -5.242286456497e-12       0.000000000000e+00       2.779202158269e-14       4.596801333289e-15      -6.741920710099e-16 
  666       2.359350836479e-10       4.902345000932e-12      -5.473244022478e-12       0.000000000000e+00       2.763928671814e-14       4.623769766435e-15      -6.749245547975e-16 
  667       2.357440045321e-10       4.919826736223e-12      -5.704960831613e-12       0.000000000000e+00       2.748758503700e-14       4.650332465096e-15      -6.755816893522e-16 
  668       2.355797023693e-10       4.936536366568e-12      -5.937348976715e-12       0.000000000000e+00       2.733691204256e-14       4.676490571161e-15      -6.761633998852e-16 
  669       2.354420966466e-10       4.952471217280e-12      -6.170319508003e-12       0.000000000000e+00       2.718726303446e-14       4.702245278912e-15      -6.766696166268e-16 
  670       2.353311035268e-10       4.967628646550e-12      -6.403782429257e-12       0.000000000000e+00       2.703863310769e-14       4.727597835259e-15      -6.771002748527e-16 
  671       2.352466358333e-10       4.982006045657e-12      -6.637646693987e-12       0.000000000000e+00       2.689101715161e-14       4.752549539997e-15      -6.774553149096e-16 
  672       2.351886030346e-10       4.995600839166e-12      -6.871820201581e-12       0.000000000000e+00       2.674440984895e-14       4.777101746044e-15      -6.777346822412e-16 
  673       2.351569112285e-10       5.008410485136e-12      -7.106209793476e-12       0.000000000000e+00       2.659880567482e-14       4.801255859696e-15      -6.779383274141e-16 
  674       2.351514631267e-10       5.020432475321e-12      -7.340721249312e-12       0.000000000000e+00       2.645419889570e-14       4.825013340866e-15      -6.780662061434e-16 
  675       2.351721580394e-10       5.031664335375e-12      -7.575259283091e-12       0.000000000000e+00       2.631058356847e-14       4.848375703336e-15      -6.781182793191e-16 
  676       2.352188918596e-10       5.042103625058e-12      -7.809727539342e-12       0.000000000000e+00       2.616795353936e-14       4.871344515000e-15      -6.780945130312e-16 
  677       2.352915570478e-10       5.051747938435e-12      -8.044028589276e-12       0.000000000000e+00       2.602630244305e-14       4.893921398113e-15      -6.779948785962e-16 
  678       2.353900426161e-10       5.060594904086e-12      -8.278063926949e-12       0.000000000000e+00       2.588562370157e-14       4.916108029538e-15      -6.778193525828e-16 
  679       2.355142341132e-10       5.068642185304e-12      -8.511733965422e-12       0.000000000000e+00       2.574591052339e-14       4.937906140991e-15      -6.775679168377e-16 
  680       2.356640136083e-10       5.075887480304e-12      -8.744938032916e-12       0.000000000000e+00       2.560715590235e-14       4.959317519286e-15      -6.772405585112e-16 
  681       2.358392596763e-10       5.082328522425e-12      -8.977574368981e-12       0.000000000000e+00       2.546935261674e-14       4.980344006587e-15      -6.768372700838e-16 
  682       2.360398473813e-10       5.087963080330e-12      -9.209540120647e-12       0.000000000000e+00       2.533249322824e-14       5.000987500649e-15      -6.763580493912e-16 
  683       2.362656482622e-10       5.092788958218e-12      -9.440731338589e-12       0.000000000000e+00       2.519657008096e-14       5.021249955069e-15      -6.758028996508e-16 
  684       2.365165303163e-10       5.096803996021e-12      -9.671042973286e-12       0.000000000000e+00       2.506157530046e-14       5.041133379530e-15      -6.751718294873e-16 
  685       2.367923579842e-10       5.100006069610e-12      -9.900368871180e-12       0.000000000000e+00       2.492750079269e-14       5.060639840047e-15      -6.744648529585e-16 
  686       2.370929921341e-10       5.102393091000e-12      -1.012860177084e-11       0.000000000000e+00       2.479433824308e-14       5.079771459217e-15      -6.736819895812e-16 
  687       2.374182900464e-10       5.103963008555e-12      -1.035563329911e-11       0.000000000000e+00       2.466207911546e-14       5.098530416464e-15      -6.728232643575e-16 
  688       2.377681053982e-10       5.104713807186e-12      -1.058135396728e-11       0.000000000000e+00       2.453071465114e-14       5.116918948282e-15      -6.718887077999e-16 
  689       2.381422882478e-10       5.104643508564e-12      -1.080565316726e-11       0.000000000000e+00       2.440023586787e-14       5.134939348488e-15      -6.708783559576e-16 
  690       2.385406850188e-10       5.103750171314e-12      -1.102841916769e-11       0.000000000000e+00       2.427063355885e-14       5.152593968465e-15      -6.697922504425e-16 
  691       2.389631384852e-10       5.102031891227e-12      -1.124953911017e-11       0.000000000000e+00       2.414189829174e-14       5.169885217408e-15      -6.686304384548e-16 
  692       2.394094877554e-10       5.099486801460e-12      -1.146889900537e-11       0.000000000000e+00       2.401402040768e-14       5.186815562573e-15      -6.673929728088e-16 
  693       2.398795682568e-10       5.096113072741e-12      -1.168638372918e-11       0.000000000000e+00       2.388699002027e-14       5.203387529522e-15      -6.660799119592e-16 
  694       2.403732117206e-10       5.091908913573e-12      -1.190187701892e-11       0.000000000000e+00       2.376079701458e-14       5.219603702369e-15      -6.646913200264e-16 
  695       2.408902461656e-10       5.086872570435e-12      -1.211526146948e-11       0.000000000000e+00       2.363543104616e-14       5.235466724031e-15      -6.632272668227e-16 
  696       2.414304958833e-10       5.081002327992e-12      -1.232641852944e-11       0.000000000000e+00       2.351088154007e-14       5.250979296467e-15      -6.616878278783e-16 
  697       2.419937814222e-10       5.074296509293e-12      -1.253522849729e-11       0.000000000000e+00       2.338713768982e-14       5.266144180933e-15      -6.600730844666e-16 
  698       2.425799195723e-10       5.066753475979e-12      -1.274157051755e-11       0.000000000000e+00       2.326418845645e-14       5.280964198222e-15      -6.583831236308e-16 
  699       2.431887233492e-10       5.058371628483e-12      -1.294532257696e-11       0.000000000000e+00       2.314202256747e-14       5.295442228913e-15      -6.566180382092e-16 
  700       2.438199704771e-10       5.049151048458e-12      -1.314637318241e-11       0.000000000000e+00       2.302063005324e-14       5.309580587994e-15      -6.547780374056e-16 
  701       2.444733081462e-10       5.039098463178e-12      -1.334465666957e-11       0.000000000000e+00       2.290000689301e-14       5.323379133925e-15      -6.528637809753e-16 
  702       2.451483462407e-10       5.028222384949e-12      -1.354011862216e-11       0.000000000000e+00       2.278015046369e-14       5.336837120671e-15      -6.508760520513e-16 
  703       2.458446886372e-10       5.016531478858e-12      -1.373270425580e-11       0.000000000000e+00       2.266105801061e-14       5.349953819857e-15      -6.488156472836e-16 
  704       2.465619331825e-10       5.004034563380e-12      -1.392235841700e-11       0.000000000000e+00       2.254272664699e-14       5.362728520859e-15      -6.466833768919e-16 
  705       2.472996716694e-10       4.990740610981e-12      -1.410902558217e-11       0.000000000000e+00       2.242515335325e-14       5.375160530900e-15      -6.444800647182e-16 
  706       2.480574898142e-10       4.976658748726e-12      -1.429264985666e-11       0.000000000000e+00       2.230833497639e-14       5.387249175142e-15      -6.422065482803e-16 
  707       2.488349672332e-10       4.961798258885e-12      -1.447317497378e-11       0.000000000000e+00       2.219226822944e-14       5.398993796779e-15      -6.398636788241e-16 
  708       2.496316774195e-10       4.946168579535e-12      -1.465054429378e-11       0.000000000000e+00       2.207694969075e-14       5.410393757132e-15      -6.374523213771e-16 
  709       2.504471877197e-10       4.929779305169e-12      -1.482470080292e-11       0.000000000000e+00       2.196237580345e-14       5.421448435744e-15      -6.349733548005e-16 
  710       2.512810593107e-10       4.912640187300e-12      -1.499558711242e-11       0.000000000000e+00       2.184854287477e-14       5.432157230471e-15      -6.324276718431e-16 
  711       2.521328471767e-10       4.894761135067e-12      -1.516314545755e-11       0.000000000000e+00       2.173544707546e-14       5.442519557577e-15      -6.298161791932e-16 
  712       2.530021000856e-10       4.876152215838e-12      -1.532731769660e-11       0.000000000000e+00       2.162308443916e-14       5.452534851825e-15      -6.271397975323e-16 
  713       2.538883605661e-10       4.856823655821e-12      -1.548804530988e-11       0.000000000000e+00       2.151145086177e-14       5.462202566576e-15      -6.243994615874e-16 
  714       2.547911648843e-10       4.836785840665e-12      -1.564526939881e-11       0.000000000000e+00       2.140054210084e-14       5.471522173878e-15      -6.215961201844e-16 
  715       2.557100430205e-10       4.816049316066e-12      -1.579893068487e-11       0.000000000000e+00       2.129035377496e-14       5.480493164561e-15      -6.187307363004e-16 
  716       2.566445186461e-10       4.794624788374e-12      -1.594896950862e-11       0.000000000000e+00       2.118088136311e-14       5.489115048332e-15      -6.158042871174e-16 
  717       2.575941091001e-10       4.772523125199e-12      -1.609532582877e-11       0.000000000000e+00       2.107212020407e-14       5.497387353867e-15      -6.128177640745e-16 
  718       2.585583253663e-10       4.749755356013e-12      -1.623793922113e-11       0.000000000000e+00       2.096406549580e-14       5.505309628905e-15      -6.097721729209e-16 
  719       2.595366720496e-10       4.726332672759e-12      -1.637674887767e-11       0.000000000000e+00       2.085671229482e-14       5.512881440340e-15      -6.066685337692e-16 
  720       2.605286473531e-10       4.702266430456e-12      -1.651169360554e-11       0.000000000000e+00       2.075005551555e-14       5.520102374320e-15      -6.035078811480e-16 
  721       2.615337430549e-10       4.677568147804e-12      -1.664271182605e-11       0.000000000000e+00       2.064408992975e-14       5.526972036334e-15      -6.002912640548e-16 
  722       2.625514444844e-10       4.652249507789e-12      -1.676974157370e-11       0.000000000000e+00       2.053881016587e-14       5.533490051310e-15      -5.970197460088e-16 
  723       2.635812304999e-10       4.626322358288e-12      -1.689272049524e-11       0.000000000000e+00       2.043421070844e-14       5.539656063707e-15      -5.936944051042e-16 
  724       2.646225734646e-10       4.599798712677e-12      -1.701158584863e-11       0.000000000000e+00       2.033028589743e-14       5.545469737610e-15      -5.903163340626e-16 
  725       2.656749392237e-10       4.572690750435e-12      -1.712627450207e-11       0.000000000000e+00       2.022702992766e-14       5.550930756820e-15      -5.868866402862e-16 
  726       2.667377870814e-10       4.545010817748e-12      -1.723672293303e-11       0.000000000000e+00       2.012443684817e-14       5.556038824953e-15      -5.834064459108e-16 
  727       2.678105697771e-10       4.516771428118e-12      -1.734286722729e-11       0.000000000000e+00       2.002250056160e-14       5.560793665530e-15      -5.798768878581e-16 
  728       2.688927334628e-10       4.487985262966e-12      -1.744464307788e-11       0.000000000000e+00       1.992121482354e-14       5.565195022070e-15      -5.762991178895e-16 
  729       2.699837176795e-10       4.458665172237e-12      -1.754198578419e-11       0.000000000000e+00       1.982057324199e-14       5.569242658187e-15      -5.726743026583e-16 
  730       2.710829553339e-10       4.428824175008e-12      -1.763483025091e-11       0.000000000000e+00       1.972056927664e-14       5.572936357681e-15      -5.690036237627e-16 
  731       2.721898726756e-10       4.398475460091e-12      -1.772311098709e-11       0.000000000000e+00       1.962119623834e-14       5.576275924634e-15      -5.652882777990e-16 
  732       2.733038892736e-10       4.367632386641e-12      -1.780676210516e-11       0.000000000000e+00       1.952244728843e-14       5.579261183499e-15      -5.615294764143e-16 
  733       2.744244179928e-10       4.336308484760e-12      -1.788571731990e-11       0.000000000000e+00       1.942431543811e-14       5.581891979199e-15      -5.577284463592e-16 
  734       2.755508649715e-10       4.304517456101e-12      -1.795990994752e-11       0.000000000000e+00       1.932679354788e-14       5.584168177218e-15      -5.538864295413e-16 
  735       2.766826295973e-10       4.272273174477e-12      -1.802927290462e-11       0.000000000000e+00       1.922987432687e-14       5.586089663695e-15      -5.500046830772e-16 
  736       2.778191044848e-10       4.239589686466e-12      -1.809373870726e-11       0.000000000000e+00       1.913355033222e-14       5.587656345517e-15      -5.460844793463e-16 
  737       2.789596754515e-10       4.206481212011e-12      -1.815323946992e-11       0.000000000000e+00       1.903781396850e-14       5.588868150413e-15      -5.421271060432e-16 
  738       2.801037214952e-10       4.172962145034e-12      -1.820770690457e-11       0.000000000000e+00       1.894265748705e-14       5.589725027050e-15      -5.381338662305e-16 
  739       2.812506452692e-10       4.139047025520e-12      -1.825708520002e-11       0.000000000000e+00       1.884807401280e-14       5.590227195917e-15      -5.341059455590e-16 
  740       2.823999652160e-10       4.104750453968e-12      -1.830136994097e-11       0.000000000000e+00       1.875406064814e-14       5.590375907235e-15      -5.300440109445e-16 
  741       2.835512252063e-10       4.070087176449e-12      -1.834056995519e-11       0.000000000000e+00       1.866061542910e-14       5.590172698193e-15      -5.259486040744e-16 
  742       2.847039641881e-10       4.035072113573e-12      -1.837469450453e-11       0.000000000000e+00       1.856773630304e-14       5.589619143657e-15      -5.218202735474e-16 
  743       2.858577161705e-10       3.999720361085e-12      -1.840375328680e-11       0.000000000000e+00       1.847542112830e-14       5.588716856321e-15      -5.176595748969e-16 
  744       2.870120102072e-10       3.964047190464e-12      -1.842775643762e-11       0.000000000000e+00       1.838366767380e-14       5.587467486851e-15      -5.134670706149e-16 
  745       2.881663703795e-10       3.928068049522e-12      -1.844671453221e-11       0.000000000000e+00       1.829247361861e-14       5.585872724037e-15      -5.092433301760e-16 
  746       2.893203157805e-10       3.891798563006e-12      -1.846063858727e-11       0.000000000000e+00       1.820183655160e-14       5.583934294942e-15      -5.049889300606e-16 
  747       2.904733604979e-10       3.855254533194e-12      -1.846954006286e-11       0.000000000000e+00       1.811175397105e-14       5.581653965049e-15      -5.007044537792e-16 
  748       2.916250135979e-10       3.818451940497e-12      -1.847343086415e-11       0.000000000000e+00       1.802222328419e-14       5.579033538411e-15      -4.963904918958e-16 
  749       2.927747791083e-10       3.781406944055e-12      -1.847232334334e-11       0.000000000000e+00       1.793324180690e-14       5.576074857797e-15      -4.920476420516e-16 
  750       2.939221560024e-10       3.744135882339e-12      -1.846623030149e-11       0.000000000000e+00       1.784480676323e-14       5.572779804845e-15      -4.876765089892e-16 
  751       2.950666381822e-10       3.706655273750e-12      -1.845516499033e-11       0.000000000000e+00       1.775691528507e-14       5.569150300207e-15      -4.832777045760e-16 
  752       2.962077144618e-10       3.668981817218e-12      -1.843914111414e-11       0.000000000000e+00       1.766956441171e-14       5.565188303700e-15      -4.788518478277e-16 
  753       2.973448685511e-10       3.631132392800e-12      -1.841817283157e-11       0.000000000000e+00       1.758275108948e-14       5.560895814452e-15      -4.743995649328e-16 
  754       2.984775790391e-10       3.593124062279e-12      -1.839227475749e-11       0.000000000000e+00       1.749647217135e-14       5.556274871053e-15      -4.699214892755e-16 
  755       2.996053193774e-10       3.554974069768e-12      -1.836146196486e-11       0.000000000000e+00       1.741072441652e-14       5.551327551706e-15      -4.654182614602e-16 
  756       3.007275578638e-10       3.516699842303e-12      -1.832574998650e-11       0.000000000000e+00       1.732550449002e-14       5.546055974368e-15      -4.608905293346e-16 
  757       3.018437576255e-10       3.478318990446e-12      -1.828515481702e-11       0.000000000000e+00       1.724080896236e-14       5.540462296906e-15      -4.563389480139e-16 
  758       3.029533766029e-10       3.439849308882e-12      -1.823969291462e-11       0.000000000000e+00       1.715663430909e-14       5.534548717243e-15      -4.517641799044e-16 
  759       3.040558675327e-10       3.401308777022e-12      -1.818938120292e-11       0.000000000000e+00       1.707297691042e-14       5.528317473506e-15      -4.471668947273e-16 
  760       3.051506779318e-10       3.362715559598e-12      -1.813423707283e-11       0.000000000000e+00       1.698983305086e-14       5.521770844176e-15      -4.425477695423e-16 
  761       3.062372500803e-10       3.324088007265e-12      -1.807427838437e-11       0.000000000000e+00       1.690719891875e-14       5.514911148235e-15      -4.379074887714e-16 
  762       3.073150210054e-10       3.285444657198e-12      -1.800952346856e-11       0.000000000000e+00       1.682507060596e-14       5.507740745318e-15      -4.332467442229e-16 
  763       3.083834224646e-10       3.246804233694e-12      -1.793999112920e-11       0.000000000000e+00       1.674344410741e-14       5.500262035857e-15      -4.285662351148e-16 
  764       3.094418809290e-10       3.208185648770e-12      -1.786570064474e-11       0.000000000000e+00       1.666231532074e-14       5.492477461233e-15      -4.238666680986e-16 
  765       3.104898175675e-10       3.169608002760e-12      -1.778667177014e-11       0.000000000000e+00       1.658168004588e-14       5.484389503925e-15      -4.191487572834e-16 
  766       3.115266482294e-10       3.131090584919e-12      -1.770292473871e-11       0.000000000000e+00       1.650153398467e-14       5.476000687655e-15      -4.144132242592e-16 
  767       3.125517834284e-10       3.092652874019e-12      -1.761448026391e-11       0.000000000000e+00       1.642187274047e-14       5.467313577540e-15      -4.096607981209e-16 
  768       3.135646283257e-10       3.054314538948e-12      -1.752135954125e-11       0.000000000000e+00       1.634269181773e-14       5.458330780242e-15      -4.048922154920e-16 
  769       3.145645827141e-10       3.016095439310e-12      -1.742358425010e-11       0.000000000000e+00       1.626398662168e-14       5.449054944111e-15      -4.001082205484e-16 
  770       3.155510410006e-10       2.978015626027e-12      -1.732117655553e-11       0.000000000000e+00       1.618575245783e-14       5.439488759340e-15      -3.953095650420e-16 
  771       3.165233921906e-10       2.940095341933e-12      -1.721415911020e-11       0.000000000000e+00       1.610798453165e-14       5.429634958108e-15      -3.904970083246e-16 
  772       3.174810198711e-10       2.902355022377e-12      -1.710255505612e-11       0.000000000000e+00       1.603067794816e-14       5.419496314734e-15      -3.856713173715e-16 
  773       3.184233021939e-10       2.864815295821e-12      -1.698638802657e-11       0.000000000000e+00       1.595382771152e-14       5.409075645823e-15      -3.808332668054e-16 
  774       3.193496118596e-10       2.827496984440e-12      -1.686568214792e-11       0.000000000000e+00       1.587742872466e-14       5.398375810412e-15      -3.759836389201e-16 
  775       3.202593161008e-10       2.790421104721e-12      -1.674046204144e-11       0.000000000000e+00       1.580147578886e-14       5.387399710126e-15      -3.711232237043e-16 
  776       3.211517766652e-10       2.753608868061e-12      -1.661075282519e-11       0.000000000000e+00       1.572596360336e-14       5.376150289317e-15      -3.662528188652e-16 
  777       3.220263498000e-10       2.717081681369e-12      -1.647658011585e-11       0.000000000000e+00       1.565088676501e-14       5.364630535223e-15      -3.613732298524e-16 
  778       3.228824556864e-10       2.680859421252e-12      -1.633797642224e-11       0.000000000000e+00       1.557624046550e-14       5.352843118485e-15      -3.564852133786e-16 
  779       3.237197882089e-10       2.644955219892e-12      -1.619500045385e-11       0.000000000000e+00       1.550202259841e-14       5.340789307037e-15      -3.515893067738e-16 
  780       3.245381090874e-10       2.609380582575e-12      -1.604771817804e-11       0.000000000000e+00       1.542823169093e-14       5.328470032150e-15      -3.466859954777e-16 
  781       3.253371787789e-10       2.574147105504e-12      -1.589619646430e-11       0.000000000000e+00       1.535486620948e-14       5.315886246278e-15      -3.417757692662e-16 
  782       3.261167564746e-10       2.539266476056e-12      -1.574050308734e-11       0.000000000000e+00       1.528192455948e-14       5.303038923145e-15      -3.368591222630e-16 
  783       3.268766000971e-10       2.504750473035e-12      -1.558070673017e-11       0.000000000000e+00       1.520940508505e-14       5.289929057817e-15      -3.319365529527e-16 
  784       3.276164662979e-10       2.470610966936e-12      -1.541687698725e-11       0.000000000000e+00       1.513730606881e-14       5.276557666780e-15      -3.270085641933e-16 
  785       3.283361104541e-10       2.436859920195e-12      -1.524908436758e-11       0.000000000000e+00       1.506562573157e-14       5.262925788020e-15      -3.220756632286e-16 
  786       3.290352866663e-10       2.403509387454e-12      -1.507740029779e-11       0.000000000000e+00       1.499436223213e-14       5.249034481095e-15      -3.171383617008e-16 
  787       3.297137477551e-10       2.370571515813e-12      -1.490189712528e-11       0.000000000000e+00       1.492351366696e-14       5.234884827221e-15      -3.121971756633e-16 
  788       3.303712452589e-10       2.338058545089e-12      -1.472264812131e-11       0.000000000000e+00       1.485307807001e-14       5.220477929342e-15      -3.072526255928e-16 
  789       3.310075294307e-10       2.305982808075e-12      -1.453972748413e-11       0.000000000000e+00       1.478305341240e-14       5.205814912209e-15      -3.023052364024e-16 
  790       3.316223492358e-10       2.274356730795e-12      -1.435321034206e-11       0.000000000000e+00       1.471343760220e-14       5.190896922460e-15      -2.973555374539e-16 
  791       3.322154523484e-10       2.243192832763e-12      -1.416317275660e-11       0.000000000000e+00       1.464422848416e-14       5.175725128697e-15      -2.924040625700e-16 
  792       3.327865851493e-10       2.212503727240e-12      -1.396969172559e-11       0.000000000000e+00       1.457542383946e-14       5.160300721561e-15      -2.874513500476e-16 
  793       3.333354927231e-10       2.182302121491e-12      -1.377284518623e-11       0.000000000000e+00       1.450702138543e-14       5.144624913811e-15      -2.824979426698e-16 
  794       3.338619188550e-10       2.152600817043e-12      -1.357271201827e-11       0.000000000000e+00       1.443901877536e-14       5.128698940402e-15      -2.775443877188e-16 
  795       3.343656060285e-10       2.123412709943e-12      -1.336937204708e-11       0.000000000000e+00       1.437141359814e-14       5.112524058561e-15      -2.725912369881e-16 
  796       3.348462954224e-10       2.094750791014e-12      -1.316290604677e-11       0.000000000000e+00       1.430420337812e-14       5.096101547867e-15      -2.676390467955e-16 
  797       3.353037269081e-10       2.066628146113e-12      -1.295339574327e-11       0.000000000000e+00       1.423738557475e-14       5.079432710325e-15      -2.626883779951e-16 
  798       3.357376390466e-10       2.039057956390e-12      -1.274092381749e-11       0.000000000000e+00       1.417095758241e-14       5.062518870446e-15      -2.577397959905e-16 
  799       3.361477690861e-10       2.012053498543e-12      -1.252557390839e-11       0.000000000000e+00       1.410491673009e-14       5.045361375325e-15      -2.527938707470e-16 
  800       3.365338529589e-10       1.985628145076e-12      -1.230743061610e-11       0.000000000000e+00       1.403926028118e-14       5.027961594714e-15      -2.478511768041e-16 
  801       3.368956252787e-10       1.959795364558e-12      -1.208657950503e-11       0.000000000000e+00       1.397398543318e-14       5.010320921107e-15      -2.429122932883e-16 
  802       3.372328193379e-10       1.934568721878e-12      -1.186310710697e-11       0.000000000000e+00       1.390908931748e-14       4.992440769810e-15      -2.379778039254e-16 
  803       3.375451671048e-10       1.909961878505e-12      -1.163710092423e-11       0.000000000000e+00       1.384456899905e-14       4.974322579023e-15      -2.330482970533e-16 
  804       3.378323992208e-10       1.885988592745e-12      -1.140864943270e-11       0.000000000000e+00       1.378042147626e-14       4.955967809914e-15      -2.281243656344e-16 
  805       3.380942449975e-10       1.862662719995e-12      -1.117784208498e-11       0.000000000000e+00       1.371664368055e-14       4.937377946703e-15      -2.232066072684e-16 
  806       3.383304324141e-10       1.839998213006e-12      -1.094476931351e-11       0.000000000000e+00       1.365323247622e-14       4.918554496730e-15      -2.182956242045e-16 
  807       3.385406881146e-10       1.818009122135e-12      -1.070952253366e-11       0.000000000000e+00       1.359018466016e-14       4.899498990540e-15      -2.133920233541e-16 
  808       3.387247374049e-10       1.796709595607e-12      -1.047219414682e-11       0.000000000000e+00       1.352749696160e-14       4.880212981959e-15      -2.084964163036e-16 
  809       3.388823042501e-10       1.776113879770e-12      -1.023287754356e-11       0.000000000000e+00       1.346516604184e-14       4.860698048168e-15      -2.036094193267e-16 
  810       3.390131112718e-10       1.756236319352e-12      -9.991667106667e-12       0.000000000000e+00       1.340318849401e-14       4.840955789785e-15      -1.987316533969e-16 
  811       3.391168797450e-10       1.737091357719e-12      -9.748658214324e-12       0.000000000000e+00       1.334156084281e-14       4.820987830938e-15      -1.938637442005e-16 
  812       3.391933295959e-10       1.718693537135e-12      -9.503947243177e-12       0.000000000000e+00       1.328027954425e-14       4.800795819348e-15      -1.890063221485e-16 
  813       3.392421793986e-10       1.701057499014e-12      -9.257631571456e-12       0.000000000000e+00       1.321934098540e-14       4.780381426401e-15      -1.841600223898e-16 
  814       3.392631463723e-10       1.684197984184e-12      -9.009809582080e-12       0.000000000000e+00       1.315874148414e-14       4.759746347228e-15      -1.793254848233e-16 
  815       3.392559463791e-10       1.668129833138e-12      -8.760580665773e-12       0.000000000000e+00       1.309847728887e-14       4.738892300783e-15      -1.745033541107e-16 
  816       3.392202939205e-10       1.652867986297e-12      -8.510045224163e-12       0.000000000000e+00       1.303854457830e-14       4.717821029919e-15      -1.696942796891e-16 
  817       3.391559674834e-10       1.638425103993e-12      -8.258301112268e-12       0.000000000000e+00       1.297893994224e-14       4.696534751267e-15      -1.648988248781e-16 
  818       3.390630068617e-10       1.624804379310e-12      -8.005432889978e-12       0.000000000000e+00       1.291966183389e-14       4.675037513517e-15      -1.601171923966e-16 
  819       3.389415193535e-10       1.612006597375e-12      -7.751522384740e-12       0.000000000000e+00       1.286070914300e-14       4.653333863552e-15      -1.553494939680e-16 
  820       3.387916147415e-10       1.600032503828e-12      -7.496652237257e-12       0.000000000000e+00       1.280208071696e-14       4.631428399006e-15      -1.505958407779e-16 
  821       3.386134053015e-10       1.588882804653e-12      -7.240905903959e-12       0.000000000000e+00       1.274377536066e-14       4.609325768416e-15      -1.458563434697e-16 
  822       3.384070058115e-10       1.578558166004e-12      -6.984367659467e-12       0.000000000000e+00       1.268579183628e-14       4.587030671390e-15      -1.411311121413e-16 
  823       3.381725335610e-10       1.569059214040e-12      -6.727122599069e-12       0.000000000000e+00       1.262812886314e-14       4.564547858754e-15      -1.364202563412e-16 
  824       3.379101083594e-10       1.560386534750e-12      -6.469256641185e-12       0.000000000000e+00       1.257078511756e-14       4.541882132721e-15      -1.317238850648e-16 
  825       3.376198525454e-10       1.552540673789e-12      -6.210856529837e-12       0.000000000000e+00       1.251375923265e-14       4.519038347042e-15      -1.270421067503e-16 
  826       3.373018909956e-10       1.545522136300e-12      -5.952009837121e-12       0.000000000000e+00       1.245704979816e-14       4.496021407165e-15      -1.223750292755e-16 
  827       3.369563511338e-10       1.539331386754e-12      -5.692804965671e-12       0.000000000000e+00       1.240065536029e-14       4.472836270397e-15      -1.177227599536e-16 
  828       3.365833629398e-10       1.533968848770e-12      -5.433331151135e-12       0.000000000000e+00       1.234457442156e-14       4.449487946060e-15      -1.130854055297e-16 
  829       3.361830589581e-10       1.529434904954e-12      -5.173678464639e-12       0.000000000000e+00       1.228880544061e-14       4.425981495648e-15      -1.084630721768e-16 
  830       3.357555743073e-10       1.525729896720e-12      -4.913937815259e-12       0.000000000000e+00       1.223334683202e-14       4.402322032985e-15      -1.038558654923e-16 
  831       3.353010466888e-10       1.522854124129e-12      -4.654200952489e-12       0.000000000000e+00       1.217819696619e-14       4.378514724389e-15      -9.926389049404e-17 
  832       3.348196163958e-10       1.520807845713e-12      -4.394560468710e-12       0.000000000000e+00       1.212335416913e-14       4.354564788821e-15      -9.468725161655e-17 
  833       3.343114263223e-10       1.519591278308e-12      -4.135109801664e-12       0.000000000000e+00       1.206881672228e-14       4.330477498052e-15      -9.012605270745e-17 
  834       3.337766219719e-10       1.519204596881e-12      -3.875943236914e-12       0.000000000000e+00       1.201458286238e-14       4.306258176815e-15      -8.558039702351e-17 
  835       3.332153514670e-10       1.519647934364e-12      -3.617155910325e-12       0.000000000000e+00       1.196065078129e-14       4.281912202966e-15      -8.105038722701e-17 
  836       3.326277655574e-10       1.520921381481e-12      -3.358843810523e-12       0.000000000000e+00       1.190701862579e-14       4.257445007641e-15      -7.653612538191e-17 
  837       3.320140176298e-10       1.523024986580e-12      -3.101103781369e-12       0.000000000000e+00       1.185368449746e-14       4.232862075418e-15      -7.203771295011e-17 
  838       3.313742637161e-10       1.525958755460e-12      -2.844033524430e-12       0.000000000000e+00       1.180064645245e-14       4.208168944469e-15      -6.755525078769e-17 
  839       3.307086625029e-10       1.529722651206e-12      -2.587731601446e-12       0.000000000000e+00       1.174790250137e-14       4.183371206723e-15      -6.308883914116e-17 
  840       3.300173753401e-10       1.534316594015e-12      -2.332297436796e-12       0.000000000000e+00       1.169545060909e-14       4.158474508023e-15      -5.863857764368e-17 
  841       3.293005662500e-10       1.539740461026e-12      -2.077831319976e-12       0.000000000000e+00       1.164328869459e-14       4.133484548283e-15      -5.420456531132e-17 
  842       3.285584019364e-10       1.545994086153e-12      -1.824434408061e-12       0.000000000000e+00       1.159141463074e-14       4.108407081647e-15      -4.978690053925e-17 
  843       3.277910517933e-10       1.553077259912e-12      -1.572208728175e-12       0.000000000000e+00       1.153982624420e-14       4.083247916649e-15      -4.538568109807e-17 
  844       3.269986879138e-10       1.560989729254e-12      -1.321257179965e-12       0.000000000000e+00       1.148852131522e-14       4.058012916368e-15      -4.100100412994e-17 
  845       3.261814850993e-10       1.569731197391e-12      -1.071683538065e-12       0.000000000000e+00       1.143749757744e-14       4.032707998589e-15      -3.663296614491e-17 
  846       3.253396208686e-10       1.579301323632e-12      -8.235924545696e-13       0.000000000000e+00       1.138675271777e-14       4.007339135960e-15      -3.228166301711e-17 
  847       3.244732754662e-10       1.589699723205e-12      -5.770894614992e-13       0.000000000000e+00       1.133628437621e-14       3.981912356149e-15      -2.794718998099e-17 
  848       3.235826318719e-10       1.600925967095e-12      -3.322809732729e-13       0.000000000000e+00       1.128609014566e-14       3.956433742006e-15      -2.362964162760e-17 
  849       3.226678758096e-10       1.612979581870e-12      -8.927428917609e-14       0.000000000000e+00       1.123616757174e-14       3.930909431717e-15      -1.932911190076e-17 
  850       3.217291957560e-10       1.625860049510e-12       1.518224041698e-13       0.000000000000e+00       1.118651415269e-14       3.905345618964e-15      -1.504569409338e-17 
  851       3.207667829497e-10       1.639566807239e-12       3.909000303380e-13       0.000000000000e+00       1.113712733911e-14       3.879748553085e-15      -1.077948084362e-17 
  852       3.197808314004e-10       1.654099247357e-12       6.278486206273e-13       0.000000000000e+00       1.108800453386e-14       3.854124539228e-15      -6.530564131185e-18 
  853       3.187715378974e-10       1.669456717064e-12       8.625573115924e-13       0.000000000000e+00       1.103914309185e-14       3.828479938514e-15      -2.299035273547e-18 
  854       3.177391020190e-10       1.685638518297e-12       1.094914342575e-12       0.000000000000e+00       1.099054031990e-14       3.802821168192e-15       1.915015077825e-18 
  855       3.166837261411e-10       1.702643907556e-12       1.324807053233e-12       0.000000000000e+00       1.094219347655e-14       3.777154701798e-15       6.111496941216e-18 
  856       3.156056409361e-10       1.720470505537e-12       1.552132893349e-12       0.000000000000e+00       1.089410010837e-14       3.751486303038e-15       1.029021525174e-17 
  857       3.145051823276e-10       1.739109496655e-12       1.776832663021e-12       0.000000000000e+00       1.084625906560e-14       3.725818712789e-15       1.445055061824e-17 
  858       3.133827158658e-10       1.758550347327e-12       1.998857834393e-12       0.000000000000e+00       1.079866950349e-14       3.700153922972e-15       1.859177313004e-17 
  859       3.122386113695e-10       1.778782388319e-12       2.218159590084e-12       0.000000000000e+00       1.075133054729e-14       3.674493939281e-15       2.271314760676e-17 
  860       3.110732429394e-10       1.799794814316e-12       2.434688822516e-12       0.000000000000e+00       1.070424129213e-14       3.648840781221e-15       2.681393358479e-17 
  861       3.098869889712e-10       1.821576683496e-12       2.648396133248e-12       0.000000000000e+00       1.065740080292e-14       3.623196482137e-15       3.089338530374e-17 
  862       3.086802321688e-10       1.844116917092e-12       2.859231832306e-12       0.000000000000e+00       1.061080811420e-14       3.597563089249e-15       3.495075169288e-17 
  863       3.074533595571e-10       1.867404298971e-12       3.067145937521e-12       0.000000000000e+00       1.056446223005e-14       3.571942663685e-15       3.898527635765e-17 
  864       3.062067624954e-10       1.891427475197e-12       3.272088173854e-12       0.000000000000e+00       1.051836212400e-14       3.546337280514e-15       4.299619756609e-17 
  865       3.049408366907e-10       1.916174953604e-12       3.474007972731e-12       0.000000000000e+00       1.047250673885e-14       3.520749028776e-15       4.698274823532e-17 
  866       3.036559822104e-10       1.941635103365e-12       3.672854471375e-12       0.000000000000e+00       1.042689498662e-14       3.495180011518e-15       5.094415591797e-17 
  867       3.023526034955e-10       1.967796154563e-12       3.868576512139e-12       0.000000000000e+00       1.038152574842e-14       3.469632345826e-15       5.487964278867e-17 
  868       3.010311093742e-10       1.994646197760e-12       4.061122641837e-12       0.000000000000e+00       1.033639787430e-14       3.444108162859e-15       5.878842563051e-17 
  869       2.996919130743e-10       2.022173183566e-12       4.250441111075e-12       0.000000000000e+00       1.029151018318e-14       3.418609607880e-15       6.266971582147e-17 
  870       2.983354322370e-10       2.050364922212e-12       4.436479873584e-12       0.000000000000e+00       1.024686146271e-14       3.393138840289e-15       6.652271932094e-17 
  871       2.969620889295e-10       2.079209083116e-12       4.619186585553e-12       0.000000000000e+00       1.020245046917e-14       3.367698033656e-15       7.034663665612e-17 
  872       2.955723096583e-10       2.108693194455e-12       4.798508604961e-12       0.000000000000e+00       1.015827592734e-14       3.342289375757e-15       7.414066290852e-17 
  873       2.941665253827e-10       2.138804642736e-12       4.974392990905e-12       0.000000000000e+00       1.011433653040e-14       3.316915068601e-15       7.790398770041e-17 
  874       2.927451715271e-10       2.169530672364e-12       5.146786502940e-12       0.000000000000e+00       1.007063093983e-14       3.291577328470e-15       8.163579518128e-17 
  875       2.913086879951e-10       2.200858385213e-12       5.315635600402e-12       0.000000000000e+00       1.002715778524e-14       3.266278385943e-15       8.533526401430e-17 
  876       2.898575191817e-10       2.232774740194e-12       5.480886441746e-12       0.000000000000e+00       9.983915664329e-15       3.241020485940e-15       8.900156736278e-17 
  877       2.883921139872e-10       2.265266552828e-12       5.642484883877e-12       0.000000000000e+00       9.940903142706e-15       3.215805887743e-15       9.263387287666e-17 
  878       2.869129258298e-10       2.298320494814e-12       5.800376481481e-12       0.000000000000e+00       9.898118753819e-15       3.190636865039e-15       9.623134267891e-17 
  879       2.854204126588e-10       2.331923093599e-12       5.954506486356e-12       0.000000000000e+00       9.855560998823e-15       3.165515705947e-15       9.979313335206e-17 
  880       2.839150369681e-10       2.366060731949e-12       6.104819846749e-12       0.000000000000e+00       9.813228346468e-15       3.140444713052e-15       1.033183959246e-16 
  881       2.823972658089e-10       2.400719647516e-12       6.251261206680e-12       0.000000000000e+00       9.771119232985e-15       3.115426203439e-15       1.068062758575e-16 
  882       2.808675708030e-10       2.435885932412e-12       6.393774905281e-12       0.000000000000e+00       9.729232061974e-15       3.090462508725e-15       1.102559130307e-16 
  883       2.793264281558e-10       2.471545532776e-12       6.532304976127e-12       0.000000000000e+00       9.687565204287e-15       3.065555975093e-15       1.136664417294e-16 
  884       2.777743186697e-10       2.507684248345e-12       6.666795146563e-12       0.000000000000e+00       9.646116997912e-15       3.040708963322e-15       1.170369906306e-16 
  885       2.762117277569e-10       2.544287732025e-12       6.797188837044e-12       0.000000000000e+00       9.604885747866e-15       3.015923848826e-15       1.203666827898e-16 
  886       2.746391454527e-10       2.581341489457e-12       6.923429160458e-12       0.000000000000e+00       9.563869726073e-15       2.991203021677e-15       1.236546356270e-16 
  887       2.730570664286e-10       2.618830878592e-12       7.045458921467e-12       0.000000000000e+00       9.523067171253e-15       2.966548886649e-15       1.268999609138e-16 
  888       2.714659900055e-10       2.656741109258e-12       7.163220615833e-12       0.000000000000e+00       9.482476288809e-15       2.941963863242e-15       1.301017647590e-16 
  889       2.698664201667e-10       2.695057242729e-12       7.276656429750e-12       0.000000000000e+00       9.442095250712e-15       2.917450385722e-15       1.332591475959e-16 
  890       2.682588655709e-10       2.733764191298e-12       7.385708239181e-12       0.000000000000e+00       9.401922195382e-15       2.893010903146e-15       1.363712041683e-16 
  891       2.666438395657e-10       2.772846717844e-12       7.490317609185e-12       0.000000000000e+00       9.361955227584e-15       2.868647879402e-15       1.394370235170e-16 
  892       2.650218602004e-10       2.812289435405e-12       7.590425793252e-12       0.000000000000e+00       9.322192418302e-15       2.844363793240e-15       1.424556889664e-16 
  893       2.633934502393e-10       2.852076806744e-12       7.685973732633e-12       0.000000000000e+00       9.282631804635e-15       2.820161138302e-15       1.454262781110e-16 
  894       2.617591371747e-10       2.892193143922e-12       7.776902055673e-12       0.000000000000e+00       9.243271389674e-15       2.796042423157e-15       1.483478628014e-16 
  895       2.601194292610e-10       2.932622752739e-12       7.863162803843e-12       0.000000000000e+00       9.204109381243e-15       2.772009632050e-15       1.512197803364e-16 
  896       2.584747431619e-10       2.973350369506e-12       7.944754820801e-12       0.000000000000e+00       9.165144912582e-15       2.748062597441e-15       1.540424519123e-16 
  897       2.568254751491e-10       3.014360730543e-12       8.021688939292e-12       0.000000000000e+00       9.126377333191e-15       2.724200600979e-15       1.568165774971e-16 
  898       2.551720249836e-10       3.055638427550e-12       8.093976307857e-12       0.000000000000e+00       9.087805970971e-15       2.700422910340e-15       1.595428658635e-16 
  899       2.535147959256e-10       3.097167907191e-12       8.161628391922e-12       0.000000000000e+00       9.049430132140e-15       2.676728779172e-15       1.622220346149e-16 
  900       2.518541947437e-10       3.138933470694e-12       8.224656974883e-12       0.000000000000e+00       9.011249101160e-15       2.653117447051e-15       1.648548102133e-16 
  901       2.501906317248e-10       3.180919273435e-12       8.283074159193e-12       0.000000000000e+00       8.973262140654e-15       2.629588139434e-15       1.674419280060e-16 
  902       2.485245206833e-10       3.223109324536e-12       8.336892367448e-12       0.000000000000e+00       8.935468491332e-15       2.606140067608e-15       1.699841322524e-16 
  903       2.468562789709e-10       3.265487486451e-12       8.386124343476e-12       0.000000000000e+00       8.897867371911e-15       2.582772428646e-15       1.724821761518e-16 
  904       2.451863274858e-10       3.308037474562e-12       8.430783153424e-12       0.000000000000e+00       8.860457979033e-15       2.559484405354e-15       1.749368218693e-16 
  905       2.435150906827e-10       3.350742856768e-12       8.470882186841e-12       0.000000000000e+00       8.823239487192e-15       2.536275166229e-15       1.773488405642e-16 
  906       2.418429965819e-10       3.393587053078e-12       8.506435157769e-12       0.000000000000e+00       8.786211048650e-15       2.513143865407e-15       1.797190124157e-16 
  907       2.401704767792e-10       3.436553335202e-12       8.537456105827e-12       0.000000000000e+00       8.749371793365e-15       2.490089642617e-15       1.820481266510e-16 
  908       2.384979664550e-10       3.479624826142e-12       8.563959397301e-12       0.000000000000e+00       8.712720828905e-15       2.467111623133e-15       1.843369815719e-16 
  909       2.368259043843e-10       3.522784499784e-12       8.585959726228e-12       0.000000000000e+00       8.676257240376e-15       2.444208917726e-15       1.865863845816e-16 
  910       2.351547329459e-10       3.566015180491e-12       8.603472115483e-12       0.000000000000e+00       8.639980090341e-15       2.421380622616e-15       1.887971522123e-16 
  911       2.334848981321e-10       3.609299542693e-12       8.616511917867e-12       0.000000000000e+00       8.603888418738e-15       2.398625819425e-15       1.909701101519e-16 
  912       2.318168495583e-10       3.652620110479e-12       8.625094817194e-12       0.000000000000e+00       8.567981242809e-15       2.375943575127e-15       1.931060932710e-16 
  913       2.301510404723e-10       3.695959257188e-12       8.629236829376e-12       0.000000000000e+00       8.532257557014e-15       2.353332942005e-15       1.952059456502e-16 
  914       2.284879277639e-10       3.739299205001e-12       8.628954303512e-12       0.000000000000e+00       8.496716332957e-15       2.330792957595e-15       1.972705206069e-16 
  915       2.268279719748e-10       3.782622024534e-12       8.624263922975e-12       0.000000000000e+00       8.461356519308e-15       2.308322644649e-15       1.993006807225e-16 
  916       2.251716373074e-10       3.825909634428e-12       8.615182706494e-12       0.000000000000e+00       8.426177041720e-15       2.285921011076e-15       2.012972978693e-16 
  917       2.235193916352e-10       3.869143800940e-12       8.601728009249e-12       0.000000000000e+00       8.391176802754e-15       2.263587049902e-15       2.032612532378e-16 
  918       2.218717065116e-10       3.912306137538e-12       8.583917523951e-12       0.000000000000e+00       8.356354681802e-15       2.241319739222e-15       2.051934373634e-16 
  919       2.202290571799e-10       3.955378104487e-12       8.561769281930e-12       0.000000000000e+00       8.321709535002e-15       2.219118042144e-15       2.070947501537e-16 
  920       2.185919225826e-10       3.998341008446e-12       8.535301654226e-12       0.000000000000e+00       8.287240195169e-15       2.196980906754e-15       2.089661009156e-16 
  921       2.169607853711e-10       4.041176002056e-12       8.504533352671e-12       0.000000000000e+00       8.252945471706e-15       2.174907266055e-15       2.108084083820e-16 
  922       2.153361319151e-10       4.083864083535e-12       8.469483430978e-12       0.000000000000e+00       8.218824150535e-15       2.152896037930e-15       2.126226007391e-16 
  923       2.137184523122e-10       4.126386096264e-12       8.430171285828e-12       0.000000000000e+00       8.184874994012e-15       2.130946125087e-15       2.144096156535e-16 
  924       2.121082403973e-10       4.168722728387e-12       8.386616657955e-12       0.000000000000e+00       8.151096740851e-15       2.109056415015e-15       2.161704002991e-16 
  925       2.105059937524e-10       4.210854512393e-12       8.338839633237e-12       0.000000000000e+00       8.117488106045e-15       2.087225779935e-15       2.179059113842e-16 
  926       2.089122137160e-10       4.252761824715e-12       8.286860643777e-12       0.000000000000e+00       8.084047780790e-15       2.065453076752e-15       2.196171151785e-16 
  927       2.073274053925e-10       4.294424885320e-12       8.230700468994e-12       0.000000000000e+00       8.050774432401e-15       2.043737147008e-15       2.213049875402e-16 
  928       2.057520776619e-10       4.335823757295e-12       8.170380236709e-12       0.000000000000e+00       8.017666704239e-15       2.022076816832e-15       2.229705139431e-16 
  929       2.041867431894e-10       4.376938346449e-12       8.105921424231e-12       0.000000000000e+00       7.984723215629e-15       2.000470896895e-15       2.246146895034e-16 
  930       2.026319184348e-10       4.417748400894e-12       8.037345859446e-12       0.000000000000e+00       7.951942561784e-15       1.978918182361e-15       2.262385190071e-16 
  931       2.010881236619e-10       4.458233510643e-12       7.964675721899e-12       0.000000000000e+00       7.919323313723e-15       1.957417452839e-15       2.278430169367e-16 
  932       1.995558829484e-10       4.498373107202e-12       7.887933543887e-12       0.000000000000e+00       7.886864018197e-15       1.935967472335e-15       2.294292074987e-16 
  933       1.980357241952e-10       4.538146463155e-12       7.807142211542e-12       0.000000000000e+00       7.854563197607e-15       1.914566989205e-15       2.309981246499e-16 
  934       1.965281244793e-10       4.577534455392e-12       7.722330794125e-12       0.000000000000e+00       7.822419521985e-15       1.893215087833e-15       2.325504996724e-16 
  935       1.950333451575e-10       4.616524885784e-12       7.633552129582e-12       0.000000000000e+00       7.790432328039e-15       1.871912249796e-15       2.340858184891e-16 
  936       1.935515942037e-10       4.655107242880e-12       7.540865516087e-12       0.000000000000e+00       7.758601108066e-15       1.850659309193e-15       2.356032496631e-16 
  937       1.920830806338e-10       4.693270945653e-12       7.444330910637e-12       0.000000000000e+00       7.726925338576e-15       1.829457102426e-15       2.371019554991e-16 
  938       1.906280145075e-10       4.731005343334e-12       7.344008930949e-12       0.000000000000e+00       7.695404480236e-15       1.808306468199e-15       2.385810920268e-16 
  939       1.891866069308e-10       4.768299715247e-12       7.239960857337e-12       0.000000000000e+00       7.664037977817e-15       1.787208247520e-15       2.400398089857e-16 
  940       1.877590700575e-10       4.805143270641e-12       7.132248634607e-12       0.000000000000e+00       7.632825260138e-15       1.766163283700e-15       2.414772498088e-16 
  941       1.863456170916e-10       4.841525148526e-12       7.020934873944e-12       0.000000000000e+00       7.601765740011e-15       1.745172422354e-15       2.428925516068e-16 
  942       1.849464622890e-10       4.877434417504e-12       6.906082854797e-12       0.000000000000e+00       7.570858814187e-15       1.724236511400e-15       2.442848451523e-16 
  943       1.835618209600e-10       4.912860075608e-12       6.787756526768e-12       0.000000000000e+00       7.540103863299e-15       1.703356401063e-15       2.456532548638e-16 
  944       1.821919094707e-10       4.947791050129e-12       6.666020511499e-12       0.000000000000e+00       7.509500251810e-15       1.682532943873e-15       2.469968987900e-16 
  945       1.808369452457e-10       4.982216197458e-12       6.540940104563e-12       0.000000000000e+00       7.479047327957e-15       1.661766994665e-15       2.483148885936e-16 
  946       1.794971467695e-10       5.016124302911e-12       6.412581277345e-12       0.000000000000e+00       7.448744423695e-15       1.641059410582e-15       2.496063295356e-16 
  947       1.781727335889e-10       5.049504080573e-12       6.281010678937e-12       0.000000000000e+00       7.418590854643e-15       1.620411051073e-15       2.508703204595e-16 
  948       1.768639263151e-10       5.082344173121e-12       6.146295638023e-12       0.000000000000e+00       7.388585920030e-15       1.599822777895e-15       2.521059537751e-16 
  949       1.755709466254e-10       5.114633151668e-12       6.008504164762e-12       0.000000000000e+00       7.358728902640e-15       1.579295455113e-15       2.533123154431e-16 
  950       1.742940172653e-10       5.146359515589e-12       5.867704952685e-12       0.000000000000e+00       7.329019068753e-15       1.558829949101e-15       2.544884849587e-16 
  951       1.730333620508e-10       5.177511692362e-12       5.723967380574e-12       0.000000000000e+00       7.299455668099e-15       1.538427128542e-15       2.556335353360e-16 
  952       1.717892058702e-10       5.208078037395e-12       5.577361514354e-12       0.000000000000e+00       7.270037933792e-15       1.518087864428e-15       2.567465330920e-16 
  953       1.705617746861e-10       5.238046833865e-12       5.427958108981e-12       0.000000000000e+00       7.240765082286e-15       1.497813030062e-15       2.578265382307e-16 
  954       1.693512955375e-10       5.267406292550e-12       5.275828610328e-12       0.000000000000e+00       7.211636313312e-15       1.477603501057e-15       2.588726042276e-16 
  955       1.681579965417e-10       5.296144551663e-12       5.121045157073e-12       0.000000000000e+00       7.182650809827e-15       1.457460155338e-15       2.598837780129e-16 
  956       1.669821068967e-10       5.324249676685e-12       4.963680582587e-12       0.000000000000e+00       7.153807737959e-15       1.437383873142e-15       2.608590999568e-16 
  957       1.658238568828e-10       5.351709660202e-12       4.803808416823e-12       0.000000000000e+00       7.125106246950e-15       1.417375537017e-15       2.617976038525e-16 
  958       1.646834778647e-10       5.378512421736e-12       4.641502888200e-12       0.000000000000e+00       7.096545469103e-15       1.397436031824e-15       2.626983169010e-16 
  959       1.635612022937e-10       5.404645807580e-12       4.476838925495e-12       0.000000000000e+00       7.068124519728e-15       1.377566244738e-15       2.635602596950e-16 
  960       1.624572637098e-10       5.430097590631e-12       4.309892159729e-12       0.000000000000e+00       7.039842497085e-15       1.357767065249e-15       2.643824462032e-16 
  961       1.613718967433e-10       5.454855470226e-12       4.140738926054e-12       0.000000000000e+00       7.011698482330e-15       1.338039385157e-15       2.651638837538e-16 
  962       1.603053371171e-10       5.478907071974e-12       3.969456265640e-12       0.000000000000e+00       6.983691539460e-15       1.318384098582e-15       2.659035730195e-16 
  963       1.592578216489e-10       5.502239947591e-12       3.796121927564e-12       0.000000000000e+00       6.955820715258e-15       1.298802101957e-15       2.666005080009e-16 
  964       1.582295882529e-10       5.524841574734e-12       3.620814370701e-12       0.000000000000e+00       6.928085039239e-15       1.279294294030e-15       2.672536760108e-16 
  965       1.572208759421e-10       5.546699356832e-12       3.443612765603e-12       0.000000000000e+00       6.900483523595e-15       1.259861575867e-15       2.678620576587e-16 
  966       1.562319248299e-10       5.567800622926e-12       3.264596996397e-12       0.000000000000e+00       6.873015163139e-15       1.240504850850e-15       2.684246268342e-16 
  967       1.552629761326e-10       5.588132627498e-12       3.083847662663e-12       0.000000000000e+00       6.845678935251e-15       1.221225024680e-15       2.689403506918e-16 
  968       1.543142721713e-10       5.607682550305e-12       2.901446081330e-12       0.000000000000e+00       6.818473799823e-15       1.202023005373e-15       2.694081896345e-16 
  969       1.533860563738e-10       5.626437496216e-12       2.717474288559e-12       0.000000000000e+00       6.791398699203e-15       1.182899703266e-15       2.698270972982e-16 
  970       1.524785732765e-10       5.644384495044e-12       2.532015041630e-12       0.000000000000e+00       6.764452558144e-15       1.163856031014e-15       2.701960205357e-16 
  971       1.515920685270e-10       5.661510501379e-12       2.345151820833e-12       0.000000000000e+00       6.737634283745e-15       1.144892903593e-15       2.705138994010e-16 
  972       1.507267888853e-10       5.677802394424e-12       2.156968831355e-12       0.000000000000e+00       6.710942765395e-15       1.126011238297e-15       2.707796671328e-16 
  973       1.498829300783e-10       5.693249258160e-12       1.967548189157e-12       0.000000000000e+00       6.684377000464e-15       1.107212280587e-15       2.709926068903e-16 
  974       1.490604794994e-10       5.707849259669e-12       1.776961428535e-12       0.000000000000e+00       6.657936473526e-15       1.088498586987e-15       2.711534278543e-16 
  975       1.482593711516e-10       5.721602873728e-12       1.585277870833e-12       0.000000000000e+00       6.631620782715e-15       1.069873056942e-15       2.712632052471e-16 
  976       1.474795375767e-10       5.734510611961e-12       1.392567430424e-12       0.000000000000e+00       6.605429514463e-15       1.051338608350e-15       2.713230250749e-16 
  977       1.467209098514e-10       5.746573022957e-12       1.198900616241e-12       0.000000000000e+00       6.579362243463e-15       1.032898177608e-15       2.713339841571e-16 
  978       1.459834175821e-10       5.757790692397e-12       1.004348533306e-12       0.000000000000e+00       6.553418532627e-15       1.014554719649e-15       2.712971901558e-16 
  979       1.452669889008e-10       5.768164243176e-12       8.089828842641e-13       0.000000000000e+00       6.527597933048e-15       9.963112079863e-16       2.712137616050e-16 
  980       1.445715504601e-10       5.777694335524e-12       6.128759709136e-13       0.000000000000e+00       6.501899983965e-15       9.781706347549e-16       2.710848279398e-16 
  981       1.438970274289e-10       5.786381667131e-12       4.161006957364e-13       0.000000000000e+00       6.476324212716e-15       9.601360107533e-16       2.709115295258e-16 
  982       1.432433434879e-10       5.794226973266e-12       2.187305634298e-13       0.000000000000e+00       6.450870134707e-15       9.422103654850e-16       2.706950176883e-16 
  983       1.426104208247e-10       5.801231026904e-12       2.083968243743e-14       0.000000000000e+00       6.425537253369e-15       9.243967472005e-16       2.704364547417e-16 
  984       1.419981801293e-10       5.807394638846e-12      -1.774972335195e-13       0.000000000000e+00       6.400325060118e-15       9.066982229392e-16       2.701370140186e-16 
  985       1.414065405899e-10       5.812718657843e-12      -3.762048639112e-13       0.000000000000e+00       6.375233034320e-15       8.891178785706e-16       2.697978798992e-16 
  986       1.408354198877e-10       5.817203970718e-12      -5.752072798682e-13       0.000000000000e+00       6.350260643250e-15       8.716588188369e-16       2.694202478406e-16 
  987       1.402847341929e-10       5.820851502487e-12      -7.744279426502e-13       0.000000000000e+00       6.325407342051e-15       8.543241673942e-16       2.690053244059e-16 
  988       1.397543981599e-10       5.823662216487e-12      -9.737897021146e-13       0.000000000000e+00       6.300672573699e-15       8.371170668543e-16       2.685543272939e-16 
  989       1.392443249224e-10       5.825637114492e-12      -1.173214795186e-12       0.000000000000e+00       6.276055768961e-15       8.200406788268e-16       2.680684853680e-16 
  990       1.387544260895e-10       5.826777236839e-12      -1.372624844325e-12       0.000000000000e+00       6.251556346358e-15       8.030981839606e-16       2.675490386854e-16 
  991       1.382846117405e-10       5.827083662552e-12      -1.571940855996e-12       0.000000000000e+00       6.227173712125e-15       7.862927819860e-16       2.669972385268e-16 
  992       1.378347904206e-10       5.826557509463e-12      -1.771083219138e-12       0.000000000000e+00       6.202907260172e-15       7.696276917558e-16       2.664143474254e-16 
  993       1.374048691364e-10       5.825199934333e-12      -1.969971703631e-12       0.000000000000e+00       6.178756372044e-15       7.531061512879e-16       2.658016391962e-16 
  994       1.369947533510e-10       5.823012132979e-12      -2.168525458768e-12       0.000000000000e+00       6.154720416887e-15       7.367314178067e-16       2.651603989654e-16 
  995       1.366043469799e-10       5.819995340392e-12      -2.366663011721e-12       0.000000000000e+00       6.130798751402e-15       7.205067677847e-16       2.644919231995e-16 
  996       1.362335523860e-10       5.816150830864e-12      -2.564302266011e-12       0.000000000000e+00       6.106990719811e-15       7.044354969845e-16       2.637975197348e-16 
  997       1.358822703750e-10       5.811479918106e-12      -2.761360499977e-12       0.000000000000e+00       6.083295653816e-15       6.885209205007e-16       2.630785078066e-16 
  998       1.355504001914e-10       5.805983955376e-12      -2.957754365245e-12       0.000000000000e+00       6.059712872562e-15       6.727663728014e-16       2.623362180783e-16 
  999       1.352378395131e-10       5.799664335596e-12      -3.153399885196e-12       0.000000000000e+00       6.036241682596e-15       6.571752077702e-16       2.615719926709e-16 
 1000       1.349444844476e-10       5.792522491481e-12      -3.348212453437e-12       0.000000000000e+00       6.012881377828e-15       6.417507987476e-16       2.607871851923e-16 
 1001       1.346702295269e-10       5.784559895654e-12      -3.542106832267e-12       0.000000000000e+00       5.989631239492e-15       6.264965385734e-16       2.599831607665e-16 
 1002       1.344149677029e-10       5.775778060778e-12      -3.734997151148e-12       0.000000000000e+00       5.966490536112e-15       6.114158396280e-16       2.591612960627e-16 
 1003       1.341785903433e-10       5.766178539669e-12      -3.926796905173e-12       0.000000000000e+00       5.943458523454e-15       5.965121338742e-16       2.583229793250e-16 
 1004       1.339609872267e-10       5.755762925425e-12      -4.117418953534e-12       0.000000000000e+00       5.920534444496e-15       5.817888728994e-16       2.574696104013e-16 
 1005       1.337620465378e-10       5.744532851549e-12      -4.306775517993e-12       0.000000000000e+00       5.897717529382e-15       5.672495279566e-16       2.566026007729e-16 
 1006       1.335816548633e-10       5.732489992066e-12      -4.494778181350e-12       0.000000000000e+00       5.875006995387e-15       5.528975900072e-16       2.557233735833e-16 
 1007       1.334196971870e-10       5.719636061653e-12      -4.681337885911e-12       0.000000000000e+00       5.852402046879e-15       5.387365697618e-16       2.548333636683e-16 
 1008       1.332760568854e-10       5.705972815754e-12      -4.866364931958e-12       0.000000000000e+00       5.829901875277e-15       5.247699977225e-16       2.539340175842e-16 
 1009       1.331506157229e-10       5.691502050711e-12      -5.049768976216e-12       0.000000000000e+00       5.807505659011e-15       5.110014242247e-16       2.530267936382e-16 
 1010       1.330432538475e-10       5.676225603879e-12      -5.231459030326e-12       0.000000000000e+00       5.785212563490e-15       4.974344194787e-16       2.521131619167e-16 
 1011       1.329538497859e-10       5.660145353753e-12      -5.411343459308e-12       0.000000000000e+00       5.763021741054e-15       4.840725736116e-16       2.511946043154e-16 
 1012       1.328822584130e-10       5.643264663446e-12      -5.589339054554e-12       0.000000000000e+00       5.740932424171e-15       4.709186804742e-16       2.502723005765e-16 
 1013       1.328282445195e-10       5.625592733692e-12      -5.765398399324e-12       0.000000000000e+00       5.718944206548e-15       4.579722760747e-16       2.493461813801e-16 
 1014       1.327915482764e-10       5.607140312919e-12      -5.939482895204e-12       0.000000000000e+00       5.697056765999e-15       4.452320646970e-16       2.484158616429e-16 
 1015       1.327719071668e-10       5.587918259879e-12      -6.111553722941e-12       0.000000000000e+00       5.675269771554e-15       4.326967318605e-16       2.474809532636e-16 
 1016       1.327690559787e-10       5.567937543944e-12      -6.281571841968e-12       0.000000000000e+00       5.653582883431e-15       4.203649442664e-16       2.465410651151e-16 
 1017       1.327827267983e-10       5.547209245392e-12      -6.449497989937e-12       0.000000000000e+00       5.631995753011e-15       4.082353497436e-16       2.455958030372e-16 
 1018       1.328126490023e-10       5.525744555704e-12      -6.615292682250e-12       0.000000000000e+00       5.610508022805e-15       3.963065771952e-16       2.446447698289e-16 
 1019       1.328585492513e-10       5.503554777853e-12      -6.778916211590e-12       0.000000000000e+00       5.589119326431e-15       3.845772365445e-16       2.436875652409e-16 
 1020       1.329201514820e-10       5.480651326595e-12      -6.940328647453e-12       0.000000000000e+00       5.567829288581e-15       3.730459186815e-16       2.427237859686e-16 
 1021       1.329971769007e-10       5.457045728763e-12      -7.099489835678e-12       0.000000000000e+00       5.546637524999e-15       3.617111954090e-16       2.417530256440e-16 
 1022       1.330893439757e-10       5.432749623556e-12      -7.256359397977e-12       0.000000000000e+00       5.525543642448e-15       3.505716193889e-16       2.407748748288e-16 
 1023       1.331963684302e-10       5.407774762831e-12      -7.410896731470e-12       0.000000000000e+00       5.504547238682e-15       3.396257240883e-16       2.397889210065e-16 
 1024       1.333179632353e-10       5.382133011399e-12      -7.563061008211e-12       0.000000000000e+00       5.483647902422e-15       3.288720237257e-16       2.387947485751e-16 
 1025       1.334538386028e-10       5.355836347309e-12      -7.712811174724e-12       0.000000000000e+00       5.462845213325e-15       3.183090132175e-16       2.377919388396e-16 
 1026       1.336037019780e-10       5.328896862146e-12      -7.860105951530e-12       0.000000000000e+00       5.442138741956e-15       3.079351681241e-16       2.367800700046e-16 
 1027       1.337672580325e-10       5.301326761321e-12      -8.004903832681e-12       0.000000000000e+00       5.421528049759e-15       2.977489445960e-16       2.357587171667e-16 
 1028       1.339442086571e-10       5.273138364360e-12      -8.147163085290e-12       0.000000000000e+00       5.401012689035e-15       2.877487793203e-16       2.347274523072e-16 
 1029       1.341342529547e-10       5.244344105199e-12      -8.286841749061e-12       0.000000000000e+00       5.380592202904e-15       2.779330894664e-16       2.336858442845e-16 
 1030       1.343370872330e-10       5.214956532474e-12      -8.423897635823e-12       0.000000000000e+00       5.360266125286e-15       2.683002726331e-16       2.326334588266e-16 
 1031       1.345524049974e-10       5.184988309812e-12      -8.558288329057e-12       0.000000000000e+00       5.340033980869e-15       2.588487067941e-16       2.315698585238e-16 
 1032       1.347798969441e-10       5.154452216126e-12      -8.689971183431e-12       0.000000000000e+00       5.319895285079e-15       2.495767502445e-16       2.304946028209e-16 
 1033       1.350192509524e-10       5.123361145901e-12      -8.818903324329e-12       0.000000000000e+00       5.299849544057e-15       2.404827415470e-16       2.294072480102e-16 
 1034       1.352701520781e-10       5.091728109491e-12      -8.945041647382e-12       0.000000000000e+00       5.279896254627e-15       2.315649994782e-16       2.283073472236e-16 
 1035       1.355322825459e-10       5.059566233407e-12      -9.068342818002e-12       0.000000000000e+00       5.260034904270e-15       2.228218229747e-16       2.271944504253e-16 
 1036       1.358053217426e-10       5.026888760612e-12      -9.188763270907e-12       0.000000000000e+00       5.240264971094e-15       2.142514910794e-16       2.260681044045e-16 
 1037       1.360889462098e-10       4.993709050809e-12      -9.306259209660e-12       0.000000000000e+00       5.220585923808e-15       2.058522628880e-16       2.249278527676e-16 
 1038       1.363828296365e-10       4.960040580734e-12      -9.420786606191e-12       0.000000000000e+00       5.200997221694e-15       1.976223774946e-16       2.237732359308e-16 
 1039       1.366866428525e-10       4.925896944450e-12      -9.532301200338e-12       0.000000000000e+00       5.181498314577e-15       1.895600539387e-16       2.226037911130e-16 
 1040       1.370000538207e-10       4.891291853634e-12      -9.640758499371e-12       0.000000000000e+00       5.162088642798e-15       1.816634911507e-16       2.214190523278e-16 
 1041       1.373227276301e-10       4.856239137874e-12      -9.746113777524e-12       0.000000000000e+00       5.142767637187e-15       1.739308678987e-16       2.202185503763e-16 
 1042       1.376543264890e-10       4.820752744955e-12      -9.848322075530e-12       0.000000000000e+00       5.123534719033e-15       1.663603427344e-16       2.190018128397e-16 
 1043       1.379945097172e-10       4.784846741156e-12      -9.947338200147e-12       0.000000000000e+00       5.104389300058e-15       1.589500539396e-16       2.177683640717e-16 
 1044       1.383429337395e-10       4.748535311537e-12      -1.004311672369e-11       0.000000000000e+00       5.085330782389e-15       1.516981194722e-16       2.165177251909e-16 
 1045       1.386992520780e-10       4.711832760235e-12      -1.013561198357e-11       0.000000000000e+00       5.066358558525e-15       1.446026369123e-16       2.152494140738e-16 
 1046       1.390631153453e-10       4.674753510750e-12      -1.022477808182e-11       0.000000000000e+00       5.047472011319e-15       1.376616834091e-16       2.139629453466e-16 
 1047       1.394341712371e-10       4.637312106244e-12      -1.031056888461e-11       0.000000000000e+00       5.028670513937e-15       1.308733156264e-16       2.126578303785e-16 
 1048       1.398120645254e-10       4.599523209826e-12      -1.039293802181e-11       0.000000000000e+00       5.009953429844e-15       1.242355696890e-16       2.113335772737e-16 
 1049       1.401964370509e-10       4.561401604847e-12      -1.047183888648e-11       0.000000000000e+00       4.991320112763e-15       1.177464611294e-16       2.099896908640e-16 
 1050       1.405869277161e-10       4.522962195191e-12      -1.054722463447e-11       0.000000000000e+00       4.972769906656e-15       1.114039848334e-16       2.086256727018e-16 
 1051       1.409831876504e-10       4.484219823675e-12      -1.061905782399e-11       0.000000000000e+00       4.954302215756e-15       1.052059812808e-16       2.072411553436e-16 
 1052       1.413849259506e-10       4.445188723902e-12      -1.068733948241e-11       0.000000000000e+00       4.935916715806e-15       9.914973333785e-17       2.058363072634e-16 
 1053       1.417918645619e-10       4.405883061365e-12      -1.075208044262e-11       0.000000000000e+00       4.917613145698e-15       9.323236375307e-17       2.044114335534e-16 
 1054       1.422037231580e-10       4.366317114927e-12      -1.081329174010e-11       0.000000000000e+00       4.899391237661e-15       8.745096828672e-17       2.029668421498e-16 
 1055       1.426202191352e-10       4.326505277082e-12      -1.087098461354e-11       0.000000000000e+00       4.881250717238e-15       8.180261564251e-17       2.015028438397e-16 
 1056       1.430410676076e-10       4.286462054235e-12      -1.092517050538e-11       0.000000000000e+00       4.863191303263e-15       7.628434739936e-17       2.000197522687e-16 
 1057       1.434659814006e-10       4.246202066973e-12      -1.097586106238e-11       0.000000000000e+00       4.845212707846e-15       7.089317794307e-17       1.985178839473e-16 
 1058       1.438946710462e-10       4.205740050332e-12      -1.102306813626e-11       0.000000000000e+00       4.827314636347e-15       6.562609439810e-17       1.969975582585e-16 
 1059       1.443268447773e-10       4.165090854074e-12      -1.106680378420e-11       0.000000000000e+00       4.809496787362e-15       6.048005655927e-17       1.954590974650e-16 
 1060       1.447622085219e-10       4.124269442957e-12      -1.110708026946e-11       0.000000000000e+00       4.791758852694e-15       5.545199682346e-17       1.939028267157e-16 
 1061       1.452004658978e-10       4.083290897006e-12      -1.114391006194e-11       0.000000000000e+00       4.774100517341e-15       5.053882012137e-17       1.923290740535e-16 
 1062       1.456413182072e-10       4.042170411786e-12      -1.117730583880e-11       0.000000000000e+00       4.756521459470e-15       4.573740384921e-17       1.907381704219e-16 
 1063       1.460844644311e-10       4.000923298676e-12      -1.120728048495e-11       0.000000000000e+00       4.739021350399e-15       4.104459780044e-17       1.891304496724e-16 
 1064       1.465296012236e-10       3.959564985135e-12      -1.123384709373e-11       0.000000000000e+00       4.721599854577e-15       3.645722409748e-17       1.875062485714e-16 
 1065       1.469764229066e-10       3.918111014979e-12      -1.125701896741e-11       0.000000000000e+00       4.704256629562e-15       3.197207712346e-17       1.858659068075e-16 
 1066       1.474246214644e-10       3.876577048652e-12      -1.127680961780e-11       0.000000000000e+00       4.686991326001e-15       2.758592345391e-17       1.842097669984e-16 
 1067       1.478738865379e-10       3.834978863497e-12      -1.129323276683e-11       0.000000000000e+00       4.669803587609e-15       2.329550178848e-17       1.825381746981e-16 
 1068       1.483239054192e-10       3.793332354027e-12      -1.130630234711e-11       0.000000000000e+00       4.652693051151e-15       1.909752288270e-17       1.808514784041e-16 
 1069       1.487743630461e-10       3.751653532200e-12      -1.131603250254e-11       0.000000000000e+00       4.635659346420e-15       1.498866947966e-17       1.791500295643e-16 
 1070       1.492249419967e-10       3.709958527687e-12      -1.132243758883e-11       0.000000000000e+00       4.618702096215e-15       1.096559624177e-17       1.774341825845e-16 
 1071       1.496753224837e-10       3.668263588147e-12      -1.132553217414e-11       0.000000000000e+00       4.601820916323e-15       7.024929682448e-18       1.757042948347e-16 
 1072       1.501251823491e-10       3.626585079497e-12      -1.132533103962e-11       0.000000000000e+00       4.585015415499e-15       3.163268097853e-18       1.739607266572e-16 
 1073       1.505741970586e-10       3.584939486185e-12      -1.132184918000e-11       0.000000000000e+00       4.568285195441e-15      -6.228185013783e-19       1.722038413729e-16 
 1074       1.510220396958e-10       3.543343411461e-12      -1.131510180416e-11       0.000000000000e+00       4.551629850777e-15      -4.336788458425e-18       1.704340052890e-16 
 1075       1.514683809572e-10       3.501813577651e-12      -1.130510433571e-11       0.000000000000e+00       4.535048969037e-15      -7.982128538553e-18       1.686515877057e-16 
 1076       1.519128891463e-10       3.460366826425e-12      -1.129187241358e-11       0.000000000000e+00       4.518542130637e-15      -1.156235399740e-17       1.668569609234e-16 
 1077       1.523552301685e-10       3.419020119072e-12      -1.127542189258e-11       0.000000000000e+00       4.502108908859e-15      -1.508100864923e-17       1.650505002498e-16 
 1078       1.527950675249e-10       3.377790536772e-12      -1.125576884398e-11       0.000000000000e+00       4.485748869828e-15      -1.854166493527e-17       1.632325840072e-16 
 1079       1.532320623076e-10       3.336695280866e-12      -1.123292955610e-11       0.000000000000e+00       4.469461572492e-15      -2.194792399189e-17       1.614035935393e-16 
 1080       1.536658731937e-10       3.295751673129e-12      -1.120692053486e-11       0.000000000000e+00       4.453246568604e-15      -2.530341571900e-17       1.595639132186e-16 
 1081       1.540961564397e-10       3.254977156040e-12      -1.117775850441e-11       0.000000000000e+00       4.437103402698e-15      -2.861179884821e-17       1.577139304532e-16 
 1082       1.545225658764e-10       3.214389293060e-12      -1.114546040764e-11       0.000000000000e+00       4.421031612073e-15      -3.187676101120e-17       1.558540356941e-16 
 1083       1.549447529031e-10       3.174005768895e-12      -1.111004340681e-11       0.000000000000e+00       4.405030726767e-15      -3.510201880795e-17       1.539846224423e-16 
 1084       1.553623664822e-10       3.133844389774e-12      -1.107152488410e-11       0.000000000000e+00       4.389100269542e-15      -3.829131787503e-17       1.521060872559e-16 
 1085       1.557750531336e-10       3.093923083720e-12      -1.102992244220e-11       0.000000000000e+00       4.373239755861e-15      -4.144843295387e-17       1.502188297570e-16 
 1086       1.561824569294e-10       3.054259900821e-12      -1.098525390488e-11       0.000000000000e+00       4.357448693866e-15      -4.457716795906e-17       1.483232526391e-16 
 1087       1.565842194880e-10       3.014873013500e-12      -1.093753731757e-11       0.000000000000e+00       4.341726584362e-15      -4.768135604661e-17       1.464197616741e-16 
 1088       1.569799799691e-10       2.975780716792e-12      -1.088679094794e-11       0.000000000000e+00       4.326072920791e-15      -5.076485968222e-17       1.445087657193e-16 
 1089       1.573693750676e-10       2.937001428611e-12      -1.083303328647e-11       0.000000000000e+00       4.310487189216e-15      -5.383157070958e-17       1.425906767246e-16 
 1090       1.577520775930e-10       2.898552086042e-12      -1.077628785004e-11       0.000000000000e+00       4.294968921622e-15      -5.688422223641e-17       1.406659114462e-16 
 1091       1.581279127834e-10       2.860443310128e-12      -1.071659766195e-11       0.000000000000e+00       4.279517856638e-15      -5.992080671491e-17       1.387348965978e-16 
 1092       1.584967435396e-10       2.822684176801e-12      -1.065401096716e-11       0.000000000000e+00       4.264133780929e-15      -6.293810998059e-17       1.367980637827e-16 
 1093       1.588584319803e-10       2.785283815108e-12      -1.058857644794e-11       0.000000000000e+00       4.248816476052e-15      -6.593289502859e-17       1.348558478005e-16 
 1094       1.592128394407e-10       2.748251407307e-12      -1.052034322492e-11       0.000000000000e+00       4.233565718445e-15      -6.890190196202e-17       1.329086866546e-16 
 1095       1.595598264709e-10       2.711596188988e-12      -1.044936085818e-11       0.000000000000e+00       4.218381279407e-15      -7.184184794037e-17       1.309570215591e-16 
 1096       1.598992528343e-10       2.675327449177e-12      -1.037567934828e-11       0.000000000000e+00       4.203262925085e-15      -7.474942712790e-17       1.290012969465e-16 
 1097       1.602309775056e-10       2.639454530449e-12      -1.029934913736e-11       0.000000000000e+00       4.188210416462e-15      -7.762131064196e-17       1.270419604746e-16 
 1098       1.605548586696e-10       2.603986829037e-12      -1.022042111016e-11       0.000000000000e+00       4.173223509337e-15      -8.045414650145e-17       1.250794630342e-16 
 1099       1.608707537197e-10       2.568933794940e-12      -1.013894659512e-11       0.000000000000e+00       4.158301954312e-15      -8.324455957514e-17       1.231142587559e-16 
 1100       1.611785192558e-10       2.534304932037e-12      -1.005497736542e-11       0.000000000000e+00       4.143445496780e-15      -8.598915153006e-17       1.211468050179e-16 
 1101       1.614780110829e-10       2.500109798195e-12      -9.968565640043e-12       0.000000000000e+00       4.128653876903e-15      -8.868450077991e-17       1.191775624526e-16 
 1102       1.617690842096e-10       2.466358005377e-12      -9.879764084844e-12       0.000000000000e+00       4.113926829604e-15      -9.132716243341e-17       1.172069949546e-16 
 1103       1.620515928465e-10       2.433059219757e-12      -9.788625813611e-12       0.000000000000e+00       4.099264084548e-15      -9.391366824268e-17       1.152355696874e-16 
 1104       1.623253904042e-10       2.400223161825e-12      -9.695204389125e-12       0.000000000000e+00       4.084665366129e-15      -9.644052655163e-17       1.132637570912e-16 
 1105       1.625903294924e-10       2.367859606500e-12      -9.599553824221e-12       0.000000000000e+00       4.070130393452e-15      -9.890422224435e-17       1.112920308897e-16 
 1106       1.628462619173e-10       2.335978383238e-12      -9.501728582852e-12       0.000000000000e+00       4.055658880321e-15      -1.013012166935e-16       1.093208680975e-16 
 1107       1.630930386810e-10       2.304589376145e-12      -9.401783581151e-12       0.000000000000e+00       4.041250535224e-15      -1.036279477085e-16       1.073507490276e-16 
 1108       1.633305099793e-10       2.273702524085e-12      -9.299774188493e-12       0.000000000000e+00       4.026905061315e-15      -1.058808294844e-16       1.053821572984e-16 
 1109       1.635585251999e-10       2.243327820788e-12      -9.195756228556e-12       0.000000000000e+00       4.012622156401e-15      -1.080562525496e-16       1.034155798412e-16 
 1110       1.637769329215e-10       2.213475314966e-12      -9.089785980383e-12       0.000000000000e+00       3.998401512928e-15      -1.101505837147e-16       1.014515069073e-16 
 1111       1.639855809115e-10       2.184155110416e-12      -8.981920179445e-12       0.000000000000e+00       3.984242817963e-15      -1.121601660209e-16       9.949043207539e-17 
 1112       1.641843161248e-10       2.155377366136e-12      -8.872216018704e-12       0.000000000000e+00       3.970145753183e-15      -1.140813186879e-16       9.753285225873e-17 
 1113       1.643729847019e-10       2.127152296430e-12      -8.760731149672e-12       0.000000000000e+00       3.956109994854e-15      -1.159103370629e-16       9.557926771252e-17 
 1114       1.645514319676e-10       2.099490171023e-12      -8.647523683477e-12       0.000000000000e+00       3.942135213824e-15      -1.176434925685e-16       9.363018204110e-17 
 1115       1.647195024289e-10       2.072401315165e-12      -8.532652191920e-12       0.000000000000e+00       3.928221075499e-15      -1.192770326513e-16       9.168610220529e-17 
 1116       1.648770397741e-10       2.045896109749e-12      -8.416175708541e-12       0.000000000000e+00       3.914367239837e-15      -1.208071807304e-16       8.974753852962e-17 
 1117       1.650238868703e-10       2.019984991413e-12      -8.298153729682e-12       0.000000000000e+00       3.900573361324e-15      -1.222301361453e-16       8.781500470960e-17 
 1118       1.651598857627e-10       1.994678452655e-12      -8.178646215543e-12       0.000000000000e+00       3.886839088967e-15      -1.235420741049e-16       8.588901781906e-17 
 1119       1.652848776723e-10       1.969987041942e-12      -8.057713591252e-12       0.000000000000e+00       3.873164066273e-15      -1.247391456354e-16       8.397009831734e-17 
 1120       1.653987029945e-10       1.945921363819e-12      -7.935416747921e-12       0.000000000000e+00       3.859547931238e-15      -1.258174775291e-16       8.205877005663e-17 
 1121       1.655012012976e-10       1.922492079019e-12      -7.811817043709e-12       0.000000000000e+00       3.845990316328e-15      -1.267731722921e-16       8.015556028922e-17 
 1122       1.655922113210e-10       1.899709904574e-12      -7.686976304887e-12       0.000000000000e+00       3.832490848470e-15      -1.276023080936e-16       7.826099967476e-17 
 1123       1.656715709737e-10       1.877585613928e-12      -7.560956826897e-12       0.000000000000e+00       3.819049149029e-15      -1.283009387136e-16       7.637562228758e-17 
 1124       1.657391173327e-10       1.856130037038e-12      -7.433821375417e-12       0.000000000000e+00       3.805664833799e-15      -1.288650934912e-16       7.449996562392e-17 
 1125       1.657946866414e-10       1.835354060495e-12      -7.305633187418e-12       0.000000000000e+00       3.792337512988e-15      -1.292907772738e-16       7.263457060923e-17 
 1126       1.658381143077e-10       1.815268627626e-12      -7.176455972233e-12       0.000000000000e+00       3.779066791197e-15      -1.295739703646e-16       7.077998160545e-17 
 1127       1.658692349029e-10       1.795884738607e-12      -7.046353912612e-12       0.000000000000e+00       3.765852267412e-15      -1.297106284713e-16       6.893674641827e-17 
 1128       1.658878821595e-10       1.777213450575e-12      -6.915391665789e-12       0.000000000000e+00       3.752693534985e-15      -1.296966826546e-16       6.710541630442e-17 
 1129       1.658939264072e-10       1.759263871620e-12      -6.783632257686e-12       0.000000000000e+00       3.739590222656e-15      -1.295292031228e-16       6.528642122335e-17 
 1130       1.658873874136e-10       1.742037114134e-12      -6.651130733547e-12       0.000000000000e+00       3.726542118223e-15      -1.292099072135e-16       6.347969380989e-17 
 1131       1.658683230007e-10       1.725532263414e-12      -6.517940427233e-12       0.000000000000e+00       3.713549046443e-15      -1.287416967157e-16       6.168504054883e-17 
 1132       1.658367917421e-10       1.709748376601e-12      -6.384115061479e-12       0.000000000000e+00       3.700610828131e-15      -1.281274982000e-16       5.990226608461e-17 
 1133       1.657928529648e-10       1.694684482604e-12      -6.249708748767e-12       0.000000000000e+00       3.687727280146e-15      -1.273702630757e-16       5.813117321688e-17 
 1134       1.657365667516e-10       1.680339582017e-12      -6.114775992183e-12       0.000000000000e+00       3.674898215382e-15      -1.264729676492e-16       5.637156289606e-17 
 1135       1.656679939421e-10       1.666712647041e-12      -5.979371686285e-12       0.000000000000e+00       3.662123442755e-15      -1.254386131814e-16       5.462323421881e-17 
 1136       1.655871961356e-10       1.653802621409e-12      -5.843551117966e-12       0.000000000000e+00       3.649402767197e-15      -1.242702259462e-16       5.288598442366e-17 
 1137       1.654942356924e-10       1.641608420301e-12      -5.707369967315e-12       0.000000000000e+00       3.636735989636e-15      -1.229708572875e-16       5.115960888646e-17 
 1138       1.653891757358e-10       1.630128930273e-12      -5.570884308486e-12       0.000000000000e+00       3.624122906993e-15      -1.215435836779e-16       4.944390111602e-17 
 1139       1.652720801539e-10       1.619363009171e-12      -5.434150610556e-12       0.000000000000e+00       3.611563312167e-15      -1.199915067758e-16       4.773865274955e-17 
 1140       1.651430136021e-10       1.609309486058e-12      -5.297225738395e-12       0.000000000000e+00       3.599056994024e-15      -1.183177534839e-16       4.604365354829e-17 
 1141       1.650020415041e-10       1.599967161132e-12      -5.160166953524e-12       0.000000000000e+00       3.586603737386e-15      -1.165254760065e-16       4.435869139298e-17 
 1142       1.648492300545e-10       1.591334805649e-12      -5.023031914984e-12       0.000000000000e+00       3.574203323020e-15      -1.146178519078e-16       4.268355227945e-17 
 1143       1.646846462205e-10       1.583411161843e-12      -4.885878680196e-12       0.000000000000e+00       3.561855527627e-15      -1.125980841694e-16       4.101802031415e-17 
 1144       1.645083577437e-10       1.576194942848e-12      -4.748765705827e-12       0.000000000000e+00       3.549560123831e-15      -1.104694012485e-16       3.936187770966e-17 
 1145       1.643204331420e-10       1.569684832621e-12      -4.611751848652e-12       0.000000000000e+00       3.537316880167e-15      -1.082350571355e-16       3.771490478028e-17 
 1146       1.641209417119e-10       1.563879485858e-12      -4.474896366421e-12       0.000000000000e+00       3.525125561071e-15      -1.058983314118e-16       3.607687993752e-17 
 1147       1.639099535297e-10       1.558777527924e-12      -4.338258918719e-12       0.000000000000e+00       3.512985926867e-15      -1.034625293078e-16       3.444757968571e-17 
 1148       1.636875394540e-10       1.554377554765e-12      -4.201899567835e-12       0.000000000000e+00       3.500897733758e-15      -1.009309817608e-16       3.282677861744e-17 
 1149       1.634537711275e-10       1.550678132837e-12      -4.065878779618e-12       0.000000000000e+00       3.488860733813e-15      -9.830704547283e-17       3.121424940922e-17 
 1150       1.632087209786e-10       1.547677799022e-12      -3.930257424349e-12       0.000000000000e+00       3.476874674956e-15      -9.559410296824e-17       2.960976281691e-17 
 1151       1.629524622237e-10       1.545375060552e-12      -3.795096777601e-12       0.000000000000e+00       3.464939300958e-15      -9.279556265190e-17       2.801308767135e-17 
 1152       1.626850688687e-10       1.543768394931e-12      -3.660458521102e-12       0.000000000000e+00       3.453054351420e-15      -8.991485886687e-17       2.642399087384e-17 
 1153       1.624066157114e-10       1.542856249852e-12      -3.526404743601e-12       0.000000000000e+00       3.441219561767e-15      -8.695545195227e-17       2.484223739171e-17 
 1154       1.621171783430e-10       1.542637043124e-12      -3.392997941732e-12       0.000000000000e+00       3.429434663233e-15      -8.392082830120e-17       2.326759025387e-17 
 1155       1.618168331499e-10       1.543109162590e-12      -3.260301020874e-12       0.000000000000e+00       3.417699382854e-15      -8.081450041848e-17       2.169981054630e-17 
 1156       1.615056573163e-10       1.544270966050e-12      -3.128377296021e-12       0.000000000000e+00       3.406013443454e-15      -7.764000697862e-17       2.013865740767e-17 
 1157       1.611837288254e-10       1.546120781180e-12      -2.997290492640e-12       0.000000000000e+00       3.394376563632e-15      -7.440091288358e-17       1.858388802481e-17 
 1158       1.608511264614e-10       1.548656905455e-12      -2.867104747538e-12       0.000000000000e+00       3.382788457755e-15      -7.110080932067e-17       1.703525762828e-17 
 1159       1.605079298118e-10       1.551877606071e-12      -2.737884609728e-12       0.000000000000e+00       3.371248835945e-15      -6.774331382040e-17       1.549251948793e-17 
 1160       1.601542192690e-10       1.555781119864e-12      -2.609695041287e-12       0.000000000000e+00       3.359757404068e-15      -6.433207031430e-17       1.395542490841e-17 
 1161       1.597900760323e-10       1.560365653235e-12      -2.482601418223e-12       0.000000000000e+00       3.348313863720e-15      -6.087074919283e-17       1.242372322471e-17 
 1162       1.594155821096e-10       1.565629382067e-12      -2.356669531342e-12       0.000000000000e+00       3.336917912222e-15      -5.736304736314e-17       1.089716179773e-17 
 1163       1.590308203196e-10       1.571570451648e-12      -2.231965587106e-12       0.000000000000e+00       3.325569242603e-15      -5.381268830704e-17       9.375486009803e-18 
 1164       1.586358742936e-10       1.578186976596e-12      -2.108556208500e-12       0.000000000000e+00       3.314267543590e-15      -5.022342213875e-17       7.858439260233e-18 
 1165       1.582308284774e-10       1.585477040774e-12      -1.986508435896e-12       0.000000000000e+00       3.303012499601e-15      -4.659902566280e-17       6.345762960841e-18 
 1166       1.578157681330e-10       1.593438697216e-12      -1.865889727917e-12       0.000000000000e+00       3.291803790729e-15      -4.294330243188e-17       4.837196531508e-18 
 1167       1.573907793411e-10       1.602069968046e-12      -1.746767962300e-12       0.000000000000e+00       3.280641092731e-15      -3.926008280468e-17       3.332477395714e-18 
 1168       1.569559652853e-10       1.611367605631e-12      -1.629204439435e-12       0.000000000000e+00       3.269524108907e-15      -3.555280825762e-17       1.831413993965e-18 
 1169       1.565114953279e-10       1.621323359222e-12      -1.513232795406e-12       0.000000000000e+00       3.258452666184e-15      -3.182327850914e-17       3.341058332393e-19 
 1170       1.560575565522e-10       1.631927661442e-12      -1.398879826804e-12       0.000000000000e+00       3.247426620210e-15      -2.807288883299e-17      -1.159273817814e-18 
 1171       1.555943375387e-10       1.643170862626e-12      -1.286172464367e-12       0.000000000000e+00       3.236445823570e-15      -2.430304440374e-17      -2.648550695063e-18 
 1172       1.551220283682e-10       1.655043230642e-12      -1.175137773231e-12       0.000000000000e+00       3.225510125773e-15      -2.051516031806e-17      -4.133549536935e-18 
 1173       1.546408206254e-10       1.667534950692e-12      -1.065802953174e-12       0.000000000000e+00       3.214619373248e-15      -1.671066161604e-17      -5.614094082458e-18 
 1174       1.541509074022e-10       1.680636125137e-12      -9.581953388724e-13       0.000000000000e+00       3.203773409334e-15      -1.289098330255e-17      -7.090007069302e-18 
 1175       1.536524833007e-10       1.694336773298e-12      -8.523424001423e-13       0.000000000000e+00       3.192972074269e-15      -9.057570368462e-18      -8.561110231823e-18 
 1176       1.531457444370e-10       1.708626831277e-12      -7.482717421934e-13       0.000000000000e+00       3.182215205188e-15      -5.211877812060e-18      -1.002722429910e-17 
 1177       1.526308884441e-10       1.723496151765e-12      -6.460111058757e-13       0.000000000000e+00       3.171502636107e-15      -1.355370660287e-18      -1.148816899298e-17 
 1178       1.521081144755e-10       1.738934503856e-12      -5.455883679290e-13       0.000000000000e+00       3.160834197923e-15       2.510476009912e-18      -1.294376302612e-17 
 1179       1.515776232087e-10       1.754931572859e-12      -4.470315412319e-13       0.000000000000e+00       3.150209718396e-15       6.384177050286e-18      -1.439382410003e-17 
 1180       1.510396168481e-10       1.771476960110e-12      -3.503687750503e-13       0.000000000000e+00       3.139629022149e-15       1.026423721996e-17      -1.583816890310e-17 
 1181       1.504942991285e-10       1.788560182785e-12      -2.556283552866e-13       0.000000000000e+00       3.129091930656e-15       1.414915116413e-17      -1.727661310867e-17 
 1182       1.499418753188e-10       1.806170673714e-12      -1.628387047286e-13       0.000000000000e+00       3.118598262232e-15       1.803740339273e-17      -1.870897137304e-17 
 1183       1.493825522247e-10       1.824297781191e-12      -7.202838329807e-14       0.000000000000e+00       3.108147832028e-15       2.192746825915e-17      -2.013505733354e-17 
 1184       1.488165381926e-10       1.842930768786e-12       1.677391169998e-14       0.000000000000e+00       3.097740452020e-15       2.581780993890e-17      -2.155468360656e-17 
 1185       1.482440431125e-10       1.862058815161e-12       1.035393453286e-13       0.000000000000e+00       3.087375931004e-15       2.970688240829e-17      -2.296766178558e-17 
 1186       1.476652784217e-10       1.881671013880e-12       1.882389447700e-13       0.000000000000e+00       3.077054074583e-15       3.359312942315e-17      -2.437380243921e-17 
 1187       1.470804571079e-10       1.901756373221e-12       2.708435990765e-13       0.000000000000e+00       3.066774685163e-15       3.747498449747e-17      -2.577291510928e-17 
 1188       1.464897937127e-10       1.922303815990e-12       3.513240589220e-13       0.000000000000e+00       3.056537561940e-15       4.135087088214e-17      -2.716480830882e-17 
 1189       1.458935043346e-10       1.943302179332e-12       4.296509363526e-13       0.000000000000e+00       3.046342500896e-15       4.521920154358e-17      -2.854928952012e-17 
 1190       1.452918066329e-10       1.964740214544e-12       5.057947045383e-13       0.000000000000e+00       3.036189294789e-15       4.907837914247e-17      -2.992616519279e-17 
 1191       1.446849198306e-10       1.986606586890e-12       5.797256975233e-13       0.000000000000e+00       3.026077733145e-15       5.292679601244e-17      -3.129524074180e-17 
 1192       1.440730647177e-10       2.008889875409e-12       6.514141099780e-13       0.000000000000e+00       3.016007602246e-15       5.676283413869e-17      -3.265632054549e-17 
 1193       1.434564636549e-10       2.031578572729e-12       7.208299969495e-13       0.000000000000e+00       3.005978685129e-15       6.058486513679e-17      -3.400920794365e-17 
 1194       1.428353405766e-10       2.054661084883e-12       7.879432736128e-13       0.000000000000e+00       2.995990761569e-15       6.439125023124e-17      -3.535370523554e-17 
 1195       1.422099209945e-10       2.078125731115e-12       8.527237150224e-13       0.000000000000e+00       2.986043608079e-15       6.818034023426e-17      -3.668961367792e-17 
 1196       1.415804320007e-10       2.101960743699e-12       9.151409558625e-13       0.000000000000e+00       2.976136997894e-15       7.195047552442e-17      -3.801673348314e-17 
 1197       1.409471022710e-10       2.126154267746e-12       9.751644901989e-13       0.000000000000e+00       2.966270700969e-15       7.569998602535e-17      -3.933486381713e-17 
 1198       1.403101620686e-10       2.150694361021e-12       1.032763671230e-12       0.000000000000e+00       2.956444483967e-15       7.942719118440e-17      -4.064380279746e-17 
 1199       1.396698432472e-10       2.175568993752e-12       1.087907711037e-12       0.000000000000e+00       2.946658110250e-15       8.313039995137e-17      -4.194334749138e-17 
 1200       1.390263792543e-10       2.200766048446e-12       1.140565680337e-12       0.000000000000e+00       2.936911339874e-15       8.680791075716e-17      -4.323329391388e-17 
 1201       1.383800051344e-10       2.226273319696e-12       1.190706508231e-12       0.000000000000e+00       2.927203929577e-15       9.045801149247e-17      -4.451343702571e-17 
 1202       1.377309575327e-10       2.252078513999e-12       1.238298981959e-12       0.000000000000e+00       2.917535632774e-15       9.407897948648e-17      -4.578357073141e-17 
 1203       1.370794746983e-10       2.278169249566e-12       1.283311746648e-12       0.000000000000e+00       2.907906199545e-15       9.766908148556e-17      -4.704348787741e-17 
 1204       1.364257964874e-10       2.304533056134e-12       1.325713305064e-12       0.000000000000e+00       2.898315376630e-15       1.012265736319e-16      -4.829298024998e-17 
 1205       1.357701643666e-10       2.331157374781e-12       1.365472017362e-12       0.000000000000e+00       2.888762907419e-15       1.047497014423e-16      -4.953183857336e-17 
 1206       1.351128214167e-10       2.358029557734e-12       1.402556100841e-12       0.000000000000e+00       2.879248531943e-15       1.082366997868e-16      -5.075985250776e-17 
 1207       1.344540022888e-10       2.385137030988e-12       1.436940973913e-12       0.000000000000e+00       2.869772011840e-15       1.116864875707e-16      -5.197682118667e-17 
 1208       1.337939029349e-10       2.412467784671e-12       1.468631385884e-12       0.000000000000e+00       2.860333205596e-15       1.151007610328e-16      -5.318258497250e-17 
 1209       1.331327105179e-10       2.440009888246e-12       1.497639554675e-12       0.000000000000e+00       2.850931994200e-15       1.184819257552e-16      -5.437699408166e-17 
 1210       1.324706134269e-10       2.467751328068e-12       1.523977847264e-12       0.000000000000e+00       2.841568256243e-15       1.218324042951e-16      -5.555989807901e-17 
 1211       1.318078012802e-10       2.495680007212e-12       1.547658780044e-12       0.000000000000e+00       2.832241867915e-15       1.251546362203e-16      -5.673114587680e-17 
 1212       1.311444649276e-10       2.523783745301e-12       1.568695019174e-12       0.000000000000e+00       2.822952702998e-15       1.284510781455e-16      -5.789058573360e-17 
 1213       1.304807964531e-10       2.552050278328e-12       1.587099380936e-12       0.000000000000e+00       2.813700632858e-15       1.317242037679e-16      -5.903806525319e-17 
 1214       1.298169891769e-10       2.580467258486e-12       1.602884832094e-12       0.000000000000e+00       2.804485526440e-15       1.349765039032e-16      -6.017343138343e-17 
 1215       1.291532376585e-10       2.609022253992e-12       1.616064490246e-12       0.000000000000e+00       2.795307250264e-15       1.382104865216e-16      -6.129653041526e-17 
 1216       1.284897376990e-10       2.637702748910e-12       1.626651624179e-12       0.000000000000e+00       2.786165668413e-15       1.414286767831e-16      -6.240720798152e-17 
 1217       1.278266863435e-10       2.666496142983e-12       1.634659654227e-12       0.000000000000e+00       2.777060642533e-15       1.446336170740e-16      -6.350530905589e-17 
 1218       1.271642818837e-10       2.695389751453e-12       1.640102152627e-12       0.000000000000e+00       2.767992031822e-15       1.478278670424e-16      -6.459067795184e-17 
 1219       1.265027238604e-10       2.724370804890e-12       1.642992843871e-12       0.000000000000e+00       2.758959693024e-15       1.510140036343e-16      -6.566315832147e-17 
 1220       1.258422130660e-10       2.753426449018e-12       1.643345605063e-12       0.000000000000e+00       2.749963480427e-15       1.541946211291e-16      -6.672259315446e-17 
 1221       1.251829515469e-10       2.782543744539e-12       1.641174466279e-12       0.000000000000e+00       2.741003245853e-15       1.573723311759e-16      -6.776882477698e-17 
 1222       1.245251426065e-10       2.811709666960e-12       1.636493610914e-12       0.000000000000e+00       2.732078838650e-15       1.605497628290e-16      -6.880169485058e-17 
 1223       1.238689908069e-10       2.840911106420e-12       1.629317376046e-12       0.000000000000e+00       2.723190105690e-15       1.637295625839e-16      -6.982104437111e-17 
 1224       1.232147019721e-10       2.870134867514e-12       1.619660252785e-12       0.000000000000e+00       2.714336891361e-15       1.669143944134e-16      -7.082671366764e-17 
 1225       1.225624831902e-10       2.899367669117e-12       1.607536886634e-12       0.000000000000e+00       2.705519037560e-15       1.701069398028e-16      -7.181854240133e-17 
 1226       1.219125428159e-10       2.928596144217e-12       1.592962077840e-12       0.000000000000e+00       2.696736383685e-15       1.733098977867e-16      -7.279636956439e-17 
 1227       1.212650904732e-10       2.957806839733e-12       1.575950781752e-12       0.000000000000e+00       2.687988766635e-15       1.765259849839e-16      -7.376003347896e-17 
 1228       1.206203370577e-10       2.986986216345e-12       1.556518109176e-12       0.000000000000e+00       2.679276020795e-15       1.797579356341e-16      -7.470937179603e-17 
 1229       1.199784947392e-10       3.016120648318e-12       1.534679326732e-12       0.000000000000e+00       2.670597978037e-15       1.830085016331e-16      -7.564422149432e-17 
 1230       1.193397769641e-10       3.045196423331e-12       1.510449857205e-12       0.000000000000e+00       2.661954467710e-15       1.862804525691e-16      -7.656441887924e-17 
 1231       1.187043984582e-10       3.074199742299e-12       1.483845279906e-12       0.000000000000e+00       2.653345316634e-15       1.895765757583e-16      -7.746979958174e-17 
 1232       1.180725752290e-10       3.103116719200e-12       1.454881331025e-12       0.000000000000e+00       2.644770349094e-15       1.928996762809e-16      -7.836019855728e-17 
 1233       1.174445245680e-10       3.131933380904e-12       1.423573903986e-12       0.000000000000e+00       2.636229386834e-15       1.962525770170e-16      -7.923545008470e-17 
 1234       1.168204650537e-10       3.160635666993e-12       1.389939049804e-12       0.000000000000e+00       2.627722249051e-15       1.996381186822e-16      -8.009538776513e-17 
 1235       1.162006165538e-10       3.189209429593e-12       1.353992977440e-12       0.000000000000e+00       2.619248752388e-15       2.030591598639e-16      -8.093984452092e-17 
 1236       1.155852002277e-10       3.217640433195e-12       1.315752054155e-12       0.000000000000e+00       2.610808710927e-15       2.065185770567e-16      -8.176865259451e-17 
 1237       1.149744385289e-10       3.245914354484e-12       1.275232805868e-12       0.000000000000e+00       2.602401936185e-15       2.100192646986e-16      -8.258164354740e-17 
 1238       1.143685552081e-10       3.274016782164e-12       1.232451917511e-12       0.000000000000e+00       2.594028237104e-15       2.135641352067e-16      -8.337864825900e-17 
 1239       1.137677753148e-10       3.301933216782e-12       1.187426233383e-12       0.000000000000e+00       2.585687420048e-15       2.171561190130e-16      -8.415949692557e-17 
 1240       1.131723252008e-10       3.329649070557e-12       1.140172757507e-12       0.000000000000e+00       2.577379288796e-15       2.207981646005e-16      -8.492401905913e-17 
 1241       1.125824325217e-10       3.357149667204e-12       1.090708653985e-12       0.000000000000e+00       2.569103644536e-15       2.244932385388e-16      -8.567204348635e-17 
 1242       1.119983262402e-10       3.384420241759e-12       1.039051247355e-12       0.000000000000e+00       2.560860285854e-15       2.282443255203e-16      -8.640339834747e-17 
 1243       1.114202366283e-10       3.411445940408e-12       9.852180229422e-13       0.000000000000e+00       2.552649008736e-15       2.320544283955e-16      -8.711791109523e-17 
 1244       1.108483952699e-10       3.438211820310e-12       9.292266272205e-13       0.000000000000e+00       2.544469606555e-15       2.359265682094e-16      -8.781540849372e-17 
 1245       1.102830350630e-10       3.464702849423e-12       8.710948681638e-13       0.000000000000e+00       2.536321870068e-15       2.398637842373e-16      -8.849571661736e-17 
 1246       1.097243638818e-10       3.490905247193e-12       8.108442664081e-13       0.000000000000e+00       2.528205607086e-15       2.438679767483e-16      -8.915870405992e-17 
 1247       1.091724852177e-10       3.516810524181e-12       7.485107536177e-13       0.000000000000e+00       2.520120701768e-15       2.479364203651e-16      -8.980441211877e-17 
 1248       1.086274766121e-10       3.542411489482e-12       6.841341003426e-13       0.000000000000e+00       2.512067056010e-15       2.520652098690e-16      -9.043292613584e-17 
 1249       1.080894159131e-10       3.567700914095e-12       6.177543772293e-13       0.000000000000e+00       2.504044569827e-15       2.562504137083e-16      -9.104433242826e-17 
 1250       1.075583812762e-10       3.592671530849e-12       5.494119556497e-13       0.000000000000e+00       2.496053141348e-15       2.604880739438e-16      -9.163871829060e-17 
 1251       1.070344511645e-10       3.617316034337e-12       4.791475083315e-13       0.000000000000e+00       2.488092666808e-15       2.647742061963e-16      -9.221617199715e-17 
 1252       1.065177043494e-10       3.641627080841e-12       4.070020099880e-13       0.000000000000e+00       2.480163040547e-15       2.691047995925e-16      -9.277678280411e-17 
 1253       1.060082199110e-10       3.665597288264e-12       3.330167379475e-13       0.000000000000e+00       2.472264155004e-15       2.734758167114e-16      -9.332064095189e-17 
 1254       1.055060772385e-10       3.689219236058e-12       2.572332727835e-13       0.000000000000e+00       2.464395900710e-15       2.778831935314e-16      -9.384783766733e-17 
 1255       1.050113560308e-10       3.712485465155e-12       1.796934989439e-13       0.000000000000e+00       2.456558166287e-15       2.823228393759e-16      -9.435846516594e-17 
 1256       1.045241362969e-10       3.735388477896e-12       1.004396053816e-13       0.000000000000e+00       2.448750838441e-15       2.867906368607e-16      -9.485261665415e-17 
 1257       1.040444983563e-10       3.757920737958e-12       1.951408618348e-14       0.000000000000e+00       2.440973801955e-15       2.912824418398e-16      -9.533038633159e-17 
 1258       1.035725228397e-10       3.780074670286e-12      -6.304025879917e-14       0.000000000000e+00       2.433226939690e-15       2.957940833521e-16      -9.579186939328e-17 
 1259       1.031082906894e-10       3.801842661024e-12      -1.471803233213e-13       0.000000000000e+00       2.425510132575e-15       3.003213635682e-16      -9.623716203191e-17 
 1260       1.026518831595e-10       3.823217057439e-12      -2.328626941142e-13       0.000000000000e+00       2.417823259605e-15       3.048600577362e-16      -9.666636144009e-17 
 1261       1.022033818167e-10       3.844190167856e-12      -3.200436502556e-13       0.000000000000e+00       2.410166197833e-15       3.094059141288e-16      -9.707956581259e-17 
 1262       1.017628685408e-10       3.864754261585e-12      -4.086791625400e-13       0.000000000000e+00       2.402538822369e-15       3.139546539896e-16      -9.747687434856e-17 
 1263       1.013304255247e-10       3.884901568848e-12      -4.987248928489e-13       0.000000000000e+00       2.394941006375e-15       3.185019714795e-16      -9.785838725382e-17 
 1264       1.009061352757e-10       3.904624280714e-12      -5.901361935210e-13       0.000000000000e+00       2.387372621056e-15       3.230435336232e-16      -9.822420574309e-17 
 1265       1.004900806149e-10       3.923914549023e-12      -6.828681067222e-13       0.000000000000e+00       2.379833535661e-15       3.275749802556e-16      -9.857443204220e-17 
 1266       1.000823446789e-10       3.942764486319e-12      -7.768753638162e-13       0.000000000000e+00       2.372323617471e-15       3.320919239687e-16      -9.890916939041e-17 
 1267       9.968301091914e-11       3.961166165779e-12      -8.721123847346e-13       0.000000000000e+00       2.364842731803e-15       3.365899500574e-16      -9.922852204258e-17 
 1268       9.929216310314e-11       3.979111621139e-12      -9.685332773468e-13       0.000000000000e+00       2.357390741997e-15       3.410646164668e-16      -9.953259527147e-17 
 1269       9.890988531461e-11       3.996592846628e-12      -1.066091836831e-12       0.000000000000e+00       2.349967509418e-15       3.455114537378e-16      -9.982149536995e-17 
 1270       9.853626195408e-11       4.013601796895e-12      -1.164741545042e-12       0.000000000000e+00       2.342572893444e-15       3.499259649544e-16      -1.000953296533e-16 
 1271       9.817137773929e-11       4.030130386940e-12      -1.264435569887e-12       0.000000000000e+00       2.335206751469e-15       3.543036256895e-16      -1.003542064613e-16 
 1272       9.781531770570e-11       4.046170492039e-12      -1.365126764688e-12       0.000000000000e+00       2.327868938892e-15       3.586398839520e-16      -1.005982351608e-16 
 1273       9.746816720697e-11       4.061713947680e-12      -1.466767667559e-12       0.000000000000e+00       2.320559309115e-15       3.629301601327e-16      -1.008275261477e-16 
 1274       9.713001191543e-11       4.076752549487e-12      -1.569310500772e-12       0.000000000000e+00       2.313277713539e-15       3.671698469513e-16      -1.010421908490e-16 
 1275       9.680093782253e-11       4.091278053154e-12      -1.672707170130e-12       0.000000000000e+00       2.306024001557e-15       3.713543094024e-16      -1.012423417256e-16 
 1276       9.648103123936e-11       4.105282174369e-12      -1.776909264332e-12       0.000000000000e+00       2.298798020549e-15       3.754788847026e-16      -1.014280922743e-16 
 1277       9.617037879709e-11       4.118756588749e-12      -1.881868054353e-12       0.000000000000e+00       2.291599615879e-15       3.795388822361e-16      -1.015995570296e-16 
 1278       9.586906744747e-11       4.131692931764e-12      -1.987534492802e-12       0.000000000000e+00       2.284428630892e-15       3.835295835022e-16      -1.017568515669e-16 
 1279       9.557718446327e-11       4.144082798673e-12      -2.093859213304e-12       0.000000000000e+00       2.277284906903e-15       3.874462420610e-16      -1.019000925036e-16 
 1280       9.529481743879e-11       4.155917744446e-12      -2.200792529860e-12       0.000000000000e+00       2.270168283198e-15       3.912840834802e-16      -1.020293975024e-16 
 1281       9.502205429031e-11       4.167189283698e-12      -2.308284436224e-12       0.000000000000e+00       2.263078597027e-15       3.950383052816e-16      -1.021448852728e-16 
 1282       9.475898325661e-11       4.177888890620e-12      -2.416284605272e-12       0.000000000000e+00       2.256015683599e-15       3.987040768874e-16      -1.022466755738e-16 
 1283       9.450569289936e-11       4.188007998903e-12      -2.524742388370e-12       0.000000000000e+00       2.248979376078e-15       4.022765395671e-16      -1.023348892159e-16 
 1284       9.426227210369e-11       4.197538001671e-12      -2.633606814746e-12       0.000000000000e+00       2.241969505576e-15       4.057508063834e-16      -1.024096480634e-16 
 1285       9.402878487321e-11       4.206471899447e-12      -2.742828358300e-12       0.000000000000e+00       2.234985916734e-15       4.091232553116e-16      -1.024710723048e-16 
 1286       9.380519440052e-11       4.214809264711e-12      -2.852364261313e-12       0.000000000000e+00       2.228028514656e-15       4.123954248050e-16      -1.025192722255e-16 
 1287       9.359143813378e-11       4.222551333688e-12      -2.962173270054e-12       0.000000000000e+00       2.221097218500e-15       4.155701624444e-16      -1.025543563457e-16 
 1288       9.338745290238e-11       4.229699363478e-12      -3.072213872339e-12       0.000000000000e+00       2.214191945934e-15       4.186503358268e-16      -1.025764341464e-16 
 1289       9.319317491560e-11       4.236254632110e-12      -3.182444297023e-12       0.000000000000e+00       2.207312613140e-15       4.216388326057e-16      -1.025856160708e-16 
 1290       9.300853976122e-11       4.242218438590e-12      -3.292822513501e-12       0.000000000000e+00       2.200459134805e-15       4.245385605317e-16      -1.025820135269e-16 
 1291       9.283348240419e-11       4.247592102950e-12      -3.403306231210e-12       0.000000000000e+00       2.193631424121e-15       4.273524474926e-16      -1.025657388894e-16 
 1292       9.266793718527e-11       4.252376966294e-12      -3.513852899121e-12       0.000000000000e+00       2.186829392776e-15       4.300834415540e-16      -1.025369055013e-16 
 1293       9.251183781967e-11       4.256574390854e-12      -3.624419705244e-12       0.000000000000e+00       2.180052950957e-15       4.327345109996e-16      -1.024956276768e-16 
 1294       9.236511739570e-11       4.260185760033e-12      -3.734963576121e-12       0.000000000000e+00       2.173302007343e-15       4.353086443716e-16      -1.024420207024e-16 
 1295       9.222770837341e-11       4.263212478456e-12      -3.845441176330e-12       0.000000000000e+00       2.166576469098e-15       4.378088505110e-16      -1.023762008397e-16 
 1296       9.209954258323e-11       4.265655972019e-12      -3.955808907977e-12       0.000000000000e+00       2.159876241875e-15       4.402381585984e-16      -1.022982853272e-16 
 1297       9.198055122465e-11       4.267517687941e-12      -4.066022910203e-12       0.000000000000e+00       2.153201229806e-15       4.425996181938e-16      -1.022083923821e-16 
 1298       9.187066486479e-11       4.268799094806e-12      -4.176039058674e-12       0.000000000000e+00       2.146551335499e-15       4.448962992774e-16      -1.021066412027e-16 
 1299       9.176981343713e-11       4.269501682621e-12      -4.285812965086e-12       0.000000000000e+00       2.139926460040e-15       4.471312922897e-16      -1.019931519704e-16 
 1300       9.167792624011e-11       4.269626962856e-12      -4.395299976659e-12       0.000000000000e+00       2.133326502980e-15       4.493077081723e-16      -1.018680458513e-16 
 1301       9.159493193575e-11       4.269176468503e-12      -4.504455175638e-12       0.000000000000e+00       2.126751362340e-15       4.514286784078e-16      -1.017314449989e-16 
 1302       9.152075854836e-11       4.268151754116e-12      -4.613233378794e-12       0.000000000000e+00       2.120200934602e-15       4.534973550605e-16      -1.015834725559e-16 
 1303       9.145533346313e-11       4.266554395864e-12      -4.721589136914e-12       0.000000000000e+00       2.113675114707e-15       4.555169108169e-16      -1.014242526560e-16 
 1304       9.139858342481e-11       4.264385991583e-12      -4.829476734312e-12       0.000000000000e+00       2.107173796053e-15       4.574905390256e-16      -1.012539104262e-16 
 1305       9.135043453631e-11       4.261648160818e-12      -4.936850188314e-12       0.000000000000e+00       2.100696870488e-15       4.594214537382e-16      -1.010725719889e-16 
 1306       9.131081225740e-11       4.258342544880e-12      -5.043663248770e-12       0.000000000000e+00       2.094244228308e-15       4.613128897494e-16      -1.008803644637e-16 
 1307       9.127964140332e-11       4.254470806889e-12      -5.149869397541e-12       0.000000000000e+00       2.087815758255e-15       4.631681026375e-16      -1.006774159696e-16 
 1308       9.125684614343e-11       4.250034631826e-12      -5.255421848004e-12       0.000000000000e+00       2.081411347510e-15       4.649903688049e-16      -1.004638556272e-16 
 1309       9.124234999986e-11       4.245035726581e-12      -5.360273544550e-12       0.000000000000e+00       2.075030881691e-15       4.667829855180e-16      -1.002398135605e-16 
 1310       9.123607584614e-11       4.239475820005e-12      -5.464377162081e-12       0.000000000000e+00       2.068674244850e-15       4.685492709484e-16      -1.000054208988e-16 
 1311       9.123794590588e-11       4.233356662953e-12      -5.567685105510e-12       0.000000000000e+00       2.062341319470e-15       4.702925642124e-16      -9.976080977937e-17 
 1312       9.124788175137e-11       4.226680028339e-12      -5.670149509256e-12       0.000000000000e+00       2.056031986457e-15       4.720162254121e-16      -9.950611334885e-17 
 1313       9.126580430226e-11       4.219447711183e-12      -5.771722236749e-12       0.000000000000e+00       2.049746125141e-15       4.737236356755e-16      -9.924146576564e-17 
 1314       9.129163382418e-11       4.211661528659e-12      -5.872354879922e-12       0.000000000000e+00       2.043483613270e-15       4.754181971967e-16      -9.896700220187e-17 
 1315       9.132528992739e-11       4.203323320145e-12      -5.971998758714e-12       0.000000000000e+00       2.037244327009e-15       4.771033332768e-16      -9.868285884541e-17 
 1316       9.136669156545e-11       4.194434947274e-12      -6.070604920567e-12       0.000000000000e+00       2.031028140931e-15       4.787824883636e-16      -9.838917290197e-17 
 1317       9.141575703382e-11       4.184998293980e-12      -6.168124139924e-12       0.000000000000e+00       2.024834928019e-15       4.804591280927e-16      -9.808608259712e-17 
 1318       9.147240396856e-11       4.175015266548e-12      -6.264506917729e-12       0.000000000000e+00       2.018664559659e-15       4.821367393273e-16      -9.777372717836e-17 
 1319       9.153654934491e-11       4.164487793663e-12      -6.359703480923e-12       0.000000000000e+00       2.012516905638e-15       4.838188301992e-16      -9.745224691714e-17 
 1320       9.160810947599e-11       4.153417826461e-12      -6.453663781945e-12       0.000000000000e+00       2.006391834138e-15       4.855089301484e-16      -9.712178311092e-17 
 1321       9.168700001140e-11       4.141807338576e-12      -6.546337498232e-12       0.000000000000e+00       2.000289211735e-15       4.872105899643e-16      -9.678247808522e-17 
 1322       9.177313593593e-11       4.129658326190e-12      -6.637674031712e-12       0.000000000000e+00       1.994208903395e-15       4.889273818254e-16      -9.643447519568e-17 
 1323       9.186643156812e-11       4.116972808081e-12      -6.727622508308e-12       0.000000000000e+00       1.988150772469e-15       4.906628993403e-16      -9.607791883007e-17 
 1324       9.196679049101e-11       4.103753825321e-12      -6.816137187109e-12       0.000000000000e+00       1.982114693074e-15       4.924198185859e-16      -9.571294560284e-17 
 1325       9.207407522527e-11       4.090008452341e-12      -6.903193754263e-12       0.000000000000e+00       1.976100587394e-15       4.941970697952e-16      -9.533965782803e-17 
 1326       9.218813721842e-11       4.075744819216e-12      -6.988773208026e-12       0.000000000000e+00       1.970108388788e-15       4.959926345161e-16      -9.495814975744e-17 
 1327       9.230882688043e-11       4.060971115149e-12      -7.072856465281e-12       0.000000000000e+00       1.964138029431e-15       4.978044817555e-16      -9.456851636311e-17 
 1328       9.243599358160e-11       4.045695588593e-12      -7.155424361406e-12       0.000000000000e+00       1.958189440320e-15       4.996305679556e-16      -9.417085333867e-17 
 1329       9.256948565055e-11       4.029926547362e-12      -7.236457650142e-12       0.000000000000e+00       1.952262551266e-15       5.014688369701e-16      -9.376525710088e-17 
 1330       9.270915037219e-11       4.013672358757e-12      -7.315937003461e-12       0.000000000000e+00       1.946357290893e-15       5.033172200400e-16      -9.335182479101e-17 
 1331       9.285483398563e-11       3.996941449675e-12      -7.393843011438e-12       0.000000000000e+00       1.940473586634e-15       5.051736357703e-16      -9.293065427631e-17 
 1332       9.300638168219e-11       3.979742306732e-12      -7.470156182116e-12       0.000000000000e+00       1.934611364730e-15       5.070359901056e-16      -9.250184415145e-17 
 1333       9.316363760332e-11       3.962083476379e-12      -7.544856941378e-12       0.000000000000e+00       1.928770550225e-15       5.089021763068e-16      -9.206549373996e-17 
 1334       9.332644483858e-11       3.943973565018e-12      -7.617925632810e-12       0.000000000000e+00       1.922951066965e-15       5.107700749267e-16      -9.162170309572e-17 
 1335       9.349464542357e-11       3.925421239123e-12      -7.689342517576e-12       0.000000000000e+00       1.917152837594e-15       5.126375537868e-16      -9.117057300432e-17 
 1336       9.366808033790e-11       3.906435225353e-12      -7.759087774284e-12       0.000000000000e+00       1.911375783552e-15       5.145024679528e-16      -9.071220498459e-17 
 1337       9.384658950315e-11       3.887024310672e-12      -7.827141498852e-12       0.000000000000e+00       1.905619825073e-15       5.163626597112e-16      -9.024670128999e-17 
 1338       9.403001178081e-11       3.867197342467e-12      -7.893483704382e-12       0.000000000000e+00       1.899884881178e-15       5.182159585453e-16      -8.977416491007e-17 
 1339       9.421818497027e-11       3.846963228663e-12      -7.958094321023e-12       0.000000000000e+00       1.894170869677e-15       5.200601811115e-16      -8.929469957196e-17 
 1340       9.441094580672e-11       3.826330937846e-12      -8.020953195844e-12       0.000000000000e+00       1.888477707165e-15       5.218931312152e-16      -8.880840974172e-17 
 1341       9.460812995917e-11       3.805309499372e-12      -8.082040092700e-12       0.000000000000e+00       1.882805309017e-15       5.237125997870e-16      -8.831540062587e-17 
 1342       9.480957202836e-11       3.783908003491e-12      -8.141334692102e-12       0.000000000000e+00       1.877153589388e-15       5.255163648593e-16      -8.781577817282e-17 
 1343       9.501510554473e-11       3.762135601462e-12      -8.198816591084e-12       0.000000000000e+00       1.871522461207e-15       5.273021915419e-16      -8.730964907427e-17 
 1344       9.522456296638e-11       3.740001505673e-12      -8.254465303074e-12       0.000000000000e+00       1.865911836178e-15       5.290678319982e-16      -8.679712076670e-17 
 1345       9.543777567701e-11       3.717514989755e-12      -8.308260257760e-12       0.000000000000e+00       1.860321624774e-15       5.308110254220e-16      -8.627830143282e-17 
 1346       9.565457398392e-11       3.694685388699e-12      -8.360180800960e-12       0.000000000000e+00       1.854751736236e-15       5.325294980127e-16      -8.575330000297e-17 
 1347       9.587478711590e-11       3.671522098979e-12      -8.410206194492e-12       0.000000000000e+00       1.849202078569e-15       5.342209629524e-16      -8.522222615661e-17 
 1348       9.609824322124e-11       3.648034578664e-12      -8.458315616039e-12       0.000000000000e+00       1.843672558540e-15       5.358831203813e-16      -8.468519032374e-17 
 1349       9.632476936566e-11       3.624232347538e-12      -8.504488159021e-12       0.000000000000e+00       1.838163081675e-15       5.375136573742e-16      -8.414230368636e-17 
 1350       9.655419153027e-11       3.600124987215e-12      -8.548702832461e-12       0.000000000000e+00       1.832673552256e-15       5.391102479167e-16      -8.359367817990e-17 
 1351       9.678633460954e-11       3.575722141262e-12      -8.590938560856e-12       0.000000000000e+00       1.827203873317e-15       5.406705528815e-16      -8.303942649470e-17 
 1352       9.702102240923e-11       3.551033515309e-12      -8.631174184045e-12       0.000000000000e+00       1.821753946646e-15       5.421922200039e-16      -8.247966207740e-17 
 1353       9.725807764437e-11       3.526068877173e-12      -8.669388457075e-12       0.000000000000e+00       1.816323672774e-15       5.436728838587e-16      -8.191449913242e-17 
 1354       9.749732193721e-11       3.500838056971e-12      -8.705560050072e-12       0.000000000000e+00       1.810912950979e-15       5.451101658360e-16      -8.134405262342e-17 
 1355       9.773857581515e-11       3.475350947241e-12      -8.739667548112e-12       0.000000000000e+00       1.805521679282e-15       5.465016741174e-16      -8.076843827470e-17 
 1356       9.798165870874e-11       3.449617503055e-12      -8.771689451084e-12       0.000000000000e+00       1.800149754441e-15       5.478450036523e-16      -8.018777257271e-17 
 1357       9.822638894961e-11       3.423647742143e-12      -8.801604173563e-12       0.000000000000e+00       1.794797071952e-15       5.491377361338e-16      -7.960217276740e-17 
 1358       9.847258376843e-11       3.397451745004e-12      -8.829390044675e-12       0.000000000000e+00       1.789463526043e-15       5.503774399749e-16      -7.901175687378e-17 
 1359       9.872005929285e-11       3.371039655025e-12      -8.855025307970e-12       0.000000000000e+00       1.784149009673e-15       5.515616702851e-16      -7.841664367327e-17 
 1360       9.896863054551e-11       3.344421678603e-12      -8.878488121288e-12       0.000000000000e+00       1.778853414530e-15       5.526879688459e-16      -7.781695271520e-17 
 1361       9.921811144191e-11       3.317608085258e-12      -8.899756556627e-12       0.000000000000e+00       1.773576631026e-15       5.537538640875e-16      -7.721280431824e-17 
 1362       9.946831478844e-11       3.290609207749e-12      -8.918808600012e-12       0.000000000000e+00       1.768318548294e-15       5.547568710644e-16      -7.660431957182e-17 
 1363       9.971906077192e-11       3.263435304754e-12      -8.935627749674e-12       0.000000000000e+00       1.763079064063e-15       5.556949889763e-16      -7.599161298923e-17 
 1364       9.997020253204e-11       3.236096147036e-12      -8.950219876558e-12       0.000000000000e+00       1.757858114391e-15       5.565681996158e-16      -7.537477037761e-17 
 1365       1.002216008592e-10       3.208601427071e-12      -8.962596544437e-12       0.000000000000e+00       1.752655644241e-15       5.573769849486e-16      -7.475387073338e-17 
 1366       1.004731157262e-10       3.180960896189e-12      -8.972769428245e-12       0.000000000000e+00       1.747471597639e-15       5.581218310367e-16      -7.412899357007e-17 
 1367       1.007246062871e-10       3.153184364692e-12      -8.980750314305e-12       0.000000000000e+00       1.742305917666e-15       5.588032280459e-16      -7.350021891934e-17 
 1368       1.009759308752e-10       3.125281701956e-12      -8.986551100560e-12       0.000000000000e+00       1.737158546458e-15       5.594216702547e-16      -7.286762733185e-17 
 1369       1.012269470019e-10       3.097262836540e-12      -8.990183796803e-12       0.000000000000e+00       1.732029425206e-15       5.599776560624e-16      -7.223129987834e-17 
 1370       1.014775113551e-10       3.069137756299e-12      -8.991660524909e-12       0.000000000000e+00       1.726918494148e-15       5.604716879973e-16      -7.159131815053e-17 
 1371       1.017274797978e-10       3.040916508488e-12      -8.990993519062e-12       0.000000000000e+00       1.721825692575e-15       5.609042727249e-16      -7.094776426210e-17 
 1372       1.019767073665e-10       3.012609199873e-12      -8.988195125984e-12       0.000000000000e+00       1.716750958820e-15       5.612759210566e-16      -7.030072084970e-17 
 1373       1.022250482697e-10       2.984225996839e-12      -8.983277805169e-12       0.000000000000e+00       1.711694230265e-15       5.615871479572e-16      -6.965027107388e-17 
 1374       1.024723558863e-10       2.955777125499e-12      -8.976254129110e-12       0.000000000000e+00       1.706655443328e-15       5.618384725541e-16      -6.899649862007e-17 
 1375       1.027184827646e-10       2.927272871802e-12      -8.967136783532e-12       0.000000000000e+00       1.701634533473e-15       5.620304181449e-16      -6.833948769958e-17 
 1376       1.029632806199e-10       2.898723581641e-12      -8.955938567616e-12       0.000000000000e+00       1.696631435197e-15       5.621635122057e-16      -6.767932305052e-17 
 1377       1.032066003341e-10       2.870139660963e-12      -8.942672394236e-12       0.000000000000e+00       1.691646082034e-15       5.622382864000e-16      -6.701608993881e-17 
 1378       1.034482919533e-10       2.841531575877e-12      -8.927351290183e-12       0.000000000000e+00       1.686678406551e-15       5.622552765861e-16      -6.634987415914e-17 
 1379       1.036882046868e-10       2.812909852763e-12      -8.909988396400e-12       0.000000000000e+00       1.681728340347e-15       5.622150228260e-16      -6.568076203595e-17 
 1380       1.039261869053e-10       2.784285078379e-12      -8.890596968209e-12       0.000000000000e+00       1.676795814049e-15       5.621180693935e-16      -6.500884042438e-17 
 1381       1.041620861397e-10       2.755667899974e-12      -8.869190375540e-12       0.000000000000e+00       1.671880757311e-15       5.619649647824e-16      -6.433419671126e-17 
 1382       1.043957490795e-10       2.727069025389e-12      -8.845782103164e-12       0.000000000000e+00       1.666983098810e-15       5.617562617148e-16      -6.365691881606e-17 
 1383       1.046270215712e-10       2.698499223173e-12      -8.820385750922e-12       0.000000000000e+00       1.662102766247e-15       5.614925171495e-16      -6.297709519189e-17 
 1384       1.048557486167e-10       2.669969322688e-12      -8.793015033951e-12       0.000000000000e+00       1.657239686343e-15       5.611742922900e-16      -6.229481482646e-17 
 1385       1.050817743724e-10       2.641490214218e-12      -8.763683782922e-12       0.000000000000e+00       1.652393784835e-15       5.608021525930e-16      -6.161016724302e-17 
 1386       1.053049421468e-10       2.613072849079e-12      -8.732405944263e-12       0.000000000000e+00       1.647564986479e-15       5.603766677767e-16      -6.092324250140e-17 
 1387       1.055250943998e-10       2.584728239724e-12      -8.699195580389e-12       0.000000000000e+00       1.642753215042e-15       5.598984118289e-16      -6.023413119891e-17 
 1388       1.057420727408e-10       2.556467459856e-12      -8.664066869939e-12       0.000000000000e+00       1.637958393302e-15       5.593679630155e-16      -5.954292447134e-17 
 1389       1.059557179273e-10       2.528301644534e-12      -8.627034107998e-12       0.000000000000e+00       1.633180443047e-15       5.587859038883e-16      -5.884971399395e-17 
 1390       1.061658698634e-10       2.500241990284e-12      -8.588111706330e-12       0.000000000000e+00       1.628419285073e-15       5.581528212941e-16      -5.815459198240e-17 
 1391       1.063723675983e-10       2.472299755202e-12      -8.547314193610e-12       0.000000000000e+00       1.623674839180e-15       5.574693063821e-16      -5.745765119376e-17 
 1392       1.065750493247e-10       2.444486259071e-12      -8.504656215650e-12       0.000000000000e+00       1.618947024169e-15       5.567359546127e-16      -5.675898492746e-17 
 1393       1.067737523776e-10       2.416812883462e-12      -8.460152535631e-12       0.000000000000e+00       1.614235757844e-15       5.559533657655e-16      -5.605868702627e-17 
 1394       1.069683132324e-10       2.389291071847e-12      -8.413818034336e-12       0.000000000000e+00       1.609540957005e-15       5.551221439479e-16      -5.535685187726e-17 
 1395       1.071585675039e-10       2.361932329705e-12      -8.365667710372e-12       0.000000000000e+00       1.604862537450e-15       5.542428976030e-16      -5.465357441278e-17 
 1396       1.073443499442e-10       2.334748224634e-12      -8.315716680410e-12       0.000000000000e+00       1.600200413968e-15       5.533162395181e-16      -5.394895011143e-17 
 1397       1.075254944418e-10       2.307750386455e-12      -8.263980179405e-12       0.000000000000e+00       1.595554500343e-15       5.523427868331e-16      -5.324307499902e-17 
 1398       1.077018340196e-10       2.280950507326e-12      -8.210473560834e-12       0.000000000000e+00       1.590924709345e-15       5.513231610483e-16      -5.253604564958e-17 
 1399       1.078732008338e-10       2.254360341846e-12      -8.155212296921e-12       0.000000000000e+00       1.586310952735e-15       5.502579880331e-16      -5.182795918628e-17 
 1400       1.080394261721e-10       2.227991707165e-12      -8.098211978869e-12       0.000000000000e+00       1.581713141256e-15       5.491478980342e-16      -5.111891328241e-17 
 1401       1.082003404526e-10       2.201856483093e-12      -8.039488317091e-12       0.000000000000e+00       1.577131184635e-15       5.479935256837e-16      -5.040900616239e-17 
 1402       1.083557929016e-10       2.175965540259e-12      -7.979059793584e-12       0.000000000000e+00       1.572564999479e-15       5.467956802823e-16      -4.969832678459e-17 
 1403       1.085057108170e-10       2.150325512137e-12      -7.916955648866e-12       0.000000000000e+00       1.568014533062e-15       5.455558585749e-16      -4.898692527594e-17 
 1404       1.086500409206e-10       2.124941989563e-12      -7.853207978808e-12       0.000000000000e+00       1.563479739782e-15       5.442757373400e-16      -4.827484219084e-17 
 1405       1.087887297335e-10       2.099820589678e-12      -7.787849090437e-12       0.000000000000e+00       1.558960573280e-15       5.429570036190e-16      -4.756211830174e-17 
 1406       1.089217235764e-10       2.074966955968e-12      -7.720911502330e-12       0.000000000000e+00       1.554456986444e-15       5.416013547346e-16      -4.684879459944e-17 
 1407       1.090489685689e-10       2.050386758306e-12      -7.652427944998e-12       0.000000000000e+00       1.549968931402e-15       5.402104983099e-16      -4.613491229351e-17 
 1408       1.091704106293e-10       2.026085693002e-12      -7.582431361289e-12       0.000000000000e+00       1.545496359521e-15       5.387861522865e-16      -4.542051281263e-17 
 1409       1.092859954744e-10       2.002069482837e-12      -7.510954906770e-12       0.000000000000e+00       1.541039221409e-15       5.373300449435e-16      -4.470563780501e-17 
 1410       1.093956686190e-10       1.978343877112e-12      -7.438031950125e-12       0.000000000000e+00       1.536597466908e-15       5.358439149165e-16      -4.399032913869e-17 
 1411       1.094993753760e-10       1.954914651691e-12      -7.363696073542e-12       0.000000000000e+00       1.532171045098e-15       5.343295112153e-16      -4.327462890198e-17 
 1412       1.095970608557e-10       1.931787609042e-12      -7.287981073111e-12       0.000000000000e+00       1.527759904290e-15       5.327885932435e-16      -4.255857940379e-17 
 1413       1.096886699655e-10       1.908968578282e-12      -7.210920959207e-12       0.000000000000e+00       1.523363992027e-15       5.312229308168e-16      -4.184222317402e-17 
 1414       1.097741474101e-10       1.886463415220e-12      -7.132549956891e-12       0.000000000000e+00       1.518983255082e-15       5.296343041816e-16      -4.112560296393e-17 
 1415       1.098534376907e-10       1.864278002397e-12      -7.052902506296e-12       0.000000000000e+00       1.514617639457e-15       5.280245040335e-16      -4.040876174650e-17 
 1416       1.099264851046e-10       1.842418249135e-12      -6.972013263018e-12       0.000000000000e+00       1.510267090379e-15       5.263953315366e-16      -3.969174271683e-17 
 1417       1.099932337456e-10       1.820890091575e-12      -6.889917098514e-12       0.000000000000e+00       1.505931552301e-15       5.247485983415e-16      -3.897458929247e-17 
 1418       1.100536275031e-10       1.799699492725e-12      -6.806649100487e-12       0.000000000000e+00       1.501610968898e-15       5.230861266042e-16      -3.825734511385e-17 
 1419       1.101076100619e-10       1.778852442498e-12      -6.722244573281e-12       0.000000000000e+00       1.497305283068e-15       5.214097490048e-16      -3.754005404459e-17 
 1420       1.101551249022e-10       1.758354957758e-12      -6.636739038272e-12       0.000000000000e+00       1.493014436927e-15       5.197213087661e-16      -3.682276017191e-17 
 1421       1.101961152988e-10       1.738213082365e-12      -6.550168234260e-12       0.000000000000e+00       1.488738371809e-15       5.180226596723e-16      -3.610550780699e-17 
 1422       1.102305243212e-10       1.718432887214e-12      -6.462568117862e-12       0.000000000000e+00       1.484477028266e-15       5.163156660878e-16      -3.538834148535e-17 
 1423       1.102582948335e-10       1.699020470281e-12      -6.373974863900e-12       0.000000000000e+00       1.480230346062e-15       5.146022029755e-16      -3.467130596721e-17 
 1424       1.102793694933e-10       1.679981956666e-12      -6.284424865798e-12       0.000000000000e+00       1.475998264176e-15       5.128841559158e-16      -3.395444623789e-17 
 1425       1.102936907523e-10       1.661323498637e-12      -6.193954735968e-12       0.000000000000e+00       1.471780720796e-15       5.111634211250e-16      -3.323780750813e-17 
 1426       1.103012008554e-10       1.643051275668e-12      -6.102601306207e-12       0.000000000000e+00       1.467577653322e-15       5.094419054742e-16      -3.252143521451e-17 
 1427       1.103018418407e-10       1.625171494492e-12      -6.010401628086e-12       0.000000000000e+00       1.463388998359e-15       5.077215265079e-16      -3.180537501980e-17 
 1428       1.102955555392e-10       1.607690389132e-12      -5.917392973341e-12       0.000000000000e+00       1.459214691720e-15       5.060042124625e-16      -3.108967281334e-17 
 1429       1.102822835742e-10       1.590614220957e-12      -5.823612834267e-12       0.000000000000e+00       1.455054668421e-15       5.042919022852e-16      -3.037437471142e-17 
 1430       1.102619673616e-10       1.573949278714e-12      -5.729098924109e-12       0.000000000000e+00       1.450908862681e-15       5.025865456523e-16      -2.965952705763e-17 
 1431       1.102345481087e-10       1.557701878579e-12      -5.633889177453e-12       0.000000000000e+00       1.446777207921e-15       5.008901029884e-16      -2.894517642324e-17 
 1432       1.101999668151e-10       1.541878364195e-12      -5.538021750618e-12       0.000000000000e+00       1.442659636760e-15       4.992045454846e-16      -2.823136960758e-17 
 1433       1.101581642711e-10       1.526485106719e-12      -5.441535022047e-12       0.000000000000e+00       1.438556081013e-15       4.975318551173e-16      -2.751815363841e-17 
 1434       1.101090810585e-10       1.511528504864e-12      -5.344467592703e-12       0.000000000000e+00       1.434466471694e-15       4.958740246669e-16      -2.680557577229e-17 
 1435       1.100526575498e-10       1.497014984940e-12      -5.246858286454e-12       0.000000000000e+00       1.430390739008e-15       4.942330577366e-16      -2.609368349495e-17 
 1436       1.099888339076e-10       1.482951000901e-12      -5.148746150469e-12       0.000000000000e+00       1.426328812355e-15       4.926109687707e-16      -2.538252452167e-17 
 1437       1.099175500852e-10       1.469343034387e-12      -5.050170455611e-12       0.000000000000e+00       1.422280620323e-15       4.910097830735e-16      -2.467214679763e-17 
 1438       1.098387458254e-10       1.456197594762e-12      -4.951170696824e-12       0.000000000000e+00       1.418246090692e-15       4.894315368280e-16      -2.396259849832e-17 
 1439       1.097523606606e-10       1.443521219168e-12      -4.851786593528e-12       0.000000000000e+00       1.414225150425e-15       4.878782771145e-16      -2.325392802988e-17 
 1440       1.096583339127e-10       1.431320472557e-12      -4.752058090013e-12       0.000000000000e+00       1.410217725675e-15       4.863520619291e-16      -2.254618402948e-17 
 1441       1.095566231837e-10       1.419600645994e-12      -4.652023992982e-12       0.000000000000e+00       1.406223748118e-15       4.848542412347e-16      -2.183941827711e-17 
 1442       1.094472600352e-10       1.408361837002e-12      -4.551717868287e-12       0.000000000000e+00       1.402243174055e-15       4.833832920924e-16      -2.113369446254e-17 
 1443       1.093302948735e-10       1.397602829516e-12      -4.451172103332e-12       0.000000000000e+00       1.398275965501e-15       4.819369615953e-16      -2.042907950806e-17 
 1444       1.092057785106e-10       1.387322391996e-12      -4.350419266447e-12       0.000000000000e+00       1.394322083864e-15       4.805129838199e-16      -1.972564066572e-17 
 1445       1.090737621648e-10       1.377519277389e-12      -4.249492107205e-12       0.000000000000e+00       1.390381489939e-15       4.791090798035e-16      -1.902344551783e-17 
 1446       1.089342974613e-10       1.368192223099e-12      -4.148423556730e-12       0.000000000000e+00       1.386454143911e-15       4.777229575212e-16      -1.832256197752e-17 
 1447       1.087874364333e-10       1.359339950957e-12      -4.047246728014e-12       0.000000000000e+00       1.382540005350e-15       4.763523118629e-16      -1.762305828928e-17 
 1448       1.086332315228e-10       1.350961167185e-12      -3.945994916227e-12       0.000000000000e+00       1.378639033211e-15       4.749948246106e-16      -1.692500302949e-17 
 1449       1.084717355808e-10       1.343054562367e-12      -3.844701599034e-12       0.000000000000e+00       1.374751185833e-15       4.736481644154e-16      -1.622846510698e-17 
 1450       1.083030018689e-10       1.335618811416e-12      -3.743400436905e-12       0.000000000000e+00       1.370876420939e-15       4.723099867750e-16      -1.553351376354e-17 
 1451       1.081270840594e-10       1.328652573543e-12      -3.642125273427e-12       0.000000000000e+00       1.367014695629e-15       4.709779340103e-16      -1.484021857449e-17 
 1452       1.079440362364e-10       1.322154492224e-12      -3.540910135622e-12       0.000000000000e+00       1.363165966388e-15       4.696496352430e-16      -1.414864944922e-17 
 1453       1.077539128964e-10       1.316123195168e-12      -3.439789234254e-12       0.000000000000e+00       1.359330189075e-15       4.683227063724e-16      -1.345887663168e-17 
 1454       1.075567689494e-10       1.310557294286e-12      -3.338796964146e-12       0.000000000000e+00       1.355507318929e-15       4.669947500530e-16      -1.277097070100e-17 
 1455       1.073526597193e-10       1.305455385658e-12      -3.237967904492e-12       0.000000000000e+00       1.351697310562e-15       4.656633556709e-16      -1.208500257196e-17 
 1456       1.071416409446e-10       1.300816049502e-12      -3.137336819171e-12       0.000000000000e+00       1.347900117964e-15       4.643260993217e-16      -1.140104349558e-17 
 1457       1.069237687798e-10       1.296637850139e-12      -3.036938657058e-12       0.000000000000e+00       1.344115694494e-15       4.629805437874e-16      -1.071916505962e-17 
 1458       1.066990997955e-10       1.292919335967e-12      -2.936808552338e-12       0.000000000000e+00       1.340343992885e-15       4.616242385131e-16      -1.003943918916e-17 
 1459       1.064676909795e-10       1.289659039424e-12      -2.836981824819e-12       0.000000000000e+00       1.336584965241e-15       4.602547195848e-16      -9.361938147100e-18 
 1460       1.062295997374e-10       1.286855476957e-12      -2.737493980247e-12       0.000000000000e+00       1.332838563033e-15       4.588695097062e-16      -8.686734534728e-18 
 1461       1.059848838937e-10       1.284507148992e-12      -2.638380710614e-12       0.000000000000e+00       1.329104737101e-15       4.574661181758e-16      -8.013901292255e-18 
 1462       1.057336016922e-10       1.282612539899e-12      -2.539677894478e-12       0.000000000000e+00       1.325383437651e-15       4.560420408643e-16      -7.343511699347e-18 
 1463       1.054758117968e-10       1.281170117963e-12      -2.441421597269e-12       0.000000000000e+00       1.321674614253e-15       4.545947601913e-16      -6.675639375676e-18 
 1464       1.052115732927e-10       1.280178335350e-12      -2.343648071608e-12       0.000000000000e+00       1.317978215843e-15       4.531217451028e-16      -6.010358281450e-18 
 1465       1.049409456866e-10       1.279635628076e-12      -2.246393757616e-12       0.000000000000e+00       1.314294190718e-15       4.516204510485e-16      -5.347742717961e-18 
 1466       1.046639889080e-10       1.279540415974e-12      -2.149695283229e-12       0.000000000000e+00       1.310622486535e-15       4.500883199584e-16      -4.687867328121e-18 
 1467       1.043807633093e-10       1.279891102665e-12      -2.053589464511e-12       0.000000000000e+00       1.306963050311e-15       4.485227802203e-16      -4.030807097004e-18 
 1468       1.040913296674e-10       1.280686075521e-12      -1.958113305965e-12       0.000000000000e+00       1.303315828423e-15       4.469212466569e-16      -3.376637352386e-18 
 1469       1.037957491839e-10       1.281923705638e-12      -1.863304000849e-12       0.000000000000e+00       1.299680766603e-15       4.452811205029e-16      -2.725433765283e-18 
 1470       1.034940834860e-10       1.283602347800e-12      -1.769198931488e-12       0.000000000000e+00       1.296057809940e-15       4.435997893821e-16      -2.077272350496e-18 
 1471       1.031863946273e-10       1.285720340451e-12      -1.675835669584e-12       0.000000000000e+00       1.292446902877e-15       4.418746272848e-16      -1.432229467147e-18 
 1472       1.028727450886e-10       1.288276005660e-12      -1.583251976536e-12       0.000000000000e+00       1.288847989208e-15       4.401029945445e-16      -7.903818192200e-19 
 1473       1.025531977787e-10       1.291267649090e-12      -1.491485803746e-12       0.000000000000e+00       1.285261012081e-15       4.382822378154e-16      -1.518064561030e-19 
 1474       1.022278160350e-10       1.294693559965e-12      -1.400575292935e-12       0.000000000000e+00       1.281685913993e-15       4.364096900493e-16       4.834192268734e-19 
 1475       1.018966636245e-10       1.298552011041e-12      -1.310558776457e-12       0.000000000000e+00       1.278122636790e-15       4.344826704730e-16       1.115217487895e-18 
 1476       1.015598047445e-10       1.302841258571e-12      -1.221474777609e-12       0.000000000000e+00       1.274571121667e-15       4.324984845651e-16       1.743510238124e-18 
 1477       1.012173040231e-10       1.307559542274e-12      -1.133362010949e-12       0.000000000000e+00       1.271031309164e-15       4.304544240336e-16       2.368219041160e-18 
 1478       1.008692265205e-10       1.312705085304e-12      -1.046259382603e-12       0.000000000000e+00       1.267503139165e-15       4.283477667926e-16       2.989265112496e-18 
 1479       1.005156377293e-10       1.318276094215e-12      -9.602059905839e-13       0.000000000000e+00       1.263986550898e-15       4.261757769396e-16       3.606569318983e-18 
 1480       1.001566110739e-10       1.324269973862e-12      -8.752370276083e-13       0.000000000000e+00       1.260481488051e-15       4.239365219857e-16       4.220059762036e-18 
 1481       9.979225048731e-11       1.330680963651e-12      -7.913714446451e-13       0.000000000000e+00       1.256987914170e-15       4.216313334262e-16       4.829694610321e-18 
 1482       9.942266805907e-11       1.337502477865e-12      -7.086241660770e-13       0.000000000000e+00       1.253505797409e-15       4.192623704413e-16       5.435439491639e-18 
 1483       9.904797655802e-11       1.344727888538e-12      -6.270101762171e-13       0.000000000000e+00       1.250035105426e-15       4.168318048710e-16       6.037259929527e-18 
 1484       9.866828943366e-11       1.352350525382e-12      -5.465445193983e-13       0.000000000000e+00       1.246575805385e-15       4.143418212375e-16       6.635121343130e-18 
 1485       9.828372081730e-11       1.360363675710e-12      -4.672423000611e-13       0.000000000000e+00       1.243127863949e-15       4.117946167668e-16       7.228989047082e-18 
 1486       9.789438552324e-11       1.368760584364e-12      -3.891186828432e-13       0.000000000000e+00       1.239691247284e-15       4.091924014107e-16       7.818828251373e-18 
 1487       9.750039904993e-11       1.377534453638e-12      -3.121888926676e-13       0.000000000000e+00       1.236265921056e-15       4.065373978687e-16       8.404604061232e-18 
 1488       9.710187758120e-11       1.386678443202e-12      -2.364682148314e-13       0.000000000000e+00       1.232851850431e-15       4.038318416096e-16       8.986281476997e-18 
 1489       9.669893798741e-11       1.396185670032e-12      -1.619719950949e-13       0.000000000000e+00       1.229449000072e-15       4.010779808941e-16       9.563825393990e-18 
 1490       9.629169782661e-11       1.406049208328e-12      -8.871563976999e-14       0.000000000000e+00       1.226057334139e-15       3.982780767956e-16       1.013720060240e-17 
 1491       9.588027534580e-11       1.416262089446e-12      -1.671461580883e-14       0.000000000000e+00       1.222676816289e-15       3.954344032232e-16       1.070637178713e-17 
 1492       9.546478948203e-11       1.426817301817e-12       5.401554910722e-14       0.000000000000e+00       1.219307409673e-15       3.925492469427e-16       1.127130352773e-17 
 1493       9.504535986363e-11       1.437707790876e-12       1.234592664790e-13       0.000000000000e+00       1.215949076936e-15       3.896249075992e-16       1.183196029819e-17 
 1494       9.462210681138e-11       1.448926458986e-12       1.916008869008e-13       0.000000000000e+00       1.212601780217e-15       3.866636977382e-16       1.238830646691e-17 
 1495       9.419515133969e-11       1.460466165363e-12       2.584246999717e-13       0.000000000000e+00       1.209265481146e-15       3.836679428284e-16       1.294030629648e-17 
 1496       9.376461515780e-11       1.472319726001e-12       3.239149342067e-13       0.000000000000e+00       1.205940140842e-15       3.806399812827e-16       1.348792394362e-17 
 1497       9.333062067094e-11       1.484479913596e-12       3.880557569482e-13       0.000000000000e+00       1.202625719917e-15       3.775821644807e-16       1.403112345904e-17 
 1498       9.289329098153e-11       1.496939457473e-12       4.508312742772e-13       0.000000000000e+00       1.199322178469e-15       3.744968567904e-16       1.456986878730e-17 
 1499       9.245274989035e-11       1.509691043510e-12       5.122255309245e-13       0.000000000000e+00       1.196029476084e-15       3.713864355898e-16       1.510412376671e-17 
 1500       9.200912189774e-11       1.522727314064e-12       5.722225101820e-13       0.000000000000e+00       1.192747571836e-15       3.682532912893e-16       1.563385212916e-17 
 1501       9.156253220475e-11       1.536040867893e-12       6.308061338142e-13       0.000000000000e+00       1.189476424282e-15       3.650998273532e-16       1.615901750005e-17 
 1502       9.111310671438e-11       1.549624260085e-12       6.879602619691e-13       0.000000000000e+00       1.186215991465e-15       3.619284603217e-16       1.667958339813e-17 
 1503       9.066097203270e-11       1.563470001981e-12       7.436686930898e-13       0.000000000000e+00       1.182966230910e-15       3.587416198329e-16       1.719551323539e-17 
 1504       9.020625547008e-11       1.577570561100e-12       7.979151638258e-13       0.000000000000e+00       1.179727099627e-15       3.555417486443e-16       1.770677031694e-17 
 1505       8.974908504234e-11       1.591918361066e-12       8.506833489438e-13       0.000000000000e+00       1.176498554104e-15       3.523313026553e-16       1.821331784084e-17 
 1506       8.928958947195e-11       1.606505781529e-12       9.019568612398e-13       0.000000000000e+00       1.173280550311e-15       3.491127509284e-16       1.871511889804e-17 
 1507       8.882789818924e-11       1.621325158094e-12       9.517192514494e-13       0.000000000000e+00       1.170073043695e-15       3.458885757117e-16       1.921213647222e-17 
 1508       8.836414133351e-11       1.636368782245e-12       9.999540081600e-13       0.000000000000e+00       1.166875989184e-15       3.426612724603e-16       1.970433343966e-17 
 1509       8.789844975429e-11       1.651628901268e-12       1.046644557722e-12       0.000000000000e+00       1.163689341180e-15       3.394333498584e-16       2.019167256914e-17 
 1510       8.743095501248e-11       1.667097718180e-12       1.091774264158e-12       0.000000000000e+00       1.160513053562e-15       3.362073298414e-16       2.067411652177e-17 
 1511       8.696178938153e-11       1.682767391649e-12       1.135326429078e-12       0.000000000000e+00       1.157347079685e-15       3.329857476172e-16       2.115162785093e-17 
 1512       8.649108584866e-11       1.698630035924e-12       1.177284291588e-12       0.000000000000e+00       1.154191372377e-15       3.297711516886e-16       2.162416900208e-17 
 1513       8.601897811600e-11       1.714677720758e-12       1.217631028201e-12       0.000000000000e+00       1.151045883937e-15       3.265661038752e-16       2.209170231269e-17 
 1514       8.554560060180e-11       1.730902471330e-12       1.256349752749e-12       0.000000000000e+00       1.147910566137e-15       3.233731793347e-16       2.255419001207e-17 
 1515       8.507108844162e-11       1.747296268176e-12       1.293423516296e-12       0.000000000000e+00       1.144785370221e-15       3.201949665855e-16       2.301159422128e-17 
 1516       8.459557748947e-11       1.763851047110e-12       1.328835307046e-12       0.000000000000e+00       1.141670246899e-15       3.170340675282e-16       2.346387695296e-17 
 1517       8.411920431905e-11       1.780558699150e-12       1.362568050256e-12       0.000000000000e+00       1.138565146354e-15       3.138930974675e-16       2.391100011127e-17 
 1518       8.364210622488e-11       1.797411070443e-12       1.394604608148e-12       0.000000000000e+00       1.135470018231e-15       3.107746851342e-16       2.435292549170e-17 
 1519       8.316441545053e-11       1.814400067126e-12       1.424932006180e-12       0.000000000000e+00       1.132384815795e-15       3.076809918767e-16       2.478961990856e-17 
 1520       8.268624180999e-11       1.831517971159e-12       1.453554156555e-12       0.000000000000e+00       1.129309508412e-15       3.046122641283e-16       2.522107063143e-17 
 1521       8.220768990132e-11       1.848757127387e-12       1.480479257057e-12       0.000000000000e+00       1.126244069181e-15       3.015682670448e-16       2.564727009711e-17 
 1522       8.172886486527e-11       1.866109838806e-12       1.505715575938e-12       0.000000000000e+00       1.123188470798e-15       2.985487640662e-16       2.606821079565e-17 
 1523       8.124987238625e-11       1.883568366496e-12       1.529271452049e-12       0.000000000000e+00       1.120142685549e-15       2.955535169141e-16       2.648388527049e-17 
 1524       8.077081869313e-11       1.901124929549e-12       1.551155294974e-12       0.000000000000e+00       1.117106685316e-15       2.925822855881e-16       2.689428611863e-17 
 1525       8.029181056019e-11       1.918771705003e-12       1.571375585157e-12       0.000000000000e+00       1.114080441571e-15       2.896348283632e-16       2.729940599075e-17 
 1526       7.981295530795e-11       1.936500827772e-12       1.589940874033e-12       0.000000000000e+00       1.111063925379e-15       2.867109017864e-16       2.769923759136e-17 
 1527       7.933436080408e-11       1.954304390574e-12       1.606859784163e-12       0.000000000000e+00       1.108057107394e-15       2.838102606735e-16       2.809377367893e-17 
 1528       7.885613546431e-11       1.972174443862e-12       1.622141009361e-12       0.000000000000e+00       1.105059957860e-15       2.809326581064e-16       2.848300706605e-17 
 1529       7.837838825324e-11       1.990102995757e-12       1.635793314827e-12       0.000000000000e+00       1.102072446609e-15       2.780778454293e-16       2.886693061956e-17 
 1530       7.790122868530e-11       2.008082011977e-12       1.647825537276e-12       0.000000000000e+00       1.099094543061e-15       2.752455722465e-16       2.924553726068e-17 
 1531       7.742476682557e-11       2.026103415766e-12       1.658246585072e-12       0.000000000000e+00       1.096126216223e-15       2.724355864184e-16       2.961881996518e-17 
 1532       7.694911329073e-11       2.044159087827e-12       1.667065438355e-12       0.000000000000e+00       1.093167434689e-15       2.696476340591e-16       2.998677176351e-17 
 1533       7.647437924986e-11       2.062240866250e-12       1.674291149177e-12       0.000000000000e+00       1.090218166637e-15       2.668814595328e-16       3.034938574091e-17 
 1534       7.600067642541e-11       2.080340546447e-12       1.679932841626e-12       0.000000000000e+00       1.087278379829e-15       2.641368054511e-16       3.070665503761e-17 
 1535       7.552811709401e-11       2.098449881077e-12       1.683999711965e-12       0.000000000000e+00       1.084348041613e-15       2.614134126694e-16       3.105857284892e-17 
 1536       7.505681408739e-11       2.116560579979e-12       1.686501028755e-12       0.000000000000e+00       1.081427118916e-15       2.587110202843e-16       3.140513242540e-17 
 1537       7.458688079328e-11       2.134664310102e-12       1.687446132994e-12       0.000000000000e+00       1.078515578251e-15       2.560293656302e-16       3.174632707299e-17 
 1538       7.411843115624e-11       2.152752695439e-12       1.686844438239e-12       0.000000000000e+00       1.075613385709e-15       2.533681842762e-16       3.208215015316e-17 
 1539       7.365157967859e-11       2.170817316951e-12       1.684705430747e-12       0.000000000000e+00       1.072720506962e-15       2.507272100231e-16       3.241259508304e-17 
 1540       7.318644142127e-11       2.188849712503e-12       1.681038669596e-12       0.000000000000e+00       1.069836907262e-15       2.481061749003e-16       3.273765533557e-17 
 1541       7.272313200474e-11       2.206841376791e-12       1.675853786822e-12       0.000000000000e+00       1.066962551439e-15       2.455048091626e-16       3.305732443964e-17 
 1542       7.226176760983e-11       2.224783761275e-12       1.669160487550e-12       0.000000000000e+00       1.064097403900e-15       2.429228412872e-16       3.337159598022e-17 
 1543       7.180246497866e-11       2.242668274108e-12       1.660968550123e-12       0.000000000000e+00       1.061241428629e-15       2.403599979703e-16       3.368046359853e-17 
 1544       7.134534141552e-11       2.260486280068e-12       1.651287826231e-12       0.000000000000e+00       1.058394589187e-15       2.378160041244e-16       3.398392099214e-17 
 1545       7.089051478772e-11       2.278229100487e-12       1.640128241047e-12       0.000000000000e+00       1.055556848710e-15       2.352905828750e-16       3.428196191517e-17 
 1546       7.043810352651e-11       2.295888013180e-12       1.627499793354e-12       0.000000000000e+00       1.052728169906e-15       2.327834555576e-16       3.457458017836e-17 
 1547       6.998822662792e-11       2.313454252381e-12       1.613412555678e-12       0.000000000000e+00       1.049908515060e-15       2.302943417142e-16       3.486176964927e-17 
 1548       6.954100365371e-11       2.330919008668e-12       1.597876674416e-12       0.000000000000e+00       1.047097846026e-15       2.278229590908e-16       3.514352425239e-17 
 1549       6.909655473218e-11       2.348273428895e-12       1.580902369973e-12       0.000000000000e+00       1.044296124233e-15       2.253690236338e-16       3.541983796929e-17 
 1550       6.865500055911e-11       2.365508616124e-12       1.562499936885e-12       0.000000000000e+00       1.041503310678e-15       2.229322494871e-16       3.569070483876e-17 
 1551       6.821646239860e-11       2.382615629554e-12       1.542679743957e-12       0.000000000000e+00       1.038719365930e-15       2.205123489891e-16       3.595611895697e-17 
 1552       6.778106208399e-11       2.399585484454e-12       1.521452234388e-12       0.000000000000e+00       1.035944250126e-15       2.181090326693e-16       3.621607447757e-17 
 1553       6.734892201871e-11       2.416409152088e-12       1.498827925908e-12       0.000000000000e+00       1.033177922972e-15       2.157220092454e-16       3.647056561188e-17 
 1554       6.692016517718e-11       2.433077559653e-12       1.474817410903e-12       0.000000000000e+00       1.030420343742e-15       2.133509856202e-16       3.671958662898e-17 
 1555       6.649491510570e-11       2.449581590201e-12       1.449431356550e-12       0.000000000000e+00       1.027671471275e-15       2.109956668783e-16       3.696313185592e-17 
 1556       6.607329592333e-11       2.465912082578e-12       1.422680504947e-12       0.000000000000e+00       1.024931263977e-15       2.086557562834e-16       3.720119567778e-17 
 1557       6.565543232275e-11       2.482059831349e-12       1.394575673242e-12       0.000000000000e+00       1.022199679819e-15       2.063309552747e-16       3.743377253788e-17 
 1558       6.524143574873e-11       2.498016409861e-12       1.365129823311e-12       0.000000000000e+00       1.019476679721e-15       2.040209442888e-16       3.766085996050e-17 
 1559       6.483136278983e-11       2.513776648013e-12       1.334364291768e-12       0.000000000000e+00       1.016762237743e-15       2.017253250338e-16       3.788246764992e-17 
 1560       6.442525639775e-11       2.529336177613e-12       1.302302618708e-12       0.000000000000e+00       1.014056330988e-15       1.994436776672e-16       3.809860847711e-17 
 1561       6.402315967458e-11       2.544690611328e-12       1.268968483703e-12       0.000000000000e+00       1.011358936224e-15       1.971755799174e-16       3.830929546517e-17 
 1562       6.362511587297e-11       2.559835542654e-12       1.234385706039e-12       0.000000000000e+00       1.008670029886e-15       1.949206070802e-16       3.851454178957e-17 
 1563       6.323116839633e-11       2.574766545891e-12       1.198578244946e-12       0.000000000000e+00       1.005989588073e-15       1.926783320144e-16       3.871436077850e-17 
 1564       6.284136079902e-11       2.589479176107e-12       1.161570199830e-12       0.000000000000e+00       1.003317586548e-15       1.904483251377e-16       3.890876591310e-17 
 1565       6.245573678659e-11       2.603968969119e-12       1.123385810512e-12       0.000000000000e+00       1.000654000738e-15       1.882301544231e-16       3.909777082782e-17 
 1566       6.207434021593e-11       2.618231441456e-12       1.084049457454e-12       0.000000000000e+00       9.979988057323e-16       1.860233853943e-16       3.928138931064e-17 
 1567       6.169721509550e-11       2.632262090333e-12       1.043585661997e-12       0.000000000000e+00       9.953519762826e-16       1.838275811219e-16       3.945963530342e-17 
 1568       6.132440558551e-11       2.646056393624e-12       1.002019086593e-12       0.000000000000e+00       9.927134868016e-16       1.816423022195e-16       3.963252290215e-17 
 1569       6.095595599816e-11       2.659609809830e-12       9.593745350370e-13       0.000000000000e+00       9.900833113626e-16       1.794671068392e-16       3.980006635727e-17 
 1570       6.059191079780e-11       2.672917778053e-12       9.156769527025e-13       0.000000000000e+00       9.874614236994e-16       1.773015506680e-16       3.996228007394e-17 
 1571       6.023231460112e-11       2.685975717963e-12       8.709514267723e-13       0.000000000000e+00       9.848477972047e-16       1.751451869235e-16       4.011917861234e-17 
 1572       5.987721217742e-11       2.698779029776e-12       8.252231864728e-13       0.000000000000e+00       9.822424049301e-16       1.729975663500e-16       4.027077668794e-17 
 1573       5.952664844873e-11       2.711323094218e-12       7.785176033074e-13       0.000000000000e+00       9.796452195852e-16       1.708582372142e-16       4.041708917184e-17 
 1574       5.918066849004e-11       2.723603272501e-12       7.308601912891e-13       0.000000000000e+00       9.770562135367e-16       1.687267453014e-16       4.055813109102e-17 
 1575       5.883931752953e-11       2.735614906292e-12       6.822766071740e-13       0.000000000000e+00       9.744753588081e-16       1.666026339113e-16       4.069391762863e-17 
 1576       5.850264094873e-11       2.747353317685e-12       6.327926506946e-13       0.000000000000e+00       9.719026270790e-16       1.644854438541e-16       4.082446412430e-17 
 1577       5.817068428272e-11       2.758813809170e-12       5.824342647925e-13       0.000000000000e+00       9.693379896838e-16       1.623747134461e-16       4.094978607443e-17 
 1578       5.784349322037e-11       2.769991663610e-12       5.312275358523e-13       0.000000000000e+00       9.667814176121e-16       1.602699785062e-16       4.106989913246e-17 
 1579       5.752111360450e-11       2.780882144203e-12       4.791986939340e-13       0.000000000000e+00       9.642328815069e-16       1.581707723512e-16       4.118481910918e-17 
 1580       5.720359143210e-11       2.791480494464e-12       4.263741130068e-13       0.000000000000e+00       9.616923516647e-16       1.560766257923e-16       4.129456197302e-17 
 1581       5.689097285451e-11       2.801781938186e-12       3.727803111821e-13       0.000000000000e+00       9.591597980346e-16       1.539870671308e-16       4.139914385033e-17 
 1582       5.658330417765e-11       2.811781679417e-12       3.184439509463e-13       0.000000000000e+00       9.566351902175e-16       1.519016221538e-16       4.149858102567e-17 
 1583       5.628063186220e-11       2.821474902431e-12       2.633918393947e-13       0.000000000000e+00       9.541184974654e-16       1.498198141309e-16       4.159288994213e-17 
 1584       5.598300252381e-11       2.830856771698e-12       2.076509284641e-13       0.000000000000e+00       9.516096886812e-16       1.477411638091e-16       4.168208720157e-17 
 1585       5.569046293328e-11       2.839922431853e-12       1.512483151663e-13       0.000000000000e+00       9.491087324172e-16       1.456651894098e-16       4.176618956496e-17 
 1586       5.540306001680e-11       2.848667007672e-12       9.421124182103e-14       0.000000000000e+00       9.466155968751e-16       1.435914066238e-16       4.184521395265e-17 
 1587       5.512084085609e-11       2.857085604040e-12       3.656709628934e-14       0.000000000000e+00       9.441302499052e-16       1.415193286081e-16       4.191917744464e-17 
 1588       5.484385268868e-11       2.865173305921e-12      -2.165658779326e-14       0.000000000000e+00       9.416526590055e-16       1.394484659811e-16       4.198809728091e-17 
 1589       5.457214290802e-11       2.872925178333e-12      -8.043213078366e-14       0.000000000000e+00       9.391827913212e-16       1.373783268191e-16       4.205199086168e-17 
 1590       5.430575906376e-11       2.880336266316e-12      -1.397317067979e-13       0.000000000000e+00       9.367206136437e-16       1.353084166519e-16       4.211087574774e-17 
 1591       5.404474886189e-11       2.887401594904e-12      -1.995273434782e-13       0.000000000000e+00       9.342660924107e-16       1.332382384589e-16       4.216476966067e-17 
 1592       5.378916016500e-11       2.894116169099e-12      -2.597909217593e-13       0.000000000000e+00       9.318191937045e-16       1.311672926652e-16       4.221369048321e-17 
 1593       5.353904099240e-11       2.900474973835e-12      -3.204941756360e-13       0.000000000000e+00       9.293798832523e-16       1.290950771371e-16       4.225765625951e-17 
 1594       5.329443952040e-11       2.906472973958e-12      -3.816086919291e-13       0.000000000000e+00       9.269481264246e-16       1.270210871784e-16       4.229668519541e-17 
 1595       5.305540408246e-11       2.912105114191e-12      -4.431059100530e-13       0.000000000000e+00       9.245238882353e-16       1.249448155263e-16       4.233079565875e-17 
 1596       5.282198316943e-11       2.917366319107e-12      -5.049571217821e-13       0.000000000000e+00       9.221071333406e-16       1.228657523473e-16       4.236000617968e-17 
 1597       5.259421224233e-11       2.922252495494e-12      -5.671343570087e-13       0.000000000000e+00       9.196978288196e-16       1.207836430852e-16       4.238433746150e-17 
 1598       5.237207403835e-11       2.926763549544e-12      -6.296130503591e-13       0.000000000000e+00       9.172959525449e-16       1.186992645968e-16       4.240381843290e-17 
 1599       5.215553790167e-11       2.930900397246e-12      -6.923693985406e-13       0.000000000000e+00       9.149014848873e-16       1.166136561178e-16       4.241848025176e-17 
 1600       5.194457293739e-11       2.934663964515e-12      -7.553794763756e-13       0.000000000000e+00       9.125144059412e-16       1.145278620643e-16       4.242835429999e-17 
 1601       5.173914801116e-11       2.938055187218e-12      -8.186192366104e-13       0.000000000000e+00       9.101346955237e-16       1.124429320404e-16       4.243347218389e-17 
 1602       5.153923174868e-11       2.941075011183e-12      -8.820645097238e-13       0.000000000000e+00       9.077623331744e-16       1.103599208464e-16       4.243386573453e-17 
 1603       5.134479253535e-11       2.943724392224e-12      -9.456910037351e-13       0.000000000000e+00       9.053972981547e-16       1.082798884872e-16       4.242956700817e-17 
 1604       5.115579851583e-11       2.946004296158e-12      -1.009474304013e-12       0.000000000000e+00       9.030395694474e-16       1.062039001800e-16       4.242060828662e-17 
 1605       5.097221759358e-11       2.947915698822e-12      -1.073389873084e-12       0.000000000000e+00       9.006891257559e-16       1.041330263625e-16       4.240702207762e-17 
 1606       5.079401743052e-11       2.949459586090e-12      -1.137413050440e-12       0.000000000000e+00       8.983459455038e-16       1.020683427011e-16       4.238884111527e-17 
 1607       5.062116544654e-11       2.950636953898e-12      -1.201519052349e-12       0.000000000000e+00       8.960100068342e-16       1.000109300987e-16       4.236609836033e-17 
 1608       5.045362881910e-11       2.951448808252e-12      -1.265682971662e-12       0.000000000000e+00       8.936812876097e-16       9.796187470300e-17       4.233882700071e-17 
 1609       5.029137448283e-11       2.951896165254e-12      -1.329879777619e-12       0.000000000000e+00       8.913597654110e-16       9.592226791442e-17       4.230706045176e-17 
 1610       5.013436912907e-11       2.951980051121e-12      -1.394084315665e-12       0.000000000000e+00       8.890454175370e-16       9.389320639428e-17       4.227083235672e-17 
 1611       4.998257920552e-11       2.951701502195e-12      -1.458271307248e-12       0.000000000000e+00       8.867382210041e-16       9.187579207281e-17       4.223017658707e-17 
 1612       4.983597091572e-11       2.951061564972e-12      -1.522415349638e-12       0.000000000000e+00       8.844381525455e-16       8.987113215725e-17       4.218512724296e-17 
 1613       4.969451021872e-11       2.950061296111e-12      -1.586490915727e-12       0.000000000000e+00       8.821451886109e-16       8.788033913988e-17       4.213571865351e-17 
 1614       4.955816282863e-11       2.948701762458e-12      -1.650472353843e-12       0.000000000000e+00       8.798593053655e-16       8.590453080615e-17       4.208198537730e-17 
 1615       4.942689421416e-11       2.946984041063e-12      -1.714333887556e-12       0.000000000000e+00       8.775804786902e-16       8.394483024269e-17       4.202396220268e-17 
 1616       4.930066959826e-11       2.944909219198e-12      -1.778049615487e-12       0.000000000000e+00       8.753086841803e-16       8.200236584542e-17       4.196168414817e-17 
 1617       4.917945395768e-11       2.942478394375e-12      -1.841593511116e-12       0.000000000000e+00       8.730438971453e-16       8.007827132759e-17       4.189518646288e-17 
 1618       4.906321202253e-11       2.939692674363e-12      -1.904939422591e-12       0.000000000000e+00       8.707860926084e-16       7.817368572789e-17       4.182450462685e-17 
 1619       4.895190827588e-11       2.936553177210e-12      -1.968061072537e-12       0.000000000000e+00       8.685352453060e-16       7.628975341848e-17       4.174967435147e-17 
 1620       4.884550695334e-11       2.933061031260e-12      -2.030932057864e-12       0.000000000000e+00       8.662913296867e-16       7.442762411308e-17       4.167073157984e-17 
 1621       4.874397204262e-11       2.929217375167e-12      -2.093525849575e-12       0.000000000000e+00       8.640543199115e-16       7.258845287505e-17       4.158771248717e-17 
 1622       4.864726728315e-11       2.925023357919e-12      -2.155815792574e-12       0.000000000000e+00       8.618241898524e-16       7.077340012544e-17       4.150065348116e-17 
 1623       4.855535616560e-11       2.920480138855e-12      -2.217775105476e-12       0.000000000000e+00       8.596009130926e-16       6.898363165106e-17       4.140959120240e-17 
 1624       4.846820193154e-11       2.915588887681e-12      -2.279376880416e-12       0.000000000000e+00       8.573844629255e-16       6.722031861258e-17       4.131456252472e-17 
 1625       4.838576757293e-11       2.910350784490e-12      -2.340594082855e-12       0.000000000000e+00       8.551748123544e-16       6.548463755255e-17       4.121560455560e-17 
 1626       4.830801583178e-11       2.904767019779e-12      -2.401399551389e-12       0.000000000000e+00       8.529719340918e-16       6.377777040352e-17       4.111275463659e-17 
 1627       4.823490919967e-11       2.898838794471e-12      -2.461765997559e-12       0.000000000000e+00       8.507758005589e-16       6.210090449609e-17       4.100605034360e-17 
 1628       4.816640991737e-11       2.892567319928e-12      -2.521666005660e-12       0.000000000000e+00       8.485863838850e-16       6.045523256697e-17       4.089552948739e-17 
 1629       4.810247997441e-11       2.885953817973e-12      -2.581072032547e-12       0.000000000000e+00       8.464036559071e-16       5.884195276706e-17       4.078123011389e-17 
 1630       4.804308110863e-11       2.878999520907e-12      -2.639956407444e-12       0.000000000000e+00       8.442275881691e-16       5.726226866953e-17       4.066319050460e-17 
 1631       4.798817480581e-11       2.871705671529e-12      -2.698291331754e-12       0.000000000000e+00       8.420581519217e-16       5.571738927786e-17       4.054144917699e-17 
 1632       4.793772229923e-11       2.864073523151e-12      -2.756048878866e-12       0.000000000000e+00       8.398953181213e-16       5.420852903397e-17       4.041604488488e-17 
 1633       4.789168456921e-11       2.856104339618e-12      -2.813200993965e-12       0.000000000000e+00       8.377390574300e-16       5.273690782620e-17       4.028701661879e-17 
 1634       4.785002234276e-11       2.847799395328e-12      -2.869719493840e-12       0.000000000000e+00       8.355893402143e-16       5.130375099747e-17       4.015440360640e-17 
 1635       4.781269609312e-11       2.839159975249e-12      -2.925576066690e-12       0.000000000000e+00       8.334461365456e-16       4.991028935330e-17       4.001824531285e-17 
 1636       4.777966040002e-11       2.830187986901e-12      -2.980745169012e-12       0.000000000000e+00       8.313094184995e-16       4.855741810187e-17       3.987858052628e-17 
 1637       4.775084697622e-11       2.820887802271e-12      -3.035212744977e-12       0.000000000000e+00       8.291791670802e-16       4.724467032245e-17       3.973544460453e-17 
 1638       4.772618148839e-11       2.811264432403e-12      -3.088967584642e-12       0.000000000000e+00       8.270553653575e-16       4.597123433328e-17       3.958887220455e-17 
 1639       4.770558918192e-11       2.801322916983e-12      -3.141998433892e-12       0.000000000000e+00       8.249379961708e-16       4.473629391917e-17       3.943889819544e-17 
 1640       4.768899488027e-11       2.791068324374e-12      -3.194293994381e-12       0.000000000000e+00       8.228270421291e-16       4.353902832438e-17       3.928555765878e-17 
 1641       4.767632298431e-11       2.780505751672e-12      -3.245842923462e-12       0.000000000000e+00       8.207224856099e-16       4.237861224532e-17       3.912888588900e-17 
 1642       4.766749747165e-11       2.769640324743e-12      -3.296633834134e-12       0.000000000000e+00       8.186243087595e-16       4.125421582340e-17       3.896891839368e-17 
 1643       4.766244189594e-11       2.758477198274e-12      -3.346655294976e-12       0.000000000000e+00       8.165324934920e-16       4.016500463777e-17       3.880569089394e-17 
 1644       4.766107938620e-11       2.747021555815e-12      -3.395895830086e-12       0.000000000000e+00       8.144470214893e-16       3.911013969815e-17       3.863923932473e-17 
 1645       4.766333264618e-11       2.735278609830e-12      -3.444343919018e-12       0.000000000000e+00       8.123678742002e-16       3.808877743759e-17       3.846959983524e-17 
 1646       4.766912395367e-11       2.723253601737e-12      -3.491987996723e-12       0.000000000000e+00       8.102950328402e-16       3.710006970527e-17       3.829680878921e-17 
 1647       4.767837515980e-11       2.710951801957e-12      -3.538816453484e-12       0.000000000000e+00       8.082284783913e-16       3.614316375928e-17       3.812090276526e-17 
 1648       4.769100768841e-11       2.698378509960e-12      -3.584817634859e-12       0.000000000000e+00       8.061681916010e-16       3.521720225943e-17       3.794191855726e-17 
 1649       4.770694253536e-11       2.685539054307e-12      -3.629979841614e-12       0.000000000000e+00       8.041141529822e-16       3.432132326000e-17       3.775989317466e-17 
 1650       4.772610026784e-11       2.672438792702e-12      -3.674291329663e-12       0.000000000000e+00       8.020663428128e-16       3.345466020255e-17       3.757486384284e-17 
 1651       4.774840102373e-11       2.659083112031e-12      -3.717740310011e-12       0.000000000000e+00       8.000247411352e-16       3.261634190872e-17       3.738686800347e-17 
 1652       4.777376451091e-11       2.645477428413e-12      -3.760314948683e-12       0.000000000000e+00       7.979893277557e-16       3.180549257299e-17       3.719594331480e-17 
 1653       4.780211000658e-11       2.631627187242e-12      -3.802003366671e-12       0.000000000000e+00       7.959600822442e-16       3.102123175550e-17       3.700212765209e-17 
 1654       4.783335635659e-11       2.617537863236e-12      -3.842793639869e-12       0.000000000000e+00       7.939369839338e-16       3.026267437480e-17       3.680545910787e-17 
 1655       4.786742197479e-11       2.603214960479e-12      -3.882673799008e-12       0.000000000000e+00       7.919200119202e-16       2.952893070067e-17       3.660597599233e-17 
 1656       4.790422484233e-11       2.588664012471e-12      -3.921631829601e-12       0.000000000000e+00       7.899091450615e-16       2.881910634689e-17       3.640371683367e-17 
 1657       4.794368250699e-11       2.573890582171e-12      -3.959655671875e-12       0.000000000000e+00       7.879043619774e-16       2.813230226404e-17       3.619872037840e-17 
 1658       4.798571208255e-11       2.558900262041e-12      -3.996733220714e-12       0.000000000000e+00       7.859056410490e-16       2.746761473228e-17       3.599102559176e-17 
 1659       4.803023024803e-11       2.543698674097e-12      -4.032852325593e-12       0.000000000000e+00       7.839129604185e-16       2.682413535413e-17       3.578067165796e-17 
 1660       4.807715324711e-11       2.528291469950e-12      -4.068000790521e-12       0.000000000000e+00       7.819262979883e-16       2.620095104729e-17       3.556769798063e-17 
 1661       4.812639688739e-11       2.512684330853e-12      -4.102166373976e-12       0.000000000000e+00       7.799456314212e-16       2.559714403737e-17       3.535214418310e-17 
 1662       4.817787653978e-11       2.496882967750e-12      -4.135336788842e-12       0.000000000000e+00       7.779709381391e-16       2.501179185075e-17       3.513405010876e-17 
 1663       4.823150713775e-11       2.480893121315e-12      -4.167499702353e-12       0.000000000000e+00       7.760021953234e-16       2.444396730731e-17       3.491345582140e-17 
 1664       4.828720317672e-11       2.464720562004e-12      -4.198642736025e-12       0.000000000000e+00       7.740393799140e-16       2.389273851325e-17       3.469040160556e-17 
 1665       4.834487871338e-11       2.448371090097e-12      -4.228753465598e-12       0.000000000000e+00       7.720824686093e-16       2.335716885385e-17       3.446492796691e-17 
 1666       4.840444736497e-11       2.431850535747e-12      -4.257819420974e-12       0.000000000000e+00       7.701314378652e-16       2.283631698630e-17       3.423707563250e-17 
 1667       4.846582230866e-11       2.415164759023e-12      -4.285828086152e-12       0.000000000000e+00       7.681862638951e-16       2.232923683244e-17       3.400688555120e-17 
 1668       4.852891628087e-11       2.398319649954e-12      -4.312766899172e-12       0.000000000000e+00       7.662469226695e-16       2.183497757157e-17       3.377439889400e-17 
 1669       4.859364157657e-11       2.381321128581e-12      -4.338623252048e-12       0.000000000000e+00       7.643133899150e-16       2.135258363327e-17       3.353965705437e-17 
 1670       4.865991004862e-11       2.364175144997e-12      -4.363384490710e-12       0.000000000000e+00       7.623856411146e-16       2.088109469012e-17       3.330270164858e-17 
 1671       4.872763310711e-11       2.346887679395e-12      -4.387037914938e-12       0.000000000000e+00       7.604636515066e-16       2.041954565054e-17       3.306357451606e-17 
 1672       4.879672171867e-11       2.329464742113e-12      -4.409570778307e-12       0.000000000000e+00       7.585473960847e-16       1.996696665157e-17       3.282231771976e-17 
 1673       4.886708640583e-11       2.311912373680e-12      -4.430970288118e-12       0.000000000000e+00       7.566368495971e-16       1.952238305162e-17       3.257897354647e-17 
 1674       4.893863724627e-11       2.294236644864e-12      -4.451223605340e-12       0.000000000000e+00       7.547319865464e-16       1.908481542333e-17       3.233358450718e-17 
 1675       4.901128736056e-11       2.276443606784e-12      -4.470320888503e-12       0.000000000000e+00       7.528327831055e-16       1.865343793603e-17       3.208619301622e-17 
 1676       4.908496340958e-11       2.258539140695e-12      -4.488264454570e-12       0.000000000000e+00       7.509392228858e-16       1.822805503070e-17       3.183684042507e-17 
 1677       4.915959518744e-11       2.240529106986e-12      -4.505059697958e-12       0.000000000000e+00       7.490512912183e-16       1.780862889438e-17       3.158556798081e-17 
 1678       4.923511214089e-11       2.222419395030e-12      -4.520712053918e-12       0.000000000000e+00       7.471689732418e-16       1.739512144783e-17       3.133241714685e-17 
 1679       4.931144336887e-11       2.204215923231e-12      -4.535226998601e-12       0.000000000000e+00       7.452922539022e-16       1.698749434512e-17       3.107742960330e-17 
 1680       4.938851762195e-11       2.185924639065e-12      -4.548610049129e-12       0.000000000000e+00       7.434211179522e-16       1.658570897319e-17       3.082064724728e-17 
 1681       4.946626330181e-11       2.167551519126e-12      -4.560866763659e-12       0.000000000000e+00       7.415555499508e-16       1.618972645140e-17       3.056211219322e-17 
 1682       4.954460846071e-11       2.149102569168e-12      -4.572002741458e-12       0.000000000000e+00       7.396955342633e-16       1.579950763110e-17       3.030186677325e-17 
 1683       4.962348080100e-11       2.130583824148e-12      -4.582023622963e-12       0.000000000000e+00       7.378410550606e-16       1.541501309517e-17       3.003995353750e-17 
 1684       4.970280767455e-11       2.112001348271e-12      -4.590935089858e-12       0.000000000000e+00       7.359920963190e-16       1.503620315758e-17       2.977641525441e-17 
 1685       4.978251608226e-11       2.093361235034e-12      -4.598742865137e-12       0.000000000000e+00       7.341486418196e-16       1.466303786298e-17       2.951129491109e-17 
 1686       4.986253267352e-11       2.074669607269e-12      -4.605452713173e-12       0.000000000000e+00       7.323106751484e-16       1.429547698622e-17       2.924463571367e-17 
 1687       4.994278374570e-11       2.055932617183e-12      -4.611070439789e-12       0.000000000000e+00       7.304781796955e-16       1.393348003192e-17       2.897648108755e-17 
 1688       5.002319524361e-11       2.037156446410e-12      -4.615601892322e-12       0.000000000000e+00       7.286511386550e-16       1.357700623404e-17       2.870687467783e-17 
 1689       5.010369275898e-11       2.018347306045e-12      -4.619052959697e-12       0.000000000000e+00       7.268295350244e-16       1.322601455543e-17       2.843586034958e-17 
 1690       5.018420152997e-11       1.999511436694e-12      -4.621429572490e-12       0.000000000000e+00       7.250133516045e-16       1.288046368738e-17       2.816348218817e-17 
 1691       5.026464644058e-11       1.980655108517e-12      -4.622737703001e-12       0.000000000000e+00       7.232025709990e-16       1.254031204920e-17       2.788978449963e-17 
 1692       5.034495202018e-11       1.961784621268e-12      -4.622983365318e-12       0.000000000000e+00       7.213971756139e-16       1.220551778775e-17       2.761481181097e-17 
 1693       5.042504244298e-11       1.942906304342e-12      -4.622172615389e-12       0.000000000000e+00       7.195971476573e-16       1.187603877703e-17       2.733860887050e-17 
 1694       5.050484152748e-11       1.924026516817e-12      -4.620311551089e-12       0.000000000000e+00       7.178024691391e-16       1.155183261770e-17       2.706122064817e-17 
 1695       5.058427273598e-11       1.905151647498e-12      -4.617406312288e-12       0.000000000000e+00       7.160131218706e-16       1.123285663669e-17       2.678269233588e-17 
 1696       5.066325917402e-11       1.886288114963e-12      -4.613463080921e-12       0.000000000000e+00       7.142290874640e-16       1.091906788670e-17       2.650306934786e-17 
 1697       5.074172358991e-11       1.867442367600e-12      -4.608488081053e-12       0.000000000000e+00       7.124503473324e-16       1.061042314580e-17       2.622239732095e-17 
 1698       5.081958837413e-11       1.848620883657e-12      -4.602487578952e-12       0.000000000000e+00       7.106768826887e-16       1.030687891698e-17       2.594072211495e-17 
 1699       5.089677555888e-11       1.829830171285e-12      -4.595467883154e-12       0.000000000000e+00       7.089086745463e-16       1.000839142770e-17       2.565808981295e-17 
 1700       5.097320681751e-11       1.811076768578e-12      -4.587435344531e-12       0.000000000000e+00       7.071457037179e-16       9.714916629441e-18       2.537454672167e-17 
 1701       5.104880346403e-11       1.792367243619e-12      -4.578396356365e-12       0.000000000000e+00       7.053879508152e-16       9.426410197294e-18       2.509013937177e-17 
 1702       5.112348645255e-11       1.773708194524e-12      -4.568357354408e-12       0.000000000000e+00       7.036353962490e-16       9.142827529486e-18       2.480491451821e-17 
 1703       5.119717637677e-11       1.755106249483e-12      -4.557324816956e-12       0.000000000000e+00       7.018880202286e-16       8.864123746955e-18       2.451891914053e-17 
 1704       5.126979346950e-11       1.736568066806e-12      -4.545305264918e-12       0.000000000000e+00       7.001458027613e-16       8.590253692904e-18       2.423220044326e-17 
 1705       5.134125760205e-11       1.718100334969e-12      -4.532305261880e-12       0.000000000000e+00       6.984087236522e-16       8.321171932360e-18       2.394480585615e-17 
 1706       5.141148828379e-11       1.699709772650e-12      -4.518331414177e-12       0.000000000000e+00       6.966767625037e-16       8.056832751733e-18       2.365678303460e-17 
 1707       5.148040466157e-11       1.681403128781e-12      -4.503390370959e-12       0.000000000000e+00       6.949498987155e-16       7.797190158374e-18       2.336817985993e-17 
 1708       5.154792551923e-11       1.663187182584e-12      -4.487488824264e-12       0.000000000000e+00       6.932281114835e-16       7.542197880134e-18       2.307904443971e-17 
 1709       5.161396927705e-11       1.645068743622e-12      -4.470633509079e-12       0.000000000000e+00       6.915113798005e-16       7.291809364919e-18       2.278942510812e-17 
 1710       5.167845399126e-11       1.627054651837e-12      -4.452831203415e-12       0.000000000000e+00       6.897996824547e-16       7.045977780252e-18       2.249937042628e-17 
 1711       5.174129735348e-11       1.609151777595e-12      -4.434088728373e-12       0.000000000000e+00       6.880929980303e-16       6.804656012832e-18       2.220892918254e-17 
 1712       5.180241669022e-11       1.591367021733e-12      -4.414412948211e-12       0.000000000000e+00       6.863913049064e-16       6.567796668090e-18       2.191815039286e-17 
 1713       5.186172896234e-11       1.573707315596e-12      -4.393810770414e-12       0.000000000000e+00       6.846945812572e-16       6.335352069746e-18       2.162708330112e-17 
 1714       5.191915991061e-11       1.556179028733e-12      -4.372290690408e-12       0.000000000000e+00       6.830028066573e-16       6.107311434964e-18       2.133577243039e-17 
 1715       5.197467157859e-11       1.538786186349e-12      -4.349867439988e-12       0.000000000000e+00       6.813159669150e-16       5.883812747712e-18       2.104424269006e-17 
 1716       5.202823502369e-11       1.521532236721e-12      -4.326557378706e-12       0.000000000000e+00       6.796340492796e-16       5.665031839533e-18       2.075251414223e-17 
 1717       5.207982119219e-11       1.504420642188e-12      -4.302376952959e-12       0.000000000000e+00       6.779570408390e-16       5.451145301708e-18       2.046060693937e-17 
 1718       5.212940091916e-11       1.487454879174e-12      -4.277342696123e-12       0.000000000000e+00       6.762849285191e-16       5.242330486335e-18       2.016854132446e-17 
 1719       5.217694492829e-11       1.470638438204e-12      -4.251471228683e-12       0.000000000000e+00       6.746176990838e-16       5.038765507402e-18       1.987633763109e-17 
 1720       5.222242383175e-11       1.453974823925e-12      -4.224779258362e-12       0.000000000000e+00       6.729553391347e-16       4.840629241865e-18       1.958401628358e-17 
 1721       5.226580813000e-11       1.437467555127e-12      -4.197283580259e-12       0.000000000000e+00       6.712978351105e-16       4.648101330722e-18       1.929159779714e-17 
 1722       5.230706821169e-11       1.421120164757e-12      -4.169001076971e-12       0.000000000000e+00       6.696451732870e-16       4.461362180093e-18       1.899910277800e-17 
 1723       5.234617435349e-11       1.404936199947e-12      -4.139948718734e-12       0.000000000000e+00       6.679973397767e-16       4.280592962291e-18       1.870655192350e-17 
 1724       5.238309671993e-11       1.388919222023e-12      -4.110143563547e-12       0.000000000000e+00       6.663543205286e-16       4.105975616900e-18       1.841396602226e-17 
 1725       5.241780536327e-11       1.373072806534e-12      -4.079602757309e-12       0.000000000000e+00       6.647161013277e-16       3.937692851855e-18       1.812136595429e-17 
 1726       5.245027022333e-11       1.357400543266e-12      -4.048343533947e-12       0.000000000000e+00       6.630826677947e-16       3.775928144510e-18       1.782877269109e-17 
 1727       5.248046112734e-11       1.341906036262e-12      -4.016383215548e-12       0.000000000000e+00       6.614540053861e-16       3.620865742721e-18       1.753620729586e-17 
 1728       5.250834778981e-11       1.326592903843e-12      -3.983739212492e-12       0.000000000000e+00       6.598300993935e-16       3.472690665918e-18       1.724369092353e-17 
 1729       5.253389981237e-11       1.311464778627e-12      -3.950429023582e-12       0.000000000000e+00       6.582109349434e-16       3.331588706182e-18       1.695124482096e-17 
 1730       5.255708668362e-11       1.296525307545e-12      -3.916470236176e-12       0.000000000000e+00       6.565964969969e-16       3.197746429325e-18       1.665889032704e-17 
 1731       5.257787777895e-11       1.281778151867e-12      -3.881880526317e-12       0.000000000000e+00       6.549867703495e-16       3.071351175956e-18       1.636664887282e-17 
 1732       5.259624236046e-11       1.267226987216e-12      -3.846677658868e-12       0.000000000000e+00       6.533817396308e-16       2.952591062570e-18       1.607454198165e-17 
 1733       5.261214957674e-11       1.252875503589e-12      -3.810879487641e-12       0.000000000000e+00       6.517813893040e-16       2.841654982612e-18       1.578259126927e-17 
 1734       5.262556846275e-11       1.238727405377e-12      -3.774503955526e-12       0.000000000000e+00       6.501857036658e-16       2.738732607562e-18       1.549081844400e-17 
 1735       5.263646793967e-11       1.224786411384e-12      -3.737569094629e-12       0.000000000000e+00       6.485946668462e-16       2.644014388005e-18       1.519924530684e-17 
 1736       5.264481681474e-11       1.211056254847e-12      -3.700093026398e-12       0.000000000000e+00       6.470082628077e-16       2.557691554711e-18       1.490789375156e-17 
 1737       5.265058378114e-11       1.197540683453e-12      -3.662093961754e-12       0.000000000000e+00       6.454264753459e-16       2.479956119707e-18       1.461678576490e-17 
 1738       5.265373741778e-11       1.184243459361e-12      -3.623590201229e-12       0.000000000000e+00       6.438492880881e-16       2.411000877359e-18       1.432594342665e-17 
 1739       5.265424618922e-11       1.171168359223e-12      -3.584600135089e-12       0.000000000000e+00       6.422766844939e-16       2.351019405441e-18       1.403538890978e-17 
 1740       5.265207844547e-11       1.158319174196e-12      -3.545142243472e-12       0.000000000000e+00       6.407086478545e-16       2.300206066216e-18       1.374514448059e-17 
 1741       5.264720242185e-11       1.145699709972e-12      -3.505235096516e-12       0.000000000000e+00       6.391451612924e-16       2.258756007509e-18       1.345523249883e-17 
 1742       5.263958623885e-11       1.133313786789e-12      -3.464897354491e-12       0.000000000000e+00       6.375862077613e-16       2.226865163787e-18       1.316567541782e-17 
 1743       5.262919790199e-11       1.121165239452e-12      -3.424147767931e-12       0.000000000000e+00       6.360317700456e-16       2.204730257230e-18       1.287649578460e-17 
 1744       5.261600530165e-11       1.109257917356e-12      -3.383005177768e-12       0.000000000000e+00       6.344818307603e-16       2.192548798809e-18       1.258771624002e-17 
 1745       5.259997621290e-11       1.097595684503e-12      -3.341488515456e-12       0.000000000000e+00       6.329363723503e-16       2.190519089364e-18       1.229935951892e-17 
 1746       5.258107829540e-11       1.086182419520e-12      -3.299616803111e-12       0.000000000000e+00       6.313953770908e-16       2.198840220677e-18       1.201144845020e-17 
 1747       5.255927909323e-11       1.075022015681e-12      -3.257409153638e-12       0.000000000000e+00       6.298588270862e-16       2.217712076551e-18       1.172400595701e-17 
 1748       5.253454603471e-11       1.064118380924e-12      -3.214884770862e-12       0.000000000000e+00       6.283267042705e-16       2.247335333882e-18       1.143705505683e-17 
 1749       5.250684643230e-11       1.053475437875e-12      -3.172062949661e-12       0.000000000000e+00       6.267989904066e-16       2.287911463740e-18       1.115061886162e-17 
 1750       5.247614748241e-11       1.043097123860e-12      -3.128963076099e-12       0.000000000000e+00       6.252756670860e-16       2.339642732440e-18       1.086472057795e-17 
 1751       5.244241626526e-11       1.032987390931e-12      -3.085604627553e-12       0.000000000000e+00       6.237567157289e-16       2.402732202622e-18       1.057938350712e-17 
 1752       5.240561974474e-11       1.023150205883e-12      -3.042007172848e-12       0.000000000000e+00       6.222421175832e-16       2.477383734324e-18       1.029463104529e-17 
 1753       5.236573362656e-11       1.013588802078e-12      -2.998189822815e-12       0.000000000000e+00       6.207318550787e-16       2.563754605462e-18       1.001048606808e-17 
 1754       5.232276901385e-11       1.004303428053e-12      -2.954169576690e-12       0.000000000000e+00       6.192259158991e-16       2.661812938659e-18       9.726969078473e-18 
 1755       5.227674597372e-11       9.952935801588e-13      -2.909962962172e-12       0.000000000000e+00       6.177242889435e-16       2.771479086492e-18       9.444100043689e-18 
 1756       5.222768469943e-11       9.865587490400e-13      -2.865586583856e-12       0.000000000000e+00       6.162269629747e-16       2.892672903292e-18       9.161899009447e-18 
 1757       5.217560551050e-11       9.780984196237e-13      -2.821057123341e-12       0.000000000000e+00       6.147339266194e-16       3.025313744375e-18       8.880386100058e-18 
 1758       5.212052885295e-11       9.699120711105e-13      -2.776391339343e-12       0.000000000000e+00       6.132451683679e-16       3.169320465266e-18       8.599581518531e-18 
 1759       5.206247529950e-11       9.619991769646e-13      -2.731606067798e-12       0.000000000000e+00       6.117606765738e-16       3.324611420929e-18       8.319505546677e-18 
 1760       5.200146554976e-11       9.543592049039e-13      -2.686718221982e-12       0.000000000000e+00       6.102804394540e-16       3.491104464989e-18       8.040178545212e-18 
 1761       5.193752043039e-11       9.469916168904e-13      -2.641744792611e-12       0.000000000000e+00       6.088044450880e-16       3.668716948965e-18       7.761620953867e-18 
 1762       5.187066089535e-11       9.398958691203e-13      -2.596702847960e-12       0.000000000000e+00       6.073326814179e-16       3.857365721491e-18       7.483853291486e-18 
 1763       5.180090802606e-11       9.330714120140e-13      -2.551609533965e-12       0.000000000000e+00       6.058651362485e-16       4.056967127546e-18       7.206896156136e-18 
 1764       5.172828303162e-11       9.265176902070e-13      -2.506482074339e-12       0.000000000000e+00       6.044017972463e-16       4.267437007682e-18       6.930770225207e-18 
 1765       5.165280724897e-11       9.202341425391e-13      -2.461337770679e-12       0.000000000000e+00       6.029426519399e-16       4.488690697247e-18       6.655496255520e-18 
 1766       5.157450214313e-11       9.142202020455e-13      -2.416194002577e-12       0.000000000000e+00       6.014876877196e-16       4.720643025615e-18       6.381095083430e-18 
 1767       5.149338930736e-11       9.084752959466e-13      -2.371068227730e-12       0.000000000000e+00       6.000368918369e-16       4.963208315412e-18       6.107587624932e-18 
 1768       5.140949046336e-11       9.029988456383e-13      -2.325977982049e-12       0.000000000000e+00       5.985902514046e-16       5.216300381743e-18       5.834994875762e-18 
 1769       5.132282746151e-11       8.977902666819e-13      -2.280940879772e-12       0.000000000000e+00       5.971477533964e-16       5.479832531417e-18       5.563337911505e-18 
 1770       5.123342228097e-11       8.928489687950e-13      -2.235974613568e-12       0.000000000000e+00       5.957093846465e-16       5.753717562178e-18       5.292637887699e-18 
 1771       5.114129703000e-11       8.881743558410e-13      -2.191096954654e-12       0.000000000000e+00       5.942751318498e-16       6.037867761928e-18       5.022916039939e-18 
 1772       5.104647394605e-11       8.837658258199e-13      -2.146325752901e-12       0.000000000000e+00       5.928449815610e-16       6.332194907954e-18       4.754193683981e-18 
 1773       5.094897539600e-11       8.796227708578e-13      -2.101678936944e-12       0.000000000000e+00       5.914189201951e-16       6.636610266158e-18       4.486492215847e-18 
 1774       5.084882387637e-11       8.757445771981e-13      -2.057174514295e-12       0.000000000000e+00       5.899969340265e-16       6.951024590281e-18       4.219833111930e-18 
 1775       5.074604201347e-11       8.721306251906e-13      -2.012830571448e-12       0.000000000000e+00       5.885790091893e-16       7.275348121131e-18       3.954237929097e-18 
 1776       5.064065256365e-11       8.687802892826e-13      -1.968665273995e-12       0.000000000000e+00       5.871651316767e-16       7.609490585810e-18       3.689728304798e-18 
 1777       5.053267841345e-11       8.656929380087e-13      -1.924696866730e-12       0.000000000000e+00       5.857552873407e-16       7.953361196938e-18       3.426325957163e-18 
 1778       5.042214257983e-11       8.628679339811e-13      -1.880943673764e-12       0.000000000000e+00       5.843494618922e-16       8.306868651887e-18       3.164052685115e-18 
 1779       5.030906821034e-11       8.603046338795e-13      -1.837424098632e-12       0.000000000000e+00       5.829476409006e-16       8.669921131998e-18       2.902930368466e-18 
 1780       5.019347858331e-11       8.580023884421e-13      -1.794156624403e-12       0.000000000000e+00       5.815498097933e-16       9.042426301817e-18       2.642980968030e-18 
 1781       5.007539710809e-11       8.559605424550e-13      -1.751159813794e-12       0.000000000000e+00       5.801559538560e-16       9.424291308316e-18       2.384226525722e-18 
 1782       4.995484732519e-11       8.541784347427e-13      -1.708452309274e-12       0.000000000000e+00       5.787660582319e-16       9.815422780123e-18       2.126689164663e-18 
 1783       4.983185290652e-11       8.526553981585e-13      -1.666052833178e-12       0.000000000000e+00       5.773801079218e-16       1.021572682674e-17       1.870391089287e-18 
 1784       4.970643765557e-11       8.513907595744e-13      -1.623980187817e-12       0.000000000000e+00       5.759980877837e-16       1.062510903780e-17       1.615354585443e-18 
 1785       4.957862550758e-11       8.503838398715e-13      -1.582253255585e-12       0.000000000000e+00       5.746199825327e-16       1.104347448224e-17       1.361602020502e-18 
 1786       4.944844052977e-11       8.496339539302e-13      -1.540890999073e-12       0.000000000000e+00       5.732457767405e-16       1.147072770758e-17       1.109155843458e-18 
 1787       4.931590692153e-11       8.491404106205e-13      -1.499912461175e-12       0.000000000000e+00       5.718754548355e-16       1.190677273913e-17       8.580385850379e-19 
 1788       4.918104901461e-11       8.489025127917e-13      -1.459336765203e-12       0.000000000000e+00       5.705090011023e-16       1.235151307920e-17       6.082728578006e-19 
 1789       4.904389127330e-11       8.489195572634e-13      -1.419183114990e-12       0.000000000000e+00       5.691463996816e-16       1.280485170635e-17       3.598813562446e-19 
 1790       4.890445829466e-11       8.491908348151e-13      -1.379470795008e-12       0.000000000000e+00       5.677876345698e-16       1.326669107463e-17       1.128868569117e-19 
 1791       4.876277480867e-11       8.497156301768e-13      -1.340219170472e-12       0.000000000000e+00       5.664326896189e-16       1.373693311275e-17      -1.326877815080e-19 
 1792       4.861886954821e-11       8.504927500627e-13      -1.301445697881e-12       0.000000000000e+00       5.650815496821e-16       1.421547852119e-17      -3.768215718951e-19 
 1793       4.847278689295e-11       8.515191030804e-13      -1.263159938654e-12       0.000000000000e+00       5.637342040612e-16       1.470222465853e-17      -6.195012775087e-19 
 1794       4.832457532091e-11       8.527911082060e-13      -1.225369496828e-12       0.000000000000e+00       5.623906430869e-16       1.519706763633e-17      -8.607155809752e-19 
 1795       4.817428354768e-11       8.543051656606e-13      -1.188082004230e-12       0.000000000000e+00       5.610508569751e-16       1.569990301888e-17      -1.100453134792e-18 
 1796       4.802196052679e-11       8.560576568827e-13      -1.151305120510e-12       0.000000000000e+00       5.597148358271e-16       1.621062582242e-17      -1.338702561294e-18 
 1797       4.786765545003e-11       8.580449445006e-13      -1.115046533182e-12       0.000000000000e+00       5.583825696289e-16       1.672913051439e-17      -1.575452452626e-18 
 1798       4.771141774778e-11       8.602633723054e-13      -1.079313957652e-12       0.000000000000e+00       5.570540482512e-16       1.725531101254e-17      -1.810691370706e-18 
 1799       4.755329708940e-11       8.627092652231e-13      -1.044115137261e-12       0.000000000000e+00       5.557292614494e-16       1.778906068423e-17      -2.044407847198e-18 
 1800       4.739334338348e-11       8.653789292876e-13      -1.009457843316e-12       0.000000000000e+00       5.544081988631e-16       1.833027234554e-17      -2.276590383478e-18 
 1801       4.723160677829e-11       8.682686516131e-13      -9.753498751284e-13       0.000000000000e+00       5.530908500161e-16       1.887883826055e-17      -2.507227450603e-18 
 1802       4.706813766203e-11       8.713747003667e-13      -9.417990600470e-13       0.000000000000e+00       5.517772043161e-16       1.943465014047e-17      -2.736307489279e-18 
 1803       4.690298666321e-11       8.746933247409e-13      -9.088132534964e-13       0.000000000000e+00       5.504672510545e-16       1.999759914289e-17      -2.963818909832e-18 
 1804       4.673620465099e-11       8.782207549262e-13      -8.764003390115e-13       0.000000000000e+00       5.491609794062e-16       2.056757587097e-17      -3.189750092170e-18 
 1805       4.656784273552e-11       8.819532020841e-13      -8.445682282729e-13       0.000000000000e+00       5.478583784295e-16       2.114447037262e-17      -3.414089385761e-18 
 1806       4.639795226826e-11       8.858868583189e-13      -8.133248611436e-13       0.000000000000e+00       5.465594370658e-16       2.172817213973e-17      -3.636825109593e-18 
 1807       4.622658484234e-11       8.900178966511e-13      -7.826782057035e-13       0.000000000000e+00       5.452641441395e-16       2.231857010734e-17      -3.857945552146e-18 
 1808       4.605379229291e-11       8.943424709893e-13      -7.526362582860e-13       0.000000000000e+00       5.439724883574e-16       2.291555265287e-17      -4.077438971361e-18 
 1809       4.587962669744e-11       8.988567161033e-13      -7.232070435136e-13       0.000000000000e+00       5.426844583093e-16       2.351900759530e-17      -4.295293594606e-18 
 1810       4.570414037610e-11       9.035567475964e-13      -6.943986143332e-13       0.000000000000e+00       5.414000424669e-16       2.412882219438e-17      -4.511497618648e-18 
 1811       4.552738589208e-11       9.084386618780e-13      -6.662190520519e-13       0.000000000000e+00       5.401192291843e-16       2.474488314985e-17      -4.726039209616e-18 
 1812       4.534941605194e-11       9.134985361363e-13      -6.386764663733e-13       0.000000000000e+00       5.388420066974e-16       2.536707660057e-17      -4.938906502975e-18 
 1813       4.517028390594e-11       9.187324283109e-13      -6.117789954323e-13       0.000000000000e+00       5.375683631238e-16       2.599528812382e-17      -5.150087603493e-18 
 1814       4.499004274840e-11       9.241363770651e-13      -5.855348058316e-13       0.000000000000e+00       5.362982864627e-16       2.662940273443e-17      -5.359570585207e-18 
 1815       4.480874611799e-11       9.297064017590e-13      -5.599520926768e-13       0.000000000000e+00       5.350317645945e-16       2.726930488399e-17      -5.567343491392e-18 
 1816       4.462644779815e-11       9.354385024215e-13      -5.350390796125e-13       0.000000000000e+00       5.337687852809e-16       2.791487846008e-17      -5.773394334533e-18 
 1817       4.444320181735e-11       9.413286597233e-13      -5.108040188580e-13       0.000000000000e+00       5.325093361643e-16       2.856600678544e-17      -5.977711096289e-18 
 1818       4.425906244948e-11       9.473728349493e-13      -4.872551912426e-13       0.000000000000e+00       5.312534047679e-16       2.922257261720e-17      -6.180281727464e-18 
 1819       4.407408421417e-11       9.535669699713e-13      -4.644009062418e-13       0.000000000000e+00       5.300009784955e-16       2.988445814605e-17      -6.381094147974e-18 
 1820       4.388832187716e-11       9.599069872205e-13      -4.422495020127e-13       0.000000000000e+00       5.287520446312e-16       3.055154499545e-17      -6.580136246817e-18 
 1821       4.370183045057e-11       9.663887896599e-13      -4.208093454300e-13       0.000000000000e+00       5.275065903391e-16       3.122371422085e-17      -6.777395882039e-18 
 1822       4.351466519334e-11       9.730082607575e-13      -4.000888321212e-13       0.000000000000e+00       5.262646026633e-16       3.190084630886e-17      -6.972860880707e-18 
 1823       4.332688161146e-11       9.797612644581e-13      -3.800963865029e-13       0.000000000000e+00       5.250260685275e-16       3.258282117648e-17      -7.166519038870e-18 
 1824       4.313853545841e-11       9.866436451564e-13      -3.608404618161e-13       0.000000000000e+00       5.237909747352e-16       3.326951817028e-17      -7.358358121535e-18 
 1825       4.294968273543e-11       9.936512276695e-13      -3.423295401620e-13       0.000000000000e+00       5.225593079688e-16       3.396081606562e-17      -7.548365862631e-18 
 1826       4.276037969190e-11       1.000779817209e-12      -3.245721325378e-13       0.000000000000e+00       5.213310547902e-16       3.465659306581e-17      -7.736529964980e-18 
 1827       4.257068282566e-11       1.008025199355e-12      -3.075767788724e-13       0.000000000000e+00       5.201062016399e-16       3.535672680136e-17      -7.922838100262e-18 
 1828       4.238064888336e-11       1.015383140027e-12      -2.913520480619e-13       0.000000000000e+00       5.188847348374e-16       3.606109432917e-17      -8.107277908986e-18 
 1829       4.219033486079e-11       1.022849385456e-12      -2.759065380055e-13       0.000000000000e+00       5.176666405804e-16       3.676957213168e-17      -8.289837000459e-18 
 1830       4.199979800323e-11       1.030419662161e-12      -2.612488756413e-13       0.000000000000e+00       5.164519049452e-16       3.748203611616e-17      -8.470502952752e-18 
 1831       4.180909357864e-11       1.038089688504e-12      -2.473856008714e-13       0.000000000000e+00       5.152405148593e-16       3.819835568509e-17      -8.649268142279e-18 
 1832       4.161826817706e-11       1.045855209525e-12      -2.343147997754e-13       0.000000000000e+00       5.140324610302e-16       3.891837589739e-17      -8.826144274796e-18 
 1833       4.142736635834e-11       1.053711962335e-12      -2.220324205830e-13       0.000000000000e+00       5.128277350396e-16       3.964193516303e-17      -9.001147970472e-18 
 1834       4.123643287467e-11       1.061655664524e-12      -2.105343851255e-13       0.000000000000e+00       5.116263283724e-16       4.036887115787e-17      -9.174295944967e-18 
 1835       4.104551267085e-11       1.069682014135e-12      -1.998165887951e-13       0.000000000000e+00       5.104282324164e-16       4.109902082262e-17      -9.345605009572e-18 
 1836       4.085465088456e-11       1.077786689635e-12      -1.898749005060e-13       0.000000000000e+00       5.092334384622e-16       4.183222036182e-17      -9.515092071352e-18 
 1837       4.066389284661e-11       1.085965349893e-12      -1.807051626533e-13       0.000000000000e+00       5.080419377028e-16       4.256830524285e-17      -9.682774133283e-18 
 1838       4.047328408119e-11       1.094213634148e-12      -1.723031910739e-13       0.000000000000e+00       5.068537212339e-16       4.330711019489e-17      -9.848668294397e-18 
 1839       4.028287030616e-11       1.102527161985e-12      -1.646647750058e-13       0.000000000000e+00       5.056687800530e-16       4.404846920794e-17      -1.001279174992e-17 
 1840       4.009269743326e-11       1.110901533306e-12      -1.577856770487e-13       0.000000000000e+00       5.044871050601e-16       4.479221553179e-17      -1.017516179142e-17 
 1841       3.990281156845e-11       1.119332328304e-12      -1.516616331234e-13       0.000000000000e+00       5.033086870570e-16       4.553818167503e-17      -1.033579580694e-17 
 1842       3.971325901208e-11       1.127815107436e-12      -1.462883524324e-13       0.000000000000e+00       5.021335167470e-16       4.628619940399e-17      -1.049471128115e-17 
 1843       3.952408625921e-11       1.136345411397e-12      -1.416615174196e-13       0.000000000000e+00       5.009615847353e-16       4.703609974178e-17      -1.065192579545e-17 
 1844       3.933533999986e-11       1.144918761090e-12      -1.377767837303e-13       0.000000000000e+00       4.997928815284e-16       4.778771296725e-17      -1.080745702819e-17 
 1845       3.914706711926e-11       1.153530657603e-12      -1.346297801711e-13       0.000000000000e+00       4.986273975339e-16       4.854086861401e-17      -1.096132275473e-17 
 1846       3.895931469811e-11       1.162176582178e-12      -1.322161086703e-13       0.000000000000e+00       4.974651230608e-16       4.929539546937e-17      -1.111354084762e-17 
 1847       3.877213001284e-11       1.170851996188e-12      -1.305313442374e-13       0.000000000000e+00       4.963060483187e-16       5.005112157336e-17      -1.126412927674e-17 
 1848       3.858556053589e-11       1.179552341105e-12      -1.295710349237e-13       0.000000000000e+00       4.951501634182e-16       5.080787421772e-17      -1.141310610944e-17 
 1849       3.839965393595e-11       1.188273038479e-12      -1.293307017815e-13       0.000000000000e+00       4.939974583702e-16       5.156547994487e-17      -1.156048951067e-17 
 1850       3.821445807822e-11       1.197009489906e-12      -1.298058388250e-13       0.000000000000e+00       4.928479230863e-16       5.232376454693e-17      -1.170629774313e-17 
 1851       3.803002102469e-11       1.205757077004e-12      -1.309919129897e-13       0.000000000000e+00       4.917015473782e-16       5.308255306466e-17      -1.185054916742e-17 
 1852       3.784639103436e-11       1.214511161383e-12      -1.328843640925e-13       0.000000000000e+00       4.905583209577e-16       5.384166978651e-17      -1.199326224215e-17 
 1853       3.766361656356e-11       1.223267084623e-12      -1.354786047919e-13       0.000000000000e+00       4.894182334367e-16       5.460093824755e-17      -1.213445552412e-17 
 1854       3.748174626616e-11       1.232020168241e-12      -1.387700205478e-13       0.000000000000e+00       4.882812743265e-16       5.536018122850e-17      -1.227414766846e-17 
 1855       3.730082899385e-11       1.240765713668e-12      -1.427539695816e-13       0.000000000000e+00       4.871474330383e-16       5.611922075468e-17      -1.241235742871e-17 
 1856       3.712091379640e-11       1.249499002221e-12      -1.474257828364e-13       0.000000000000e+00       4.860166988826e-16       5.687787809505e-17      -1.254910365705e-17 
 1857       3.694204992192e-11       1.258215295077e-12      -1.527807639366e-13       0.000000000000e+00       4.848890610692e-16       5.763597376116e-17      -1.268440530436e-17 
 1858       3.676428681711e-11       1.266909833243e-12      -1.588141891480e-13       0.000000000000e+00       4.837645087069e-16       5.839332750613e-17      -1.281828142044e-17 
 1859       3.658767412754e-11       1.275577837532e-12      -1.655213073382e-13       0.000000000000e+00       4.826430308036e-16       5.914975832368e-17      -1.295075115408e-17 
 1860       3.641226169790e-11       1.284214508534e-12      -1.728973399361e-13       0.000000000000e+00       4.815246162658e-16       5.990508444709e-17      -1.308183375324e-17 
 1861       3.623809957226e-11       1.292815026591e-12      -1.809374808923e-13       0.000000000000e+00       4.804092538986e-16       6.065912334819e-17      -1.321154856517e-17 
 1862       3.606523799433e-11       1.301374551768e-12      -1.896368966387e-13       0.000000000000e+00       4.792969324057e-16       6.141169173635e-17      -1.333991503659e-17 
 1863       3.589372740771e-11       1.309888223828e-12      -1.989907260489e-13       0.000000000000e+00       4.781876403889e-16       6.216260555747e-17      -1.346695271378e-17 
 1864       3.572361845617e-11       1.318351162202e-12      -2.089940803981e-13       0.000000000000e+00       4.770813663481e-16       6.291167999299e-17      -1.359268124276e-17 
 1865       3.555496198391e-11       1.326758465966e-12      -2.196420433228e-13       0.000000000000e+00       4.759780986813e-16       6.365872945883e-17      -1.371712036941e-17 
 1866       3.538780903581e-11       1.335105213811e-12      -2.309296707812e-13       0.000000000000e+00       4.748778256840e-16       6.440356760442e-17      -1.384028993963e-17 
 1867       3.522221085768e-11       1.343386464017e-12      -2.428519910132e-13       0.000000000000e+00       4.737805355495e-16       6.514600731168e-17      -1.396220989944e-17 
 1868       3.505821889655e-11       1.351597254425e-12      -2.554040044999e-13       0.000000000000e+00       4.726862163685e-16       6.588586069398e-17      -1.408290029519e-17 
 1869       3.489588480089e-11       1.359732602412e-12      -2.685806839242e-13       0.000000000000e+00       4.715948561289e-16       6.662293909519e-17      -1.420238127363e-17 
 1870       3.473525443292e-11       1.367787919434e-12      -2.823758942282e-13       0.000000000000e+00       4.705064435440e-16       6.735706712497e-17      -1.432065711833e-17 
 1871       3.457634985361e-11       1.375760258267e-12      -2.967791436259e-13       0.000000000000e+00       4.694209705435e-16       6.808812488699e-17      -1.443766822190e-17 
 1872       3.441918719715e-11       1.383647075471e-12      -3.117788070844e-13       0.000000000000e+00       4.683384298017e-16       6.881600607918e-17      -1.455333873818e-17 
 1873       3.426378264630e-11       1.391445817695e-12      -3.273632038413e-13       0.000000000000e+00       4.672588139108e-16       6.954060398687e-17      -1.466759251144e-17 
 1874       3.411015243235e-11       1.399153921665e-12      -3.435205973273e-13       0.000000000000e+00       4.661821153806e-16       7.026181148224e-17      -1.478035307606e-17 
 1875       3.395831283522e-11       1.406768814167e-12      -3.602391950892e-13       0.000000000000e+00       4.651083266387e-16       7.097952102380e-17      -1.489154365604e-17 
 1876       3.380828018353e-11       1.414287912040e-12      -3.775071487133e-13       0.000000000000e+00       4.640374400301e-16       7.169362465582e-17      -1.500108716462e-17 
 1877       3.366007085462e-11       1.421708622157e-12      -3.953125537479e-13       0.000000000000e+00       4.629694478172e-16       7.240401400786e-17      -1.510890620390e-17 
 1878       3.351370127462e-11       1.429028341418e-12      -4.136434496264e-13       0.000000000000e+00       4.619043421796e-16       7.311058029422e-17      -1.521492306440e-17 
 1879       3.336918791851e-11       1.436244456733e-12      -4.324878195905e-13       0.000000000000e+00       4.608421152139e-16       7.381321431336e-17      -1.531905972469e-17 
 1880       3.322654731016e-11       1.443354345010e-12      -4.518335906129e-13       0.000000000000e+00       4.597827589339e-16       7.451180644746e-17      -1.542123785091e-17 
 1881       3.308579602242e-11       1.450355373146e-12      -4.716686333201e-13       0.000000000000e+00       4.587262652699e-16       7.520624666182e-17      -1.552137879648e-17 
 1882       3.294695067712e-11       1.457244898007e-12      -4.919807619160e-13       0.000000000000e+00       4.576726260689e-16       7.589642450434e-17      -1.561940360157e-17 
 1883       3.281002794516e-11       1.464020266423e-12      -5.127577341042e-13       0.000000000000e+00       4.566218330947e-16       7.658222910501e-17      -1.571523299278e-17 
 1884       3.267504454659e-11       1.470678815170e-12      -5.339872510113e-13       0.000000000000e+00       4.555738780272e-16       7.726354917539e-17      -1.580878738272e-17 
 1885       3.254201725059e-11       1.477217870959e-12      -5.556569571098e-13       0.000000000000e+00       4.545287524627e-16       7.794027300805e-17      -1.589998686955e-17 
 1886       3.241096287562e-11       1.483634750423e-12      -5.777544401412e-13       0.000000000000e+00       4.534864479136e-16       7.861228847603e-17      -1.598875123664e-17 
 1887       3.228189828937e-11       1.489926760105e-12      -6.002672310387e-13       0.000000000000e+00       4.524469558082e-16       7.927948303236e-17      -1.607499995213e-17 
 1888       3.215484040892e-11       1.496091196443e-12      -6.231828038504e-13       0.000000000000e+00       4.514102674908e-16       7.994174370949e-17      -1.615865216852e-17 
 1889       3.202980620072e-11       1.502125345759e-12      -6.464885756620e-13       0.000000000000e+00       4.503763742212e-16       8.059895711877e-17      -1.623962672230e-17 
 1890       3.190681268067e-11       1.508026484248e-12      -6.701719065201e-13       0.000000000000e+00       4.493452671750e-16       8.125100944992e-17      -1.631784213349e-17 
 1891       3.178587691418e-11       1.513791877961e-12      -6.942200993551e-13       0.000000000000e+00       4.483169374430e-16       8.189778647052e-17      -1.639321660528e-17 
 1892       3.166701601622e-11       1.519418782794e-12      -7.186203999038e-13       0.000000000000e+00       4.472913760315e-16       8.253917352543e-17      -1.646566802358e-17 
 1893       3.155024715138e-11       1.524904444479e-12      -7.433599966329e-13       0.000000000000e+00       4.462685738618e-16       8.317505553632e-17      -1.653511395667e-17 
 1894       3.143558753391e-11       1.530246098563e-12      -7.684260206614e-13       0.000000000000e+00       4.452485217703e-16       8.380531700109e-17      -1.660147165474e-17 
 1895       3.132305442780e-11       1.535440970403e-12      -7.938055456843e-13       0.000000000000e+00       4.442312105082e-16       8.442984199337e-17      -1.666465804951e-17 
 1896       3.121266514680e-11       1.540486275149e-12      -8.194855878948e-13       0.000000000000e+00       4.432166307416e-16       8.504851416199e-17      -1.672458975382e-17 
 1897       3.110443705451e-11       1.545379217735e-12      -8.454531059076e-13       0.000000000000e+00       4.422047730511e-16       8.566121673042e-17      -1.678118306124e-17 
 1898       3.099838756442e-11       1.550116992860e-12      -8.716950006822e-13       0.000000000000e+00       4.411956279317e-16       8.626783249628e-17      -1.683435394561e-17 
 1899       3.089453413997e-11       1.554696784981e-12      -8.981981154452e-13       0.000000000000e+00       4.401891857929e-16       8.686824383077e-17      -1.688401806071e-17 
 1900       3.079289429457e-11       1.559115768298e-12      -9.249492356137e-13       0.000000000000e+00       4.391854369583e-16       8.746233267820e-17      -1.693009073978e-17 
 1901       3.069348559174e-11       1.563371106741e-12      -9.519350887183e-13       0.000000000000e+00       4.381843716654e-16       8.804998055537e-17      -1.697248699518e-17 
 1902       3.059632564505e-11       1.567459953956e-12      -9.791423443258e-13       0.000000000000e+00       4.371859800660e-16       8.863106855113e-17      -1.701112151792e-17 
 1903       3.050143211828e-11       1.571379453298e-12      -1.006557613962e-12       0.000000000000e+00       4.361902522253e-16       8.920547732579e-17      -1.704590867731e-17 
 1904       3.040882272541e-11       1.575126737809e-12      -1.034167451036e-12       0.000000000000e+00       4.351971781224e-16       8.977308711062e-17      -1.707676252051e-17 
 1905       3.031851523071e-11       1.578698930213e-12      -1.061958350762e-12       0.000000000000e+00       4.342067476498e-16       9.033377770730e-17      -1.710359677217e-17 
 1906       3.023052744876e-11       1.582093142901e-12      -1.089916750080e-12       0.000000000000e+00       4.332189506134e-16       9.088742848743e-17      -1.712632483396e-17 
 1907       3.014487724454e-11       1.585306477915e-12      -1.118029027584e-12       0.000000000000e+00       4.322337767322e-16       9.143391839193e-17      -1.714485978422e-17 
 1908       3.006158253347e-11       1.588336026940e-12      -1.146281503442e-12       0.000000000000e+00       4.312512156386e-16       9.197312593057e-17      -1.715911437754e-17 
 1909       2.998065551346e-11       1.591179404243e-12      -1.174660807858e-12       0.000000000000e+00       4.302712575833e-16       9.250495606519e-17      -1.716903487820e-17 
 1910       2.990208531269e-11       1.593836349998e-12      -1.203154989714e-12       0.000000000000e+00       4.292938955586e-16       9.302942108575e-17      -1.717470284500e-17 
 1911       2.982585520891e-11       1.596307139227e-12      -1.231752416275e-12       0.000000000000e+00       4.283191231914e-16       9.354656035327e-17      -1.717623412596e-17 
 1912       2.975194838522e-11       1.598592049968e-12      -1.260441405353e-12       0.000000000000e+00       4.273469340389e-16       9.405641347266e-17      -1.717374509601e-17 
 1913       2.968034792997e-11       1.600691363276e-12      -1.289210225250e-12       0.000000000000e+00       4.263773215886e-16       9.455902029313e-17      -1.716735265765e-17 
 1914       2.961103683659e-11       1.602605363234e-12      -1.318047094682e-12       0.000000000000e+00       4.254102792580e-16       9.505442090848e-17      -1.715717424173e-17 
 1915       2.954399800349e-11       1.604334336952e-12      -1.346940182726e-12       0.000000000000e+00       4.244458003945e-16       9.554265565752e-17      -1.714332780810e-17 
 1916       2.947921423389e-11       1.605878574576e-12      -1.375877608743e-12       0.000000000000e+00       4.234838782755e-16       9.602376512437e-17      -1.712593184635e-17 
 1917       2.941666823569e-11       1.607238369288e-12      -1.404847442323e-12       0.000000000000e+00       4.225245061081e-16       9.649779013887e-17      -1.710510537648e-17 
 1918       2.935634262137e-11       1.608414017316e-12      -1.433837703215e-12       0.000000000000e+00       4.215676770292e-16       9.696477177688e-17      -1.708096794967e-17 
 1919       2.929821990781e-11       1.609405817935e-12      -1.462836361264e-12       0.000000000000e+00       4.206133841048e-16       9.742475136066e-17      -1.705363964890e-17 
 1920       2.924228251619e-11       1.610214073472e-12      -1.491831336343e-12       0.000000000000e+00       4.196616203309e-16       9.787777045923e-17      -1.702324108974e-17 
 1921       2.918851277184e-11       1.610839089313e-12      -1.520810498294e-12       0.000000000000e+00       4.187123786322e-16       9.832387088872e-17      -1.698989342102e-17 
 1922       2.913689290408e-11       1.611281173908e-12      -1.549761666857e-12       0.000000000000e+00       4.177656518630e-16       9.876309471273e-17      -1.695371832552e-17 
 1923       2.908740504615e-11       1.611540638771e-12      -1.578672611609e-12       0.000000000000e+00       4.168214328064e-16       9.919548424265e-17      -1.691483802072e-17 
 1924       2.904003123501e-11       1.611617798491e-12      -1.607531051896e-12       0.000000000000e+00       4.158797141748e-16       9.962108203806e-17      -1.687337525946e-17 
 1925       2.899475341125e-11       1.611512970731e-12      -1.636324656772e-12       0.000000000000e+00       4.149404886090e-16       1.000399309071e-16      -1.682945333070e-17 
 1926       2.895155341891e-11       1.611226476238e-12      -1.665041044931e-12       0.000000000000e+00       4.140037486788e-16       1.004520739067e-16      -1.678319606017e-17 
 1927       2.891041300541e-11       1.610758638845e-12      -1.693667784642e-12       0.000000000000e+00       4.130694868825e-16       1.008575543431e-16      -1.673472781113e-17 
 1928       2.887131382134e-11       1.610109785474e-12      -1.722192393688e-12       0.000000000000e+00       4.121376956471e-16       1.012564157722e-16      -1.668417348503e-17 
 1929       2.883423742039e-11       1.609280246144e-12      -1.750602339295e-12       0.000000000000e+00       4.112083673276e-16       1.016487019997e-16      -1.663165852226e-17 
 1930       2.879916525917e-11       1.608270353976e-12      -1.778885038072e-12       0.000000000000e+00       4.102814942077e-16       1.020344570817e-16      -1.657730890282e-17 
 1931       2.876607869710e-11       1.607080445195e-12      -1.807027855945e-12       0.000000000000e+00       4.093570684989e-16       1.024137253248e-16      -1.652125114706e-17 
 1932       2.873495899626e-11       1.605710859136e-12      -1.835018108090e-12       0.000000000000e+00       4.084350823409e-16       1.027865512869e-16      -1.646361231637e-17 
 1933       2.870578732129e-11       1.604161938249e-12      -1.862843058870e-12       0.000000000000e+00       4.075155278014e-16       1.031529797769e-16      -1.640452001387e-17 
 1934       2.867854473919e-11       1.602434028103e-12      -1.890489921772e-12       0.000000000000e+00       4.065983968757e-16       1.035130558558e-16      -1.634410238515e-17 
 1935       2.865321221924e-11       1.600527477393e-12      -1.917945859336e-12       0.000000000000e+00       4.056836814870e-16       1.038668248364e-16      -1.628248811898e-17 
 1936       2.862977063287e-11       1.598442637941e-12      -1.945197983096e-12       0.000000000000e+00       4.047713734859e-16       1.042143322841e-16      -1.621980644796e-17 
 1937       2.860820075347e-11       1.596179864705e-12      -1.972233353513e-12       0.000000000000e+00       4.038614646506e-16       1.045556240169e-16      -1.615618714930e-17 
 1938       2.858848325631e-11       1.593739515781e-12      -1.999038979911e-12       0.000000000000e+00       4.029539466866e-16       1.048907461060e-16      -1.609176054549e-17 
 1939       2.857059871837e-11       1.591121952407e-12      -2.025601820409e-12       0.000000000000e+00       4.020488112268e-16       1.052197448763e-16      -1.602665750500e-17 
 1940       2.855452761824e-11       1.588327538971e-12      -2.051908781860e-12       0.000000000000e+00       4.011460498309e-16       1.055426669063e-16      -1.596100944301e-17 
 1941       2.854025033594e-11       1.585356643013e-12      -2.077946719783e-12       0.000000000000e+00       4.002456539859e-16       1.058595590288e-16      -1.589494832210e-17 
 1942       2.852774715283e-11       1.582209635231e-12      -2.103702438301e-12       0.000000000000e+00       3.993476151055e-16       1.061704683311e-16      -1.582860665296e-17 
 1943       2.851699825144e-11       1.578886889484e-12      -2.129162690074e-12       0.000000000000e+00       3.984519245303e-16       1.064754421555e-16      -1.576211749511e-17 
 1944       2.850798371537e-11       1.575388782801e-12      -2.154314176234e-12       0.000000000000e+00       3.975585735276e-16       1.067745280995e-16      -1.569561445760e-17 
 1945       2.850068352911e-11       1.571715695381e-12      -2.179143546321e-12       0.000000000000e+00       3.966675532912e-16       1.070677740162e-16      -1.562923169970e-17 
 1946       2.849507757795e-11       1.567868010599e-12      -2.203637398219e-12       0.000000000000e+00       3.957788549413e-16       1.073552280148e-16      -1.556310393163e-17 
 1947       2.849114564781e-11       1.563846115013e-12      -2.227782278090e-12       0.000000000000e+00       3.948924695245e-16       1.076369384607e-16      -1.549736641526e-17 
 1948       2.848886499810e-11       1.559650746380e-12      -2.251566062067e-12       0.000000000000e+00       3.940083886148e-16       1.079129346202e-16      -1.543212612715e-17 
 1949       2.848820306042e-11       1.555284040549e-12      -2.274982112831e-12       0.000000000000e+00       3.931266061229e-16       1.081831684336e-16      -1.536737500936e-17 
 1950       2.848912468474e-11       1.550748492445e-12      -2.298025154135e-12       0.000000000000e+00       3.922471165003e-16       1.084475723053e-16      -1.530307606828e-17 
 1951       2.849159456121e-11       1.546046608784e-12      -2.320689891859e-12       0.000000000000e+00       3.913699141390e-16       1.087060784198e-16      -1.523919215291e-17 
 1952       2.849557721997e-11       1.541180908088e-12      -2.342971013988e-12       0.000000000000e+00       3.904949933720e-16       1.089586187411e-16      -1.517568595469e-17 
 1953       2.850103703093e-11       1.536153920701e-12      -2.364863190594e-12       0.000000000000e+00       3.896223484725e-16       1.092051250126e-16      -1.511252000725e-17 
 1954       2.850793820355e-11       1.530968188807e-12      -2.386361073811e-12       0.000000000000e+00       3.887519736544e-16       1.094455287571e-16      -1.504965668626e-17 
 1955       2.851624478667e-11       1.525626266444e-12      -2.407459297814e-12       0.000000000000e+00       3.878838630716e-16       1.096797612761e-16      -1.498705820916e-17 
 1956       2.852592066822e-11       1.520130719519e-12      -2.428152478800e-12       0.000000000000e+00       3.870180108186e-16       1.099077536499e-16      -1.492468663501e-17 
 1957       2.853692957509e-11       1.514484125824e-12      -2.448435214966e-12       0.000000000000e+00       3.861544109298e-16       1.101294367372e-16      -1.486250386428e-17 
 1958       2.854923507289e-11       1.508689075055e-12      -2.468302086487e-12       0.000000000000e+00       3.852930573798e-16       1.103447411747e-16      -1.480047163861e-17 
 1959       2.856280056570e-11       1.502748168822e-12      -2.487747655494e-12       0.000000000000e+00       3.844339440830e-16       1.105535973772e-16      -1.473855154064e-17 
 1960       2.857758929591e-11       1.496664020671e-12      -2.506766466055e-12       0.000000000000e+00       3.835770648937e-16       1.107559355371e-16      -1.467670499378e-17 
 1961       2.859356434401e-11       1.490439256095e-12      -2.525353044154e-12       0.000000000000e+00       3.827224136061e-16       1.109516856240e-16      -1.461489326206e-17 
 1962       2.861068862832e-11       1.484076512551e-12      -2.543501897665e-12       0.000000000000e+00       3.818699839539e-16       1.111407773848e-16      -1.455307744983e-17 
 1963       2.862892490484e-11       1.477578439478e-12      -2.561207516338e-12       0.000000000000e+00       3.810197696105e-16       1.113231403433e-16      -1.449121850165e-17 
 1964       2.864823576701e-11       1.470947698309e-12      -2.578464371771e-12       0.000000000000e+00       3.801717641887e-16       1.114987037997e-16      -1.442927720203e-17 
 1965       2.866858364550e-11       1.464186962490e-12      -2.595266917394e-12       0.000000000000e+00       3.793259612406e-16       1.116673968307e-16      -1.436721417526e-17 
 1966       2.868993080801e-11       1.457298917494e-12      -2.611609588443e-12       0.000000000000e+00       3.784823542578e-16       1.118291482891e-16      -1.430498988517e-17 
 1967       2.871223935904e-11       1.450286260838e-12      -2.627486801945e-12       0.000000000000e+00       3.776409366710e-16       1.119838868035e-16      -1.424256463495e-17 
 1968       2.873547123971e-11       1.443151702097e-12      -2.642892956690e-12       0.000000000000e+00       3.768017018499e-16       1.121315407781e-16      -1.417989856695e-17 
 1969       2.875958822749e-11       1.435897962921e-12      -2.657822433213e-12       0.000000000000e+00       3.759646431033e-16       1.122720383924e-16      -1.411695166245e-17 
 1970       2.878455193607e-11       1.428527777050e-12      -2.672269593774e-12       0.000000000000e+00       3.751297536788e-16       1.124053076010e-16      -1.405368374148e-17 
 1971       2.881032381508e-11       1.421043890333e-12      -2.686228782334e-12       0.000000000000e+00       3.742970267630e-16       1.125312761332e-16      -1.399005446260e-17 
 1972       2.883686514989e-11       1.413449060737e-12      -2.699694324538e-12       0.000000000000e+00       3.734664554811e-16       1.126498714931e-16      -1.392602332272e-17 
 1973       2.886413706145e-11       1.405746058370e-12      -2.712660527686e-12       0.000000000000e+00       3.726380328970e-16       1.127610209587e-16      -1.386154965686e-17 
 1974       2.889210050601e-11       1.397937665492e-12      -2.725121680722e-12       0.000000000000e+00       3.718117520129e-16       1.128646515825e-16      -1.379659263798e-17 
 1975       2.892071627493e-11       1.390026676532e-12      -2.737072054203e-12       0.000000000000e+00       3.709876057697e-16       1.129606901905e-16      -1.373111127674e-17 
 1976       2.894994499452e-11       1.382015898105e-12      -2.748505900285e-12       0.000000000000e+00       3.701655870464e-16       1.130490633821e-16      -1.366506442133e-17 
 1977       2.897974712574e-11       1.373908149027e-12      -2.759417452698e-12       0.000000000000e+00       3.693456886606e-16       1.131296975304e-16      -1.359841075725e-17 
 1978       2.901008296406e-11       1.365706260330e-12      -2.769800926726e-12       0.000000000000e+00       3.685279033676e-16       1.132025187811e-16      -1.353110880711e-17 
 1979       2.904091263922e-11       1.357413075278e-12      -2.779650519185e-12       0.000000000000e+00       3.677122238610e-16       1.132674530528e-16      -1.346311693041e-17 
 1980       2.907219611500e-11       1.349031449384e-12      -2.788960408403e-12       0.000000000000e+00       3.668986427723e-16       1.133244260367e-16      -1.339439332336e-17 
 1981       2.910389318905e-11       1.340564250423e-12      -2.797724754198e-12       0.000000000000e+00       3.660871526710e-16       1.133733631960e-16      -1.332489601867e-17 
 1982       2.913596349267e-11       1.332014358453e-12      -2.805937697856e-12       0.000000000000e+00       3.652777460642e-16       1.134141897661e-16      -1.325458288532e-17 
 1983       2.916836649054e-11       1.323384665824e-12      -2.813593362112e-12       0.000000000000e+00       3.644704153966e-16       1.134468307541e-16      -1.318341162840e-17 
 1984       2.920106148061e-11       1.314678077199e-12      -2.820685851126e-12       0.000000000000e+00       3.636651530507e-16       1.134712109385e-16      -1.311133978886e-17 
 1985       2.923400759379e-11       1.305897509567e-12      -2.827209250464e-12       0.000000000000e+00       3.628619513464e-16       1.134872548690e-16      -1.303832474333e-17 
 1986       2.926716379381e-11       1.297045892260e-12      -2.833157627075e-12       0.000000000000e+00       3.620608025408e-16       1.134948868662e-16      -1.296432370393e-17 
 1987       2.930049056061e-11       1.288126175780e-12      -2.838526506764e-12       0.000000000000e+00       3.612616993415e-16       1.134940675063e-16      -1.288930079140e-17 
 1988       2.933395495464e-11       1.279141358325e-12      -2.843317318540e-12       0.000000000000e+00       3.604646364496e-16       1.134849033687e-16      -1.281324831196e-17 
 1989       2.936752558948e-11       1.270094459489e-12      -2.847532982963e-12       0.000000000000e+00       3.596696090273e-16       1.134675380963e-16      -1.273616563679e-17 
 1990       2.940117095138e-11       1.260988511483e-12      -2.851176437645e-12       0.000000000000e+00       3.588766121867e-16       1.134421159846e-16      -1.265805214290e-17 
 1991       2.943485939912e-11       1.251826559157e-12      -2.854250637276e-12       0.000000000000e+00       3.580856409890e-16       1.134087819830e-16      -1.257890721313e-17 
 1992       2.946855916387e-11       1.242611660010e-12      -2.856758553649e-12       0.000000000000e+00       3.572966904445e-16       1.133676816953e-16      -1.249873023617e-17 
 1993       2.950223834897e-11       1.233346884206e-12      -2.858703175678e-12       0.000000000000e+00       3.565097555129e-16       1.133189613807e-16      -1.241752060659e-17 
 1994       2.953586492985e-11       1.224035314595e-12      -2.860087509427e-12       0.000000000000e+00       3.557248311030e-16       1.132627679549e-16      -1.233527772479e-17 
 1995       2.956940675379e-11       1.214680046724e-12      -2.860914578133e-12       0.000000000000e+00       3.549419120725e-16       1.131992489903e-16      -1.225200099710e-17 
 1996       2.960283153982e-11       1.205284188858e-12      -2.861187422227e-12       0.000000000000e+00       3.541609932282e-16       1.131285527175e-16      -1.216768983570e-17 
 1997       2.963610687853e-11       1.195850861989e-12      -2.860909099358e-12       0.000000000000e+00       3.533820693256e-16       1.130508280259e-16      -1.208234365870e-17 
 1998       2.966920023192e-11       1.186383199860e-12      -2.860082684421e-12       0.000000000000e+00       3.526051350691e-16       1.129662244645e-16      -1.199596189010e-17 
 1999       2.970207893321e-11       1.176884348974e-12      -2.858711269576e-12       0.000000000000e+00       3.518301851117e-16       1.128748922427e-16      -1.190854395985e-17 
 2000       2.973471018675e-11       1.167357468615e-12      -2.856797964272e-12       0.000000000000e+00       3.510572140551e-16       1.127769822314e-16      -1.182008930380e-17 
 2001       2.976706106779e-11       1.157805730861e-12      -2.854345895273e-12       0.000000000000e+00       3.502862164495e-16       1.126726459637e-16      -1.173059736378e-17 
 2002       2.979909852232e-11       1.148232320604e-12      -2.851358206681e-12       0.000000000000e+00       3.495171867936e-16       1.125620356356e-16      -1.164006758755e-17 
 2003       2.983078936699e-11       1.138640435559e-12      -2.847838059958e-12       0.000000000000e+00       3.487501195345e-16       1.124453041072e-16      -1.154849942884e-17 
 2004       2.986210028885e-11       1.129033286287e-12      -2.843788633951e-12       0.000000000000e+00       3.479850090675e-16       1.123226049032e-16      -1.145589234738e-17 
 2005       2.989299784525e-11       1.119414096209e-12      -2.839213124916e-12       0.000000000000e+00       3.472218497363e-16       1.121940922141e-16      -1.136224580885e-17 
 2006       2.992344846366e-11       1.109786101618e-12      -2.834114746540e-12       0.000000000000e+00       3.464606358325e-16       1.120599208967e-16      -1.126755928496e-17 
 2007       2.995341844151e-11       1.100152551702e-12      -2.828496729967e-12       0.000000000000e+00       3.457013615961e-16       1.119202464752e-16      -1.117183225340e-17 
 2008       2.998287394603e-11       1.090516708555e-12      -2.822362323819e-12       0.000000000000e+00       3.449440212147e-16       1.117752251418e-16      -1.107506419789e-17 
 2009       3.001178101411e-11       1.080881847193e-12      -2.815714794222e-12       0.000000000000e+00       3.441886088242e-16       1.116250137579e-16      -1.097725460820e-17 
 2010       3.004010555211e-11       1.071251255573e-12      -2.808557424828e-12       0.000000000000e+00       3.434351185080e-16       1.114697698546e-16      -1.087840298010e-17 
 2011       3.006781333569e-11       1.061628234607e-12      -2.800893516841e-12       0.000000000000e+00       3.426835442974e-16       1.113096516341e-16      -1.077850881545e-17 
 2012       3.009487000971e-11       1.052016098179e-12      -2.792726389037e-12       0.000000000000e+00       3.419338801714e-16       1.111448179696e-16      -1.067757162215e-17 
 2013       3.012124108800e-11       1.042418173160e-12      -2.784059377790e-12       0.000000000000e+00       3.411861200565e-16       1.109754284072e-16      -1.057559091416e-17 
 2014       3.014689195325e-11       1.032837799424e-12      -2.774895837096e-12       0.000000000000e+00       3.404402578267e-16       1.108016431659e-16      -1.047256621156e-17 
 2015       3.017178785681e-11       1.023278329865e-12      -2.765239138595e-12       0.000000000000e+00       3.396962873035e-16       1.106236231392e-16      -1.036849704048e-17 
 2016       3.019589391857e-11       1.013743130414e-12      -2.755092671597e-12       0.000000000000e+00       3.389542022559e-16       1.104415298952e-16      -1.026338293318e-17 
 2017       3.021917512676e-11       1.004235580051e-12      -2.744459843104e-12       0.000000000000e+00       3.382139963997e-16       1.102555256781e-16      -1.015722342804e-17 
 2018       3.024159633782e-11       9.947590708243e-13      -2.733344077831e-12       0.000000000000e+00       3.374756633984e-16       1.100657734087e-16      -1.005001806953e-17 
 2019       3.026312227622e-11       9.853170078679e-13      -2.721748818237e-12       0.000000000000e+00       3.367391968624e-16       1.098724366852e-16      -9.941766408299e-18 
 2020       3.028371753433e-11       9.759128094133e-13      -2.709677524541e-12       0.000000000000e+00       3.360045903490e-16       1.096756797844e-16      -9.832468001110e-18 
 2021       3.030334657220e-11       9.665499068085e-13      -2.697133674750e-12       0.000000000000e+00       3.352718373627e-16       1.094756676621e-16      -9.722122410894e-18 
 2022       3.032197371748e-11       9.572317445332e-13      -2.684120764682e-12       0.000000000000e+00       3.345409313546e-16       1.092725659544e-16      -9.610729206749e-18 
 2023       3.033956316517e-11       9.479617802146e-13      -2.670642307989e-12       0.000000000000e+00       3.338118657230e-16       1.090665409783e-16      -9.498287963951e-18 
 2024       3.035607897755e-11       9.387434846439e-13      -2.656701836179e-12       0.000000000000e+00       3.330846338125e-16       1.088577597323e-16      -9.384798263962e-18 
 2025       3.037148508394e-11       9.295803417922e-13      -2.642302898643e-12       0.000000000000e+00       3.323592289145e-16       1.086463898978e-16      -9.270259694445e-18 
 2026       3.038574946255e-11       9.204755697636e-13      -2.627449840331e-12       0.000000000000e+00       3.316356447049e-16       1.084325343986e-16      -9.154673885107e-18 
 2027       3.039885671919e-11       9.114312814208e-13      -2.612150140872e-12       0.000000000000e+00       3.309138765607e-16       1.082160345604e-16      -9.038050631305e-18 
 2028       3.041079559908e-11       9.024493177275e-13      -2.596412092399e-12       0.000000000000e+00       3.301939202530e-16       1.079966655313e-16      -8.920401814703e-18 
 2029       3.042155481313e-11       8.935315262683e-13      -2.580244023479e-12       0.000000000000e+00       3.294757715094e-16       1.077742015920e-16      -8.801739371522e-18 
 2030       3.043112303789e-11       8.846797612567e-13      -2.563654299155e-12       0.000000000000e+00       3.287594260141e-16       1.075484161553e-16      -8.682075292611e-18 
 2031       3.043948891553e-11       8.758958835430e-13      -2.546651320997e-12       0.000000000000e+00       3.280448794081e-16       1.073190817644e-16      -8.561421623516e-18 
 2032       3.044664105379e-11       8.671817606217e-13      -2.529243527145e-12       0.000000000000e+00       3.273321272886e-16       1.070859700927e-16      -8.439790464553e-18 
 2033       3.045256802593e-11       8.585392666400e-13      -2.511439392357e-12       0.000000000000e+00       3.266211652095e-16       1.068488519421e-16      -8.317193970875e-18 
 2034       3.045725837070e-11       8.499702824052e-13      -2.493247428053e-12       0.000000000000e+00       3.259119886810e-16       1.066074972421e-16      -8.193644352541e-18 
 2035       3.046070059233e-11       8.414766953931e-13      -2.474676182367e-12       0.000000000000e+00       3.252045931695e-16       1.063616750487e-16      -8.069153874591e-18 
 2036       3.046288316044e-11       8.330603997550e-13      -2.455734240187e-12       0.000000000000e+00       3.244989740978e-16       1.061111535437e-16      -7.943734857112e-18 
 2037       3.046379451005e-11       8.247232963266e-13      -2.436430223204e-12       0.000000000000e+00       3.237951268448e-16       1.058557000329e-16      -7.817399675309e-18 
 2038       3.046342304150e-11       8.164672926351e-13      -2.416772789960e-12       0.000000000000e+00       3.230930467454e-16       1.055950809458e-16      -7.690160759575e-18 
 2039       3.046175712046e-11       8.082943029074e-13      -2.396770635892e-12       0.000000000000e+00       3.223927290907e-16       1.053290618342e-16      -7.562030595563e-18 
 2040       3.045878507782e-11       8.002062480778e-13      -2.376432493378e-12       0.000000000000e+00       3.216941691278e-16       1.050574073710e-16      -7.433021724253e-18 
 2041       3.045449520975e-11       7.922050557963e-13      -2.355767131787e-12       0.000000000000e+00       3.209973620595e-16       1.047798813494e-16      -7.303146742025e-18 
 2042       3.044887577757e-11       7.842926604359e-13      -2.334783357520e-12       0.000000000000e+00       3.203023030446e-16       1.044962466818e-16      -7.172418300726e-18 
 2043       3.044191500777e-11       7.764710031007e-13      -2.313490014063e-12       0.000000000000e+00       3.196089871977e-16       1.042062653985e-16      -7.040849107744e-18 
 2044       3.043360109193e-11       7.687420316339e-13      -2.291895982026e-12       0.000000000000e+00       3.189174095890e-16       1.039096986470e-16      -6.908451926073e-18 
 2045       3.042392218673e-11       7.611077006255e-13      -2.270010179195e-12       0.000000000000e+00       3.182275652444e-16       1.036063066907e-16      -6.775239574388e-18 
 2046       3.041286641386e-11       7.535699714204e-13      -2.247841560576e-12       0.000000000000e+00       3.175394491453e-16       1.032958489077e-16      -6.641224927112e-18 
 2047       3.040042186003e-11       7.461308121259e-13      -2.225399118443e-12       0.000000000000e+00       3.168530562288e-16       1.029780837903e-16      -6.506420914489e-18 
 2048       3.038657657689e-11       7.387921976200e-13      -2.202691882380e-12       0.000000000000e+00       3.161683813871e-16       1.026527689432e-16      -6.370840522651e-18 
 2049       3.037131858103e-11       7.315561095587e-13      -2.179728919335e-12       0.000000000000e+00       3.154854194681e-16       1.023196610831e-16      -6.234496793687e-18 
 2050       3.035463585390e-11       7.244245363846e-13      -2.156519333658e-12       0.000000000000e+00       3.148041652748e-16       1.019785160371e-16      -6.097402825720e-18 
 2051       3.033651634181e-11       7.173994733341e-13      -2.133072267154e-12       0.000000000000e+00       3.141246135656e-16       1.016290887421e-16      -5.959571772968e-18 
 2052       3.031694795587e-11       7.104829224458e-13      -2.109396899125e-12       0.000000000000e+00       3.134467590540e-16       1.012711332435e-16      -5.821016845821e-18 
 2053       3.029591857196e-11       7.036768925680e-13      -2.085502446419e-12       0.000000000000e+00       3.127705964085e-16       1.009044026941e-16      -5.681751310909e-18 
 2054       3.027341603069e-11       6.969833993668e-13      -2.061398163474e-12       0.000000000000e+00       3.120961202528e-16       1.005286493530e-16      -5.541788491171e-18 
 2055       3.024942813736e-11       6.904044653336e-13      -2.037093342369e-12       0.000000000000e+00       3.114233251655e-16       1.001436245848e-16      -5.401141765924e-18 
 2056       3.022394266194e-11       6.839421197937e-13      -2.012597312864e-12       0.000000000000e+00       3.107522056800e-16       9.974907885841e-17      -5.259824570938e-18 
 2057       3.019694733898e-11       6.775983989132e-13      -1.987919442451e-12       0.000000000000e+00       3.100827562849e-16       9.934476174587e-17      -5.117850398500e-18 
 2058       3.016842986764e-11       6.713753457079e-13      -1.963069136399e-12       0.000000000000e+00       3.094149714231e-16       9.893042192141e-17      -4.975232797490e-18 
 2059       3.013837791160e-11       6.652750100502e-13      -1.938055837799e-12       0.000000000000e+00       3.087488454924e-16       9.850580716036e-17      -4.831985373446e-18 
 2060       3.010677909905e-11       6.592994486778e-13      -1.912889027614e-12       0.000000000000e+00       3.080843728455e-16       9.807066433809e-17      -4.688121788638e-18 
 2061       3.007362102263e-11       6.534507252009e-13      -1.887578224722e-12       0.000000000000e+00       3.074215477892e-16       9.762473942897e-17      -4.543655762133e-18 
 2062       3.003889123944e-11       6.477309101107e-13      -1.862132985962e-12       0.000000000000e+00       3.067603645852e-16       9.716777750525e-17      -4.398601069871e-18 
 2063       3.000257727091e-11       6.421420807865e-13      -1.836562906184e-12       0.000000000000e+00       3.061008174493e-16       9.669952273607e-17      -4.252971544734e-18 
 2064       2.996466660287e-11       6.366863215044e-13      -1.810877618292e-12       0.000000000000e+00       3.054429005520e-16       9.621971838635e-17      -4.106781076610e-18 
 2065       2.992515071549e-11       6.313653518997e-13      -1.785086562360e-12       0.000000000000e+00       3.047866083924e-16       9.572822973323e-17      -3.960049602456e-18 
 2066       2.988403720474e-11       6.261794094606e-13      -1.759198291098e-12       0.000000000000e+00       3.041319369251e-16       9.522541376987e-17      -3.812821122725e-18 
 2067       2.984133774678e-11       6.211283591294e-13      -1.733221159553e-12       0.000000000000e+00       3.034788824410e-16       9.471175212013e-17      -3.665145812781e-18 
 2068       2.979706407582e-11       6.162120641248e-13      -1.707163555635e-12       0.000000000000e+00       3.028274411943e-16       9.418772836142e-17      -3.517074044751e-18 
 2069       2.975122798418e-11       6.114303859401e-13      -1.681033900160e-12       0.000000000000e+00       3.021776094017e-16       9.365382802711e-17      -3.368656387763e-18 
 2070       2.970384132235e-11       6.067831843401e-13      -1.654840646887e-12       0.000000000000e+00       3.015293832426e-16       9.311053860892e-17      -3.219943608180e-18 
 2071       2.965491599908e-11       6.022703173590e-13      -1.628592282557e-12       0.000000000000e+00       3.008827588592e-16       9.255834955931e-17      -3.070986669844e-18 
 2072       2.960446398144e-11       5.978916412972e-13      -1.602297326936e-12       0.000000000000e+00       3.002377323562e-16       9.199775229389e-17      -2.921836734314e-18 
 2073       2.955249729494e-11       5.936470107193e-13      -1.575964332851e-12       0.000000000000e+00       2.995942998007e-16       9.142924019380e-17      -2.772545161099e-18 
 2074       2.949902802355e-11       5.895362784512e-13      -1.549601886234e-12       0.000000000000e+00       2.989524572226e-16       9.085330860811e-17      -2.623163507905e-18 
 2075       2.944406830978e-11       5.855592955777e-13      -1.523218606159e-12       0.000000000000e+00       2.983122006141e-16       9.027045485622e-17      -2.473743530866e-18 
 2076       2.938763035481e-11       5.817159114397e-13      -1.496823144884e-12       0.000000000000e+00       2.976735259297e-16       8.968117823027e-17      -2.324337184788e-18 
 2077       2.932972641851e-11       5.780059736318e-13      -1.470424187886e-12       0.000000000000e+00       2.970364290862e-16       8.908597999750e-17      -2.174996623383e-18 
 2078       2.927036881952e-11       5.744293279997e-13      -1.444030453910e-12       0.000000000000e+00       2.964009059629e-16       8.848536340270e-17      -2.025774199514e-18 
 2079       2.920956993536e-11       5.709858186375e-13      -1.417650694999e-12       0.000000000000e+00       2.957669524009e-16       8.787983367054e-17      -1.876722465424e-18 
 2080       2.914734220247e-11       5.676752878854e-13      -1.391293696540e-12       0.000000000000e+00       2.951345642039e-16       8.726989800804e-17      -1.727894172985e-18 
 2081       2.908369811631e-11       5.644975763267e-13      -1.364968277302e-12       0.000000000000e+00       2.945037371374e-16       8.665606560689e-17      -1.579342273929e-18 
 2082       2.901865023141e-11       5.614525227855e-13      -1.338683289476e-12       0.000000000000e+00       2.938744669290e-16       8.603884764592e-17      -1.431119920089e-18 
 2083       2.895221116146e-11       5.585399643242e-13      -1.312447618716e-12       0.000000000000e+00       2.932467492684e-16       8.541875729344e-17      -1.283280463640e-18 
 2084       2.888439357940e-11       5.557597362407e-13      -1.286270184175e-12       0.000000000000e+00       2.926205798070e-16       8.479630970966e-17      -1.135877457332e-18 
 2085       2.881521021746e-11       5.531116720659e-13      -1.260159938551e-12       0.000000000000e+00       2.919959541582e-16       8.417202204909e-17      -9.889646547352e-19 
 2086       2.874467386727e-11       5.505956035611e-13      -1.234125868122e-12       0.000000000000e+00       2.913728678973e-16       8.354641346294e-17      -8.425960104735e-19 
 2087       2.867279737990e-11       5.482113607155e-13      -1.208176992787e-12       0.000000000000e+00       2.907513165612e-16       8.292000510149e-17      -6.968256804651e-19 
 2088       2.859959366598e-11       5.459587717436e-13      -1.182322366107e-12       0.000000000000e+00       2.901312956485e-16       8.229332011650e-17      -5.517080221609e-19 
 2089       2.852507569573e-11       5.438376630826e-13      -1.156571075345e-12       0.000000000000e+00       2.895128006197e-16       8.166688366364e-17      -4.072975947830e-19 
 2090       2.844925649906e-11       5.418478593896e-13      -1.130932241503e-12       0.000000000000e+00       2.888958268965e-16       8.104122290482e-17      -2.636491595632e-19 
 2091       2.837214916564e-11       5.399891835395e-13      -1.105415019367e-12       0.000000000000e+00       2.882803698624e-16       8.041686701065e-17      -1.208176799816e-19 
 2092       2.829376684499e-11       5.382614566221e-13      -1.080028597540e-12       0.000000000000e+00       2.876664248623e-16       7.979434716279e-17       2.114167799492e-20 
 2093       2.821412274652e-11       5.366644979393e-13      -1.054782198489e-12       0.000000000000e+00       2.870539872025e-16       7.917419655639e-17       1.621735456738e-19 
 2094       2.813323013963e-11       5.351981250032e-13      -1.029685078580e-12       0.000000000000e+00       2.864430521507e-16       7.855695040244e-17       3.022223513987e-19 
 2095       2.805110235379e-11       5.338621535328e-13      -1.004746528121e-12       0.000000000000e+00       2.858336149359e-16       7.794314593019e-17       4.412323203106e-19 
 2096       2.796775277860e-11       5.326563974518e-13      -9.799758713979e-13       0.000000000000e+00       2.852256707484e-16       7.733332238956e-17       5.791474741094e-19 
 2097       2.788319486387e-11       5.315806688861e-13      -9.553824667196e-13       0.000000000000e+00       2.846192147395e-16       7.672802105351e-17       7.159116308151e-19 
 2098       2.779744211970e-11       5.306347781610e-13      -9.309757064535e-13       0.000000000000e+00       2.840142420218e-16       7.612778522045e-17       8.514684045297e-19 
 2099       2.771050811656e-11       5.298185337985e-13      -9.067650170675e-13       0.000000000000e+00       2.834107476690e-16       7.553316021665e-17       9.857612051981e-19 
 2100       2.762240648533e-11       5.291317425151e-13      -8.827598591692e-13       0.000000000000e+00       2.828087267157e-16       7.494469339858e-17       1.118733238370e-18 
 2101       2.753315091743e-11       5.285742092191e-13      -8.589697275463e-13       0.000000000000e+00       2.822081741577e-16       7.436293415539e-17       1.250327504961e-18 
 2102       2.744275516485e-11       5.281457370077e-13      -8.354041512059e-13       0.000000000000e+00       2.816090849514e-16       7.378843391125e-17       1.380486801014e-18 
 2103       2.735123304025e-11       5.278461271649e-13      -8.120726934149e-13       0.000000000000e+00       2.810114540143e-16       7.322174612776e-17       1.509153717462e-18 
 2104       2.725860016671e-11       5.276749282320e-13      -7.889840162846e-13       0.000000000000e+00       2.804152765455e-16       7.266329361502e-17       1.636278262996e-18 
 2105       2.716487924009e-11       5.276306813164e-13      -7.661430673325e-13       0.000000000000e+00       2.798205489910e-16       7.211296945109e-17       1.761840791136e-18 
 2106       2.707009480344e-11       5.277116695273e-13      -7.435538734261e-13       0.000000000000e+00       2.792272680848e-16       7.157053329080e-17       1.885829232194e-18 
 2107       2.697427150075e-11       5.279161684161e-13      -7.212204744757e-13       0.000000000000e+00       2.786354305294e-16       7.103574380377e-17       2.008231484620e-18 
 2108       2.687743407707e-11       5.282424459669e-13      -6.991469234481e-13       0.000000000000e+00       2.780450329946e-16       7.050835867325e-17       2.129035414964e-18 
 2109       2.677960737867e-11       5.286887625871e-13      -6.773372863820e-13       0.000000000000e+00       2.774560721187e-16       6.998813459487e-17       2.248228857849e-18 
 2110       2.668081635309e-11       5.292533710984e-13      -6.557956424018e-13       0.000000000000e+00       2.768685445072e-16       6.947482727549e-17       2.365799615937e-18 
 2111       2.658108604935e-11       5.299345167269e-13      -6.345260837326e-13       0.000000000000e+00       2.762824467339e-16       6.896819143198e-17       2.481735459897e-18 
 2112       2.648044161800e-11       5.307304370942e-13      -6.135327157146e-13       0.000000000000e+00       2.756977753401e-16       6.846798079000e-17       2.596024128371e-18 
 2113       2.637890831128e-11       5.316393622076e-13      -5.928196568177e-13       0.000000000000e+00       2.751145268346e-16       6.797394808284e-17       2.708653327946e-18 
 2114       2.627651148323e-11       5.326595144511e-13      -5.723910386558e-13       0.000000000000e+00       2.745326976942e-16       6.748584505019e-17       2.819610733120e-18 
 2115       2.617327658983e-11       5.337891085756e-13      -5.522510060015e-13       0.000000000000e+00       2.739522843631e-16       6.700342243697e-17       2.928883986268e-18 
 2116       2.606922918909e-11       5.350263516900e-13      -5.324037168008e-13       0.000000000000e+00       2.733732832529e-16       6.652642999210e-17       3.036460697613e-18 
 2117       2.596439494122e-11       5.363694432515e-13      -5.128533421874e-13       0.000000000000e+00       2.727956907429e-16       6.605461646733e-17       3.142328445194e-18 
 2118       2.585879960868e-11       5.378165750563e-13      -4.936040664972e-13       0.000000000000e+00       2.722195031799e-16       6.558772961601e-17       3.246474774831e-18 
 2119       2.575246905640e-11       5.393659312303e-13      -4.746600872831e-13       0.000000000000e+00       2.716447168778e-16       6.512551619193e-17       3.348887200096e-18 
 2120       2.564542925180e-11       5.410156882194e-13      -4.560256153292e-13       0.000000000000e+00       2.710713281180e-16       6.466772194808e-17       3.449553202277e-18 
 2121       2.553770626500e-11       5.427640147807e-13      -4.377048746656e-13       0.000000000000e+00       2.704993331493e-16       6.421409163550e-17       3.548460230354e-18 
 2122       2.542932626888e-11       5.446090719726e-13      -4.197021025830e-13       0.000000000000e+00       2.699287281877e-16       6.376436900201e-17       3.645595700956e-18 
 2123       2.532031553924e-11       5.465490131456e-13      -4.020215496466e-13       0.000000000000e+00       2.693595094163e-16       6.331829679110e-17       3.740946998339e-18 
 2124       2.521070045491e-11       5.485819839331e-13      -3.846674797117e-13       0.000000000000e+00       2.687916729855e-16       6.287561674064e-17       3.834501474348e-18 
 2125       2.510050749786e-11       5.507061222416e-13      -3.676441699373e-13       0.000000000000e+00       2.682252150126e-16       6.243606958177e-17       3.926246448386e-18 
 2126       2.498976325336e-11       5.529195582418e-13      -3.509559108011e-13       0.000000000000e+00       2.676601315822e-16       6.199939503763e-17       4.016169207383e-18 
 2127       2.487849441004e-11       5.552204143589e-13      -3.346070061138e-13       0.000000000000e+00       2.670964187458e-16       6.156533182219e-17       4.104257005765e-18 
 2128       2.476672776009e-11       5.576068052634e-13      -3.186017730338e-13       0.000000000000e+00       2.665340725218e-16       6.113361763905e-17       4.190497065419e-18 
 2129       2.465449019932e-11       5.600768378614e-13      -3.029445420818e-13       0.000000000000e+00       2.659730888957e-16       6.070398918027e-17       4.274876575662e-18 
 2130       2.454180872730e-11       5.626286112858e-13      -2.876396571551e-13       0.000000000000e+00       2.654134638198e-16       6.027618212509e-17       4.357382693213e-18 
 2131       2.442871044751e-11       5.652602168864e-13      -2.726914755423e-13       0.000000000000e+00       2.648551932131e-16       5.984993113884e-17       4.438002542153e-18 
 2132       2.431522256743e-11       5.679697382207e-13      -2.581043679378e-13       0.000000000000e+00       2.642982729615e-16       5.942496987163e-17       4.516723213901e-18 
 2133       2.420137239866e-11       5.707552510445e-13      -2.438827184563e-13       0.000000000000e+00       2.637426989176e-16       5.900103095725e-17       4.593531767177e-18 
 2134       2.408718735707e-11       5.736148233026e-13      -2.300309246474e-13       0.000000000000e+00       2.631884669007e-16       5.857784601191e-17       4.668415227971e-18 
 2135       2.397269496291e-11       5.765465151195e-13      -2.165533975101e-13       0.000000000000e+00       2.626355726967e-16       5.815514563305e-17       4.741360589512e-18 
 2136       2.385792284093e-11       5.795483787897e-13      -2.034545615072e-13       0.000000000000e+00       2.620840120580e-16       5.773265939816e-17       4.812354812236e-18 
 2137       2.374289872049e-11       5.826184587685e-13      -1.907388545801e-13       0.000000000000e+00       2.615337807039e-16       5.731011586357e-17       4.881384823752e-18 
 2138       2.362765043571e-11       5.857547916628e-13      -1.784107281632e-13       0.000000000000e+00       2.609848743197e-16       5.688724256325e-17       4.948437518813e-18 
 2139       2.351220592558e-11       5.889554062214e-13      -1.664746471985e-13       0.000000000000e+00       2.604372885574e-16       5.646376600762e-17       5.013499759282e-18 
 2140       2.339659323407e-11       5.922183233259e-13      -1.549350901498e-13       0.000000000000e+00       2.598910190355e-16       5.603941168233e-17       5.076558374099e-18 
 2141       2.328084051027e-11       5.955415559811e-13      -1.437965490179e-13       0.000000000000e+00       2.593460613386e-16       5.561390404708e-17       5.137600159251e-18 
 2142       2.316497600850e-11       5.989231093057e-13      -1.330635293543e-13       0.000000000000e+00       2.588024110178e-16       5.518696653443e-17       5.196611877741e-18 
 2143       2.304902705661e-11       6.023609616132e-13      -1.227395150287e-13       0.000000000000e+00       2.582600638663e-16       5.475838494745e-17       5.253590849577e-18 
 2144       2.293301695282e-11       6.058530075314e-13      -1.128238547701e-13       0.000000000000e+00       2.577190167491e-16       5.432819812852e-17       5.308576800889e-18 
 2145       2.281696804790e-11       6.093971144756e-13      -1.033148543864e-13       0.000000000000e+00       2.571792667792e-16       5.389650859060e-17       5.361620232311e-18 
 2146       2.270090277521e-11       6.129911415133e-13      -9.421081006926e-14       0.000000000000e+00       2.566408110416e-16       5.346341923704e-17       5.412771848949e-18 
 2147       2.258484365078e-11       6.166329393542e-13      -8.551000838096e-14       0.000000000000e+00       2.561036465938e-16       5.302903336209e-17       5.462082560629e-18 
 2148       2.246881327342e-11       6.203203503404e-13      -7.721072624232e-14       0.000000000000e+00       2.555677704654e-16       5.259345465128e-17       5.509603482140e-18 
 2149       2.235283432477e-11       6.240512084367e-13      -6.931123092005e-14       0.000000000000e+00       2.550331796582e-16       5.215678718197e-17       5.555385933478e-18 
 2150       2.223692956947e-11       6.278233392204e-13      -6.180978001427e-14       0.000000000000e+00       2.544998711462e-16       5.171913542373e-17       5.599481440093e-18 
 2151       2.212112185520e-11       6.316345598716e-13      -5.470462144602e-14       0.000000000000e+00       2.539678418754e-16       5.128060423882e-17       5.641941733132e-18 
 2152       2.200543411277e-11       6.354826791635e-13      -4.799399344471e-14       0.000000000000e+00       2.534370887640e-16       5.084129888267e-17       5.682818749681e-18 
 2153       2.188988935627e-11       6.393654974522e-13      -4.167612453567e-14       0.000000000000e+00       2.529076087020e-16       5.040132500431e-17       5.722164633015e-18 
 2154       2.177451068310e-11       6.432808066671e-13      -3.574923352763e-14       0.000000000000e+00       2.523793985516e-16       4.996078864683e-17       5.760031732839e-18 
 2155       2.165932127414e-11       6.472263903006e-13      -3.021152950020e-14       0.000000000000e+00       2.518524551469e-16       4.951979624786e-17       5.796472605532e-18 
 2156       2.154434439376e-11       6.512000233990e-13      -2.506121179137e-14       0.000000000000e+00       2.513267752937e-16       4.907845464000e-17       5.831540014395e-18 
 2157       2.142960338998e-11       6.551994725517e-13      -2.029646998504e-14       0.000000000000e+00       2.508023557698e-16       4.863687105129e-17       5.865286929891e-18 
 2158       2.131512169454e-11       6.592224958822e-13      -1.591548389847e-14       0.000000000000e+00       2.502791933250e-16       4.819515310565e-17       5.897766529893e-18 
 2159       2.120092282302e-11       6.632668430376e-13      -1.191642356981e-14       0.000000000000e+00       2.497572846806e-16       4.775340882338e-17       5.929032199929e-18 
 2160       2.108703037487e-11       6.673302551789e-13      -8.297449245576e-15       0.000000000000e+00       2.492366265297e-16       4.731174662157e-17       5.959137533423e-18 
 2161       2.097346803361e-11       6.714104649713e-13      -5.056711368167e-15       0.000000000000e+00       2.487172155371e-16       4.687027531457e-17       5.988136331942e-18 
 2162       2.086025956681e-11       6.755051965741e-13      -2.192350563343e-15       0.000000000000e+00       2.481990483394e-16       4.642910411447e-17       6.016082605441e-18 
 2163       2.074742882629e-11       6.796121656310e-13       2.975023722697e-16       0.000000000000e+00       2.476821215447e-16       4.598834263153e-17       6.043030572506e-18 
 2164       2.063499974814e-11       6.837290792602e-13       2.414726483682e-15       0.000000000000e+00       2.471664317326e-16       4.554810087464e-17       6.069034660601e-18 
 2165       2.052299635285e-11       6.878536360444e-13       4.161210670047e-15       0.000000000000e+00       2.466519754543e-16       4.510848925180e-17       6.094149506308e-18 
 2166       2.041144274541e-11       6.919835260209e-13       5.538853697161e-15       0.000000000000e+00       2.461387492326e-16       4.466961857055e-17       6.118429955577e-18 
 2167       2.030036311539e-11       6.961164306721e-13       6.549564209970e-15       0.000000000000e+00       2.456267495615e-16       4.423160003845e-17       6.141931063967e-18 
 2168       2.018978173704e-11       7.002500229151e-13       7.195260745072e-15       0.000000000000e+00       2.451159729068e-16       4.379454526349e-17       6.164708096892e-18 
 2169       2.007972296937e-11       7.043819670924e-13       7.477871743217e-15       0.000000000000e+00       2.446064157053e-16       4.335856625463e-17       6.186816529864e-18 
 2170       1.997021125630e-11       7.085099189613e-13       7.399335561815e-15       0.000000000000e+00       2.440980743654e-16       4.292377542217e-17       6.208312048741e-18 
 2171       1.986127112669e-11       7.126315256849e-13       6.961600487437e-15       0.000000000000e+00       2.435909452665e-16       4.249028557827e-17       6.229250549968e-18 
 2172       1.975292719446e-11       7.167444258215e-13       6.166624748319e-15       0.000000000000e+00       2.430850247596e-16       4.205820993738e-17       6.249688140821e-18 
 2173       1.964520415871e-11       7.208462493150e-13       5.016376526865e-15       0.000000000000e+00       2.425803091667e-16       4.162766211669e-17       6.269681139658e-18 
 2174       1.953812680378e-11       7.249346174852e-13       3.512833972149e-15       0.000000000000e+00       2.420767947810e-16       4.119875613659e-17       6.289286076154e-18 
 2175       1.943171999936e-11       7.290071430175e-13       1.657985212420e-15       0.000000000000e+00       2.415744778668e-16       4.077160642116e-17       6.308559691554e-18 
 2176       1.932600870061e-11       7.330614299536e-13      -5.461716323938e-16       0.000000000000e+00       2.410733546595e-16       4.034632779859e-17       6.327558938913e-18 
 2177       1.922101794819e-11       7.370950736811e-13      -3.097628438184e-15       0.000000000000e+00       2.405734213658e-16       3.992303550163e-17       6.346340983342e-18 
 2178       1.911677286844e-11       7.411056609238e-13      -5.994367064157e-15       0.000000000000e+00       2.400746741630e-16       3.950184516809e-17       6.364963202250e-18 
 2179       1.901329867340e-11       7.450907697321e-13      -9.234359340333e-15       0.000000000000e+00       2.395771091997e-16       3.908287284126e-17       6.383483185595e-18 
 2180       1.891062066095e-11       7.490479694727e-13      -1.281556705504e-14       0.000000000000e+00       2.390807225952e-16       3.866623497039e-17       6.401958736121e-18 
 2181       1.880876421491e-11       7.529748208189e-13      -1.673594194241e-14       0.000000000000e+00       2.385855104399e-16       3.825204841113e-17       6.420447869608e-18 
 2182       1.870775202703e-11       7.568690604395e-13      -2.099285908595e-14       0.000000000000e+00       2.380914690328e-16       3.784041186194e-17       6.438999569390e-18 
 2183       1.860759574255e-11       7.607291564382e-13      -2.558141299966e-14       0.000000000000e+00       2.375985955971e-16       3.743135003640e-17       6.457625981642e-18 
 2184       1.850830425882e-11       7.645537566209e-13      -3.049611009033e-14       0.000000000000e+00       2.371068875697e-16       3.702486911726e-17       6.476330034040e-18 
 2185       1.840988649826e-11       7.683415041304e-13      -3.573143417673e-14       0.000000000000e+00       2.366163423633e-16       3.662097528646e-17       6.495114664556e-18 
 2186       1.831235140842e-11       7.720910374405e-13      -4.128184646289e-14       0.000000000000e+00       2.361269573665e-16       3.621967472516e-17       6.513982821471e-18 
 2187       1.821570796201e-11       7.758009903517e-13      -4.714178551126e-14       0.000000000000e+00       2.356387299439e-16       3.582097361369e-17       6.532937463387e-18 
 2188       1.811996515691e-11       7.794699919851e-13      -5.330566721597e-14       0.000000000000e+00       2.351516574360e-16       3.542487813157e-17       6.551981559237e-18 
 2189       1.802513201618e-11       7.830966667779e-13      -5.976788477604e-14       0.000000000000e+00       2.346657371591e-16       3.503139445745e-17       6.571118088300e-18 
 2190       1.793121758814e-11       7.866796344778e-13      -6.652280866860e-14       0.000000000000e+00       2.341809664052e-16       3.464052876917e-17       6.590350040207e-18 
 2191       1.783823094632e-11       7.902175101378e-13      -7.356478662214e-14       0.000000000000e+00       2.336973424421e-16       3.425228724369e-17       6.609680414960e-18 
 2192       1.774618118955e-11       7.937089041111e-13      -8.088814358970e-14       0.000000000000e+00       2.332148625135e-16       3.386667605709e-17       6.629112222937e-18 
 2193       1.765507744197e-11       7.971524220457e-13      -8.848718172209e-14       0.000000000000e+00       2.327335238385e-16       3.348370138460e-17       6.648648484907e-18 
 2194       1.756492885302e-11       8.005466648795e-13      -9.635618034115e-14       0.000000000000e+00       2.322533236122e-16       3.310336940054e-17       6.668292232040e-18 
 2195       1.747574459752e-11       8.038902288348e-13      -1.044893959129e-13       0.000000000000e+00       2.317742590051e-16       3.272568627833e-17       6.688046505921e-18 
 2196       1.738753387565e-11       8.071817054130e-13      -1.128810620210e-13       0.000000000000e+00       2.312963271633e-16       3.235065819049e-17       6.707914358560e-18 
 2197       1.730030591301e-11       8.104196813897e-13      -1.215253893395e-13       0.000000000000e+00       2.308195252085e-16       3.197829130859e-17       6.727898852404e-18 
 2198       1.721406996061e-11       8.136027388094e-13      -1.304165656065e-13       0.000000000000e+00       2.303438502380e-16       3.160859180329e-17       6.748003060348e-18 
 2199       1.712883529493e-11       8.167294549800e-13      -1.395487555973e-13       0.000000000000e+00       2.298692993244e-16       3.124156584431e-17       6.768230065746e-18 
 2200       1.704461121793e-11       8.197984024680e-13      -1.489161010974e-13       0.000000000000e+00       2.293958695161e-16       3.087721960041e-17       6.788582962427e-18 
 2201       1.696140705707e-11       8.228081490929e-13      -1.585127208760e-13       0.000000000000e+00       2.289235578365e-16       3.051555923937e-17       6.809064854699e-18 
 2202       1.687923216536e-11       8.257572579221e-13      -1.683327106589e-13       0.000000000000e+00       2.284523612847e-16       3.015659092801e-17       6.829678857371e-18 
 2203       1.679809592134e-11       8.286442872659e-13      -1.783701431021e-13       0.000000000000e+00       2.279822768349e-16       2.980032083216e-17       6.850428095752e-18 
 2204       1.671800772916e-11       8.314677906721e-13      -1.886190677648e-13       0.000000000000e+00       2.275133014369e-16       2.944675511665e-17       6.871315705675e-18 
 2205       1.663897701857e-11       8.342263169206e-13      -1.990735110827e-13       0.000000000000e+00       2.270454320156e-16       2.909589994531e-17       6.892344833499e-18 
 2206       1.656101324494e-11       8.369184100186e-13      -2.097274763410e-13       0.000000000000e+00       2.265786654712e-16       2.874776148095e-17       6.913518636128e-18 
 2207       1.648412588934e-11       8.395426091948e-13      -2.205749436479e-13       0.000000000000e+00       2.261129986791e-16       2.840234588534e-17       6.934840281017e-18 
 2208       1.640832445848e-11       8.420974488950e-13      -2.316098699079e-13       0.000000000000e+00       2.256484284899e-16       2.805965931923e-17       6.956312946186e-18 
 2209       1.633361848481e-11       8.445814587761e-13      -2.428261887946e-13       0.000000000000e+00       2.251849517292e-16       2.771970794230e-17       6.977939820232e-18 
 2210       1.626001752651e-11       8.469931637012e-13      -2.542178107244e-13       0.000000000000e+00       2.247225651981e-16       2.738249791318e-17       6.999724102341e-18 
 2211       1.618753116753e-11       8.493310837344e-13      -2.657786228292e-13       0.000000000000e+00       2.242612656723e-16       2.704803538942e-17       7.021669002299e-18 
 2212       1.611616901760e-11       8.515937341356e-13      -2.775024889303e-13       0.000000000000e+00       2.238010499029e-16       2.671632652751e-17       7.043777740501e-18 
 2213       1.604594071227e-11       8.537796253553e-13      -2.893832495109e-13       0.000000000000e+00       2.233419146158e-16       2.638737748282e-17       7.066053547967e-18 
 2214       1.597685591292e-11       8.558872630290e-13      -3.014147216899e-13       0.000000000000e+00       2.228838565120e-16       2.606119440963e-17       7.088499666352e-18 
 2215       1.590892430682e-11       8.579151479728e-13      -3.135906991948e-13       0.000000000000e+00       2.224268722674e-16       2.573778346111e-17       7.111119347958e-18 
 2216       1.584215560711e-11       8.598617761771e-13      -3.259049523350e-13       0.000000000000e+00       2.219709585328e-16       2.541715078930e-17       7.133915855742e-18 
 2217       1.577655955285e-11       8.617256388024e-13      -3.383512279750e-13       0.000000000000e+00       2.215161119339e-16       2.509930254510e-17       7.156892463335e-18 
 2218       1.571214590905e-11       8.635052221733e-13      -3.509232495078e-13       0.000000000000e+00       2.210623290712e-16       2.478424487827e-17       7.180052455045e-18 
 2219       1.564892446669e-11       8.651990077740e-13      -3.636147168279e-13       0.000000000000e+00       2.206096065199e-16       2.447198393741e-17       7.203399125876e-18 
 2220       1.558690504273e-11       8.668054722423e-13      -3.764193063046e-13       0.000000000000e+00       2.201579408302e-16       2.416252586997e-17       7.226935781536e-18 
 2221       1.552609473742e-11       8.683233431638e-13      -3.893307770888e-13       0.000000000000e+00       2.197073287330e-16       2.385587826760e-17       7.250655716877e-18 
 2222       1.546648968631e-11       8.697523683048e-13      -4.023432908536e-13       0.000000000000e+00       2.192577677594e-16       2.355205451287e-17       7.274512079001e-18 
 2223       1.540808325388e-11       8.710925514395e-13      -4.154510941076e-13       0.000000000000e+00       2.188092556257e-16       2.325106946118e-17       7.298447805529e-18 
 2224       1.535086877139e-11       8.723438970119e-13      -4.286484120290e-13       0.000000000000e+00       2.183617900269e-16       2.295293799803e-17       7.322405627909e-18 
 2225       1.529483953673e-11       8.735064101372e-13      -4.419294484412e-13       0.000000000000e+00       2.179153686373e-16       2.265767503901e-17       7.346328071183e-18 
 2226       1.523998881448e-11       8.745800966028e-13      -4.552883857887e-13       0.000000000000e+00       2.174699891102e-16       2.236529552985e-17       7.370157453751e-18 
 2227       1.518630983580e-11       8.755649628690e-13      -4.687193851124e-13       0.000000000000e+00       2.170256490777e-16       2.207581444641e-17       7.393835887145e-18 
 2228       1.513379579842e-11       8.764610160705e-13      -4.822165860264e-13       0.000000000000e+00       2.165823461512e-16       2.178924679475e-17       7.417305275792e-18 
 2229       1.508243986660e-11       8.772682640169e-13      -4.957741066927e-13       0.000000000000e+00       2.161400779208e-16       2.150560761112e-17       7.440507316783e-18 
 2230       1.503223517106e-11       8.779867151941e-13      -5.093860437979e-13       0.000000000000e+00       2.156988419556e-16       2.122491196198e-17       7.463383499644e-18 
 2231       1.498317480898e-11       8.786163787649e-13      -5.230464725286e-13       0.000000000000e+00       2.152586358036e-16       2.094717494406e-17       7.485875106100e-18 
 2232       1.493525184394e-11       8.791572645704e-13      -5.367494465470e-13       0.000000000000e+00       2.148194569917e-16       2.067241168436e-17       7.507923209845e-18 
 2233       1.488845930587e-11       8.796093831308e-13      -5.504889979672e-13       0.000000000000e+00       2.143813030255e-16       2.040063734017e-17       7.529468676309e-18 
 2234       1.484279019100e-11       8.799727456463e-13      -5.642591373308e-13       0.000000000000e+00       2.139441713895e-16       2.013186709911e-17       7.550452162428e-18 
 2235       1.479823746188e-11       8.802473639984e-13      -5.780538535826e-13       0.000000000000e+00       2.135080595469e-16       1.986611617914e-17       7.570814116409e-18 
 2236       1.475479404725e-11       8.804332507506e-13      -5.918671140464e-13       0.000000000000e+00       2.130729649398e-16       1.960339982860e-17       7.590494777502e-18 
 2237       1.471245284208e-11       8.805304191496e-13      -6.056928644010e-13       0.000000000000e+00       2.126388849887e-16       1.934373332622e-17       7.609434175761e-18 
 2238       1.467120670746e-11       8.805388831261e-13      -6.195250286560e-13       0.000000000000e+00       2.122058170932e-16       1.908713198116e-17       7.627572131821e-18 
 2239       1.463104847062e-11       8.804586572960e-13      -6.333575091273e-13       0.000000000000e+00       2.117737586311e-16       1.883361113301e-17       7.644848256659e-18 
 2240       1.459197092484e-11       8.802897569613e-13      -6.471841864134e-13       0.000000000000e+00       2.113427069592e-16       1.858318615185e-17       7.661201951365e-18 
 2241       1.455396682944e-11       8.800321981113e-13      -6.609989193706e-13       0.000000000000e+00       2.109126594127e-16       1.833587243823e-17       7.676572406908e-18 
 2242       1.451702890973e-11       8.796859974232e-13      -6.747955450893e-13       0.000000000000e+00       2.104836133054e-16       1.809168542324e-17       7.690898603906e-18 
 2243       1.448114985697e-11       8.792511722633e-13      -6.885678788699e-13       0.000000000000e+00       2.100555659296e-16       1.785064056851e-17       7.704119312395e-18 
 2244       1.444632232832e-11       8.787277406883e-13      -7.023097141979e-13       0.000000000000e+00       2.096285145563e-16       1.761275336622e-17       7.716173091592e-18 
 2245       1.441253894680e-11       8.781157214458e-13      -7.160148227205e-13       0.000000000000e+00       2.092024564346e-16       1.737803933916e-17       7.726998289668e-18 
 2246       1.437979230127e-11       8.774151339756e-13      -7.296769542219e-13       0.000000000000e+00       2.087773887925e-16       1.714651404073e-17       7.736533043513e-18 
 2247       1.434807494635e-11       8.766259984105e-13      -7.432898365995e-13       0.000000000000e+00       2.083533088360e-16       1.691819305499e-17       7.744715278507e-18 
 2248       1.431737940244e-11       8.757483355776e-13      -7.568471758392e-13       0.000000000000e+00       2.079302137497e-16       1.669309199663e-17       7.751482708284e-18 
 2249       1.428769815561e-11       8.747821669992e-13      -7.703426559916e-13       0.000000000000e+00       2.075081006967e-16       1.647122651106e-17       7.756772834503e-18 
 2250       1.425902365760e-11       8.737275148935e-13      -7.837699391480e-13       0.000000000000e+00       2.070869668181e-16       1.625261227439e-17       7.760522946613e-18 
 2251       1.423134832577e-11       8.725844021759e-13      -7.971226654155e-13       0.000000000000e+00       2.066668092335e-16       1.603726499348e-17       7.762670121626e-18 
 2252       1.420466454306e-11       8.713528524600e-13      -8.103944528934e-13       0.000000000000e+00       2.062476250408e-16       1.582520040594e-17       7.763151223879e-18 
 2253       1.417896465793e-11       8.700328900585e-13      -8.235788976490e-13       0.000000000000e+00       2.058294113160e-16       1.561643428019e-17       7.761902904807e-18 
 2254       1.415424098437e-11       8.686245399842e-13      -8.366695736929e-13       0.000000000000e+00       2.054121651134e-16       1.541098241544e-17       7.758861602707e-18 
 2255       1.413048580179e-11       8.671278279511e-13      -8.496600329554e-13       0.000000000000e+00       2.049958834655e-16       1.520886064175e-17       7.753963542508e-18 
 2256       1.410769135504e-11       8.655427803752e-13      -8.625438052621e-13       0.000000000000e+00       2.045805633830e-16       1.501008482004e-17       7.747144735539e-18 
 2257       1.408584985434e-11       8.638694243759e-13      -8.753143983095e-13       0.000000000000e+00       2.041662018545e-16       1.481467084212e-17       7.738340979297e-18 
 2258       1.406495347522e-11       8.621077877764e-13      -8.879652976411e-13       0.000000000000e+00       2.037527958469e-16       1.462263463069e-17       7.727487857214e-18 
 2259       1.404499435853e-11       8.602578991052e-13      -9.004899666229e-13       0.000000000000e+00       2.033403423052e-16       1.443399213943e-17       7.714520738426e-18 
 2260       1.402596333076e-11       8.583199695467e-13      -9.128824555607e-13       0.000000000000e+00       2.029288383314e-16       1.424875470885e-17       7.699391955188e-18 
 2261       1.400784605627e-11       8.562949400792e-13      -9.251392334113e-13       0.000000000000e+00       2.025182817235e-16       1.406691510131e-17       7.682122457205e-18 
 2262       1.399062686005e-11       8.541839378834e-13      -9.372573678884e-13       0.000000000000e+00       2.021086704400e-16       1.388846137562e-17       7.662750491450e-18 
 2263       1.397429000501e-11       8.519880947192e-13      -9.492339173891e-13       0.000000000000e+00       2.017000024213e-16       1.371338152283e-17       7.641314455072e-18 
 2264       1.395881969190e-11       8.497085469316e-13      -9.610659309843e-13       0.000000000000e+00       2.012922755895e-16       1.354166346618e-17       7.617852895568e-18 
 2265       1.394420005923e-11       8.473464354556e-13      -9.727504484084e-13       0.000000000000e+00       2.008854878483e-16       1.337329506095e-17       7.592404510949e-18 
 2266       1.393041518321e-11       8.449029058215e-13      -9.842845000497e-13       0.000000000000e+00       2.004796370831e-16       1.320826409444e-17       7.565008149920e-18 
 2267       1.391744907767e-11       8.423791081602e-13      -9.956651069402e-13       0.000000000000e+00       2.000747211611e-16       1.304655828583e-17       7.535702812043e-18 
 2268       1.390528569400e-11       8.397761972086e-13      -1.006889280746e-12       0.000000000000e+00       1.996707379311e-16       1.288816528616e-17       7.504527647912e-18 
 2269       1.389390892105e-11       8.370953323148e-13      -1.017954023758e-12       0.000000000000e+00       1.992676852233e-16       1.273307267817e-17       7.471521959328e-18 
 2270       1.388330258510e-11       8.343376774432e-13      -1.028856328881e-12       0.000000000000e+00       1.988655608497e-16       1.258126797628e-17       7.436725199462e-18 
 2271       1.387345044977e-11       8.315044011800e-13      -1.039593179622e-12       0.000000000000e+00       1.984643626038e-16       1.243273862647e-17       7.400176973033e-18 
 2272       1.386433621594e-11       8.285966767386e-13      -1.050161550087e-12       0.000000000000e+00       1.980640882607e-16       1.228747200620e-17       7.361917036479e-18 
 2273       1.385594352169e-11       8.256156819642e-13      -1.060558404962e-12       0.000000000000e+00       1.976647355769e-16       1.214545542435e-17       7.321985298123e-18 
 2274       1.384825594221e-11       8.225625993401e-13      -1.070780699511e-12       0.000000000000e+00       1.972663022903e-16       1.200667612108e-17       7.280421818352e-18 
 2275       1.384125698977e-11       8.194386159920e-13      -1.080825379561e-12       0.000000000000e+00       1.968687861206e-16       1.187112126782e-17       7.237266809782e-18 
 2276       1.383493011362e-11       8.162449236938e-13      -1.090689381495e-12       0.000000000000e+00       1.964721847685e-16       1.173877796711e-17       7.192560637433e-18 
 2277       1.382925869990e-11       8.129827188729e-13      -1.100369632240e-12       0.000000000000e+00       1.960764959165e-16       1.160963325259e-17       7.146343818898e-18 
 2278       1.382422607162e-11       8.096532026152e-13      -1.109863049259e-12       0.000000000000e+00       1.956817172281e-16       1.148367408885e-17       7.098657024516e-18 
 2279       1.381981548853e-11       8.062575806705e-13      -1.119166540540e-12       0.000000000000e+00       1.952878463486e-16       1.136088737138e-17       7.049541077543e-18 
 2280       1.381601014712e-11       8.027970634578e-13      -1.128277004586e-12       0.000000000000e+00       1.948948809042e-16       1.124125992647e-17       6.999036954324e-18 
 2281       1.381279318046e-11       7.992728660708e-13      -1.137191330406e-12       0.000000000000e+00       1.945028185027e-16       1.112477851116e-17       6.947185784462e-18 
 2282       1.381014765822e-11       7.956862082825e-13      -1.145906397504e-12       0.000000000000e+00       1.941116567330e-16       1.101142981311e-17       6.894028850993e-18 
 2283       1.380805658653e-11       7.920383145512e-13      -1.154419075872e-12       0.000000000000e+00       1.937213931654e-16       1.090120045052e-17       6.839607590553e-18 
 2284       1.380650290795e-11       7.883304140254e-13      -1.162726225974e-12       0.000000000000e+00       1.933320253514e-16       1.079407697209e-17       6.783963593553e-18 
 2285       1.380546950136e-11       7.845637405492e-13      -1.170824698743e-12       0.000000000000e+00       1.929435508236e-16       1.069004585688e-17       6.727138604348e-18 
 2286       1.380493918194e-11       7.807395326674e-13      -1.178711335568e-12       0.000000000000e+00       1.925559670959e-16       1.058909351428e-17       6.669174521412e-18 
 2287       1.380489470106e-11       7.768590336311e-13      -1.186382968281e-12       0.000000000000e+00       1.921692716633e-16       1.049120628388e-17       6.610113397505e-18 
 2288       1.380531874622e-11       7.729234914025e-13      -1.193836419155e-12       0.000000000000e+00       1.917834620020e-16       1.039637043538e-17       6.549997439844e-18 
 2289       1.380619394098e-11       7.689341586606e-13      -1.201068500885e-12       0.000000000000e+00       1.913985355692e-16       1.030457216857e-17       6.488869010280e-18 
 2290       1.380750284489e-11       7.648922928065e-13      -1.208076016586e-12       0.000000000000e+00       1.910144898032e-16       1.021579761317e-17       6.426770625464e-18 
 2291       1.380922795341e-11       7.607991559680e-13      -1.214855759777e-12       0.000000000000e+00       1.906313221235e-16       1.013003282879e-17       6.363744957020e-18 
 2292       1.381135169786e-11       7.566560150060e-13      -1.221404514376e-12       0.000000000000e+00       1.902490299304e-16       1.004726380484e-17       6.299834831719e-18 
 2293       1.381385644533e-11       7.524641415185e-13      -1.227719054686e-12       0.000000000000e+00       1.898676106054e-16       9.967476460430e-18       6.235083231643e-18 
 2294       1.381672449859e-11       7.482248118471e-13      -1.233796145388e-12       0.000000000000e+00       1.894870615109e-16       9.890656644296e-18       6.169533294367e-18 
 2295       1.381993809609e-11       7.439393070812e-13      -1.239632541530e-12       0.000000000000e+00       1.891073799903e-16       9.816790134716e-18       6.103228313120e-18 
 2296       1.382347941180e-11       7.396089130640e-13      -1.245224988516e-12       0.000000000000e+00       1.887285633678e-16       9.745862639422e-18       6.036211736964e-18 
 2297       1.382733055521e-11       7.352349203976e-13      -1.250570222100e-12       0.000000000000e+00       1.883506089487e-16       9.677859795517e-18       5.968527170960e-18 
 2298       1.383147357120e-11       7.308186244479e-13      -1.255664968372e-12       0.000000000000e+00       1.879735140190e-16       9.612767169393e-18       5.900218376343e-18 
 2299       1.383589100666e-11       7.263613512355e-13      -1.260506636199e-12       0.000000000000e+00       1.875972760021e-16       9.550570052423e-18       5.831331188529e-18 
 2300       1.384056761426e-11       7.218645352752e-13      -1.265095399392e-12       0.000000000000e+00       1.872218929290e-16       9.491252846813e-18       5.761919284140e-18 
 2301       1.384548865936e-11       7.173296422423e-13      -1.269432127780e-12       0.000000000000e+00       1.868473629711e-16       9.434799675672e-18       5.692038451044e-18 
 2302       1.385063935431e-11       7.127581431386e-13      -1.273517695970e-12       0.000000000000e+00       1.864736842836e-16       9.381194586787e-18       5.621744674072e-18 
 2303       1.385600485839e-11       7.081515142983e-13      -1.277352983352e-12       0.000000000000e+00       1.861008550059e-16       9.330421552535e-18       5.551094135231e-18 
 2304       1.386157027774e-11       7.035112373937e-13      -1.280938874103e-12       0.000000000000e+00       1.857288732614e-16       9.282464469793e-18       5.480143213916e-18 
 2305       1.386732066530e-11       6.988387994411e-13      -1.284276257198e-12       0.000000000000e+00       1.853577371573e-16       9.237307159845e-18       5.408948487130e-18 
 2306       1.387324102078e-11       6.941356928070e-13      -1.287366026410e-12       0.000000000000e+00       1.849874447851e-16       9.194933368301e-18       5.337566729697e-18 
 2307       1.387931629057e-11       6.894034152133e-13      -1.290209080321e-12       0.000000000000e+00       1.846179942200e-16       9.155326764999e-18       5.266054914472e-18 
 2308       1.388553136770e-11       6.846434697436e-13      -1.292806322322e-12       0.000000000000e+00       1.842493835211e-16       9.118470943921e-18       5.194470212566e-18 
 2309       1.389187109179e-11       6.798573648492e-13      -1.295158660625e-12       0.000000000000e+00       1.838816107316e-16       9.084349423104e-18       5.122869993550e-18 
 2310       1.389832024893e-11       6.750466143546e-13      -1.297267008265e-12       0.000000000000e+00       1.835146738784e-16       9.052945644547e-18       5.051311825678e-18 
 2311       1.390486357174e-11       6.702127374635e-13      -1.299132283107e-12       0.000000000000e+00       1.831485709722e-16       9.024242974126e-18       4.979853476098e-18 
 2312       1.391148573917e-11       6.653572587646e-13      -1.300755407850e-12       0.000000000000e+00       1.827833000079e-16       8.998224701503e-18       4.908552911067e-18 
 2313       1.391817137657e-11       6.604817082378e-13      -1.302137310037e-12       0.000000000000e+00       1.824188589637e-16       8.974874040036e-18       4.837468296168e-18 
 2314       1.392490505555e-11       6.555876212596e-13      -1.303278922057e-12       0.000000000000e+00       1.820552458020e-16       8.954174126691e-18       4.766657996522e-18 
 2315       1.393167129394e-11       6.506765386090e-13      -1.304181181152e-12       0.000000000000e+00       1.816924584688e-16       8.936108021952e-18       4.696180577005e-18 
 2316       1.393845455576e-11       6.457500064739e-13      -1.304845029423e-12       0.000000000000e+00       1.813304948939e-16       8.920658709735e-18       4.626094802462e-18 
 2317       1.394523925111e-11       6.408095764563e-13      -1.305271413835e-12       0.000000000000e+00       1.809693529908e-16       8.907809097292e-18       4.556459637923e-18 
 2318       1.395200973618e-11       6.358568055785e-13      -1.305461286226e-12       0.000000000000e+00       1.806090306567e-16       8.897542015128e-18       4.487334248815e-18 
 2319       1.395875031313e-11       6.308932562889e-13      -1.305415603308e-12       0.000000000000e+00       1.802495257724e-16       8.889840216910e-18       4.418778001182e-18 
 2320       1.396544523005e-11       6.259204964679e-13      -1.305135326676e-12       0.000000000000e+00       1.798908362026e-16       8.884686379378e-18       4.350850461893e-18 
 2321       1.397207868093e-11       6.209400994336e-13      -1.304621422814e-12       0.000000000000e+00       1.795329597954e-16       8.882063102255e-18       4.283611398864e-18 
 2322       1.397863480556e-11       6.159536439480e-13      -1.303874863097e-12       0.000000000000e+00       1.791758943827e-16       8.881952908155e-18       4.217120781268e-18 
 2323       1.398509768950e-11       6.109627142223e-13      -1.302896623804e-12       0.000000000000e+00       1.788196377798e-16       8.884338242503e-18       4.151438779750e-18 
 2324       1.399145136400e-11       6.059688999235e-13      -1.301687686117e-12       0.000000000000e+00       1.784641877858e-16       8.889201473435e-18       4.086625766647e-18 
 2325       1.399767980598e-11       6.009737961795e-13      -1.300249036128e-12       0.000000000000e+00       1.781095421832e-16       8.896524891716e-18       4.022742316195e-18 
 2326       1.400376693793e-11       5.959790035856e-13      -1.298581664850e-12       0.000000000000e+00       1.777556987381e-16       8.906290710647e-18       3.959849204751e-18 
 2327       1.400969662786e-11       5.909861282100e-13      -1.296686568216e-12       0.000000000000e+00       1.774026552001e-16       8.918481065978e-18       3.898007411004e-18 
 2328       1.401545268927e-11       5.859967815997e-13      -1.294564747089e-12       0.000000000000e+00       1.770504093022e-16       8.933078015819e-18       3.837278116190e-18 
 2329       1.402101888105e-11       5.810125807863e-13      -1.292217207266e-12       0.000000000000e+00       1.766989587611e-16       8.950063540548e-18       3.777722704309e-18 
 2330       1.402637890746e-11       5.760351482923e-13      -1.289644959485e-12       0.000000000000e+00       1.763483012766e-16       8.969419542725e-18       3.719402762339e-18 
 2331       1.403151641805e-11       5.710661121362e-13      -1.286849019431e-12       0.000000000000e+00       1.759984345323e-16       8.991127847001e-18       3.662380080447e-18 
 2332       1.403641500760e-11       5.661071058392e-13      -1.283830407741e-12       0.000000000000e+00       1.756493561950e-16       9.015170200030e-18       3.606716652212e-18 
 2333       1.404105821607e-11       5.611597684303e-13      -1.280590150009e-12       0.000000000000e+00       1.753010639148e-16       9.041528270378e-18       3.552474674832e-18 
 2334       1.404542952856e-11       5.562257444528e-13      -1.277129276793e-12       0.000000000000e+00       1.749535553254e-16       9.070183648436e-18       3.499716549343e-18 
 2335       1.404951237521e-11       5.513066839697e-13      -1.273448823622e-12       0.000000000000e+00       1.746068280436e-16       9.101117846329e-18       3.448504880834e-18 
 2336       1.405329013117e-11       5.464042425697e-13      -1.269549830998e-12       0.000000000000e+00       1.742608796697e-16       9.134312297829e-18       3.398902478660e-18 
 2337       1.405674611654e-11       5.415200813732e-13      -1.265433344408e-12       0.000000000000e+00       1.739157077873e-16       9.169748358262e-18       3.350972356657e-18 
 2338       1.405986534927e-11       5.366557515290e-13      -1.261100818218e-12       0.000000000000e+00       1.735713101002e-16       9.207405952799e-18       3.304754894228e-18 
 2339       1.406263981605e-11       5.318123469019e-13      -1.256555330132e-12       0.000000000000e+00       1.732276848450e-16       9.247259512241e-18       3.260199162870e-18 
 2340       1.406506323432e-11       5.269908492220e-13      -1.251800374355e-12       0.000000000000e+00       1.728848303815e-16       9.289282011600e-18       3.217231170027e-18 
 2341       1.406712930225e-11       5.221922433994e-13      -1.246839458399e-12       0.000000000000e+00       1.725427450550e-16       9.333446319301e-18       3.175776658887e-18 
 2342       1.406883169879e-11       5.174175175274e-13      -1.241676103101e-12       0.000000000000e+00       1.722014271974e-16       9.379725197057e-18       3.135761108098e-18 
 2343       1.407016408357e-11       5.126676628864e-13      -1.236313842636e-12       0.000000000000e+00       1.718608751262e-16       9.428091299752e-18       3.097109731476e-18 
 2344       1.407112009693e-11       5.079436739463e-13      -1.230756224532e-12       0.000000000000e+00       1.715210871449e-16       9.478517175321e-18       3.059747477725e-18 
 2345       1.407169335989e-11       5.032465483708e-13      -1.225006809685e-12       0.000000000000e+00       1.711820615431e-16       9.530975264636e-18       3.023599030146e-18 
 2346       1.407187747411e-11       4.985772870200e-13      -1.219069172375e-12       0.000000000000e+00       1.708437965964e-16       9.585437901380e-18       2.988588806353e-18 
 2347       1.407166602192e-11       4.939368939540e-13      -1.212946900278e-12       0.000000000000e+00       1.705062905660e-16       9.641877311934e-18       2.954640957987e-18 
 2348       1.407105256624e-11       4.893263764365e-13      -1.206643594481e-12       0.000000000000e+00       1.701695416992e-16       9.700265615254e-18       2.921679370427e-18 
 2349       1.407003065059e-11       4.847467449375e-13      -1.200162869501e-12       0.000000000000e+00       1.698335482294e-16       9.760574822756e-18       2.889627662507e-18 
 2350       1.406859379908e-11       4.801990131371e-13      -1.193508353292e-12       0.000000000000e+00       1.694983083754e-16       9.822776838193e-18       2.858409186228e-18 
 2351       1.406673551637e-11       4.756841979289e-13      -1.186683687268e-12       0.000000000000e+00       1.691638203422e-16       9.886843457541e-18       2.827947026472e-18 
 2352       1.406444928766e-11       4.712033194229e-13      -1.179692526312e-12       0.000000000000e+00       1.688300823205e-16       9.952746368875e-18       2.798164000716e-18 
 2353       1.406172857866e-11       4.667574009490e-13      -1.172538538792e-12       0.000000000000e+00       1.684970924868e-16       1.002045715225e-17       2.768982658744e-18 
 2354       1.405856683560e-11       4.623474690607e-13      -1.165225406577e-12       0.000000000000e+00       1.681648490033e-16       1.008994727960e-17       2.740325282364e-18 
 2355       1.405495748517e-11       4.579745535378e-13      -1.157756825050e-12       0.000000000000e+00       1.678333500183e-16       1.016118811458e-17       2.712113885120e-18 
 2356       1.405089393453e-11       4.536396873902e-13      -1.150136503124e-12       0.000000000000e+00       1.675025936654e-16       1.023415091249e-17       2.684270212003e-18 
 2357       1.404636957126e-11       4.493439068610e-13      -1.142368163258e-12       0.000000000000e+00       1.671725780642e-16       1.030880682013e-17       2.656715739170e-18 
 2358       1.404137776340e-11       4.450882514299e-13      -1.134455541466e-12       0.000000000000e+00       1.668433013201e-16       1.038512687569e-17       2.629371673653e-18 
 2359       1.403591185934e-11       4.408737638165e-13      -1.126402387339e-12       0.000000000000e+00       1.665147615240e-16       1.046308200862e-17       2.602158953077e-18 
 2360       1.402996518789e-11       4.367014899836e-13      -1.118212464055e-12       0.000000000000e+00       1.661869567525e-16       1.054264303955e-17       2.574998245369e-18 
 2361       1.402353105820e-11       4.325724791407e-13      -1.109889548394e-12       0.000000000000e+00       1.658598850679e-16       1.062378068010e-17       2.547809948476e-18 
 2362       1.401660275977e-11       4.284877837471e-13      -1.101437430756e-12       0.000000000000e+00       1.655335445181e-16       1.070646553283e-17       2.520514190076e-18 
 2363       1.400917356242e-11       4.244484595153e-13      -1.092859915172e-12       0.000000000000e+00       1.652079331369e-16       1.079066809109e-17       2.493030827292e-18 
 2364       1.400123671626e-11       4.204555654143e-13      -1.084160819320e-12       0.000000000000e+00       1.648830489431e-16       1.087635873891e-17       2.465279446407e-18 
 2365       1.399278545169e-11       4.165101636732e-13      -1.075343974539e-12       0.000000000000e+00       1.645588899418e-16       1.096350775087e-17       2.437179362578e-18 
 2366       1.398381297938e-11       4.126133197840e-13      -1.066413225846e-12       0.000000000000e+00       1.642354541231e-16       1.105208529198e-17       2.408649619546e-18 
 2367       1.397431249023e-11       4.087661025054e-13      -1.057372431949e-12       0.000000000000e+00       1.639127394629e-16       1.114206141758e-17       2.379608989354e-18 
 2368       1.396427715536e-11       4.049695838659e-13      -1.048225465260e-12       0.000000000000e+00       1.635907439226e-16       1.123340607321e-17       2.349975972060e-18 
 2369       1.395370012610e-11       4.012248391673e-13      -1.038976211914e-12       0.000000000000e+00       1.632694654491e-16       1.132608909448e-17       2.319668795448e-18 
 2370       1.394257453396e-11       3.975329469876e-13      -1.029628571779e-12       0.000000000000e+00       1.629489019749e-16       1.142008020699e-17       2.288605414744e-18 
 2371       1.393089349061e-11       3.938949891849e-13      -1.020186458474e-12       0.000000000000e+00       1.626290514177e-16       1.151534902614e-17       2.256703512331e-18 
 2372       1.391865008788e-11       3.903120509003e-13      -1.010653799383e-12       0.000000000000e+00       1.623099116808e-16       1.161186505709e-17       2.223880497459e-18 
 2373       1.390583739770e-11       3.867852205615e-13      -1.001034535668e-12       0.000000000000e+00       1.619914806532e-16       1.170959769459e-17       2.190053505960e-18 
 2374       1.389244847211e-11       3.833155898860e-13      -9.913326222869e-13       0.000000000000e+00       1.616737562088e-16       1.180851622289e-17       2.155139399965e-18 
 2375       1.387847634323e-11       3.799042538843e-13      -9.815520280038e-13       0.000000000000e+00       1.613567362073e-16       1.190858981559e-17       2.119054767614e-18 
 2376       1.386391402327e-11       3.765523108635e-13      -9.716967354079e-13       0.000000000000e+00       1.610404184937e-16       1.200978753555e-17       2.081715922769e-18 
 2377       1.384875628782e-11       3.732606912353e-13      -9.617706973565e-13       0.000000000000e+00       1.607248010187e-16       1.211207986060e-17       2.043059128535e-18 
 2378       1.383300503799e-11       3.700296427824e-13      -9.517777059889e-13       0.000000000000e+00       1.604098822017e-16       1.221544327120e-17       2.003101404513e-18 
 2379       1.381666397129e-11       3.668592422280e-13      -9.417215229358e-13       0.000000000000e+00       1.600956605700e-16       1.231985569079e-17       1.961880093521e-18 
 2380       1.379973680129e-11       3.637495661432e-13      -9.316059228288e-13       0.000000000000e+00       1.597821346386e-16       1.242529496246e-17       1.919432671949e-18 
 2381       1.378222725761e-11       3.607006909463e-13      -9.214346933141e-13       0.000000000000e+00       1.594693029104e-16       1.253173884883e-17       1.875796749899e-18 
 2382       1.376413908597e-11       3.577126929029e-13      -9.112116350666e-13       0.000000000000e+00       1.591571638759e-16       1.263916503199e-17       1.831010071326e-18 
 2383       1.374547604819e-11       3.547856481248e-13      -9.009405618035e-13       0.000000000000e+00       1.588457160132e-16       1.274755111338e-17       1.785110514186e-18 
 2384       1.372624192221e-11       3.519196325707e-13      -8.906253002980e-13       0.000000000000e+00       1.585349577884e-16       1.285687461376e-17       1.738136090578e-18 
 2385       1.370644050213e-11       3.491147220452e-13      -8.802696903932e-13       0.000000000000e+00       1.582248876549e-16       1.296711297305e-17       1.690124946884e-18 
 2386       1.368607559818e-11       3.463709921987e-13      -8.698775850156e-13       0.000000000000e+00       1.579155040540e-16       1.307824355032e-17       1.641115363912e-18 
 2387       1.366515103678e-11       3.436885185270e-13      -8.594528501893e-13       0.000000000000e+00       1.576068054146e-16       1.319024362363e-17       1.591145757046e-18 
 2388       1.364367066055e-11       3.410673763713e-13      -8.489993650495e-13       0.000000000000e+00       1.572987901530e-16       1.330309039001e-17       1.540254676379e-18 
 2389       1.362163832832e-11       3.385076409176e-13      -8.385210218561e-13       0.000000000000e+00       1.569914566733e-16       1.341676096533e-17       1.488480806863e-18 
 2390       1.359905791514e-11       3.360093871963e-13      -8.280217260077e-13       0.000000000000e+00       1.566848033672e-16       1.353123238423e-17       1.435862968450e-18 
 2391       1.357593331234e-11       3.335726900821e-13      -8.175053960557e-13       0.000000000000e+00       1.563788286140e-16       1.364648160001e-17       1.382440116236e-18 
 2392       1.355226842748e-11       3.311976242939e-13      -8.069759637171e-13       0.000000000000e+00       1.560735307802e-16       1.376248548460e-17       1.328251340601e-18 
 2393       1.352806718442e-11       3.288842643939e-13      -7.964373738894e-13       0.000000000000e+00       1.557689082203e-16       1.387922082841e-17       1.273335867357e-18 
 2394       1.350333352335e-11       3.266326847878e-13      -7.858935846634e-13       0.000000000000e+00       1.554649592761e-16       1.399666434029e-17       1.217733057885e-18 
 2395       1.347807140073e-11       3.244429597244e-13      -7.753485673376e-13       0.000000000000e+00       1.551616822768e-16       1.411479264740e-17       1.161482409284e-18 
 2396       1.345228478940e-11       3.223151632950e-13      -7.648063064318e-13       0.000000000000e+00       1.548590755394e-16       1.423358229517e-17       1.104623554511e-18 
 2397       1.342597767855e-11       3.202493694334e-13      -7.542707997007e-13       0.000000000000e+00       1.545571373680e-16       1.435300974718e-17       1.047196262523e-18 
 2398       1.339915407374e-11       3.182456519156e-13      -7.437460581479e-13       0.000000000000e+00       1.542558660544e-16       1.447305138509e-17       9.892404384223e-19 
 2399       1.337181799692e-11       3.163040843592e-13      -7.332361060394e-13       0.000000000000e+00       1.539552598779e-16       1.459368350855e-17       9.307961235990e-19 
 2400       1.334397348647e-11       3.144247402234e-13      -7.227449809177e-13       0.000000000000e+00       1.536553171049e-16       1.471488233511e-17       8.719034958735e-19 
 2401       1.331562459718e-11       3.126076928087e-13      -7.122767336153e-13       0.000000000000e+00       1.533560359895e-16       1.483662400013e-17       8.126028696399e-19 
 2402       1.328677540029e-11       3.108530152561e-13      -7.018354282685e-13       0.000000000000e+00       1.530574147732e-16       1.495888455670e-17       7.529346960088e-19 
 2403       1.325742998353e-11       3.091607805475e-13      -6.914251423312e-13       0.000000000000e+00       1.527594516846e-16       1.508163997557e-17       6.929395629510e-19 
 2404       1.322759245109e-11       3.075310615048e-13      -6.810499665890e-13       0.000000000000e+00       1.524621449399e-16       1.520486614503e-17       6.326581954395e-19 
 2405       1.319726692366e-11       3.059639307901e-13      -6.707140051722e-13       0.000000000000e+00       1.521654927426e-16       1.532853887083e-17       5.721314555936e-19 
 2406       1.316645753849e-11       3.044594609049e-13      -6.604213755703e-13       0.000000000000e+00       1.518694932836e-16       1.545263387614e-17       5.114003428214e-19 
 2407       1.313516844931e-11       3.030177241900e-13      -6.501762086455e-13       0.000000000000e+00       1.515741447408e-16       1.557712680139e-17       4.505059939628e-19 
 2408       1.310340382646e-11       3.016387928255e-13      -6.399826486462e-13       0.000000000000e+00       1.512794452799e-16       1.570199320423e-17       3.894896834328e-19 
 2409       1.307116785682e-11       3.003227388300e-13      -6.298448532213e-13       0.000000000000e+00       1.509853930533e-16       1.582720855945e-17       3.283928233645e-19 
 2410       1.303846474388e-11       2.990696340604e-13      -6.197669934335e-13       0.000000000000e+00       1.506919862012e-16       1.595274825885e-17       2.672569637521e-19 
 2411       1.300529870773e-11       2.978795502119e-13      -6.097532537734e-13       0.000000000000e+00       1.503992228507e-16       1.607858761122e-17       2.061237925939e-19 
 2412       1.297167398511e-11       2.967525588174e-13      -5.998078321730e-13       0.000000000000e+00       1.501071011162e-16       1.620470184218e-17       1.450351360355e-19 
 2413       1.293759482938e-11       2.956887312472e-13      -5.899349400196e-13       0.000000000000e+00       1.498156190995e-16       1.633106609414e-17       8.403295851275e-20 
 2414       1.290306551060e-11       2.946881387089e-13      -5.801388021695e-13       0.000000000000e+00       1.495247748893e-16       1.645765542620e-17       2.315936289474e-20 
 2415       1.286809031546e-11       2.937508522468e-13      -5.704236569619e-13       0.000000000000e+00       1.492345665618e-16       1.658444481407e-17      -3.754340937297e-20 
 2416       1.283267441502e-11       2.928768144097e-13      -5.607933722202e-13       0.000000000000e+00       1.489449922863e-16       1.671140605083e-17      -9.803800798780e-20 
 2417       1.279682647316e-11       2.920654534037e-13      -5.512502906847e-13       0.000000000000e+00       1.486560506455e-16       1.683849842886e-17      -1.583070965446e-19 
 2418       1.276055605395e-11       2.913160666003e-13      -5.417963776105e-13       0.000000000000e+00       1.483677403170e-16       1.696567800130e-17      -2.183383211449e-19 
 2419       1.272387275545e-11       2.906279486532e-13      -5.324336041500e-13       0.000000000000e+00       1.480800599681e-16       1.709290067583e-17      -2.781192888176e-19 
 2420       1.268678620978e-11       2.900003914957e-13      -5.231639473590e-13       0.000000000000e+00       1.477930082549e-16       1.722012221464e-17      -3.376375674789e-19 
 2421       1.264930608317e-11       2.894326843371e-13      -5.139893902023e-13       0.000000000000e+00       1.475065838229e-16       1.734729823418e-17      -3.968806858929e-19 
 2422       1.261144207594e-11       2.889241136605e-13      -5.049119215599e-13       0.000000000000e+00       1.472207853070e-16       1.747438420506e-17      -4.558361336316e-19 
 2423       1.257320392261e-11       2.884739632193e-13      -4.959335362329e-13       0.000000000000e+00       1.469356113308e-16       1.760133545187e-17      -5.144913610357e-19 
 2424       1.253460139187e-11       2.880815140345e-13      -4.870562349490e-13       0.000000000000e+00       1.466510605075e-16       1.772810715309e-17      -5.728337791743e-19 
 2425       1.249564428666e-11       2.877460443917e-13      -4.782820243686e-13       0.000000000000e+00       1.463671314393e-16       1.785465434084e-17      -6.308507598058e-19 
 2426       1.245634244417e-11       2.874668298384e-13      -4.696129170907e-13       0.000000000000e+00       1.460838227174e-16       1.798093190083e-17      -6.885296353376e-19 
 2427       1.241670573593e-11       2.872431431803e-13      -4.610509316588e-13       0.000000000000e+00       1.458011329223e-16       1.810689457215e-17      -7.458576987871e-19 
 2428       1.237674406777e-11       2.870742544794e-13      -4.525980925667e-13       0.000000000000e+00       1.455190606236e-16       1.823249694714e-17      -8.028222037415e-19 
 2429       1.233646737992e-11       2.869594310503e-13      -4.442564302644e-13       0.000000000000e+00       1.452376043799e-16       1.835769347123e-17      -8.594103643180e-19 
 2430       1.229588564703e-11       2.868979374575e-13      -4.360279811638e-13       0.000000000000e+00       1.449567627390e-16       1.848243844282e-17      -9.156093551248e-19 
 2431       1.225500887818e-11       2.868890355124e-13      -4.279147876449e-13       0.000000000000e+00       1.446765342377e-16       1.860668601306e-17      -9.714063112208e-19 
 2432       1.221384711695e-11       2.869319842704e-13      -4.199188980616e-13       0.000000000000e+00       1.443969174017e-16       1.873039018580e-17      -1.026788328076e-18 
 2433       1.217241044143e-11       2.870260400281e-13      -4.120423667473e-13       0.000000000000e+00       1.441179107462e-16       1.885350481735e-17      -1.081742461532e-18 
 2434       1.213070896427e-11       2.871704563200e-13      -4.042872540211e-13       0.000000000000e+00       1.438395127748e-16       1.897598361637e-17      -1.136255727762e-18 
 2435       1.208875283273e-11       2.873644839158e-13      -3.966556261934e-13       0.000000000000e+00       1.435617219807e-16       1.909778014374e-17      -1.190315103232e-18 
 2436       1.204655222867e-11       2.876073708176e-13      -3.891495555721e-13       0.000000000000e+00       1.432845368458e-16       1.921884781234e-17      -1.243907524659e-18 
 2437       1.200411736864e-11       2.878983622566e-13      -3.817711204681e-13       0.000000000000e+00       1.430079558409e-16       1.933913988700e-17      -1.297019888974e-18 
 2438       1.196145850386e-11       2.882367006902e-13      -3.745224052014e-13       0.000000000000e+00       1.427319774260e-16       1.945860948426e-17      -1.349639053282e-18 
 2439       1.191858592033e-11       2.886216257995e-13      -3.674055001072e-13       0.000000000000e+00       1.424566000499e-16       1.957720957225e-17      -1.401751834818e-18 
 2440       1.187550993878e-11       2.890523744857e-13      -3.604225015411e-13       0.000000000000e+00       1.421818221505e-16       1.969489297057e-17      -1.453345010914e-18 
 2441       1.183224091477e-11       2.895281808677e-13      -3.535755118857e-13       0.000000000000e+00       1.419076421545e-16       1.981161235011e-17      -1.504405318955e-18 
 2442       1.178878923870e-11       2.900482762790e-13      -3.468666395561e-13       0.000000000000e+00       1.416340584775e-16       1.992732023288e-17      -1.554919456339e-18 
 2443       1.174516533586e-11       2.906118892643e-13      -3.402979990056e-13       0.000000000000e+00       1.413610695241e-16       2.004196899191e-17      -1.604874080440e-18 
 2444       1.170137966644e-11       2.912182455774e-13      -3.338717107322e-13       0.000000000000e+00       1.410886736878e-16       2.015551085108e-17      -1.654255808566e-18 
 2445       1.165744272559e-11       2.918665681777e-13      -3.275899012839e-13       0.000000000000e+00       1.408168693508e-16       2.026789788493e-17      -1.703051217922e-18 
 2446       1.161336504345e-11       2.925560772270e-13      -3.214547032646e-13       0.000000000000e+00       1.405456548843e-16       2.037908201857e-17      -1.751246845566e-18 
 2447       1.156915718517e-11       2.932859900875e-13      -3.154682553404e-13       0.000000000000e+00       1.402750286485e-16       2.048901502751e-17      -1.798829188373e-18 
 2448       1.152482975098e-11       2.940555213177e-13      -3.096327022451e-13       0.000000000000e+00       1.400049889920e-16       2.059764853749e-17      -1.845784702995e-18 
 2449       1.148039337620e-11       2.948638826704e-13      -3.039501947862e-13       0.000000000000e+00       1.397355342527e-16       2.070493402434e-17      -1.892099805820e-18 
 2450       1.143585873127e-11       2.957102830893e-13      -2.984228898508e-13       0.000000000000e+00       1.394666627570e-16       2.081082281384e-17      -1.937760872931e-18 
 2451       1.139123652181e-11       2.965939287060e-13      -2.930529504113e-13       0.000000000000e+00       1.391983728202e-16       2.091526608157e-17      -1.982754240071e-18 
 2452       1.134653748864e-11       2.975140228373e-13      -2.878425455315e-13       0.000000000000e+00       1.389306627464e-16       2.101821485275e-17      -2.027066202598e-18 
 2453       1.130177240782e-11       2.984697659821e-13      -2.827938503725e-13       0.000000000000e+00       1.386635308284e-16       2.111962000208e-17      -2.070683015448e-18 
 2454       1.125695209067e-11       2.994603558185e-13      -2.779090461983e-13       0.000000000000e+00       1.383969753477e-16       2.121943225362e-17      -2.113590893097e-18 
 2455       1.121208706174e-11       3.004849604769e-13      -2.731898666755e-13       0.000000000000e+00       1.381309946686e-16       2.131762324160e-17      -2.155775343880e-18 
 2456       1.116718659036e-11       3.015426381908e-13      -2.686362338030e-13       0.000000000000e+00       1.378655875194e-16       2.141424883045e-17      -2.197219168703e-18 
 2457       1.112225965336e-11       3.026324171611e-13      -2.642476138585e-13       0.000000000000e+00       1.376007527129e-16       2.150938617217e-17      -2.237904450319e-18 
 2458       1.107731525668e-11       3.037533222325e-13      -2.600234703627e-13       0.000000000000e+00       1.373364890523e-16       2.160311267983e-17      -2.277813217826e-18 
 2459       1.103236243541e-11       3.049043748907e-13      -2.559632640761e-13       0.000000000000e+00       1.370727953315e-16       2.169550602790e-17      -2.316927446616e-18 
 2460       1.098741025380e-11       3.060845932586e-13      -2.520664529962e-13       0.000000000000e+00       1.368096703346e-16       2.178664415251e-17      -2.355229058321e-18 
 2461       1.094246780530e-11       3.072929920925e-13      -2.483324923539e-13       0.000000000000e+00       1.365471128364e-16       2.187660525170e-17      -2.392699920760e-18 
 2462       1.089754421261e-11       3.085285827794e-13      -2.447608346107e-13       0.000000000000e+00       1.362851216021e-16       2.196546778568e-17      -2.429321847887e-18 
 2463       1.085264862767e-11       3.097903733328e-13      -2.413509294553e-13       0.000000000000e+00       1.360236953875e-16       2.205331047715e-17      -2.465076599738e-18 
 2464       1.080779023171e-11       3.110773683895e-13      -2.381022238008e-13       0.000000000000e+00       1.357628329387e-16       2.214021231151e-17      -2.499945882376e-18 
 2465       1.076297823529e-11       3.123885692062e-13      -2.350141617809e-13       0.000000000000e+00       1.355025329924e-16       2.222625253718e-17      -2.533911347841e-18 
 2466       1.071822187831e-11       3.137229736560e-13      -2.320861847475e-13       0.000000000000e+00       1.352427942757e-16       2.231151066581e-17      -2.566954594095e-18 
 2467       1.067353043005e-11       3.150795762246e-13      -2.293177312669e-13       0.000000000000e+00       1.349836155059e-16       2.239606647263e-17      -2.599057164971e-18 
 2468       1.062891318919e-11       3.164573680075e-13      -2.267082371172e-13       0.000000000000e+00       1.347249953910e-16       2.247999999662e-17      -2.630200550117e-18 
 2469       1.058437948386e-11       3.178553367058e-13      -2.242571352847e-13       0.000000000000e+00       1.344669326293e-16       2.256339154088e-17      -2.660366184945e-18 
 2470       1.053993867166e-11       3.192724666231e-13      -2.219638559610e-13       0.000000000000e+00       1.342094259095e-16       2.264632167281e-17      -2.689535450580e-18 
 2471       1.049560013966e-11       3.207077386621e-13      -2.198278265397e-13       0.000000000000e+00       1.339524739106e-16       2.272887122444e-17      -2.717689673803e-18 
 2472       1.045137330448e-11       3.221601303207e-13      -2.178484716133e-13       0.000000000000e+00       1.336960753022e-16       2.281112129269e-17      -2.744810127001e-18 
 2473       1.040726761228e-11       3.236286156890e-13      -2.160252129701e-13       0.000000000000e+00       1.334402287439e-16       2.289315323961e-17      -2.770878028113e-18 
 2474       1.036329253881e-11       3.251121654457e-13      -2.143574695912e-13       0.000000000000e+00       1.331849328858e-16       2.297504869265e-17      -2.795874540576e-18 
 2475       1.031945758944e-11       3.266097468543e-13      -2.128446576467e-13       0.000000000000e+00       1.329301863685e-16       2.305688954499e-17      -2.819780773276e-18 
 2476       1.027577229918e-11       3.281203237601e-13      -2.114861904933e-13       0.000000000000e+00       1.326759878227e-16       2.313875795573e-17      -2.842577780489e-18 
 2477       1.023224623269e-11       3.296428565864e-13      -2.102814786709e-13       0.000000000000e+00       1.324223358695e-16       2.322073635020e-17      -2.864246561834e-18 
 2478       1.018888898438e-11       3.311763023311e-13      -2.092299298991e-13       0.000000000000e+00       1.321692291202e-16       2.330290742024e-17      -2.884768062216e-18 
 2479       1.014571017835e-11       3.327196145633e-13      -2.083309490746e-13       0.000000000000e+00       1.319166661765e-16       2.338535412442e-17      -2.904123171775e-18 
 2480       1.010271946847e-11       3.342717434197e-13      -2.075839382676e-13       0.000000000000e+00       1.316646456303e-16       2.346815968837e-17      -2.922292725833e-18 
 2481       1.005992653842e-11       3.358316356011e-13      -2.069882967188e-13       0.000000000000e+00       1.314131660638e-16       2.355140760501e-17      -2.939257504840e-18 
 2482       1.001734110168e-11       3.373982343693e-13      -2.065434208366e-13       0.000000000000e+00       1.311622260494e-16       2.363518163482e-17      -2.954998234322e-18 
 2483       9.974972901584e-12       3.389704795430e-13      -2.062487041930e-13       0.000000000000e+00       1.309118241497e-16       2.371956580613e-17      -2.969495584826e-18 
 2484       9.932831711354e-12       3.405473074948e-13      -2.061035375217e-13       0.000000000000e+00       1.306619589177e-16       2.380464441537e-17      -2.982730171872e-18 
 2485       9.890927334114e-12       3.421276511477e-13      -2.061073087137e-13       0.000000000000e+00       1.304126288964e-16       2.389050202735e-17      -2.994682555895e-18 
 2486       9.849269602928e-12       3.437104399712e-13      -2.062594028153e-13       0.000000000000e+00       1.301638326192e-16       2.397722347551e-17      -3.005333242195e-18 
 2487       9.807868380826e-12       3.452945999784e-13      -2.065592020239e-13       0.000000000000e+00       1.299155686093e-16       2.406489386223e-17      -3.014662680880e-18 
 2488       9.766733560838e-12       3.468790537221e-13      -2.070060856857e-13       0.000000000000e+00       1.296678353806e-16       2.415359855906e-17      -3.022651266820e-18 
 2489       9.725875066020e-12       3.484627202915e-13      -2.075994302919e-13       0.000000000000e+00       1.294206314369e-16       2.424342320699e-17      -3.029279339588e-18 
 2490       9.685302849486e-12       3.500445153087e-13      -2.083386094761e-13       0.000000000000e+00       1.291739552720e-16       2.433445371674e-17      -3.034527183410e-18 
 2491       9.645026894432e-12       3.516233509252e-13      -2.092229940106e-13       0.000000000000e+00       1.289278053700e-16       2.442677626904e-17      -3.038375027110e-18 
 2492       9.605057214175e-12       3.531981358184e-13      -2.102519518037e-13       0.000000000000e+00       1.286821802053e-16       2.452047731484e-17      -3.040803044060e-18 
 2493       9.565403852172e-12       3.547677751882e-13      -2.114248478962e-13       0.000000000000e+00       1.284370782421e-16       2.461564357564e-17      -3.041791352123e-18 
 2494       9.526075783903e-12       3.563312400788e-13      -2.127407696030e-13       0.000000000000e+00       1.281924980177e-16       2.471233149674e-17      -3.041334843596e-18 
 2495       9.487077615379e-12       3.578877757963e-13      -2.141977001794e-13       0.000000000000e+00       1.279484383918e-16       2.481047541048e-17      -3.039487770265e-18 
 2496       9.448412865309e-12       3.594366947078e-13      -2.157933402972e-13       0.000000000000e+00       1.277048982985e-16       2.490997883435e-17      -3.036319420002e-18 
 2497       9.410085061499e-12       3.609773070250e-13      -2.175253824505e-13       0.000000000000e+00       1.274618766635e-16       2.501074496869e-17      -3.031899310788e-18 
 2498       9.372097740860e-12       3.625089208023e-13      -2.193915109479e-13       0.000000000000e+00       1.272193724041e-16       2.511267669641e-17      -3.026297190935e-18 
 2499       9.334454449420e-12       3.640308419342e-13      -2.213894019037e-13       0.000000000000e+00       1.269773844295e-16       2.521567658264e-17      -3.019583039325e-18 
 2500       9.297158742329e-12       3.655423741537e-13      -2.235167232295e-13       0.000000000000e+00       1.267359116402e-16       2.531964687439e-17      -3.011827065643e-18 
 2501       9.260214183868e-12       3.670428190299e-13      -2.257711346258e-13       0.000000000000e+00       1.264949529287e-16       2.542448950029e-17      -3.003099710610e-18 
 2502       9.223624347458e-12       3.685314759657e-13      -2.281502875735e-13       0.000000000000e+00       1.262545071787e-16       2.553010607022e-17      -2.993471646212e-18 
 2503       9.187392815669e-12       3.700076421960e-13      -2.306518253255e-13       0.000000000000e+00       1.260145732658e-16       2.563639787500e-17      -2.983013775939e-18 
 2504       9.151523180227e-12       3.714706127853e-13      -2.332733828982e-13       0.000000000000e+00       1.257751500571e-16       2.574326588608e-17      -2.971797235013e-18 
 2505       9.116019042021e-12       3.729196806257e-13      -2.360125870629e-13       0.000000000000e+00       1.255362364112e-16       2.585061075522e-17      -2.959893390626e-18 
 2506       9.080884011116e-12       3.743541364345e-13      -2.388670563378e-13       0.000000000000e+00       1.252978311784e-16       2.595833281416e-17      -2.947373842168e-18 
 2507       9.046121706756e-12       3.757732687526e-13      -2.418344009789e-13       0.000000000000e+00       1.250599332006e-16       2.606633207431e-17      -2.934310421463e-18 
 2508       9.011735757377e-12       3.771763639417e-13      -2.449122229721e-13       0.000000000000e+00       1.248225413110e-16       2.617450822642e-17      -2.920775193001e-18 
 2509       8.977729800611e-12       3.785627061828e-13      -2.480981160246e-13       0.000000000000e+00       1.245856543347e-16       2.628276064026e-17      -2.906840454173e-18 
 2510       8.944107483297e-12       3.799315774734e-13      -2.513896655560e-13       0.000000000000e+00       1.243492710879e-16       2.639098836431e-17      -2.892578735502e-18 
 2511       8.910872461490e-12       3.812822576261e-13      -2.547844486906e-13       0.000000000000e+00       1.241133903787e-16       2.649909012545e-17      -2.878062800875e-18 
 2512       8.878028400466e-12       3.826140242657e-13      -2.582800342483e-13       0.000000000000e+00       1.238780110065e-16       2.660696432859e-17      -2.863365647780e-18 
 2513       8.845578974734e-12       3.839261528275e-13      -2.618739827367e-13       0.000000000000e+00       1.236431317623e-16       2.671450905643e-17      -2.848560507535e-18 
 2514       8.813527868043e-12       3.852179165554e-13      -2.655638463421e-13       0.000000000000e+00       1.234087514286e-16       2.682162206904e-17      -2.833720845524e-18 
 2515       8.781878773389e-12       3.864885864990e-13      -2.693471689213e-13       0.000000000000e+00       1.231748687791e-16       2.692820080364e-17      -2.818920361427e-18 
 2516       8.750635393024e-12       3.877374315121e-13      -2.732214859932e-13       0.000000000000e+00       1.229414825795e-16       2.703414237422e-17      -2.804232989458e-18 
 2517       8.719801438467e-12       3.889637182504e-13      -2.771843247304e-13       0.000000000000e+00       1.227085915864e-16       2.713934357123e-17      -2.789732898592e-18 
 2518       8.689380630508e-12       3.901667111693e-13      -2.812332039504e-13       0.000000000000e+00       1.224761945482e-16       2.724370086127e-17      -2.775494492802e-18 
 2519       8.659376699219e-12       3.913456725218e-13      -2.853656341076e-13       0.000000000000e+00       1.222442902046e-16       2.734711038675e-17      -2.761592411291e-18 
 2520       8.629793383961e-12       3.924998623562e-13      -2.895791172844e-13       0.000000000000e+00       1.220128772868e-16       2.744946796560e-17      -2.748101528725e-18 
 2521       8.600634433396e-12       3.936285385142e-13      -2.938711471831e-13       0.000000000000e+00       1.217819545174e-16       2.755066909094e-17      -2.735096955467e-18 
 2522       8.571903605489e-12       3.947309566287e-13      -2.982392091173e-13       0.000000000000e+00       1.215515206103e-16       2.765060893072e-17      -2.722654037809e-18 
 2523       8.543604667521e-12       3.958063701216e-13      -3.026807800034e-13       0.000000000000e+00       1.213215742710e-16       2.774918232748e-17      -2.710848358204e-18 
 2524       8.515741396097e-12       3.968540302016e-13      -3.071933283522e-13       0.000000000000e+00       1.210921141961e-16       2.784628379795e-17      -2.699755735502e-18 
 2525       8.488317577152e-12       3.978731858622e-13      -3.117743142604e-13       0.000000000000e+00       1.208631390738e-16       2.794180753277e-17      -2.689452225179e-18 
 2526       8.461337005961e-12       3.988630838795e-13      -3.164211894024e-13       0.000000000000e+00       1.206346475836e-16       2.803564739618e-17      -2.680014119575e-18 
 2527       8.434803487149e-12       3.998229688101e-13      -3.211313970213e-13       0.000000000000e+00       1.204066383965e-16       2.812769692566e-17      -2.671517948124e-18 
 2528       8.408720834694e-12       4.007520829889e-13      -3.259023719211e-13       0.000000000000e+00       1.201791101744e-16       2.821784933165e-17      -2.664040477587e-18 
 2529       8.383092871943e-12       4.016496665268e-13      -3.307315404576e-13       0.000000000000e+00       1.199520615711e-16       2.830599749721e-17      -2.657658712284e-18 
 2530       8.357923431611e-12       4.025149573089e-13      -3.356163205305e-13       0.000000000000e+00       1.197254912314e-16       2.839203397770e-17      -2.652449894332e-18 
 2531       8.333216355799e-12       4.033471909923e-13      -3.405541215747e-13       0.000000000000e+00       1.194993977913e-16       2.847585100046e-17      -2.648491503872e-18 
 2532       8.308975495995e-12       4.041456010036e-13      -3.455423445516e-13       0.000000000000e+00       1.192737798785e-16       2.855734046452e-17      -2.645861259306e-18 
 2533       8.285203584741e-12       4.049095302224e-13      -3.505784007929e-13       0.000000000000e+00       1.190486361848e-16       2.863641386175e-17      -2.644613462319e-18 
 2534       8.261898843478e-12       4.056387667394e-13      -3.556597686659e-13       0.000000000000e+00       1.188239656871e-16       2.871306216710e-17      -2.644707883062e-18 
 2535       8.239058355104e-12       4.063332100350e-13      -3.607839372187e-13       0.000000000000e+00       1.185997674278e-16       2.878729629397e-17      -2.646080464326e-18 
 2536       8.216679190532e-12       4.069927594700e-13      -3.659483873498e-13       0.000000000000e+00       1.183760404423e-16       2.885912720418e-17      -2.648666939214e-18 
 2537       8.194758408671e-12       4.076173142858e-13      -3.711505918006e-13       0.000000000000e+00       1.181527837582e-16       2.892856590801e-17      -2.652402830931e-18 
 2538       8.173293056419e-12       4.082067736040e-13      -3.763880151467e-13       0.000000000000e+00       1.179299963961e-16       2.899562346427e-17      -2.657223452570e-18 
 2539       8.152280168644e-12       4.087610364267e-13      -3.816581137902e-13       0.000000000000e+00       1.177076773690e-16       2.906031098034e-17      -2.663063906909e-18 
 2540       8.131716768177e-12       4.092800016365e-13      -3.869583359514e-13       0.000000000000e+00       1.174858256826e-16       2.912263961221e-17      -2.669859086197e-18 
 2541       8.111599865795e-12       4.097635679960e-13      -3.922861216607e-13       0.000000000000e+00       1.172644403353e-16       2.918262056456e-17      -2.677543671950e-18 
 2542       8.091926460211e-12       4.102116341483e-13      -3.976389027507e-13       0.000000000000e+00       1.170435203180e-16       2.924026509081e-17      -2.686052134735e-18 
 2543       8.072693538061e-12       4.106240986163e-13      -4.030141028477e-13       0.000000000000e+00       1.168230646140e-16       2.929558449314e-17      -2.695318733967e-18 
 2544       8.053898073889e-12       4.110008598033e-13      -4.084091373640e-13       0.000000000000e+00       1.166030721996e-16       2.934859012258e-17      -2.705277517697e-18 
 2545       8.035537030137e-12       4.113418159926e-13      -4.138214134895e-13       0.000000000000e+00       1.163835420433e-16       2.939929337902e-17      -2.715862322403e-18 
 2546       8.017607357128e-12       4.116468653476e-13      -4.192483301840e-13       0.000000000000e+00       1.161644731064e-16       2.944770571132e-17      -2.727006772780e-18 
 2547       8.000105993060e-12       4.119159059114e-13      -4.246872781684e-13       0.000000000000e+00       1.159458643426e-16       2.949383861733e-17      -2.738644281532e-18 
 2548       7.983029863988e-12       4.121488356072e-13      -4.301356399175e-13       0.000000000000e+00       1.157277146982e-16       2.953770364391e-17      -2.750708049165e-18 
 2549       7.966375883812e-12       4.123455522381e-13      -4.355907896511e-13       0.000000000000e+00       1.155100231120e-16       2.957931238705e-17      -2.763131063772e-18 
 2550       7.950140954266e-12       4.125059534868e-13      -4.410500933262e-13       0.000000000000e+00       1.152927885153e-16       2.961867649187e-17      -2.775846100829e-18 
 2551       7.934321964902e-12       4.126299369160e-13      -4.465109086291e-13       0.000000000000e+00       1.150760098322e-16       2.965580765271e-17      -2.788785722983e-18 
 2552       7.918915793082e-12       4.127173999679e-13      -4.519705849671e-13       0.000000000000e+00       1.148596859788e-16       2.969071761313e-17      -2.801882279845e-18 
 2553       7.903919303961e-12       4.127682399644e-13      -4.574264634602e-13       0.000000000000e+00       1.146438158642e-16       2.972341816603e-17      -2.815067907778e-18 
 2554       7.889329350476e-12       4.127823541070e-13      -4.628758769334e-13       0.000000000000e+00       1.144283983896e-16       2.975392115365e-17      -2.828274529692e-18 
 2555       7.875142773335e-12       4.127596394768e-13      -4.683161499083e-13       0.000000000000e+00       1.142134324489e-16       2.978223846763e-17      -2.841433854829e-18 
 2556       7.861356400999e-12       4.126999930343e-13      -4.737445985953e-13       0.000000000000e+00       1.139989169285e-16       2.980838204910e-17      -2.854477378560e-18 
 2557       7.847967049676e-12       4.126033116195e-13      -4.791585308849e-13       0.000000000000e+00       1.137848507071e-16       2.983236388868e-17      -2.867336382169e-18 
 2558       7.834971523301e-12       4.124694919517e-13      -4.845552463403e-13       0.000000000000e+00       1.135712326559e-16       2.985419602657e-17      -2.879941932653e-18 
 2559       7.822366613531e-12       4.122984306296e-13      -4.899320361890e-13       0.000000000000e+00       1.133580616387e-16       2.987389055258e-17      -2.892224882502e-18 
 2560       7.810149099725e-12       4.120900241311e-13      -4.952861833145e-13       0.000000000000e+00       1.131453365114e-16       2.989145960621e-17      -2.904115869499e-18 
 2561       7.798315748937e-12       4.118441688135e-13      -5.006149622486e-13       0.000000000000e+00       1.129330561228e-16       2.990691537667e-17      -2.915545316505e-18 
 2562       7.786863315899e-12       4.115607609131e-13      -5.059156391629e-13       0.000000000000e+00       1.127212193136e-16       2.992027010294e-17      -2.926443431253e-18 
 2563       7.775788543011e-12       4.112396965453e-13      -5.111854718609e-13       0.000000000000e+00       1.125098249174e-16       2.993153607384e-17      -2.936740206137e-18 
 2564       7.765088160327e-12       4.108808717048e-13      -5.164217097699e-13       0.000000000000e+00       1.122988717597e-16       2.994072562807e-17      -2.946365418003e-18 
 2565       7.754758885542e-12       4.104841822652e-13      -5.216215939330e-13       0.000000000000e+00       1.120883586589e-16       2.994785115427e-17      -2.955248627942e-18 
 2566       7.744797423981e-12       4.100495239788e-13      -5.267823570007e-13       0.000000000000e+00       1.118782844255e-16       2.995292509106e-17      -2.963319181078e-18 
 2567       7.735200468582e-12       4.095767924772e-13      -5.319012232230e-13       0.000000000000e+00       1.116686478623e-16       2.995595992708e-17      -2.970506206359e-18 
 2568       7.725964699891e-12       4.090658832707e-13      -5.369754084413e-13       0.000000000000e+00       1.114594477646e-16       2.995696820110e-17      -2.976738616350e-18 
 2569       7.717086786039e-12       4.085166917484e-13      -5.420021200802e-13       0.000000000000e+00       1.112506829200e-16       2.995596250200e-17      -2.981945107022e-18 
 2570       7.708563382739e-12       4.079291131781e-13      -5.469785571396e-13       0.000000000000e+00       1.110423521085e-16       2.995295546886e-17      -2.986054157543e-18 
 2571       7.700391133266e-12       4.073030427064e-13      -5.519019101862e-13       0.000000000000e+00       1.108344541025e-16       2.994795979104e-17      -2.988994030071e-18 
 2572       7.692566122446e-12       4.066384634404e-13      -5.567696068367e-13       0.000000000000e+00       1.106269877314e-16       2.994099019626e-17      -2.990707858398e-18 
 2573       7.685082235234e-12       4.059357112410e-13      -5.615800497489e-13       0.000000000000e+00       1.104199520766e-16       2.993206942746e-17      -2.991199008182e-18 
 2574       7.677932788763e-12       4.051952114370e-13      -5.663318828156e-13       0.000000000000e+00       1.102133462780e-16       2.992122230008e-17      -2.990485974553e-18 
 2575       7.671111077476e-12       4.044173908818e-13      -5.710237460523e-13       0.000000000000e+00       1.100071694687e-16       2.990847371719e-17      -2.988587316771e-18 
 2576       7.664610373106e-12       4.036026779549e-13      -5.756542755929e-13       0.000000000000e+00       1.098014207756e-16       2.989384866957e-17      -2.985521658292e-18 
 2577       7.658423924647e-12       4.027515025635e-13      -5.802221036866e-13       0.000000000000e+00       1.095960993188e-16       2.987737223578e-17      -2.981307686829e-18 
 2578       7.652544958337e-12       4.018642961439e-13      -5.847258586937e-13       0.000000000000e+00       1.093912042122e-16       2.985906958225e-17      -2.975964154421e-18 
 2579       7.646966677635e-12       4.009414916632e-13      -5.891641650826e-13       0.000000000000e+00       1.091867345630e-16       2.983896596337e-17      -2.969509877494e-18 
 2580       7.641682263196e-12       3.999835236208e-13      -5.935356434255e-13       0.000000000000e+00       1.089826894718e-16       2.981708672160e-17      -2.961963736926e-18 
 2581       7.636684872847e-12       3.989908280499e-13      -5.978389103951e-13       0.000000000000e+00       1.087790680328e-16       2.979345728754e-17      -2.953344678113e-18 
 2582       7.631967641569e-12       3.979638425190e-13      -6.020725787610e-13       0.000000000000e+00       1.085758693337e-16       2.976810318000e-17      -2.943671711032e-18 
 2583       7.627523681471e-12       3.969030061336e-13      -6.062352573858e-13       0.000000000000e+00       1.083730924555e-16       2.974105000614e-17      -2.932963910306e-18 
 2584       7.623346081770e-12       3.958087595376e-13      -6.103255512218e-13       0.000000000000e+00       1.081707364727e-16       2.971232346149e-17      -2.921240415268e-18 
 2585       7.619427908763e-12       3.946815449151e-13      -6.143420613068e-13       0.000000000000e+00       1.079688004533e-16       2.968194933011e-17      -2.908520430026e-18 
 2586       7.615762205810e-12       3.935218059915e-13      -6.182833847610e-13       0.000000000000e+00       1.077672834586e-16       2.964995348462e-17      -2.894823223526e-18 
 2587       7.612341993311e-12       3.923299880353e-13      -6.221481147832e-13       0.000000000000e+00       1.075661845435e-16       2.961636188633e-17      -2.880168129619e-18 
 2588       7.609160268678e-12       3.911065378599e-13      -6.259348406470e-13       0.000000000000e+00       1.073655027561e-16       2.958120058529e-17      -2.864574547122e-18 
 2589       7.606210006319e-12       3.898519038247e-13      -6.296421476970e-13       0.000000000000e+00       1.071652371380e-16       2.954449572043e-17      -2.848061939886e-18 
 2590       7.603484157609e-12       3.885665358368e-13      -6.332686173458e-13       0.000000000000e+00       1.069653867243e-16       2.950627351957e-17      -2.830649836858e-18 
 2591       7.600975650874e-12       3.872508853526e-13      -6.368128270696e-13       0.000000000000e+00       1.067659505433e-16       2.946656029961e-17      -2.812357832145e-18 
 2592       7.598677391363e-12       3.859054053794e-13      -6.402733504050e-13       0.000000000000e+00       1.065669276169e-16       2.942538246653e-17      -2.793205585081e-18 
 2593       7.596582261227e-12       3.845305504768e-13      -6.436487569451e-13       0.000000000000e+00       1.063683169600e-16       2.938276651552e-17      -2.773212820290e-18 
 2594       7.594683119498e-12       3.831267767583e-13      -6.469376123362e-13       0.000000000000e+00       1.061701175814e-16       2.933873903106e-17      -2.752399327750e-18 
 2595       7.592972802064e-12       3.816945418929e-13      -6.501384782738e-13       0.000000000000e+00       1.059723284827e-16       2.929332668701e-17      -2.730784962857e-18 
 2596       7.591444121648e-12       3.802343051066e-13      -6.532499124989e-13       0.000000000000e+00       1.057749486592e-16       2.924655624671e-17      -2.708389646490e-18 
 2597       7.590089867783e-12       3.787465271839e-13      -6.562704687949e-13       0.000000000000e+00       1.055779770995e-16       2.919845456305e-17      -2.685233365078e-18 
 2598       7.588902806793e-12       3.772316704694e-13      -6.591986969831e-13       0.000000000000e+00       1.053814127854e-16       2.914904857855e-17      -2.661336170658e-18 
 2599       7.587875681766e-12       3.756901988694e-13      -6.620331429198e-13       0.000000000000e+00       1.051852546922e-16       2.909836532548e-17      -2.636718180948e-18 
 2600       7.587001212536e-12       3.741225778532e-13      -6.647723484924e-13       0.000000000000e+00       1.049895017884e-16       2.904643192593e-17      -2.611399579404e-18 
 2601       7.586272095657e-12       3.725292744551e-13      -6.674148516156e-13       0.000000000000e+00       1.047941530357e-16       2.899327559189e-17      -2.585400615287e-18 
 2602       7.585681004381e-12       3.709107572754e-13      -6.699591862277e-13       0.000000000000e+00       1.045992073894e-16       2.893892362536e-17      -2.558741603728e-18 
 2603       7.585220588635e-12       3.692674964824e-13      -6.724038822875e-13       0.000000000000e+00       1.044046637978e-16       2.888340341842e-17      -2.531442925793e-18 
 2604       7.584883475001e-12       3.675999638136e-13      -6.747474657699e-13       0.000000000000e+00       1.042105212028e-16       2.882674245334e-17      -2.503525028547e-18 
 2605       7.584662266689e-12       3.659086325776e-13      -6.769884586628e-13       0.000000000000e+00       1.040167785391e-16       2.876896830263e-17      -2.475008425115e-18 
 2606       7.584549543518e-12       3.641939776552e-13      -6.791253789631e-13       0.000000000000e+00       1.038234347353e-16       2.871010862916e-17      -2.445913694752e-18 
 2607       7.584537861892e-12       3.624564755015e-13      -6.811567406733e-13       0.000000000000e+00       1.036304887126e-16       2.865019118626e-17      -2.416261482904e-18 
 2608       7.584619754778e-12       3.606966041469e-13      -6.830810537978e-13       0.000000000000e+00       1.034379393860e-16       2.858924381777e-17      -2.386072501272e-18 
 2609       7.584787731680e-12       3.589148431989e-13      -6.848968243391e-13       0.000000000000e+00       1.032457856635e-16       2.852729445815e-17      -2.355367527879e-18 
 2610       7.585034278621e-12       3.571116738437e-13      -6.866025542942e-13       0.000000000000e+00       1.030540264463e-16       2.846437113256e-17      -2.324167407133e-18 
 2611       7.585352086222e-12       3.552876023853e-13      -6.881970436660e-13       0.000000000000e+00       1.028626606862e-16       2.840050275638e-17      -2.292496920763e-18 
 2612       7.585734735385e-12       3.534432310040e-13      -6.896802983545e-13       0.000000000000e+00       1.026716875576e-16       2.833572153835e-17      -2.260396424227e-18 
 2613       7.586176015407e-12       3.515791873980e-13      -6.910526273501e-13       0.000000000000e+00       1.024811062866e-16       2.827006059109e-17      -2.227910275693e-18 
 2614       7.586669696215e-12       3.496961012835e-13      -6.923143411828e-13       0.000000000000e+00       1.022909160932e-16       2.820355313298e-17      -2.195082971231e-18 
 2615       7.587209528339e-12       3.477946043967e-13      -6.934657519236e-13       0.000000000000e+00       1.021011161918e-16       2.813623248828e-17      -2.161959144942e-18 
 2616       7.587789242900e-12       3.458753304960e-13      -6.945071731866e-13       0.000000000000e+00       1.019117057913e-16       2.806813208723e-17      -2.128583569090e-18 
 2617       7.588402551586e-12       3.439389153634e-13      -6.954389201303e-13       0.000000000000e+00       1.017226840945e-16       2.799928546615e-17      -2.095001154237e-18 
 2618       7.589043146637e-12       3.419859968073e-13      -6.962613094595e-13       0.000000000000e+00       1.015340502986e-16       2.792972626756e-17      -2.061256949375e-18 
 2619       7.589704700824e-12       3.400172146637e-13      -6.969746594267e-13       0.000000000000e+00       1.013458035949e-16       2.785948824024e-17      -2.027396142055e-18 
 2620       7.590380867433e-12       3.380332107985e-13      -6.975792898340e-13       0.000000000000e+00       1.011579431692e-16       2.778860523939e-17      -1.993464058524e-18 
 2621       7.591065280244e-12       3.360346291094e-13      -6.980755220349e-13       0.000000000000e+00       1.009704682011e-16       2.771711122669e-17      -1.959506163858e-18 
 2622       7.591751553514e-12       3.340221155279e-13      -6.984636789353e-13       0.000000000000e+00       1.007833778648e-16       2.764504027042e-17      -1.925568062087e-18 
 2623       7.592433281955e-12       3.319963180213e-13      -6.987440849961e-13       0.000000000000e+00       1.005966713285e-16       2.757242654554e-17      -1.891695496339e-18 
 2624       7.593104040721e-12       3.299578865945e-13      -6.989170662339e-13       0.000000000000e+00       1.004103477546e-16       2.749930433383e-17      -1.857934348961e-18 
 2625       7.593757385384e-12       3.279074732919e-13      -6.989829502235e-13       0.000000000000e+00       1.002244062998e-16       2.742570802397e-17      -1.824330641661e-18 
 2626       7.594386851918e-12       3.258457321999e-13      -6.989420660991e-13       0.000000000000e+00       1.000388461147e-16       2.735167211164e-17      -1.790930535634e-18 
 2627       7.594985956682e-12       3.237733194480e-13      -6.987947445559e-13       0.000000000000e+00       9.985366634455e-17       2.727723119963e-17      -1.757780331698e-18 
 2628       7.595548196397e-12       3.216908932115e-13      -6.985413178521e-13       0.000000000000e+00       9.966886612830e-17       2.720241999794e-17      -1.724926470425e-18 
 2629       7.596067048129e-12       3.195991137133e-13      -6.981821198104e-13       0.000000000000e+00       9.948444459932e-17       2.712727332388e-17      -1.692415532275e-18 
 2630       7.596535969273e-12       3.174986432253e-13      -6.977174858195e-13       0.000000000000e+00       9.930040088505e-17       2.705182610218e-17      -1.660294237726e-18 
 2631       7.596948397531e-12       3.153901460712e-13      -6.971477528360e-13       0.000000000000e+00       9.911673410709e-17       2.697611336510e-17      -1.628609447408e-18 
 2632       7.597297750896e-12       3.132742886280e-13      -6.964732593859e-13       0.000000000000e+00       9.893344338119e-17       2.690017025248e-17      -1.597408162239e-18 
 2633       7.597577427630e-12       3.111517393278e-13      -6.956943455665e-13       0.000000000000e+00       9.875052781723e-17       2.682403201193e-17      -1.566737523549e-18 
 2634       7.597780806250e-12       3.090231686601e-13      -6.948113530478e-13       0.000000000000e+00       9.856798651920e-17       2.674773399885e-17      -1.536644813222e-18 
 2635       7.597901245504e-12       3.068892491738e-13      -6.938246250742e-13       0.000000000000e+00       9.838581858524e-17       2.667131167660e-17      -1.507177453821e-18 
 2636       7.597932084357e-12       3.047506554787e-13      -6.927345064663e-13       0.000000000000e+00       9.820402310756e-17       2.659480061653e-17      -1.478383008726e-18 
 2637       7.597866641970e-12       3.026080642480e-13      -6.915413436224e-13       0.000000000000e+00       9.802259917252e-17       2.651823649816e-17      -1.450309182263e-18 
 2638       7.597698217681e-12       3.004621542198e-13      -6.902454845203e-13       0.000000000000e+00       9.784154586055e-17       2.644165510923e-17      -1.423003819837e-18 
 2639       7.597420090987e-12       2.983136061995e-13      -6.888472787191e-13       0.000000000000e+00       9.766086224619e-17       2.636509234581e-17      -1.396514908067e-18 
 2640       7.597025521527e-12       2.961631030613e-13      -6.873470773602e-13       0.000000000000e+00       9.748054739805e-17       2.628858421243e-17      -1.370890574916e-18 
 2641       7.596507749061e-12       2.940113297506e-13      -6.857452331700e-13       0.000000000000e+00       9.730060037883e-17       2.621216682214e-17      -1.346179089823e-18 
 2642       7.595859993452e-12       2.918589732856e-13      -6.840421004606e-13       0.000000000000e+00       9.712102024530e-17       2.613587639665e-17      -1.322428863840e-18 
 2643       7.595075454648e-12       2.897067227595e-13      -6.822380351320e-13       0.000000000000e+00       9.694180604830e-17       2.605974926641e-17      -1.299688449759e-18 
 2644       7.594147312662e-12       2.875552693422e-13      -6.803333946736e-13       0.000000000000e+00       9.676295683271e-17       2.598382187073e-17      -1.278006542246e-18 
 2645       7.593068727555e-12       2.854053062826e-13      -6.783285381659e-13       0.000000000000e+00       9.658447163749e-17       2.590813075786e-17      -1.257431977976e-18 
 2646       7.591832839416e-12       2.832575289104e-13      -6.762238262821e-13       0.000000000000e+00       9.640634949562e-17       2.583271258512e-17      -1.238013735764e-18 
 2647       7.590432768345e-12       2.811126346379e-13      -6.740196212900e-13       0.000000000000e+00       9.622858943412e-17       2.575760411897e-17      -1.219800936697e-18 
 2648       7.588861614433e-12       2.789713229622e-13      -6.717162870531e-13       0.000000000000e+00       9.605119047407e-17       2.568284223515e-17      -1.202842844267e-18 
 2649       7.587112457741e-12       2.768342954671e-13      -6.693141890330e-13       0.000000000000e+00       9.587415163054e-17       2.560846391874e-17      -1.187188864503e-18 
 2650       7.585179098878e-12       2.747022152116e-13      -6.668138841803e-13       0.000000000000e+00       9.569747196336e-17       2.553449974739e-17      -1.172867146409e-18 
 2651       7.583058285215e-12       2.725755846471e-13      -6.642166917522e-13       0.000000000000e+00       9.552115072958e-17       2.546095430131e-17      -1.159820253809e-18 
 2652       7.580747496931e-12       2.704548670298e-13      -6.615241256527e-13       0.000000000000e+00       9.534518723180e-17       2.538782564521e-17      -1.147969138282e-18 
 2653       7.578244207537e-12       2.683405269735e-13      -6.587377048344e-13       0.000000000000e+00       9.516958076759e-17       2.531511183538e-17      -1.137234506351e-18 
 2654       7.575545883867e-12       2.662330304515e-13      -6.558589533029e-13       0.000000000000e+00       9.499433062936e-17       2.524281091966e-17      -1.127536819241e-18 
 2655       7.572649986073e-12       2.641328447971e-13      -6.528894001223e-13       0.000000000000e+00       9.481943610450e-17       2.517092093747e-17      -1.118796292651e-18 
 2656       7.569553967621e-12       2.620404387057e-13      -6.498305794200e-13       0.000000000000e+00       9.464489647523e-17       2.509943991977e-17      -1.110932896520e-18 
 2657       7.566255275281e-12       2.599562822354e-13      -6.466840303911e-13       0.000000000000e+00       9.447071101872e-17       2.502836588905e-17      -1.103866354793e-18 
 2658       7.562751349125e-12       2.578808468086e-13      -6.434512973039e-13       0.000000000000e+00       9.429687900700e-17       2.495769685933e-17      -1.097516145189e-18 
 2659       7.559039622517e-12       2.558146052131e-13      -6.401339295046e-13       0.000000000000e+00       9.412339970697e-17       2.488743083617e-17      -1.091801498967e-18 
 2660       7.555117522112e-12       2.537580316036e-13      -6.367334814221e-13       0.000000000000e+00       9.395027238044e-17       2.481756581662e-17      -1.086641400695e-18 
 2661       7.550982467845e-12       2.517116015027e-13      -6.332515125729e-13       0.000000000000e+00       9.377749628407e-17       2.474809978925e-17      -1.081954588014e-18 
 2662       7.546631872928e-12       2.496757918022e-13      -6.296895875663e-13       0.000000000000e+00       9.360507066938e-17       2.467903073411e-17      -1.077659551407e-18 
 2663       7.542063143843e-12       2.476510807646e-13      -6.260492761090e-13       0.000000000000e+00       9.343299478275e-17       2.461035662276e-17      -1.073674533966e-18 
 2664       7.537273680337e-12       2.456379480241e-13      -6.223321530100e-13       0.000000000000e+00       9.326126786543e-17       2.454207541822e-17      -1.069917531158e-18 
 2665       7.532260875414e-12       2.436368745881e-13      -6.185397981858e-13       0.000000000000e+00       9.308988915350e-17       2.447418507498e-17      -1.066306290594e-18 
 2666       7.527022115332e-12       2.416483428382e-13      -6.146737966650e-13       0.000000000000e+00       9.291885787787e-17       2.440668353898e-17      -1.062758311792e-18 
 2667       7.521554779593e-12       2.396728365317e-13      -6.107357385934e-13       0.000000000000e+00       9.274817326431e-17       2.433956874764e-17      -1.059190845948e-18 
 2668       7.515856240941e-12       2.377108408027e-13      -6.067272192388e-13       0.000000000000e+00       9.257783453340e-17       2.427283862980e-17      -1.055520895702e-18 
 2669       7.509923865352e-12       2.357628421635e-13      -6.026498389959e-13       0.000000000000e+00       9.240784090055e-17       2.420649110573e-17      -1.051665214903e-18 
 2670       7.503755012034e-12       2.338293285057e-13      -5.985052033913e-13       0.000000000000e+00       9.223819157599e-17       2.414052408713e-17      -1.047540308379e-18 
 2671       7.497347033413e-12       2.319107891016e-13      -5.942949230883e-13       0.000000000000e+00       9.206888576475e-17       2.407493547714e-17      -1.043062431701e-18 
 2672       7.490697275134e-12       2.300077146055e-13      -5.900206138919e-13       0.000000000000e+00       9.189992266667e-17       2.400972317026e-17      -1.038147590951e-18 
 2673       7.483803076052e-12       2.281205970548e-13      -5.856838967536e-13       0.000000000000e+00       9.173130147639e-17       2.394488505242e-17      -1.032711542493e-18 
 2674       7.476661768225e-12       2.262499298715e-13      -5.812863977765e-13       0.000000000000e+00       9.156302138335e-17       2.388041900094e-17      -1.026669792731e-18 
 2675       7.469270676909e-12       2.243962078631e-13      -5.768297482199e-13       0.000000000000e+00       9.139508157176e-17       2.381632288450e-17      -1.019937597886e-18 
 2676       7.461627120554e-12       2.225599272244e-13      -5.723155845045e-13       0.000000000000e+00       9.122748122062e-17       2.375259456317e-17      -1.012429963756e-18 
 2677       7.453728410796e-12       2.207415855381e-13      -5.677455482171e-13       0.000000000000e+00       9.106021950372e-17       2.368923188838e-17      -1.004061645485e-18 
 2678       7.445571852449e-12       2.189416817766e-13      -5.631212861157e-13       0.000000000000e+00       9.089329558958e-17       2.362623270290e-17      -9.947471473326e-19 
 2679       7.437154743504e-12       2.171607163033e-13      -5.584444501343e-13       0.000000000000e+00       9.072670864153e-17       2.356359484086e-17      -9.844007224364e-19 
 2680       7.428474375118e-12       2.153991908732e-13      -5.537166973876e-13       0.000000000000e+00       9.056045781763e-17       2.350131612773e-17      -9.729363725822e-19 
 2681       7.419528031612e-12       2.136576086349e-13      -5.489396901764e-13       0.000000000000e+00       9.039454227070e-17       2.343939438028e-17      -9.602678479703e-19 
 2682       7.410312990462e-12       2.119364741316e-13      -5.441150959920e-13       0.000000000000e+00       9.022896114829e-17       2.337782740664e-17      -9.463086469817e-19 
 2683       7.400826522296e-12       2.102362933022e-13      -5.392445875215e-13       0.000000000000e+00       9.006371359271e-17       2.331661300620e-17      -9.309720159461e-19 
 2684       7.391065890883e-12       2.085575734829e-13      -5.343298426523e-13       0.000000000000e+00       8.989879874100e-17       2.325574896970e-17      -9.141709489082e-19 
 2685       7.381028353133e-12       2.069008234080e-13      -5.293725444775e-13       0.000000000000e+00       8.973421572491e-17       2.319523307914e-17      -8.958181873949e-19 
 2686       7.370711159088e-12       2.052665532118e-13      -5.243743813003e-13       0.000000000000e+00       8.956996367094e-17       2.313506310781e-17      -8.758262201824e-19 
 2687       7.360111551915e-12       2.036552744293e-13      -5.193370466392e-13       0.000000000000e+00       8.940604170029e-17       2.307523682028e-17      -8.541072830631e-19 
 2688       7.349226767902e-12       2.020674999975e-13      -5.142622392331e-13       0.000000000000e+00       8.924244892886e-17       2.301575197239e-17      -8.305733586125e-19 
 2689       7.338054803687e-12       2.005036729365e-13      -5.091516627414e-13       0.000000000000e+00       8.907918451211e-17       2.295660113517e-17      -8.051672049345e-19 
 2690       7.326596722518e-12       1.989639519637e-13      -5.040070248342e-13       0.000000000000e+00       8.891624777979e-17       2.289775613589e-17      -7.779556269917e-19 
 2691       7.314854360542e-12       1.974484247142e-13      -4.988300381073e-13       0.000000000000e+00       8.875363810192e-17       2.283918353227e-17      -7.490367127664e-19 
 2692       7.302829560716e-12       1.959571789557e-13      -4.936224203910e-13       0.000000000000e+00       8.859135484400e-17       2.278084978076e-17      -7.185088506958e-19 
 2693       7.290524172811e-12       1.944903025883e-13      -4.883858947545e-13       0.000000000000e+00       8.842939736704e-17       2.272272123641e-17      -6.864707299535e-19 
 2694       7.277940053425e-12       1.930478836448e-13      -4.831221895114e-13       0.000000000000e+00       8.826776502747e-17       2.266476415281e-17      -6.530213407308e-19 
 2695       7.265079065981e-12       1.916300102908e-13      -4.778330382242e-13       0.000000000000e+00       8.810645717726e-17       2.260694468196e-17      -6.182599745193e-19 
 2696       7.251943080742e-12       1.902367708244e-13      -4.725201797094e-13       0.000000000000e+00       8.794547316379e-17       2.254922887424e-17      -5.822862243919e-19 
 2697       7.238533974813e-12       1.888682536770e-13      -4.671853580423e-13       0.000000000000e+00       8.778481232994e-17       2.249158267821e-17      -5.451999852851e-19 
 2698       7.224853632148e-12       1.875245474126e-13      -4.618303225620e-13       0.000000000000e+00       8.762447401403e-17       2.243397194063e-17      -5.071014542802e-19 
 2699       7.210903943561e-12       1.862057407284e-13      -4.564568278763e-13       0.000000000000e+00       8.746445754983e-17       2.237636240629e-17      -4.680911308855e-19 
 2700       7.196686806725e-12       1.849119224548e-13      -4.510666338664e-13       0.000000000000e+00       8.730476226656e-17       2.231871971792e-17      -4.282698173179e-19 
 2701       7.182204126186e-12       1.836431815553e-13      -4.456615056921e-13       0.000000000000e+00       8.714538748887e-17       2.226100941616e-17      -3.877386187846e-19 
 2702       7.167457813367e-12       1.823996071266e-13      -4.402432137964e-13       0.000000000000e+00       8.698633253688e-17       2.220319693936e-17      -3.465989437647e-19 
 2703       7.152449786573e-12       1.811812883989e-13      -4.348135339107e-13       0.000000000000e+00       8.682759672610e-17       2.214524762359e-17      -3.049525042913e-19 
 2704       7.137181971001e-12       1.799883147359e-13      -4.293742470594e-13       0.000000000000e+00       8.666917936749e-17       2.208712670247e-17      -2.629013162331e-19 
 2705       7.121656298743e-12       1.788207756347e-13      -4.239271395651e-13       0.000000000000e+00       8.651107976742e-17       2.202879930713e-17      -2.205476995760e-19 
 2706       7.105874708798e-12       1.776787607262e-13      -4.184740030532e-13       0.000000000000e+00       8.635329722767e-17       2.197023046605e-17      -1.779942787049e-19 
 2707       7.089839147072e-12       1.765623597746e-13      -4.130166344571e-13       0.000000000000e+00       8.619583104545e-17       2.191138510505e-17      -1.353439826856e-19 
 2708       7.073551566390e-12       1.754716626785e-13      -4.075568360230e-13       0.000000000000e+00       8.603868051336e-17       2.185222804712e-17      -9.270004554640e-20 
 2709       7.057013926502e-12       1.744067594697e-13      -4.020964153145e-13       0.000000000000e+00       8.588184491939e-17       2.179272401236e-17      -5.016600655995e-20 
 2710       7.040228194086e-12       1.733677403145e-13      -3.966371852179e-13       0.000000000000e+00       8.572532354695e-17       2.173283761788e-17      -7.845710524852e-21 
 2711       7.023196342761e-12       1.723546955128e-13      -3.911809639471e-13       0.000000000000e+00       8.556911567482e-17       2.167253337771e-17       3.415669195247e-20 
 2712       7.005920353087e-12       1.713677154990e-13      -3.857295750483e-13       0.000000000000e+00       8.541322057717e-17       2.161177570271e-17       7.573674417609e-20 
 2713       6.988402212576e-12       1.704068908413e-13      -3.802848474046e-13       0.000000000000e+00       8.525763752355e-17       2.155052890044e-17       1.167896830788e-19 
 2714       6.970643915699e-12       1.694723122425e-13      -3.748486152419e-13       0.000000000000e+00       8.510236577888e-17       2.148875717512e-17       1.572104389403e-19 
 2715       6.952647463889e-12       1.685640705396e-13      -3.694227181326e-13       0.000000000000e+00       8.494740460344e-17       2.142642462748e-17       1.968936351057e-19 
 2716       6.934414865551e-12       1.676822567039e-13      -3.640090010014e-13       0.000000000000e+00       8.479275325290e-17       2.136349525472e-17       2.357335877035e-19 
 2717       6.915948136069e-12       1.668269618416e-13      -3.586093141297e-13       0.000000000000e+00       8.463841097827e-17       2.129993295037e-17       2.736243053638e-19 
 2718       6.897249297811e-12       1.659982771931e-13      -3.532255131607e-13       0.000000000000e+00       8.448437702590e-17       2.123570150421e-17       3.104594889370e-19 
 2719       6.878320380135e-12       1.651962941338e-13      -3.478594591044e-13       0.000000000000e+00       8.433065063751e-17       2.117076460220e-17       3.461325312116e-19 
 2720       6.859163419398e-12       1.644211041736e-13      -3.425130183422e-13       0.000000000000e+00       8.417723105016e-17       2.110508582633e-17       3.805365166325e-19 
 2721       6.839780458962e-12       1.636727989574e-13      -3.371880626320e-13       0.000000000000e+00       8.402411749623e-17       2.103862865458e-17       4.135642210196e-19 
 2722       6.820173549201e-12       1.629514702650e-13      -3.318864691132e-13       0.000000000000e+00       8.387130920345e-17       2.097135646081e-17       4.451081112856e-19 
 2723       6.800344747505e-12       1.622572100113e-13      -3.266101203113e-13       0.000000000000e+00       8.371880539487e-17       2.090323251464e-17       4.750603451546e-19 
 2724       6.780296118291e-12       1.615901102461e-13      -3.213609041431e-13       0.000000000000e+00       8.356660528887e-17       2.083421998139e-17       5.033127708801e-19 
 2725       6.760029733007e-12       1.609502631545e-13      -3.161407139214e-13       0.000000000000e+00       8.341470809912e-17       2.076428192196e-17       5.297569269637e-19 
 2726       6.739547670139e-12       1.603377610569e-13      -3.109514483600e-13       0.000000000000e+00       8.326311303464e-17       2.069338129275e-17       5.542840418726e-19 
 2727       6.718852015219e-12       1.597526964090e-13      -3.057950115786e-13       0.000000000000e+00       8.311181929973e-17       2.062148094556e-17       5.767850337585e-19 
 2728       6.697945253945e-12       1.591951026382e-13      -3.006731584855e-13       0.000000000000e+00       8.296082613389e-17       2.054854946004e-17       5.971835522925e-19 
 2729       6.676831453836e-12       1.586647763065e-13      -2.955870300097e-13       0.000000000000e+00       8.281013293167e-17       2.047457867538e-17       6.155352985285e-19 
 2730       6.655515088936e-12       1.581614539931e-13      -2.905376153835e-13       0.000000000000e+00       8.265973912347e-17       2.039956625258e-17       6.319292376534e-19 
 2731       6.634000647286e-12       1.576848713706e-13      -2.855259065406e-13       0.000000000000e+00       8.250964413567e-17       2.032350985038e-17       6.464546055433e-19 
 2732       6.612292630936e-12       1.572347632040e-13      -2.805528981184e-13       0.000000000000e+00       8.235984739062e-17       2.024640712533e-17       6.592009090141e-19 
 2733       6.590395555964e-12       1.568108633499e-13      -2.756195874607e-13       0.000000000000e+00       8.221034830667e-17       2.016825573172e-17       6.702579260728e-19 
 2734       6.568313952483e-12       1.564129047557e-13      -2.707269746198e-13       0.000000000000e+00       8.206114629812e-17       2.008905332165e-17       6.797157061679e-19 
 2735       6.546052364654e-12       1.560406194585e-13      -2.658760623588e-13       0.000000000000e+00       8.191224077527e-17       2.000879754499e-17       6.876645704408e-19 
 2736       6.523615350705e-12       1.556937385846e-13      -2.610678561546e-13       0.000000000000e+00       8.176363114435e-17       1.992748604937e-17       6.941951119760e-19 
 2737       6.501007482938e-12       1.553719923481e-13      -2.563033641995e-13       0.000000000000e+00       8.161531680759e-17       1.984511648021e-17       6.993981960525e-19 
 2738       6.478233347745e-12       1.550751100506e-13      -2.515835974044e-13       0.000000000000e+00       8.146729716314e-17       1.976168648068e-17       7.033649603944e-19 
 2739       6.455297545621e-12       1.548028200799e-13      -2.469095694006e-13       0.000000000000e+00       8.131957160513e-17       1.967719369176e-17       7.061868154217e-19 
 2740       6.432204691175e-12       1.545548499093e-13      -2.422822965426e-13       0.000000000000e+00       8.117213952362e-17       1.959163575218e-17       7.079554445015e-19 
 2741       6.408959413146e-12       1.543309260969e-13      -2.377027979103e-13       0.000000000000e+00       8.102500030462e-17       1.950501029844e-17       7.087628041984e-19 
 2742       6.385566354414e-12       1.541307742842e-13      -2.331720953113e-13       0.000000000000e+00       8.087815333008e-17       1.941731496481e-17       7.087011245255e-19 
 2743       6.362030172013e-12       1.539541191959e-13      -2.286912132838e-13       0.000000000000e+00       8.073159797787e-17       1.932854738334e-17       7.078629091956e-19 
 2744       6.338355537145e-12       1.538006846386e-13      -2.242611790983e-13       0.000000000000e+00       8.058533362181e-17       1.923870518386e-17       7.063409358715e-19 
 2745       6.314547135195e-12       1.536701935000e-13      -2.198830227609e-13       0.000000000000e+00       8.043935963162e-17       1.914778599393e-17       7.042282564172e-19 
 2746       6.290609665738e-12       1.535623677480e-13      -2.155577770146e-13       0.000000000000e+00       8.029367537298e-17       1.905578743892e-17       7.016181971488e-19 
 2747       6.266547842559e-12       1.534769284299e-13      -2.112864773429e-13       0.000000000000e+00       8.014828020744e-17       1.896270714195e-17       6.986043590851e-19 
 2748       6.242366393663e-12       1.534135956717e-13      -2.070701619710e-13       0.000000000000e+00       8.000317349248e-17       1.886854272390e-17       6.952806181987e-19 
 2749       6.218070061285e-12       1.533720886769e-13      -2.029098718695e-13       0.000000000000e+00       7.985835458150e-17       1.877329180343e-17       6.917411256665e-19 
 2750       6.193663601910e-12       1.533521257257e-13      -1.988066507556e-13       0.000000000000e+00       7.971382282377e-17       1.867695199695e-17       6.880803081212e-19 
 2751       6.169151786280e-12       1.533534241743e-13      -1.947615450962e-13       0.000000000000e+00       7.956957756450e-17       1.857952091866e-17       6.843928679014e-19 
 2752       6.144539399408e-12       1.533757004539e-13      -1.907756041103e-13       0.000000000000e+00       7.942561814476e-17       1.848099618050e-17       6.807737833029e-19 
 2753       6.119831240597e-12       1.534186700700e-13      -1.868498797711e-13       0.000000000000e+00       7.928194390151e-17       1.838137539218e-17       6.773183088296e-19 
 2754       6.095032123443e-12       1.534820476011e-13      -1.829854268086e-13       0.000000000000e+00       7.913855416761e-17       1.828065616117e-17       6.741219754441e-19 
 2755       6.070146875857e-12       1.535655466984e-13      -1.791833027121e-13       0.000000000000e+00       7.899544827179e-17       1.817883609273e-17       6.712805908186e-19 
 2756       6.045180340073e-12       1.536688800843e-13      -1.754445677324e-13       0.000000000000e+00       7.885262553866e-17       1.807591278984e-17       6.688902395859e-19 
 2757       6.020137372663e-12       1.537917595524e-13      -1.717702848841e-13       0.000000000000e+00       7.871008528868e-17       1.797188385326e-17       6.670472835903e-19 
 2758       5.995022844550e-12       1.539338959655e-13      -1.681615199486e-13       0.000000000000e+00       7.856782683820e-17       1.786674688151e-17       6.658483621382e-19 
 2759       5.969841641020e-12       1.540949992558e-13      -1.646193414758e-13       0.000000000000e+00       7.842584949943e-17       1.776049947088e-17       6.653903922490e-19 
 2760       5.944598661736e-12       1.542747784232e-13      -1.611448207869e-13       0.000000000000e+00       7.828415258043e-17       1.765313921540e-17       6.657705689063e-19 
 2761       5.919298820752e-12       1.544729415351e-13      -1.577390319769e-13       0.000000000000e+00       7.814273538509e-17       1.754466370687e-17       6.670863653082e-19 
 2762       5.893947046524e-12       1.546891957250e-13      -1.544030519166e-13       0.000000000000e+00       7.800159721319e-17       1.743507053483e-17       6.694355331186e-19 
 2763       5.868548281923e-12       1.549232471920e-13      -1.511379602554e-13       0.000000000000e+00       7.786073736032e-17       1.732435728661e-17       6.729161027180e-19 
 2764       5.843107484251e-12       1.551748011995e-13      -1.479448394235e-13       0.000000000000e+00       7.772015511792e-17       1.721252154726e-17       6.776263834542e-19 
 2765       5.817629625250e-12       1.554435620749e-13      -1.448247746344e-13       0.000000000000e+00       7.757984977327e-17       1.709956089961e-17       6.836649638930e-19 
 2766       5.792119691119e-12       1.557292332084e-13      -1.417788538872e-13       0.000000000000e+00       7.743982060947e-17       1.698547292424e-17       6.911307120695e-19 
 2767       5.766582560975e-12       1.560314984072e-13      -1.388079686952e-13       0.000000000000e+00       7.730006694041e-17       1.687026356408e-17       7.000944443537e-19 
 2768       5.741022641509e-12       1.563499658542e-13      -1.359122151137e-13       0.000000000000e+00       7.716058821585e-17       1.675397226657e-17       7.105137677218e-19 
 2769       5.715444230425e-12       1.566842238507e-13      -1.330914895468e-13       0.000000000000e+00       7.702138391689e-17       1.663664697462e-17       7.223177872699e-19 
 2770       5.689851637821e-12       1.570338594340e-13      -1.303456877326e-13       0.000000000000e+00       7.688245352104e-17       1.651833577413e-17       7.354353964715e-19 
 2771       5.664249186205e-12       1.573984583753e-13      -1.276747047426e-13       0.000000000000e+00       7.674379650224e-17       1.639908689419e-17       7.497952769854e-19 
 2772       5.638641210501e-12       1.577776051794e-13      -1.250784349808e-13       0.000000000000e+00       7.660541233083e-17       1.627894870720e-17       7.653258984617e-19 
 2773       5.613032058063e-12       1.581708830828e-13      -1.225567721833e-13       0.000000000000e+00       7.646730047355e-17       1.615796972898e-17       7.819555183493e-19 
 2774       5.587426088688e-12       1.585778740530e-13      -1.201096094174e-13       0.000000000000e+00       7.632946039356e-17       1.603619861890e-17       7.996121817029e-19 
 2775       5.561827674623e-12       1.589981587871e-13      -1.177368390809e-13       0.000000000000e+00       7.619189155039e-17       1.591368418003e-17       8.182237209897e-19 
 2776       5.536241200578e-12       1.594313167107e-13      -1.154383529013e-13       0.000000000000e+00       7.605459340000e-17       1.579047535927e-17       8.377177558964e-19 
 2777       5.510671063739e-12       1.598769259768e-13      -1.132140419354e-13       0.000000000000e+00       7.591756539471e-17       1.566662124745e-17       8.580216931365e-19 
 2778       5.485121673775e-12       1.603345634646e-13      -1.110637965680e-13       0.000000000000e+00       7.578080698326e-17       1.554217107950e-17       8.790627262568e-19 
 2779       5.459597452856e-12       1.608038047783e-13      -1.089875065118e-13       0.000000000000e+00       7.564431761072e-17       1.541717423455e-17       9.007678354446e-19 
 2780       5.434102835655e-12       1.612842242460e-13      -1.069850608066e-13       0.000000000000e+00       7.550809671860e-17       1.529168023609e-17       9.230637873349e-19 
 2781       5.408642269366e-12       1.617753949185e-13      -1.050563478180e-13       0.000000000000e+00       7.537214374474e-17       1.516573875207e-17       9.458771348167e-19 
 2782       5.383220213714e-12       1.622768885681e-13      -1.032012552374e-13       0.000000000000e+00       7.523645812337e-17       1.503939959503e-17       9.691342168409e-19 
 2783       5.357841140965e-12       1.627882756873e-13      -1.014196700810e-13       0.000000000000e+00       7.510103928508e-17       1.491271272227e-17       9.927611582262e-19 
 2784       5.332509535936e-12       1.633091254882e-13      -9.971147868893e-14       0.000000000000e+00       7.496588665682e-17       1.478572823594e-17       1.016683869467e-18 
 2785       5.307229896009e-12       1.638390059006e-13      -9.807656672485e-14       0.000000000000e+00       7.483099966191e-17       1.465849638318e-17       1.040828046540e-18 
 2786       5.282006731140e-12       1.643774835714e-13      -9.651481917499e-14       0.000000000000e+00       7.469637772001e-17       1.453106755626e-17       1.065119170711e-18 
 2787       5.256844563872e-12       1.649241238631e-13      -9.502612034753e-14       0.000000000000e+00       7.456202024715e-17       1.440349229272e-17       1.089482508342e-18 
 2788       5.231747929345e-12       1.654784908526e-13      -9.361035387190e-14       0.000000000000e+00       7.442792665568e-17       1.427582127546e-17       1.113843110698e-18 
 2789       5.206721375306e-12       1.660401473306e-13      -9.226740269805e-14       0.000000000000e+00       7.429409635432e-17       1.414810533290e-17       1.138125813754e-18 
 2790       5.181769462123e-12       1.666086547997e-13      -9.099714909571e-14       0.000000000000e+00       7.416052874811e-17       1.402039543913e-17       1.162255238003e-18 
 2791       5.156896762793e-12       1.671835734736e-13      -8.979947465374e-14       0.000000000000e+00       7.402722323843e-17       1.389274271398e-17       1.186155788262e-18 
 2792       5.132107862956e-12       1.677644622760e-13      -8.867426027934e-14       0.000000000000e+00       7.389417922299e-17       1.376519842323e-17       1.209751653478e-18 
 2793       5.107407360905e-12       1.683508788393e-13      -8.762138619739e-14       0.000000000000e+00       7.376139609582e-17       1.363781397865e-17       1.232966806537e-18 
 2794       5.082799867596e-12       1.689423795034e-13      -8.664073194972e-14       0.000000000000e+00       7.362887324730e-17       1.351064093822e-17       1.255725004069e-18 
 2795       5.058290006661e-12       1.695385193146e-13      -8.573217639439e-14       0.000000000000e+00       7.349661006409e-17       1.338373100618e-17       1.277949786257e-18 
 2796       5.033882414419e-12       1.701388520247e-13      -8.489559770500e-14       0.000000000000e+00       7.336460592918e-17       1.325713603324e-17       1.299564476642e-18 
 2797       5.009581739885e-12       1.707429300891e-13      -8.413087336995e-14       0.000000000000e+00       7.323286022190e-17       1.313090801663e-17       1.320492181932e-18 
 2798       4.985392644784e-12       1.713503046666e-13      -8.343788019174e-14       0.000000000000e+00       7.310137231783e-17       1.300509910029e-17       1.340655791806e-18 
 2799       4.961319803562e-12       1.719605256175e-13      -8.281649428624e-14       0.000000000000e+00       7.297014158891e-17       1.287976157498e-17       1.359977978725e-18 
 2800       4.937367903392e-12       1.725731415027e-13      -8.226659108201e-14       0.000000000000e+00       7.283916740333e-17       1.275494787839e-17       1.378381197736e-18 
 2801       4.913541644194e-12       1.731876995826e-13      -8.178804531955e-14       0.000000000000e+00       7.270844912560e-17       1.263071059532e-17       1.395787686278e-18 
 2802       4.889845738638e-12       1.738037458158e-13      -8.138073105063e-14       0.000000000000e+00       7.257798611653e-17       1.250710245776e-17       1.412119463993e-18 
 2803       4.866284912160e-12       1.744208248580e-13      -8.104452163751e-14       0.000000000000e+00       7.244777773319e-17       1.238417634505e-17       1.427298332530e-18 
 2804       4.842863902971e-12       1.750384800609e-13      -8.077928975229e-14       0.000000000000e+00       7.231782332895e-17       1.226198528399e-17       1.441245875353e-18 
 2805       4.819587462071e-12       1.756562534708e-13      -8.058490737619e-14       0.000000000000e+00       7.218812225346e-17       1.214058244900e-17       1.453883457545e-18 
 2806       4.796459887425e-12       1.762737090473e-13      -8.046111205370e-14       0.000000000000e+00       7.205867388546e-17       1.202002037950e-17       1.465153292863e-18 
 2807       4.773483623832e-12       1.768905024525e-13      -8.040710489406e-14       0.000000000000e+00       7.192947773150e-17       1.190034862742e-17       1.475081765382e-18 
 2808       4.750660655773e-12       1.775063116236e-13      -8.042195047024e-14       0.000000000000e+00       7.180053332772e-17       1.178161609771e-17       1.483716437960e-18 
 2809       4.727992972584e-12       1.781208135855e-13      -8.050471037075e-14       0.000000000000e+00       7.167184020709e-17       1.166387183001e-17       1.491105015128e-18 
 2810       4.705482568455e-12       1.787336844503e-13      -8.065444319687e-14       0.000000000000e+00       7.154339789940e-17       1.154716499883e-17       1.497295343227e-18 
 2811       4.683131442438e-12       1.793445994160e-13      -8.087020455990e-14       0.000000000000e+00       7.141520593128e-17       1.143154491359e-17       1.502335410535e-18 
 2812       4.660941598453e-12       1.799532327662e-13      -8.115104707843e-14       0.000000000000e+00       7.128726382614e-17       1.131706101882e-17       1.506273347389e-18 
 2813       4.638915045284e-12       1.805592578690e-13      -8.149602037556e-14       0.000000000000e+00       7.115957110423e-17       1.120376289423e-17       1.509157426321e-18 
 2814       4.617053796594e-12       1.811623471763e-13      -8.190417107615e-14       0.000000000000e+00       7.103212728258e-17       1.109170025482e-17       1.511036062178e-18 
 2815       4.595359870920e-12       1.817621722228e-13      -8.237454280410e-14       0.000000000000e+00       7.090493187506e-17       1.098092295104e-17       1.511957812257e-18 
 2816       4.573835291681e-12       1.823584036254e-13      -8.290617617957e-14       0.000000000000e+00       7.077798439231e-17       1.087148096889e-17       1.511971376428e-18 
 2817       4.552482087181e-12       1.829507110825e-13      -8.349810881624e-14       0.000000000000e+00       7.065128434177e-17       1.076342443001e-17       1.511125597266e-18 
 2818       4.531302290615e-12       1.835387633728e-13      -8.414937531856e-14       0.000000000000e+00       7.052483122770e-17       1.065680359185e-17       1.509469460173e-18 
 2819       4.510297940071e-12       1.841222283548e-13      -8.485900727899e-14       0.000000000000e+00       7.039862455111e-17       1.055166884773e-17       1.507052093513e-18 
 2820       4.489471078534e-12       1.847007729659e-13      -8.562603327525e-14       0.000000000000e+00       7.027266380983e-17       1.044807072704e-17       1.503922768734e-18 
 2821       4.468823753892e-12       1.852740632216e-13      -8.644947886760e-14       0.000000000000e+00       7.014694849847e-17       1.034605989525e-17       1.500130900500e-18 
 2822       4.448358018937e-12       1.858417642145e-13      -8.732836659602e-14       0.000000000000e+00       7.002147810839e-17       1.024568715412e-17       1.495726046818e-18 
 2823       4.428075931374e-12       1.864035401140e-13      -8.826171597754e-14       0.000000000000e+00       6.989625212775e-17       1.014700344180e-17       1.490757909163e-18 
 2824       4.407979553819e-12       1.869590541649e-13      -8.924854350344e-14       0.000000000000e+00       6.977127004149e-17       1.005005983289e-17       1.485276332610e-18 
 2825       4.388070953807e-12       1.875079686869e-13      -9.028786263650e-14       0.000000000000e+00       6.964653133131e-17       9.954907538634e-18       1.479331305960e-18 
 2826       4.368352203795e-12       1.880499450738e-13      -9.137868380827e-14       0.000000000000e+00       6.952203547566e-17       9.861597907003e-18       1.472972961867e-18 
 2827       4.348825381167e-12       1.885846437926e-13      -9.252001441629e-14       0.000000000000e+00       6.939778194978e-17       9.770182422811e-18       1.466251576968e-18 
 2828       4.329492568236e-12       1.891117243827e-13      -9.371085882139e-14       0.000000000000e+00       6.927377022564e-17       9.680712707841e-18       1.459217572011e-18 
 2829       4.310355852251e-12       1.896308454550e-13      -9.495021834486e-14       0.000000000000e+00       6.914999977200e-17       9.593240520964e-18       1.451921511979e-18 
 2830       4.291417325396e-12       1.901416646915e-13      -9.623709126579e-14       0.000000000000e+00       6.902647005434e-17       9.507817758253e-18       1.444414106224e-18 
 2831       4.272679084802e-12       1.906438388438e-13      -9.757047281824e-14       0.000000000000e+00       6.890318053489e-17       9.424496453105e-18       1.436746208590e-18 
 2832       4.254143232542e-12       1.911370237331e-13      -9.894935518854e-14       0.000000000000e+00       6.878013067266e-17       9.343328776360e-18       1.428968817542e-18 
 2833       4.235811875643e-12       1.916208742485e-13      -1.003727275125e-13       0.000000000000e+00       6.865731992335e-17       9.264367036415e-18       1.421133076297e-18 
 2834       4.217687126085e-12       1.920950443471e-13      -1.018395758727e-13       0.000000000000e+00       6.853474773944e-17       9.187663679348e-18       1.413290272948e-18 
 2835       4.199771100807e-12       1.925591870525e-13      -1.033488832958e-13       0.000000000000e+00       6.841241357013e-17       9.113271289033e-18       1.405491840592e-18 
 2836       4.182065921710e-12       1.930129544543e-13      -1.048996297495e-13       0.000000000000e+00       6.829031686133e-17       9.041242587256e-18       1.397789357464e-18 
 2837       4.164573715663e-12       1.934559977072e-13      -1.064907921402e-13       0.000000000000e+00       6.816845705572e-17       8.971630433842e-18       1.390234547055e-18 
 2838       4.147296614506e-12       1.938879670302e-13      -1.081213443099e-13       0.000000000000e+00       6.804683359266e-17       8.904487826764e-18       1.382879278249e-18 
 2839       4.130236755052e-12       1.943085117059e-13      -1.097902570337e-13       0.000000000000e+00       6.792544590826e-17       8.839867902267e-18       1.375775565446e-18 
 2840       4.113396279094e-12       1.947172800795e-13      -1.114964980169e-13       0.000000000000e+00       6.780429343534e-17       8.777823934985e-18       1.368975568691e-18 
 2841       4.096777333410e-12       1.951139195582e-13      -1.132390318923e-13       0.000000000000e+00       6.768337560342e-17       8.718409338059e-18       1.362531593803e-18 
 2842       4.080382069762e-12       1.954980766101e-13      -1.150168202174e-13       0.000000000000e+00       6.756269183874e-17       8.661677663257e-18       1.356496092499e-18 
 2843       4.064212644905e-12       1.958693967638e-13      -1.168288214718e-13       0.000000000000e+00       6.744224156426e-17       8.607682601089e-18       1.350921662530e-18 
 2844       4.048271220589e-12       1.962275246072e-13      -1.186739910543e-13       0.000000000000e+00       6.732202419961e-17       8.556477980931e-18       1.345861047799e-18 
 2845       4.032559442418e-12       1.965721505529e-13      -1.205512726013e-13       0.000000000000e+00       6.720203918391e-17       8.508088462956e-18       1.341354487144e-18 
 2846       4.017076873491e-12       1.969031513984e-13      -1.224595719001e-13       0.000000000000e+00       6.708228604408e-17       8.462421448889e-18       1.337391689255e-18 
 2847       4.001822552706e-12       1.972204504877e-13      -1.243977828354e-13       0.000000000000e+00       6.696276432685e-17       8.419354718025e-18       1.333949662261e-18 
 2848       3.986795515169e-12       1.975239710113e-13      -1.263647960540e-13       0.000000000000e+00       6.684347357603e-17       8.378765693908e-18       1.331005347250e-18 
 2849       3.971994792190e-12       1.978136360054e-13      -1.283594989614e-13       0.000000000000e+00       6.672441333250e-17       8.340531444014e-18       1.328535618205e-18 
 2850       3.957419411280e-12       1.980893683525e-13      -1.303807757187e-13       0.000000000000e+00       6.660558313418e-17       8.304528679440e-18       1.326517281946e-18 
 2851       3.943068396147e-12       1.983510907809e-13      -1.324275072403e-13       0.000000000000e+00       6.648698251610e-17       8.270633754581e-18       1.324927078071e-18 
 2852       3.928940766693e-12       1.985987258644e-13      -1.344985711905e-13       0.000000000000e+00       6.636861101030e-17       8.238722666821e-18       1.323741678895e-18 
 2853       3.915035539011e-12       1.988321960228e-13      -1.365928419810e-13       0.000000000000e+00       6.625046814592e-17       8.208671056211e-18       1.322937689395e-18 
 2854       3.901351725376e-12       1.990514235212e-13      -1.387091907677e-13       0.000000000000e+00       6.613255344914e-17       8.180354205157e-18       1.322491647141e-18 
 2855       3.887888334251e-12       1.992563304700e-13      -1.408464854481e-13       0.000000000000e+00       6.601486644317e-17       8.153647038105e-18       1.322380022247e-18 
 2856       3.874644370272e-12       1.994468388252e-13      -1.430035906582e-13       0.000000000000e+00       6.589740664829e-17       8.128424121220e-18       1.322579217305e-18 
 2857       3.861618834256e-12       1.996228703876e-13      -1.451793677698e-13       0.000000000000e+00       6.578017358183e-17       8.104559662076e-18       1.323065567327e-18 
 2858       3.848810723187e-12       1.997843468032e-13      -1.473726748874e-13       0.000000000000e+00       6.566316675814e-17       8.081927509334e-18       1.323815339684e-18 
 2859       3.836219030219e-12       1.999311895631e-13      -1.495823668457e-13       0.000000000000e+00       6.554638568863e-17       8.060401152433e-18       1.324804734052e-18 
 2860       3.823842744670e-12       2.000633200028e-13      -1.518072952062e-13       0.000000000000e+00       6.542982988174e-17       8.039853721267e-18       1.326009882345e-18 
 2861       3.811680852018e-12       2.001806593030e-13      -1.540463082548e-13       0.000000000000e+00       6.531349884292e-17       8.020157985876e-18       1.327406848660e-18 
 2862       3.799732333897e-12       2.002831284884e-13      -1.562982509985e-13       0.000000000000e+00       6.519739207469e-17       8.001186356124e-18       1.328971629216e-18 
 2863       3.787996168097e-12       2.003706484288e-13      -1.585619651631e-13       0.000000000000e+00       6.508150907655e-17       7.982810881386e-18       1.330680152295e-18 
 2864       3.776471328555e-12       2.004431398377e-13      -1.608362891895e-13       0.000000000000e+00       6.496584934506e-17       7.964903250233e-18       1.332508278182e-18 
 2865       3.765156785355e-12       2.005005232733e-13      -1.631200582316e-13       0.000000000000e+00       6.485041237379e-17       7.947334790114e-18       1.334431799105e-18 
 2866       3.754051504723e-12       2.005427191378e-13      -1.654121041531e-13       0.000000000000e+00       6.473519765330e-17       7.929976467041e-18       1.336426439176e-18 
 2867       3.743154449024e-12       2.005696476772e-13      -1.677112555243e-13       0.000000000000e+00       6.462020467120e-17       7.912698885274e-18       1.338467854334e-18 
 2868       3.732464576757e-12       2.005812289816e-13      -1.700163376200e-13       0.000000000000e+00       6.450543291210e-17       7.895372287001e-18       1.340531632279e-18 
 2869       3.721980842552e-12       2.005773829847e-13      -1.723261724157e-13       0.000000000000e+00       6.439088185760e-17       7.877866552030e-18       1.342593292419e-18 
 2870       3.711702197169e-12       2.005580294639e-13      -1.746395785855e-13       0.000000000000e+00       6.427655098632e-17       7.860051197465e-18       1.344628285807e-18 
 2871       3.701627587489e-12       2.005230880402e-13      -1.769553714989e-13       0.000000000000e+00       6.416243977387e-17       7.841795377393e-18       1.346611995081e-18 
 2872       3.691755956514e-12       2.004724781779e-13      -1.792723632176e-13       0.000000000000e+00       6.404854769288e-17       7.822967882570e-18       1.348519734407e-18 
 2873       3.682086243365e-12       2.004061191847e-13      -1.815893624934e-13       0.000000000000e+00       6.393487421294e-17       7.803437140103e-18       1.350326749418e-18 
 2874       3.672617383274e-12       2.003239302113e-13      -1.839051747644e-13       0.000000000000e+00       6.382141880066e-17       7.783071213135e-18       1.352008217153e-18 
 2875       3.663348307580e-12       2.002258302516e-13      -1.862186021529e-13       0.000000000000e+00       6.370818091963e-17       7.761737800528e-18       1.353539246001e-18 
 2876       3.654277943733e-12       2.001117381425e-13      -1.885284434621e-13       0.000000000000e+00       6.359516003041e-17       7.739304236548e-18       1.354894875638e-18 
 2877       3.645405215281e-12       1.999815725635e-13      -1.908334941732e-13       0.000000000000e+00       6.348235559056e-17       7.715637490549e-18       1.356050076969e-18 
 2878       3.636729041870e-12       1.998352520369e-13      -1.931325464430e-13       0.000000000000e+00       6.336976705461e-17       7.690604166658e-18       1.356979752068e-18 
 2879       3.628248339244e-12       1.996726949278e-13      -1.954243891002e-13       0.000000000000e+00       6.325739387407e-17       7.664070503455e-18       1.357658734119e-18 
 2880       3.619962019236e-12       1.994938194434e-13      -1.977078076433e-13       0.000000000000e+00       6.314523549742e-17       7.635902373662e-18       1.358061787355e-18 
 2881       3.611868989765e-12       1.992985436336e-13      -1.999815842373e-13       0.000000000000e+00       6.303329137011e-17       7.605965283827e-18       1.358163607001e-18 
 2882       3.603968154835e-12       1.990867853903e-13      -2.022444977110e-13       0.000000000000e+00       6.292156093455e-17       7.574124374003e-18       1.357938819212e-18 
 2883       3.596258414532e-12       1.988584624477e-13      -2.044953235538e-13       0.000000000000e+00       6.281004363012e-17       7.540244417438e-18       1.357361981015e-18 
 2884       3.588738423568e-12       1.986135273690e-13      -2.067329154181e-13       0.000000000000e+00       6.269873893865e-17       7.504234959004e-18       1.356412365138e-18 
 2885       3.581405865600e-12       1.983520727027e-13      -2.089564500823e-13       0.000000000000e+00       6.258764652115e-17       7.466185981566e-18       1.355088341165e-18 
 2886       3.574258175222e-12       1.980742263600e-13      -2.111651837257e-13       0.000000000000e+00       6.247676608176e-17       7.426232927936e-18       1.353393067299e-18 
 2887       3.567292779070e-12       1.977801166771e-13      -2.133583705353e-13       0.000000000000e+00       6.236609732233e-17       7.384511625039e-18       1.351329712105e-18 
 2888       3.560507095813e-12       1.974698724150e-13      -2.155352627036e-13       0.000000000000e+00       6.225563994244e-17       7.341158284242e-18       1.348901454527e-18 
 2889       3.553898536151e-12       1.971436227602e-13      -2.176951104275e-13       0.000000000000e+00       6.214539363934e-17       7.296309501692e-18       1.346111483897e-18 
 2890       3.547464502801e-12       1.968014973252e-13      -2.198371619061e-13       0.000000000000e+00       6.203535810800e-17       7.250102258651e-18       1.342962999940e-18 
 2891       3.541202390497e-12       1.964436261485e-13      -2.219606633392e-13       0.000000000000e+00       6.192553304107e-17       7.202673921829e-18       1.339459212785e-18 
 2892       3.535109585976e-12       1.960701396954e-13      -2.240648589255e-13       0.000000000000e+00       6.181591812893e-17       7.154162243723e-18       1.335603342980e-18 
 2893       3.529183467975e-12       1.956811688581e-13      -2.261489908612e-13       0.000000000000e+00       6.170651305961e-17       7.104705362948e-18       1.331398621492e-18 
 2894       3.523421407225e-12       1.952768449561e-13      -2.282122993380e-13       0.000000000000e+00       6.159731751887e-17       7.054441804575e-18       1.326848289724e-18 
 2895       3.517820766440e-12       1.948572997369e-13      -2.302540225412e-13       0.000000000000e+00       6.148833119013e-17       7.003510480464e-18       1.321955599521e-18 
 2896       3.512378900311e-12       1.944226653760e-13      -2.322733966486e-13       0.000000000000e+00       6.137955375451e-17       6.952050689600e-18       1.316723813181e-18 
 2897       3.507093155502e-12       1.939730744774e-13      -2.342696558283e-13       0.000000000000e+00       6.127098489081e-17       6.900202118429e-18       1.311156203462e-18 
 2898       3.501960870638e-12       1.935086600743e-13      -2.362420322372e-13       0.000000000000e+00       6.116262427550e-17       6.848104841191e-18       1.305256053595e-18 
 2899       3.496979376302e-12       1.930295556290e-13      -2.381897560191e-13       0.000000000000e+00       6.105447158276e-17       6.795899320259e-18       1.299026657291e-18 
 2900       3.492145995025e-12       1.925358950335e-13      -2.401120553034e-13       0.000000000000e+00       6.094652648441e-17       6.743726406468e-18       1.292471318749e-18 
 2901       3.487458041280e-12       1.920278126100e-13      -2.420081562029e-13       0.000000000000e+00       6.083878864996e-17       6.691727339455e-18       1.285593352671e-18 
 2902       3.482912821476e-12       1.915054431112e-13      -2.438772828126e-13       0.000000000000e+00       6.073125774659e-17       6.640043747994e-18       1.278396084265e-18 
 2903       3.478507633949e-12       1.909689217206e-13      -2.457186572074e-13       0.000000000000e+00       6.062393343914e-17       6.588817650328e-18       1.270882849258e-18 
 2904       3.474239768955e-12       1.904183840530e-13      -2.475314994409e-13       0.000000000000e+00       6.051681539013e-17       6.538191454506e-18       1.263056993905e-18 
 2905       3.470106508665e-12       1.898539661550e-13      -2.493150275437e-13       0.000000000000e+00       6.040990325973e-17       6.488307958719e-18       1.254921874999e-18 
 2906       3.466105127154e-12       1.892758045049e-13      -2.510684575211e-13       0.000000000000e+00       6.030319670578e-17       6.439310351632e-18       1.246480859878e-18 
 2907       3.462232890399e-12       1.886840360137e-13      -2.527910033523e-13       0.000000000000e+00       6.019669538377e-17       6.391342212723e-18       1.237737326437e-18 
 2908       3.458487056266e-12       1.880787980252e-13      -2.544818769877e-13       0.000000000000e+00       6.009039894685e-17       6.344547512616e-18       1.228694663137e-18 
 2909       3.454864874508e-12       1.874602283163e-13      -2.561402883482e-13       0.000000000000e+00       5.998430704583e-17       6.299070613415e-18       1.219356269013e-18 
 2910       3.451363586754e-12       1.868284650975e-13      -2.577654453227e-13       0.000000000000e+00       5.987841932917e-17       6.255056269041e-18       1.209725553685e-18 
 2911       3.447980426506e-12       1.861836470134e-13      -2.593565537668e-13       0.000000000000e+00       5.977273544295e-17       6.212649625568e-18       1.199805937366e-18 
 2912       3.444712619128e-12       1.855259131428e-13      -2.609128175009e-13       0.000000000000e+00       5.966725503094e-17       6.171996221555e-18       1.189600850873e-18 
 2913       3.441557381839e-12       1.848554029994e-13      -2.624334383086e-13       0.000000000000e+00       5.956197773452e-17       6.133241988382e-18       1.179113735636e-18 
 2914       3.438511923710e-12       1.841722565320e-13      -2.639176159352e-13       0.000000000000e+00       5.945690319272e-17       6.096533250588e-18       1.168348043707e-18 
 2915       3.435573445652e-12       1.834766141249e-13      -2.653645480855e-13       0.000000000000e+00       5.935203104222e-17       6.062016726202e-18       1.157307237769e-18 
 2916       3.432739140411e-12       1.827686165982e-13      -2.667734304226e-13       0.000000000000e+00       5.924736091732e-17       6.029839527080e-18       1.145994791146e-18 
 2917       3.430006192561e-12       1.820484052087e-13      -2.681434565658e-13       0.000000000000e+00       5.914289244996e-17       6.000149159242e-18       1.134414187814e-18 
 2918       3.427371778497e-12       1.813161216494e-13      -2.694738180892e-13       0.000000000000e+00       5.903862526971e-17       5.973093523204e-18       1.122568922407e-18 
 2919       3.424833066428e-12       1.805719080508e-13      -2.707637045197e-13       0.000000000000e+00       5.893455900377e-17       5.948820914313e-18       1.110462500230e-18 
 2920       3.422387216367e-12       1.798159069805e-13      -2.720123033356e-13       0.000000000000e+00       5.883069327697e-17       5.927480023084e-18       1.098098437266e-18 
 2921       3.420031380129e-12       1.790482614442e-13      -2.732187999648e-13       0.000000000000e+00       5.872702771174e-17       5.909219935537e-18       1.085480260186e-18 
 2922       3.417762701318e-12       1.782691148859e-13      -2.743823777829e-13       0.000000000000e+00       5.862356192817e-17       5.894190133526e-18       1.072611506358e-18 
 2923       3.415578216290e-12       1.774786448724e-13      -2.755023845070e-13       0.000000000000e+00       5.852029548826e-17       5.882494388464e-18       1.059497869224e-18 
 2924       3.413474556491e-12       1.766771643318e-13      -2.765788322901e-13       0.000000000000e+00       5.841722772872e-17       5.874052189429e-18       1.046153646135e-18 
 2925       3.411448244611e-12       1.758650208231e-13      -2.776119001292e-13       0.000000000000e+00       5.831435792733e-17       5.868736621390e-18       1.032595322840e-18 
 2926       3.409495793472e-12       1.750425628990e-13      -2.786017676979e-13       0.000000000000e+00       5.821168535859e-17       5.866420408449e-18       1.018839431099e-18 
 2927       3.407613706028e-12       1.742101401066e-13      -2.795486153472e-13       0.000000000000e+00       5.810920929368e-17       5.866975913530e-18       1.004902548715e-18 
 2928       3.405798475348e-12       1.733681029885e-13      -2.804526241063e-13       0.000000000000e+00       5.800692900049e-17       5.870275138061e-18       9.908012995791e-19 
 2929       3.404046584609e-12       1.725168030833e-13      -2.813139756827e-13       0.000000000000e+00       5.790484374356e-17       5.876189721671e-18       9.765523537106e-19 
 2930       3.402354507094e-12       1.716565929268e-13      -2.821328524636e-13       0.000000000000e+00       5.780295278415e-17       5.884590941868e-18       9.621724272927e-19 
 2931       3.400718706173e-12       1.707878260526e-13      -2.829094375159e-13       0.000000000000e+00       5.770125538018e-17       5.895349713733e-18       9.476782827150e-19 
 2932       3.399135635304e-12       1.699108569930e-13      -2.836439145870e-13       0.000000000000e+00       5.759975078624e-17       5.908336589608e-18       9.330867286118e-19 
 2933       3.397601738019e-12       1.690260412801e-13      -2.843364681056e-13       0.000000000000e+00       5.749843825360e-17       5.923421758778e-18       9.184146199023e-19 
 2934       3.396113447916e-12       1.681337354465e-13      -2.849872831822e-13       0.000000000000e+00       5.739731703022e-17       5.940475047165e-18       9.036788578299e-19 
 2935       3.394667188654e-12       1.672342970259e-13      -2.855965456098e-13       0.000000000000e+00       5.729638636068e-17       5.959365917013e-18       8.888963900015e-19 
 2936       3.393259373939e-12       1.663280845545e-13      -2.861644418644e-13       0.000000000000e+00       5.719564548626e-17       5.979963466577e-18       8.740842104275e-19 
 2937       3.391886407520e-12       1.654154575715e-13      -2.866911591058e-13       0.000000000000e+00       5.709509364489e-17       6.002136429806e-18       8.592593595613e-19 
 2938       3.390544683178e-12       1.644967766200e-13      -2.871768851779e-13       0.000000000000e+00       5.699473007116e-17       6.025753176039e-18       8.444389243387e-19 
 2939       3.389230584720e-12       1.635724032478e-13      -2.876218086100e-13       0.000000000000e+00       5.689455399630e-17       6.050681709687e-18       8.296400382172e-19 
 2940       3.387940485967e-12       1.626427000084e-13      -2.880261186166e-13       0.000000000000e+00       5.679456464820e-17       6.076789669919e-18       8.148798812163e-19 
 2941       3.386670750747e-12       1.617080304621e-13      -2.883900050988e-13       0.000000000000e+00       5.669476125139e-17       6.103944330357e-18       8.001756799565e-19 
 2942       3.385417732887e-12       1.607687591761e-13      -2.887136586442e-13       0.000000000000e+00       5.659514302706e-17       6.132012598756e-18       7.855447076990e-19 
 2943       3.384177776206e-12       1.598252517262e-13      -2.889972705283e-13       0.000000000000e+00       5.649570919301e-17       6.160861016699e-18       7.710042843851e-19 
 2944       3.382947214503e-12       1.588778746971e-13      -2.892410327144e-13       0.000000000000e+00       5.639645896370e-17       6.190355759278e-18       7.565717766763e-19 
 2945       3.381722371549e-12       1.579269956837e-13      -2.894451378548e-13       0.000000000000e+00       5.629739155023e-17       6.220362634786e-18       7.422645979931e-19 
 2946       3.380499561081e-12       1.569729832913e-13      -2.896097792911e-13       0.000000000000e+00       5.619850616029e-17       6.250747084402e-18       7.281002085552e-19 
 2947       3.379275086793e-12       1.560162071374e-13      -2.897351510549e-13       0.000000000000e+00       5.609980199825e-17       6.281374181882e-18       7.140961154209e-19 
 2948       3.378045242324e-12       1.550570378517e-13      -2.898214478686e-13       0.000000000000e+00       5.600127826506e-17       6.312108633246e-18       7.002698725263e-19 
 2949       3.376806311254e-12       1.540958470772e-13      -2.898688651458e-13       0.000000000000e+00       5.590293415831e-17       6.342814776461e-18       6.866390807254e-19 
 2950       3.375554567093e-12       1.531330074716e-13      -2.898775989921e-13       0.000000000000e+00       5.580476887221e-17       6.373356581135e-18       6.732213878293e-19 
 2951       3.374286273271e-12       1.521688927074e-13      -2.898478462055e-13       0.000000000000e+00       5.570678159757e-17       6.403597648203e-18       6.600344886458e-19 
 2952       3.372997683135e-12       1.512038774730e-13      -2.897798042775e-13       0.000000000000e+00       5.560897152183e-17       6.433401209613e-18       6.470961250193e-19 
 2953       3.371685039934e-12       1.502383374740e-13      -2.896736713930e-13       0.000000000000e+00       5.551133782901e-17       6.462630128013e-18       6.344240858699e-19 
 2954       3.370344576813e-12       1.492726494334e-13      -2.895296464318e-13       0.000000000000e+00       5.541387969976e-17       6.491146896443e-18       6.220362072331e-19 
 2955       3.368972516807e-12       1.483071910929e-13      -2.893479289686e-13       0.000000000000e+00       5.531659631131e-17       6.518813638020e-18       6.099503722997e-19 
 2956       3.367565072829e-12       1.473423412135e-13      -2.891287192737e-13       0.000000000000e+00       5.521948683751e-17       6.545492105624e-18       5.981845114548e-19 
 2957       3.366118447662e-12       1.463784795767e-13      -2.888722183139e-13       0.000000000000e+00       5.512255044877e-17       6.571043681590e-18       5.867566023179e-19 
 2958       3.364628833954e-12       1.454159869851e-13      -2.885786277531e-13       0.000000000000e+00       5.502578631213e-17       6.595329377392e-18       5.756846697820e-19 
 2959       3.363092414202e-12       1.444552452630e-13      -2.882481499525e-13       0.000000000000e+00       5.492919359119e-17       6.618209833333e-18       5.649867860537e-19 
 2960       3.361505360752e-12       1.434966372580e-13      -2.878809879718e-13       0.000000000000e+00       5.483277144614e-17       6.639545318231e-18       5.546810706920e-19 
 2961       3.359863835785e-12       1.425405468413e-13      -2.874773455696e-13       0.000000000000e+00       5.473651903376e-17       6.659195729110e-18       5.447856906487e-19 
 2962       3.358164823308e-12       1.415872749769e-13      -2.870373655685e-13       0.000000000000e+00       5.464043582727e-17       6.677051040405e-18       5.353150022595e-19 
 2963       3.356408629625e-12       1.406367874752e-13      -2.865609446171e-13       0.000000000000e+00       5.454452257770e-17       6.693122816710e-18       5.262679562995e-19 
 2964       3.354596395214e-12       1.396889659937e-13      -2.860479175133e-13       0.000000000000e+00       5.444878035730e-17       6.707453151918e-18       5.176396356726e-19 
 2965       3.352729263855e-12       1.387436918557e-13      -2.854981187564e-13       0.000000000000e+00       5.435321024005e-17       6.720084260900e-18       5.094251082389e-19 
 2966       3.350808382628e-12       1.378008460495e-13      -2.849113825472e-13       0.000000000000e+00       5.425781330171e-17       6.731058479615e-18       5.016194268014e-19 
 2967       3.348834901924e-12       1.368603092281e-13      -2.842875427872e-13       0.000000000000e+00       5.416259061978e-17       6.740418265208e-18       4.942176290927e-19 
 2968       3.346809975442e-12       1.359219617093e-13      -2.836264330788e-13       0.000000000000e+00       5.406754327353e-17       6.748206196117e-18       4.872147377622e-19 
 2969       3.344734760193e-12       1.349856834751e-13      -2.829278867249e-13       0.000000000000e+00       5.397267234400e-17       6.754464972176e-18       4.806057603625e-19 
 2970       3.342610416504e-12       1.340513541714e-13      -2.821917367288e-13       0.000000000000e+00       5.387797891398e-17       6.759237414722e-18       4.743856893363e-19 
 2971       3.340438108019e-12       1.331188531080e-13      -2.814178157941e-13       0.000000000000e+00       5.378346406804e-17       6.762566466693e-18       4.685495020036e-19 
 2972       3.338219001705e-12       1.321880592581e-13      -2.806059563240e-13       0.000000000000e+00       5.368912889249e-17       6.764495192738e-18       4.630921605478e-19 
 2973       3.335954267851e-12       1.312588512578e-13      -2.797559904218e-13       0.000000000000e+00       5.359497447543e-17       6.765066779320e-18       4.580086120033e-19 
 2974       3.333645080074e-12       1.303311074063e-13      -2.788677498901e-13       0.000000000000e+00       5.350100190672e-17       6.764324534817e-18       4.532937882417e-19 
 2975       3.331292615320e-12       1.294047056654e-13      -2.779410662308e-13       0.000000000000e+00       5.340721227798e-17       6.762311889629e-18       4.489426059588e-19 
 2976       3.328898053867e-12       1.284795236590e-13      -2.769757706451e-13       0.000000000000e+00       5.331360668260e-17       6.759072396281e-18       4.449499666617e-19 
 2977       3.326462579329e-12       1.275554386730e-13      -2.759716940328e-13       0.000000000000e+00       5.322018621577e-17       6.754649729526e-18       4.413107566550e-19 
 2978       3.323987378657e-12       1.266323276551e-13      -2.749286669926e-13       0.000000000000e+00       5.312695197441e-17       6.749087686452e-18       4.380198470283e-19 
 2979       3.321473642145e-12       1.257100672144e-13      -2.738465198215e-13       0.000000000000e+00       5.303390505724e-17       6.742430186585e-18       4.350720936425e-19 
 2980       3.318922563428e-12       1.247885336211e-13      -2.727250825150e-13       0.000000000000e+00       5.294104656474e-17       6.734721271990e-18       4.324623371169e-19 
 2981       3.316335339490e-12       1.238676028062e-13      -2.715641847664e-13       0.000000000000e+00       5.284837759917e-17       6.726005107379e-18       4.301854028159e-19 
 2982       3.313713170663e-12       1.229471503615e-13      -2.703636559669e-13       0.000000000000e+00       5.275589926457e-17       6.716325980214e-18       4.282361008357e-19 
 2983       3.311057260631e-12       1.220270515387e-13      -2.691233252054e-13       0.000000000000e+00       5.266361266675e-17       6.705728300810e-18       4.266092259915e-19 
 2984       3.308368816435e-12       1.211071812498e-13      -2.678430212681e-13       0.000000000000e+00       5.257151891330e-17       6.694256602440e-18       4.252995578038e-19 
 2985       3.305649048472e-12       1.201874140662e-13      -2.665225726385e-13       0.000000000000e+00       5.247961911360e-17       6.681955541440e-18       4.243018604854e-19 
 2986       3.302899170502e-12       1.192676242190e-13      -2.651618074971e-13       0.000000000000e+00       5.238791437879e-17       6.668869897310e-18       4.236108829287e-19 
 2987       3.300120399645e-12       1.183476855982e-13      -2.637605537210e-13       0.000000000000e+00       5.229640582181e-17       6.655044572821e-18       4.232213586916e-19 
 2988       3.297313956392e-12       1.174274717529e-13      -2.623186388841e-13       0.000000000000e+00       5.220509455738e-17       6.640524594119e-18       4.231280059851e-19 
 2989       3.294481064600e-12       1.165068558904e-13      -2.608358902566e-13       0.000000000000e+00       5.211398170199e-17       6.625355110827e-18       4.233255276596e-19 
 2990       3.291622951500e-12       1.155857108765e-13      -2.593121348047e-13       0.000000000000e+00       5.202306837393e-17       6.609581396151e-18       4.238086111922e-19 
 2991       3.288740847698e-12       1.146639092349e-13      -2.577471991907e-13       0.000000000000e+00       5.193235569327e-17       6.593248846983e-18       4.245719286729e-19 
 2992       3.285835987175e-12       1.137413231471e-13      -2.561409097726e-13       0.000000000000e+00       5.184184478186e-17       6.576402984006e-18       4.256101367921e-19 
 2993       3.282909607298e-12       1.128178244518e-13      -2.544930926039e-13       0.000000000000e+00       5.175153676335e-17       6.559089451797e-18       4.269178768266e-19 
 2994       3.279962948812e-12       1.118932846449e-13      -2.528035734333e-13       0.000000000000e+00       5.166143276318e-17       6.541354018933e-18       4.284897746274e-19 
 2995       3.276997255853e-12       1.109675748792e-13      -2.510721777047e-13       0.000000000000e+00       5.157153390857e-17       6.523242578092e-18       4.303204406056e-19 
 2996       3.274013775944e-12       1.100405659640e-13      -2.492987305570e-13       0.000000000000e+00       5.148184132853e-17       6.504801146159e-18       4.324044697198e-19 
 2997       3.271013760000e-12       1.091121283648e-13      -2.474830568236e-13       0.000000000000e+00       5.139235615387e-17       6.486075864331e-18       4.347364414626e-19 
 2998       3.267998462331e-12       1.081821322031e-13      -2.456249810324e-13       0.000000000000e+00       5.130307951721e-17       6.467112998220e-18       4.373109198475e-19 
 2999       3.264969140646e-12       1.072504472561e-13      -2.437243274055e-13       0.000000000000e+00       5.121401255292e-17       6.447958937956e-18       4.401224533958e-19 
 3000       3.261927056053e-12       1.063169429564e-13      -2.417809198591e-13       0.000000000000e+00       5.112515639721e-17       6.428660198292e-18       4.431655751233e-19 
