# Table of selected background quantities
# All densities are multiplied by (8piG/3) (below, shortcut notation (.) for this factor) 
# Densities are in units [Mpc^-2] while all distances are in [Mpc]. 
#    1:z                      2:proper time [Gyr]      3:conf. time [Mpc]       4:H [1/Mpc]              5:gr.fac. D_wCDM         6:gr.fac. D          
       1.000000000000e+14       7.558503632224e-26       4.634785000235e-09       2.157545946648e+22       1.000000000000e-14       5.370564074879e-18 
       9.930486593843e+13       7.664693049753e-26       4.667526809499e-09       2.127654528182e+22       1.007000000000e-14       5.446015129567e-18 
       9.861456399050e+13       7.772374322409e-26       4.700268618762e-09       2.098177236191e+22       1.014049000000e-14       5.522526196123e-18 
       9.792906056653e+13       7.881568409264e-26       4.733010428026e-09       2.069108333218e+22       1.021147343000e-14       5.600112166653e-18 
       9.724832231036e+13       7.992296563846e-26       4.765752237290e-09       2.040442161294e+22       1.028295374401e-14       5.678788142483e-18 
       9.657231609767e+13       8.104580338272e-26       4.800313035958e-09       2.012173140839e+22       1.035493442022e-14       5.758569437097e-18 
       9.590100903443e+13       8.218441587444e-26       4.833054845221e-09       1.984295769572e+22       1.042741896116e-14       5.839471579119e-18 
       9.523436845525e+13       8.333902473306e-26       4.867615643889e-09       1.956804621446e+22       1.050041089389e-14       5.921510315335e-18 
       9.457236192179e+13       8.450985469153e-26       4.900357453153e-09       1.929694345585e+22       1.057391377014e-14       6.004701613755e-18 
       9.391495722125e+13       8.569713364009e-26       4.934918251820e-09       1.902959665248e+22       1.064793116654e-14       6.089061666727e-18 
       9.326212236469e+13       8.690109267060e-26       4.969479050487e-09       1.876595376800e+22       1.072246668470e-14       6.174606894083e-18 
       9.261382558559e+13       8.812196612153e-26       5.004039849155e-09       1.850596348697e+22       1.079752395149e-14       6.261353946338e-18 
       9.197003533823e+13       8.935999162357e-26       5.040419637226e-09       1.824957520492e+22       1.087310661916e-14       6.349319707931e-18 
       9.133072029615e+13       9.061541014589e-26       5.074980435893e-09       1.799673901845e+22       1.094921836549e-14       6.438521300508e-18 
       9.069584935070e+13       9.188846604302e-26       5.109541234560e-09       1.774740571556e+22       1.102586289405e-14       6.528976086259e-18 
       9.006539160943e+13       9.317940710246e-26       5.145921022631e-09       1.750152676602e+22       1.110304393431e-14       6.620701671294e-18 
       8.943931639467e+13       9.448848459284e-26       5.182300810702e-09       1.725905431200e+22       1.118076524185e-14       6.713715909074e-18 
       8.881759324197e+13       9.581595331288e-26       5.218680598773e-09       1.701994115866e+22       1.125903059854e-14       6.808036903881e-18 
       8.820019189868e+13       9.716207164097e-26       5.255060386844e-09       1.678414076505e+22       1.133784381273e-14       6.903683014344e-18 
       8.758708232243e+13       9.852710158545e-26       5.291440174915e-09       1.655160723501e+22       1.141720871942e-14       7.000672857012e-18 
       8.697823467967e+13       9.991130883562e-26       5.329638952389e-09       1.632229530823e+22       1.149712918045e-14       7.099025309980e-18 
       8.637361934426e+13       1.013149628135e-25       5.366018740460e-09       1.609616035145e+22       1.157760908472e-14       7.198759516560e-18 
       8.577320689599e+13       1.027383367260e-25       5.404217517935e-09       1.587315834980e+22       1.165865234831e-14       7.299894889007e-18 
       8.517696811915e+13       1.041817076187e-25       5.440597306006e-09       1.565324589818e+22       1.174026291475e-14       7.402451112303e-18 
       8.458487400115e+13       1.056453564290e-25       5.478796083480e-09       1.543638019285e+22       1.182244475515e-14       7.506448147979e-18 
       8.399689573103e+13       1.071295680415e-25       5.518813850358e-09       1.522251902310e+22       1.190520186844e-14       7.611906238010e-18 
       8.341300469814e+13       1.086346313429e-25       5.557012627833e-09       1.501162076300e+22       1.198853828152e-14       7.718845908747e-18 
       8.283317249071e+13       1.101608392786e-25       5.595211405307e-09       1.480364436334e+22       1.207245804949e-14       7.827287974919e-18 
       8.225737089444e+13       1.117084889096e-25       5.635229172185e-09       1.459854934362e+22       1.215696525583e-14       7.937253543678e-18 
       8.168557189121e+13       1.132778814703e-25       5.673427949660e-09       1.439629578415e+22       1.224206401262e-14       8.048764018712e-18 
       8.111774765760e+13       1.148693224271e-25       5.713445716538e-09       1.419684431832e+22       1.232775846071e-14       8.161841104411e-18 
       8.055387056366e+13       1.164831215379e-25       5.753463483416e-09       1.400015612492e+22       1.241405276994e-14       8.276506810086e-18 
       7.999391317146e+13       1.181195929123e-25       5.793481250294e-09       1.380619292058e+22       1.250095113933e-14       8.392783454260e-18 
       7.943784823382e+13       1.197790550732e-25       5.835318006575e-09       1.361491695232e+22       1.258845779730e-14       8.510693669008e-18 
       7.888564869297e+13       1.214618310179e-25       5.875335773453e-09       1.342629099020e+22       1.267657700188e-14       8.630260404363e-18 
       7.833728767921e+13       1.231682482819e-25       5.917172529735e-09       1.324027832009e+22       1.276531304090e-14       8.751506932783e-18 
       7.779273850965e+13       1.248986390020e-25       5.957190296613e-09       1.305684273648e+22       1.285467023218e-14       8.874456853681e-18 
       7.725197468684e+13       1.266533399813e-25       5.999027052894e-09       1.287594853551e+22       1.294465292381e-14       8.999134098017e-18 
       7.671496989756e+13       1.284326927547e-25       6.040863809176e-09       1.269756050794e+22       1.303526549428e-14       9.125562932959e-18 
       7.618169801148e+13       1.302370436552e-25       6.084519554861e-09       1.252164393233e+22       1.312651235274e-14       9.253767966603e-18 
       7.565213307992e+13       1.320667438815e-25       6.126356311142e-09       1.234816456831e+22       1.321839793920e-14       9.383774152765e-18 
       7.512624933457e+13       1.339221495663e-25       6.170012056828e-09       1.217708864987e+22       1.331092672478e-14       9.515606795836e-18 
       7.460402118627e+13       1.358036218455e-25       6.211848813109e-09       1.200838287881e+22       1.340410321185e-14       9.649291555709e-18 
       7.408542322370e+13       1.377115269288e-25       6.255504558794e-09       1.184201441825e+22       1.349793193434e-14       9.784854452774e-18 
       7.357043021222e+13       1.396462361706e-25       6.299160304479e-09       1.167795088625e+22       1.359241745788e-14       9.922321872980e-18 
       7.305901709257e+13       1.416081261426e-25       6.344635039568e-09       1.151616034950e+22       1.368756438008e-14       1.006172057297e-17 
       7.255115897971e+13       1.435975787067e-25       6.388290785253e-09       1.135661131711e+22       1.378337733074e-14       1.020307768530e-17 
       7.204683116158e+13       1.456149810900e-25       6.433765520342e-09       1.119927273447e+22       1.387986097206e-14       1.034642072370e-17 
       7.154600909790e+13       1.476607259593e-25       6.477421266027e-09       1.104411397720e+22       1.397701999886e-14       1.049177758844e-17 
       7.104866841896e+13       1.497352114983e-25       6.522896001115e-09       1.089110484523e+22       1.407485913885e-14       1.063917657178e-17 
       7.055478492449e+13       1.518388414846e-25       6.568370736204e-09       1.074021555688e+22       1.417338315282e-14       1.078864636344e-17 
       7.006433458242e+13       1.539720253686e-25       6.615664460696e-09       1.059141674306e+22       1.427259683489e-14       1.094021605620e-17 
       6.957729352772e+13       1.561351783530e-25       6.661139195785e-09       1.044467944158e+22       1.437250501274e-14       1.109391515157e-17 
       6.909363806129e+13       1.583287214737e-25       6.708432920277e-09       1.029997509152e+22       1.447311254783e-14       1.124977356553e-17 
       6.861334464875e+13       1.605530816817e-25       6.755726644769e-09       1.015727552764e+22       1.457442433566e-14       1.140782163435e-17 
       6.813638991932e+13       1.628086919262e-25       6.803020369262e-09       1.001655297490e+22       1.467644530601e-14       1.156809012049e-17 
       6.766275066466e+13       1.650959912391e-25       6.850314093754e-09       9.877780043072e+21       1.477918042315e-14       1.173061021859e-17 
       6.719240383780e+13       1.674154248200e-25       6.897607818246e-09       9.740929721418e+21       1.488263468612e-14       1.189541356155e-17 
       6.672532655193e+13       1.697674441233e-25       6.946720532142e-09       9.605975373399e+21       1.498681312892e-14       1.206253222667e-17 
       6.626149607938e+13       1.721525069457e-25       6.994014256634e-09       9.472890731514e+21       1.509172082082e-14       1.223199874192e-17 
       6.580088985043e+13       1.745710775158e-25       7.043126970530e-09       9.341649892180e+21       1.519736286657e-14       1.240384609225e-17 
       6.534348545226e+13       1.770236265838e-25       7.092239684425e-09       9.212227310694e+21       1.530374440663e-14       1.257810772599e-17 
       6.488926062786e+13       1.795106315137e-25       7.143171387725e-09       9.084597796256e+21       1.541087061748e-14       1.275481756143e-17 
       6.443819327494e+13       1.820325763758e-25       7.192284101620e-09       8.958736507070e+21       1.551874671180e-14       1.293400999335e-17 
       6.399026144483e+13       1.845899520413e-25       7.243215804920e-09       8.834618945506e+21       1.562737793879e-14       1.311571989975e-17 
       6.354544334144e+13       1.871832562775e-25       7.294147508219e-09       8.712220953334e+21       1.573676958436e-14       1.329998264861e-17 
       6.310371732019e+13       1.898129938449e-25       7.345079211518e-09       8.591518707021e+21       1.584692697145e-14       1.348683410484e-17 
       6.266506188699e+13       1.924796765954e-25       7.396010914817e-09       8.472488713092e+21       1.595785546025e-14       1.367631063718e-17 
       6.222945569711e+13       1.951838235719e-25       7.448761607520e-09       8.355107803562e+21       1.606956044847e-14       1.386844912532e-17 
       6.179687755423e+13       1.979259611092e-25       7.499693310820e-09       8.239353131420e+21       1.618204737161e-14       1.406328696707e-17 
       6.136730640936e+13       2.007066229368e-25       7.552444003522e-09       8.125202166189e+21       1.629532170321e-14       1.426086208567e-17 
       6.094072135984e+13       2.035263502824e-25       7.605194696225e-09       8.012632689535e+21       1.640938895513e-14       1.446121293711e-17 
       6.051710164830e+13       2.063856919775e-25       7.657945388928e-09       7.901622790946e+21       1.652425467782e-14       1.466437851766e-17 
       6.009642666167e+13       2.092852045641e-25       7.712515071034e-09       7.792150863467e+21       1.663992446056e-14       1.487039837145e-17 
       5.967867593016e+13       2.122254524030e-25       7.767084753141e-09       7.684195599491e+21       1.675640393179e-14       1.507931259817e-17 
       5.926382912628e+13       2.152070077838e-25       7.821654435247e-09       7.577735986617e+21       1.687369875931e-14       1.529116186086e-17 
       5.885186606383e+13       2.182304510361e-25       7.876224117354e-09       7.472751303555e+21       1.699181465062e-14       1.550598739383e-17 
       5.844276669695e+13       2.212963706427e-25       7.930793799460e-09       7.369221116096e+21       1.711075735318e-14       1.572383101073e-17 
       5.803651111912e+13       2.244053633538e-25       7.985363481566e-09       7.267125273135e+21       1.723053265465e-14       1.594473511259e-17 
       5.763307956218e+13       2.275580343036e-25       8.041752153076e-09       7.166443902747e+21       1.735114638323e-14       1.616874269619e-17 
       5.723245239541e+13       2.307549971275e-25       8.098140824586e-09       7.067157408319e+21       1.747260440792e-14       1.639589736232e-17 
       5.683461012454e+13       2.339968740821e-25       8.154529496096e-09       6.969246464738e+21       1.759491263877e-14       1.662624332436e-17 
       5.643953339081e+13       2.372842961661e-25       8.212737157010e-09       6.872692014626e+21       1.771807702724e-14       1.685982541682e-17 
       5.604720297002e+13       2.406179032429e-25       8.269125828519e-09       6.777475264634e+21       1.784210356643e-14       1.709668910409e-17 
       5.565759977162e+13       2.439983441655e-25       8.327333489433e-09       6.683577681784e+21       1.796699829140e-14       1.733688048931e-17 
       5.527070483775e+13       2.474262769027e-25       8.385541150346e-09       6.590980989859e+21       1.809276727944e-14       1.758044632330e-17 
       5.488649934235e+13       2.509023686668e-25       8.443748811260e-09       6.499667165848e+21       1.821941665039e-14       1.782743401369e-17 
       5.450496459022e+13       2.544272960442e-25       8.503775461577e-09       6.409618436435e+21       1.834695256695e-14       1.807789163415e-17 
       5.412608201611e+13       2.580017451263e-25       8.563802111894e-09       6.320817274547e+21       1.847538123492e-14       1.833186793371e-17 
       5.374983318382e+13       2.616264116435e-25       8.623828762211e-09       6.233246395932e+21       1.860470890356e-14       1.858941234631e-17 
       5.337619978533e+13       2.653020011007e-25       8.683855412528e-09       6.146888755803e+21       1.873494186589e-14       1.885057500035e-17 
       5.300516363985e+13       2.690292289141e-25       8.743882062845e-09       6.061727545517e+21       1.886608645895e-14       1.911540672853e-17 
       5.263670669300e+13       2.728088205511e-25       8.805727702565e-09       5.977746189305e+21       1.899814906416e-14       1.938395907765e-17 
       5.227081101588e+13       2.766415116710e-25       8.867573342286e-09       5.894928341043e+21       1.913113610761e-14       1.965628431873e-17 
       5.190745880425e+13       2.805280482684e-25       8.929418982007e-09       5.813257881073e+21       1.926505406036e-14       1.993243545712e-17 
       5.154663237761e+13       2.844691868185e-25       8.991264621727e-09       5.732718913065e+21       1.939990943878e-14       2.021246624285e-17 
       5.118831417836e+13       2.884656944241e-25       9.054929250851e-09       5.653295760921e+21       1.953570880486e-14       2.049643118109e-17 
       5.083248677097e+13       2.925183489650e-25       9.118593879975e-09       5.574972965727e+21       1.967245876649e-14       2.078438554274e-17 
       5.047913284108e+13       2.966279392496e-25       9.182258509099e-09       5.497735282741e+21       1.981016597786e-14       2.107638537523e-17 
       5.012823519472e+13       3.007952651680e-25       9.245923138224e-09       5.421567678428e+21       1.994883713970e-14       2.137248751336e-17 
       4.977977675741e+13       3.050211378483e-25       9.311406756751e-09       5.346455327533e+21       2.008847899968e-14       2.167274959042e-17 
       4.943374057340e+13       3.093063798139e-25       9.375071385875e-09       5.272383610194e+21       2.022909835268e-14       2.197723004941e-17 
       4.909010980477e+13       3.136518251439e-25       9.442373993807e-09       5.199338109101e+21       2.037070204114e-14       2.228598815437e-17 
       4.874886773065e+13       3.180583196353e-25       9.507857612334e-09       5.127304606683e+21       2.051329695543e-14       2.259908400194e-17 
       4.840999774643e+13       3.225267209678e-25       9.575160220265e-09       5.056269082346e+21       2.065689003412e-14       2.291657853308e-17 
       4.807348336289e+13       3.270578988706e-25       9.640643838793e-09       4.986217709743e+21       2.080148826436e-14       2.323853354488e-17 
       4.773930820545e+13       3.316527352918e-25       9.707946446724e-09       4.917136854081e+21       2.094709868221e-14       2.356501170265e-17 
       4.740745601335e+13       3.363121245699e-25       9.777068044059e-09       4.849013069470e+21       2.109372837299e-14       2.389607655205e-17 
       4.707791063888e+13       3.410369736079e-25       9.844370651990e-09       4.781833096301e+21       2.124138447160e-14       2.423179253152e-17 
       4.675065604656e+13       3.458282020501e-25       9.913492249325e-09       4.715583858672e+21       2.139007416290e-14       2.457222498479e-17 
       4.642567631237e+13       3.506867424606e-25       9.982613846660e-09       4.650252461837e+21       2.153980468204e-14       2.491744017359e-17 
       4.610295562301e+13       3.556135405054e-25       1.005355443340e-08       4.585826189699e+21       2.169058331481e-14       2.526750529058e-17 
       4.578247827508e+13       3.606095551359e-25       1.012449502014e-08       4.522292502335e+21       2.184241739802e-14       2.562248847240e-17 
       4.546422867436e+13       3.656757587760e-25       1.019543560687e-08       4.459639033553e+21       2.199531431980e-14       2.598245881294e-17 
       4.514819133502e+13       3.708131375110e-25       1.026637619361e-08       4.397853588490e+21       2.214928152004e-14       2.634748637679e-17 
       4.483435087887e+13       3.760226912798e-25       1.033731678035e-08       4.336924141231e+21       2.230432649068e-14       2.671764221289e-17 
       4.452269203462e+13       3.813054340695e-25       1.041007635649e-08       4.276838832474e+21       2.246045677612e-14       2.709299836833e-17 
       4.421319963716e+13       3.866623941127e-25       1.048283593263e-08       4.217585967222e+21       2.261767997355e-14       2.747362790240e-17 
       4.390585862678e+13       3.920946140875e-25       1.055559550878e-08       4.159154012502e+21       2.277600373336e-14       2.785960490079e-17 
       4.360065404844e+13       3.976031513208e-25       1.063017407432e-08       4.101531595123e+21       2.293543575950e-14       2.825100449003e-17 
       4.329757105108e+13       4.031890779936e-25       1.070475263987e-08       4.044707499464e+21       2.309598380981e-14       2.864790285210e-17 
       4.299659488687e+13       4.088534813503e-25       1.077933120541e-08       3.988670665288e+21       2.325765569648e-14       2.905037723926e-17 
       4.269771091050e+13       4.145974639097e-25       1.085572876036e-08       3.933410185592e+21       2.342045928636e-14       2.945850598908e-17 
       4.240090457845e+13       4.204221436801e-25       1.093030732591e-08       3.878915304481e+21       2.358440250136e-14       2.987236853971e-17 
       4.210616144831e+13       4.263286543766e-25       1.100852387026e-08       3.825175415075e+21       2.374949331887e-14       3.029204544531e-17 
       4.181346717806e+13       4.323181456418e-25       1.108492142521e-08       3.772180057449e+21       2.391573977210e-14       3.071761839176e-17 
       4.152280752539e+13       4.383917832699e-25       1.116313796956e-08       3.719918916591e+21       2.408314995051e-14       3.114917021254e-17 
       4.123416834696e+13       4.445507494330e-25       1.123953552451e-08       3.668381820397e+21       2.425173200016e-14       3.158678490484e-17 
       4.094753559777e+13       4.507962429117e-25       1.131957105827e-08       3.617558737693e+21       2.442149412416e-14       3.203054764596e-17 
       4.066289533046e+13       4.571294793283e-25       1.139778760262e-08       3.567439776277e+21       2.459244458303e-14       3.248054480982e-17 
       4.038023369460e+13       4.635516913832e-25       1.147782313637e-08       3.518015181000e+21       2.476459169511e-14       3.293686398384e-17 
       4.009953693604e+13       4.700641290954e-25       1.155785867013e-08       3.469275331864e+21       2.493794383698e-14       3.339959398594e-17 
       3.982079139627e+13       4.766680600450e-25       1.163971319329e-08       3.421210742148e+21       2.511250944384e-14       3.386882488183e-17 
       3.954398351169e+13       4.833647696205e-25       1.172156771645e-08       3.373812056567e+21       2.528829700995e-14       3.434464800258e-17 
       3.926909981300e+13       4.901555612688e-25       1.180342223961e-08       3.327070049443e+21       2.546531508902e-14       3.482715596236e-17 
       3.899612692453e+13       4.970417567489e-25       1.188527676277e-08       3.280975622918e+21       2.564357229464e-14       3.531644267646e-17 
       3.872505156358e+13       5.040246963894e-25       1.196895027533e-08       3.235519805176e+21       2.582307730070e-14       3.581260337960e-17 
       3.845586053980e+13       5.111057393489e-25       1.205262378789e-08       3.190693748701e+21       2.600383884181e-14       3.631573464447e-17 
       3.818854075452e+13       5.182862638809e-25       1.213629730046e-08       3.146488728555e+21       2.618586571370e-14       3.682593440047e-17 
       3.792307920012e+13       5.255676676021e-25       1.222178980242e-08       3.102896140675e+21       2.636916677369e-14       3.734330195285e-17 
       3.765946295940e+13       5.329513677641e-25       1.230728230439e-08       3.059907500206e+21       2.655375094111e-14       3.786793800197e-17 
       3.739767920497e+13       5.404388015297e-25       1.239277480636e-08       3.017514439841e+21       2.673962719770e-14       3.839994466294e-17 
       3.713771519858e+13       5.480314262523e-25       1.248008629773e-08       2.975708708201e+21       2.692680458808e-14       3.893942548549e-17 
       3.687955829054e+13       5.557307197596e-25       1.256739778910e-08       2.934482168221e+21       2.711529222020e-14       3.948648547412e-17 
       3.662319591911e+13       5.635381806414e-25       1.265652826987e-08       2.893826795571e+21       2.730509926574e-14       4.004123110853e-17 
       3.636861560984e+13       5.714553285411e-25       1.274383976124e-08       2.853734677093e+21       2.749623496060e-14       4.060377036435e-17 
       3.611580497502e+13       5.794837044517e-25       1.283297024202e-08       2.814198009262e+21       2.768870860532e-14       4.117421273418e-17 
       3.586475171303e+13       5.876248710154e-25       1.292391971219e-08       2.775209096664e+21       2.788252956556e-14       4.175266924887e-17 
       3.561544360777e+13       5.958804128281e-25       1.301305019297e-08       2.736760350500e+21       2.807770727252e-14       4.233925249913e-17 
       3.536786852807e+13       6.042519367478e-25       1.310399966314e-08       2.698844287112e+21       2.827425122343e-14       4.293407665747e-17 
       3.512201442708e+13       6.127410722071e-25       1.319676812273e-08       2.661453526519e+21       2.847217098199e-14       4.353725750041e-17 
       3.487786934169e+13       6.213494715304e-25       1.328953658231e-08       2.624580790987e+21       2.867147617887e-14       4.414891243101e-17 
       3.463542139195e+13       6.300788102558e-25       1.338230504189e-08       2.588218903611e+21       2.887217651212e-14       4.476916050173e-17 
       3.439465878049e+13       6.389307874609e-25       1.347507350147e-08       2.552360786916e+21       2.907428174770e-14       4.539812243760e-17 
       3.415556979194e+13       6.479071260938e-25       1.356966095045e-08       2.516999461483e+21       2.927780171994e-14       4.603592065970e-17 
       3.391814279240e+13       6.570095733082e-25       1.366424839944e-08       2.482128044585e+21       2.948274633198e-14       4.668267930903e-17 
       3.368236622879e+13       6.662399008034e-25       1.376065483782e-08       2.447739748855e+21       2.968912555630e-14       4.733852427062e-17 
       3.344822862839e+13       6.755999051697e-25       1.385706127621e-08       2.413827880956e+21       2.989694943520e-14       4.800358319807e-17 
       3.321571859821e+13       6.850914082372e-25       1.395346771460e-08       2.380385840287e+21       3.010622808124e-14       4.867798553840e-17 
       3.298482482444e+13       6.947162574314e-25       1.405169314239e-08       2.347407117691e+21       3.031697167781e-14       4.936186255720e-17 
       3.275553607193e+13       7.044763261319e-25       1.414991857018e-08       2.314885294194e+21       3.052919047956e-14       5.005534736424e-17 
       3.252784118365e+13       7.143735140376e-25       1.424814399797e-08       2.282814039750e+21       3.074289481291e-14       5.075857493934e-17 
       3.230172908009e+13       7.244097475361e-25       1.434818841517e-08       2.251187112014e+21       3.095809507660e-14       5.147168215863e-17 
       3.207718875877e+13       7.345869800791e-25       1.445005182177e-08       2.219998355124e+21       3.117480174214e-14       5.219480782125e-17 
       3.185420929372e+13       7.449071925620e-25       1.455009623896e-08       2.189241698502e+21       3.139302535433e-14       5.292809267631e-17 
       3.163277983487e+13       7.553723937101e-25       1.465195964556e-08       2.158911155677e+21       3.161277653181e-14       5.367167945029e-17 
       3.141288960762e+13       7.659846204692e-25       1.475564204156e-08       2.129000823114e+21       3.183406596754e-14       5.442571287486e-17 
       3.119452791224e+13       7.767459384020e-25       1.485750544816e-08       2.099504879069e+21       3.205690442931e-14       5.519033971501e-17 
       3.097768412337e+13       7.876584420904e-25       1.496118784416e-08       2.070417582454e+21       3.228130276031e-14       5.596570879764e-17 
       3.076234768954e+13       7.987242555431e-25       1.506668922957e-08       2.041733271720e+21       3.250727187964e-14       5.675197104050e-17 
       3.054850813262e+13       8.099455326090e-25       1.517219061498e-08       2.013446363757e+21       3.273482278279e-14       5.754927948162e-17 
       3.033615504729e+13       8.213244573965e-25       1.527769200038e-08       1.985551352802e+21       3.296396654227e-14       5.835778930903e-17 
       3.012527810058e+13       8.328632446982e-25       1.538501237519e-08       1.958042809374e+21       3.319471430807e-14       5.917765789100e-17 
       2.991586703136e+13       8.445641404228e-25       1.549233275000e-08       1.930915379212e+21       3.342707730823e-14       6.000904480667e-17 
       2.970791164981e+13       8.564294220313e-25       1.560147211421e-08       1.904163782236e+21       3.366106684938e-14       6.085211187713e-17 
       2.950140183695e+13       8.684613989812e-25       1.571061147843e-08       1.877782811518e+21       3.389669431733e-14       6.170702319686e-17 
       2.929632754415e+13       8.806624131753e-25       1.582156983204e-08       1.851767332267e+21       3.413397117755e-14       6.257394516571e-17 
       2.909267879260e+13       8.930348394178e-25       1.593070919625e-08       1.826112280835e+21       3.437290897579e-14       6.345304652131e-17 
       2.889044567289e+13       9.055810858765e-25       1.604348653927e-08       1.800812663723e+21       3.461351933863e-14       6.434449837185e-17 
       2.868961834448e+13       9.183035945517e-25       1.615444489289e-08       1.775863556617e+21       3.485581397400e-14       6.524847422944e-17 
       2.849018703523e+13       9.312048417514e-25       1.626904122531e-08       1.751260103424e+21       3.509980467181e-14       6.616515004385e-17 
       2.829214204094e+13       9.442873385729e-25       1.638181856833e-08       1.726997515332e+21       3.534550330452e-14       6.709470423678e-17 
       2.809547372487e+13       9.575536313922e-25       1.649641490076e-08       1.703071069872e+21       3.559292182765e-14       6.803731773656e-17 
       2.790017251725e+13       9.710063023594e-25       1.661283022258e-08       1.679476110004e+21       3.584207228044e-14       6.899317401340e-17 
       2.770622891484e+13       9.846479699010e-25       1.672924554441e-08       1.656208043205e+21       3.609296678640e-14       6.996245911508e-17 
       2.751363348048e+13       9.984812892298e-25       1.684566086624e-08       1.633262340583e+21       3.634561755391e-14       7.094536170314e-17 
       2.732237684258e+13       1.012508952862e-24       1.696389517747e-08       1.610634535988e+21       3.660003687679e-14       7.194207308967e-17 
       2.713244969472e+13       1.026733691140e-24       1.708212948870e-08       1.588320225145e+21       3.685623713492e-14       7.295278727446e-17 
       2.694384279515e+13       1.041158272767e-24       1.720218278933e-08       1.566315064801e+21       3.711423079487e-14       7.397770098283e-17 
       2.675654696639e+13       1.055785505341e-24       1.732223608997e-08       1.544614771871e+21       3.737403041043e-14       7.501701370389e-17 
       2.657055309472e+13       1.070618235905e-24       1.744410838000e-08       1.523215122614e+21       3.763564862331e-14       7.607092772937e-17 
       2.638585212982e+13       1.085659351501e-24       1.756598067004e-08       1.502111951804e+21       3.789909816367e-14       7.713964819299e-17 
       2.620243508423e+13       1.100911779730e-24       1.768967194948e-08       1.481301151922e+21       3.816439185082e-14       7.822338311041e-17 
       2.602029303300e+13       1.116378489323e-24       1.781336322892e-08       1.460778672354e+21       3.843154259377e-14       7.932234341968e-17 
       2.583941711320e+13       1.132062490719e-24       1.793705450837e-08       1.440540518609e+21       3.870056339193e-14       8.043674302233e-17 
       2.565979852354e+13       1.147966836651e-24       1.806256477721e-08       1.420582751533e+21       3.897146733567e-14       8.156679882500e-17 
       2.548142852387e+13       1.164094622739e-24       1.818989403546e-08       1.400901486550e+21       3.924426760702e-14       8.271273078164e-17 
       2.530429843483e+13       1.180448988093e-24       1.831722329371e-08       1.381492892898e+21       3.951897748027e-14       8.387476193633e-17 
       2.512839963737e+13       1.197033115926e-24       1.844455255195e-08       1.362353192892e+21       3.979561032263e-14       8.505311846672e-17 
       2.495372357236e+13       1.213850234172e-24       1.857370079961e-08       1.343478661181e+21       4.007417959489e-14       8.624802972800e-17 
       2.478026174018e+13       1.230903616111e-24       1.870466803666e-08       1.324865624030e+21       4.035469885205e-14       8.745972829759e-17 
       2.460800570028e+13       1.248196581014e-24       1.883563527372e-08       1.306510458598e+21       4.063718174402e-14       8.868845002039e-17 
       2.443694707078e+13       1.265732494780e-24       1.896660251077e-08       1.288409592237e+21       4.092164201623e-14       8.993443405466e-17 
       2.426707752808e+13       1.283514770599e-24       1.909938873723e-08       1.270559501797e+21       4.120809351034e-14       9.119792291863e-17 
       2.409838880644e+13       1.301546869610e-24       1.923399395309e-08       1.252956712937e+21       4.149655016491e-14       9.247916253765e-17 
       2.393087269756e+13       1.319832301581e-24       1.936859916896e-08       1.235597799454e+21       4.178702601607e-14       9.377840229208e-17 
       2.376452105020e+13       1.338374625585e-24       1.950320438482e-08       1.218479382608e+21       4.207953519818e-14       9.509589506582e-17 
       2.359932576982e+13       1.357177450700e-24       1.963962859008e-08       1.201598130473e+21       4.237409194457e-14       9.643189729553e-17 
       2.343527881809e+13       1.376244436704e-24       1.977787178475e-08       1.184950757285e+21       4.267071058818e-14       9.778666902057e-17 
       2.327237221260e+13       1.395579294795e-24       1.991611497942e-08       1.168534022799e+21       4.296940556230e-14       9.916047393357e-17 
       2.311059802642e+13       1.415185788307e-24       2.005617716350e-08       1.152344731665e+21       4.327019140123e-14       1.005535794318e-16 
       2.294994838770e+13       1.435067733447e-24       2.019623934757e-08       1.136379732799e+21       4.357308274104e-14       1.019662566692e-16 
       2.279041547935e+13       1.455229000033e-24       2.033630153164e-08       1.120635918777e+21       4.387809432023e-14       1.033987806090e-16 
       2.263199153858e+13       1.475673512254e-24       2.048000169452e-08       1.105110225223e+21       4.418524098047e-14       1.048514300777e-16 
       2.247466885658e+13       1.496405249427e-24       2.062188286800e-08       1.089799630219e+21       4.449453766733e-14       1.063244878188e-16 
       2.231843977813e+13       1.517428246776e-24       2.076740202028e-08       1.074701153711e+21       4.480599943101e-14       1.078182405481e-16 
       2.216329670122e+13       1.538746596215e-24       2.091292117257e-08       1.059811856934e+21       4.511964142702e-14       1.093329790095e-16 
       2.200923207669e+13       1.560364447144e-24       2.105844032485e-08       1.045128841835e+21       4.543547891701e-14       1.108689980315e-16 
       2.185623840783e+13       1.582286007262e-24       2.120577846654e-08       1.030649250515e+21       4.575352726943e-14       1.124265965848e-16 
       2.170430825008e+13       1.604515543377e-24       2.135493559763e-08       1.016370264667e+21       4.607380196032e-14       1.140060778401e-16 
       2.155343421061e+13       1.627057382245e-24       2.150409272872e-08       1.002289105031e+21       4.639631857404e-14       1.156077492276e-16 
       2.140360894797e+13       1.649915911408e-24       2.165506884921e-08       9.884030308516e+20       4.672109280406e-14       1.172319224964e-16 
       2.125482517177e+13       1.673095580047e-24       2.180604496971e-08       9.747093393437e+20       4.704814045369e-14       1.188789137754e-16 
       2.110707564227e+13       1.696600899850e-24       2.195884007961e-08       9.612053651690e+20       4.737747743686e-14       1.205490436350e-16 
       2.096035317008e+13       1.720436445892e-24       2.211345417891e-08       9.478884799152e+20       4.770911977892e-14       1.222426371489e-16 
       2.081465061577e+13       1.744606857519e-24       2.226806827821e-08       9.347560915850e+20       4.804308361737e-14       1.239600239581e-16 
       2.066996088955e+13       1.769116839260e-24       2.242268237751e-08       9.218056440917e+20       4.837938520270e-14       1.257015383346e-16 
       2.052627695089e+13       1.793971161734e-24       2.258093445562e-08       9.090346167614e+20       4.871804089911e-14       1.274675192466e-16 
       2.038359180823e+13       1.819174662584e-24       2.273918653373e-08       8.964405238424e+20       4.905906718541e-14       1.292583104244e-16 
       2.024189851860e+13       1.844732247418e-24       2.289743861184e-08       8.840209140219e+20       4.940248065571e-14       1.310742604274e-16 
       2.010119018729e+13       1.870648890762e-24       2.305750967935e-08       8.717733699480e+20       4.974829802030e-14       1.329157227120e-16 
       1.996145996752e+13       1.896929637027e-24       2.321939973626e-08       8.596955077600e+20       5.009653610644e-14       1.347830557003e-16 
       1.982270106010e+13       1.923579601497e-24       2.338128979318e-08       8.477849766239e+20       5.044721185918e-14       1.366766228497e-16 
       1.968490671310e+13       1.950603971318e-24       2.354499883950e-08       8.360394582751e+20       5.080034234220e-14       1.385967927240e-16 
       1.954807022155e+13       1.978008006510e-24       2.371052687522e-08       8.244566665670e+20       5.115594473859e-14       1.405439390649e-16 
       1.941218492706e+13       2.005797040993e-24       2.387605491094e-08       8.130343470261e+20       5.151403635176e-14       1.425184408647e-16 
       1.927724421754e+13       2.033976483621e-24       2.404340193607e-08       8.017702764133e+20       5.187463460623e-14       1.445206824403e-16 
       1.914324152685e+13       2.062551819238e-24       2.421074896120e-08       7.906622622909e+20       5.223775704847e-14       1.465510535077e-16 
       1.901017033451e+13       2.091528609746e-24       2.438173396513e-08       7.797081425960e+20       5.260342134781e-14       1.486099492583e-16 
       1.887802416535e+13       2.120912495183e-24       2.455089997966e-08       7.689057852199e+20       5.297164529724e-14       1.506977704353e-16 
       1.874679658923e+13       2.150709194827e-24       2.472370397300e-08       7.582530875928e+20       5.334244681432e-14       1.528149234121e-16 
       1.861648122068e+13       2.180924508305e-24       2.489650796633e-08       7.477479762746e+20       5.371584394202e-14       1.549618202709e-16 
       1.848707171865e+13       2.211564316721e-24       2.507113094907e-08       7.373884065515e+20       5.409185484962e-14       1.571388788838e-16 
       1.835856178615e+13       2.242634583805e-24       2.524575393181e-08       7.271723620377e+20       5.447049783357e-14       1.593465229931e-16 
       1.823094516996e+13       2.274141357072e-24       2.542401489336e-08       7.170978542833e+20       5.485179131840e-14       1.615851822945e-16 
       1.810421566034e+13       2.306090768997e-24       2.560045686550e-08       7.071629223872e+20       5.523575385763e-14       1.638552925204e-16 
       1.797836709070e+13       2.338489038209e-24       2.578053681646e-08       6.973656326150e+20       5.562240413463e-14       1.661572955248e-16 
       1.785339333734e+13       2.371342470706e-24       2.596061676741e-08       6.877040780233e+20       5.601176096358e-14       1.684916393695e-16 
       1.772928831911e+13       2.404657461076e-24       2.614251570776e-08       6.781763780880e+20       5.640384329032e-14       1.708587784109e-16 
       1.760604599713e+13       2.438440493746e-24       2.632623363752e-08       6.687806783385e+20       5.679867019335e-14       1.732591733886e-16 
       1.748366037451e+13       2.472698144241e-24       2.650995156728e-08       6.595151499966e+20       5.719626088471e-14       1.756932915154e-16 
       1.736212549603e+13       2.507437080469e-24       2.669548848644e-08       6.503779896209e+20       5.759663471090e-14       1.781616065677e-16 
       1.724143544790e+13       2.542664064011e-24       2.688284439500e-08       6.413674187553e+20       5.799981115388e-14       1.806645989782e-16 
       1.712158435740e+13       2.578385951445e-24       2.707020030357e-08       6.324816835830e+20       5.840580983195e-14       1.832027559291e-16 
       1.700256639265e+13       2.614609695676e-24       2.725937520154e-08       6.237190545856e+20       5.881465050078e-14       1.857765714469e-16 
       1.688437576231e+13       2.651342347289e-24       2.745036908891e-08       6.150778262057e+20       5.922635305428e-14       1.883865464990e-16 
       1.676700671531e+13       2.688591055925e-24       2.764318196569e-08       6.065563165154e+20       5.964093752566e-14       1.910331890906e-16 
       1.665045354052e+13       2.726363071668e-24       2.783599484246e-08       5.981528668889e+20       6.005842408834e-14       1.937170143639e-16 
       1.653471056656e+13       2.764665746461e-24       2.803062670864e-08       5.898658416796e+20       6.047883305696e-14       1.964385446985e-16 
       1.641977216143e+13       2.803506535532e-24       2.822707756422e-08       5.816936279016e+20       6.090218488836e-14       1.991983098128e-16 
       1.630563273230e+13       2.842892998848e-24       2.842534740921e-08       5.736346349161e+20       6.132850018258e-14       2.019968468671e-16 
       1.619228672522e+13       2.882832802587e-24       2.862361725420e-08       5.656872941214e+20       6.175779968386e-14       2.048347005686e-16 
       1.607972862485e+13       2.923333720629e-24       2.882370608859e-08       5.578500586478e+20       6.219010428165e-14       2.077124232766e-16 
       1.596795295417e+13       2.964403636069e-24       2.902561391238e-08       5.501214030567e+20       6.262543501162e-14       2.106305751110e-16 
       1.585695427425e+13       3.006050542751e-24       2.922934072558e-08       5.424998230432e+20       6.306381305670e-14       2.135897240606e-16 
       1.574672718396e+13       3.048282546824e-24       2.943488652818e-08       5.349838351437e+20       6.350525974810e-14       2.165904460937e-16 
       1.563726631972e+13       3.091107868323e-24       2.964043233078e-08       5.275719764470e+20       6.394979656633e-14       2.196333252706e-16 
       1.552856635524e+13       3.134534842764e-24       2.984779712278e-08       5.202628043096e+20       6.439744514230e-14       2.227189538571e-16 
       1.542062200123e+13       3.178571922768e-24       3.005698090419e-08       5.130548960750e+20       6.484822725829e-14       2.258479324396e-16 
       1.531342800519e+13       3.223227679709e-24       3.026616468560e-08       5.059468487967e+20       6.530216484910e-14       2.290208700422e-16 
       1.520697915113e+13       3.268510805380e-24       3.047898644581e-08       4.989372789649e+20       6.575928000305e-14       2.322383842451e-16 
       1.510127025932e+13       3.314430113683e-24       3.069180820603e-08       4.920248222377e+20       6.621959496307e-14       2.355011013051e-16 
       1.499629618602e+13       3.360994542348e-24       3.090644895565e-08       4.852081331751e+20       6.668313212781e-14       2.388096562771e-16 
       1.489205182325e+13       3.408213154672e-24       3.112290869467e-08       4.784858849774e+20       6.714991405270e-14       2.421646931379e-16 
       1.478853209856e+13       3.456095141280e-24       3.134118742310e-08       4.718567692269e+20       6.761996345107e-14       2.455668649115e-16 
       1.468573197474e+13       3.504649821918e-24       3.156128514092e-08       4.653194956332e+20       6.809330319523e-14       2.490168337964e-16 
       1.458364644959e+13       3.553886647265e-24       3.178138285875e-08       4.588727917818e+20       6.856995631760e-14       2.525152712941e-16 
       1.448227055570e+13       3.603815200770e-24       3.200329956599e-08       4.525154028870e+20       6.904994601182e-14       2.560628583402e-16 
       1.438159936018e+13       3.654445200524e-24       3.222885425203e-08       4.462460915472e+20       6.953329563390e-14       2.596602854367e-16 
       1.428162796443e+13       3.705786501144e-24       3.245440893807e-08       4.400636375043e+20       7.002002870334e-14       2.633082527865e-16 
       1.418235150390e+13       3.757849095696e-24       3.267996362410e-08       4.339668374059e+20       7.051016890426e-14       2.670074704296e-16 
       1.408376514787e+13       3.810643117640e-24       3.290915628895e-08       4.279545045716e+20       7.100374008659e-14       2.707586583814e-16 
       1.398586409917e+13       3.864178842797e-24       3.314016794320e-08       4.220254687613e+20       7.150076626720e-14       2.745625467726e-16 
       1.388864359402e+13       3.918466691357e-24       3.337117959745e-08       4.161785759482e+20       7.200127163107e-14       2.784198759919e-16 
       1.379209890170e+13       3.973517229902e-24       3.360582923051e-08       4.104126880935e+20       7.250528053249e-14       2.823313968294e-16 
       1.369622532443e+13       4.029341173463e-24       3.384047886357e-08       4.047266829254e+20       7.301281749622e-14       2.862978706231e-16 
       1.360101819705e+13       4.085949387606e-24       3.407694748603e-08       3.991194537205e+20       7.352390721869e-14       2.903200694071e-16 
       1.350647288685e+13       4.143352890550e-24       3.431523509789e-08       3.935899090880e+20       7.403857456922e-14       2.943987760619e-16 
       1.341258479329e+13       4.201562855307e-24       3.455716068856e-08       3.881369727581e+20       7.455684459121e-14       2.985347844664e-16 
       1.331934934786e+13       4.260590611859e-24       3.479908627924e-08       3.827595833717e+20       7.507874250335e-14       3.027288996530e-16 
       1.322676201376e+13       4.320447649363e-24       3.504101186991e-08       3.774566942741e+20       7.560429370087e-14       3.069819379638e-16 
       1.313481828576e+13       4.381145618386e-24       3.528657543939e-08       3.722272733117e+20       7.613352375678e-14       3.112947272099e-16 
       1.304351368993e+13       4.442696333176e-24       3.553395799827e-08       3.670703026304e+20       7.666645842307e-14       3.156681068321e-16 
       1.295284378345e+13       4.505111773958e-24       3.578315954655e-08       3.619847784779e+20       7.720312363203e-14       3.201029280646e-16 
       1.286280415437e+13       4.568404089268e-24       3.603418008424e-08       3.569697110083e+20       7.774354549746e-14       3.246000541005e-16 
       1.277339042142e+13       4.632585598315e-24       3.628520062193e-08       3.520241240893e+20       7.828775031594e-14       3.291603602602e-16 
       1.268459823378e+13       4.697668793383e-24       3.653985913843e-08       3.471470551123e+20       7.883576456815e-14       3.337847341610e-16 
       1.259642327088e+13       4.763666342258e-24       3.679451765493e-08       3.423375548052e+20       7.938761492013e-14       3.384740758908e-16 
       1.250886124219e+13       4.830591090697e-24       3.705281415023e-08       3.375946870472e+20       7.994332822457e-14       3.432292981825e-16 
       1.242190788698e+13       4.898456064927e-24       3.731292963494e-08       3.329175286870e+20       8.050293152214e-14       3.480513265922e-16 
       1.233555897416e+13       4.967274474181e-24       3.757304511964e-08       3.283051693629e+20       8.106645204280e-14       3.529410996791e-16 
       1.224981030205e+13       5.037059713265e-24       3.783679858316e-08       3.237567113258e+20       8.163391720710e-14       3.578995691880e-16 
       1.216465769816e+13       5.107825365173e-24       3.810055204667e-08       3.192712692642e+20       8.220535462755e-14       3.629277002350e-16 
       1.208009701903e+13       5.179585203725e-24       3.836794348899e-08       3.148479701322e+20       8.278079210994e-14       3.680264714951e-16 
       1.199612414998e+13       5.252353196249e-24       3.863715392072e-08       3.104859529791e+20       8.336025765471e-14       3.731968753926e-16 
       1.191273500494e+13       5.326143506300e-24       3.890636435244e-08       3.061843687823e+20       8.394377945830e-14       3.784399182945e-16 
       1.182992552626e+13       5.400970496416e-24       3.917921276297e-08       3.019423802821e+20       8.453138591450e-14       3.837566207061e-16 
       1.174769168447e+13       5.476848730917e-24       3.945388016291e-08       2.977591618180e+20       8.512310561591e-14       3.891480174698e-16 
       1.166602947812e+13       5.553792978734e-24       3.973036655225e-08       2.936338991689e+20       8.571896735522e-14       3.946151579667e-16 
       1.158493493358e+13       5.631818216288e-24       4.000867193099e-08       2.895657893940e+20       8.631900012670e-14       4.001591063204e-16 
       1.150440410485e+13       5.710939630405e-24       4.028879629914e-08       2.855540406768e+20       8.692323312759e-14       4.057809416045e-16 
       1.142443307334e+13       5.791172621269e-24       4.057073965669e-08       2.815978721710e+20       8.753169575949e-14       4.114817580525e-16 
       1.134501794770e+13       5.872532805421e-24       4.085450200364e-08       2.776965138482e+20       8.814441762980e-14       4.172626652708e-16 
       1.126615486366e+13       5.955036018800e-24       4.114008334000e-08       2.738492063485e+20       8.876142855321e-14       4.231247884546e-16 
       1.118783998377e+13       6.038698319824e-24       4.142748366576e-08       2.700552008323e+20       8.938275855308e-14       4.290692686070e-16 
       1.111006949729e+13       6.123535992515e-24       4.171852197032e-08       2.663137588347e+20       9.000843786296e-14       4.350972627610e-16 
       1.103283961995e+13       6.209565549669e-24       4.200956027489e-08       2.626241521218e+20       9.063849692800e-14       4.412099442048e-16 
       1.095614659379e+13       6.296803736072e-24       4.230423655827e-08       2.589856625490e+20       9.127296640649e-14       4.474085027103e-16 
       1.087998668698e+13       6.385267531756e-24       4.260073183104e-08       2.553975819208e+20       9.191187717134e-14       4.536941447642e-16 
       1.080435619363e+13       6.474974155304e-24       4.289904609323e-08       2.518592118538e+20       9.255526031154e-14       4.600680938033e-16 
       1.072925143359e+13       6.565941067208e-24       4.319917934481e-08       2.483698636398e+20       9.320314713372e-14       4.665315904524e-16 
       1.065466875233e+13       6.658185973256e-24       4.350113158580e-08       2.449288581124e+20       9.385556916366e-14       4.730858927659e-16 
       1.058060452068e+13       6.751726827989e-24       4.380490281619e-08       2.415355255148e+20       9.451255814780e-14       4.797322764727e-16 
       1.050705513474e+13       6.846581838191e-24       4.411231202539e-08       2.381892053688e+20       9.517414605484e-14       4.864720352241e-16 
       1.043401701563e+13       6.942769466430e-24       4.442154022399e-08       2.348892463471e+20       9.584036507722e-14       4.933064808461e-16 
       1.036148660936e+13       7.040308434659e-24       4.473258741200e-08       2.316350061461e+20       9.651124763276e-14       5.002369435948e-16 
       1.028946038666e+13       7.139217727852e-24       4.504545358941e-08       2.284258513606e+20       9.718682636619e-14       5.072647724145e-16 
       1.021793484276e+13       7.239516597705e-24       4.536013875622e-08       2.252611573611e+20       9.786713415076e-14       5.143913352013e-16 
       1.014690649728e+13       7.341224566380e-24       4.567846190184e-08       2.221403081718e+20       9.855220408981e-14       5.216180190687e-16 
       1.007637189402e+13       7.444361430308e-24       4.599678504746e-08       2.190626963510e+20       9.924206951844e-14       5.289462306178e-16 
       1.000632760081e+13       7.548947264036e-24       4.631874617189e-08       2.160277228726e+20       9.993676400507e-14       5.363773962108e-16 
       9.936770209348e+12       7.655002424143e-24       4.664434527513e-08       2.130347970097e+20       1.006363213531e-13       5.439129622493e-16 
       9.867696335003e+12       7.762547553193e-24       4.696994437836e-08       2.100833362194e+20       1.013407756026e-13       5.515543954550e-16 
       9.799102616686e+12       7.871603583762e-24       4.729918146040e-08       2.071727660297e+20       1.020501610318e-13       5.593031831558e-16 
       9.730985716669e+12       7.982191742504e-24       4.763023753185e-08       2.043025199275e+20       1.027645121590e-13       5.671608335750e-16 
       9.663342320426e+12       8.094333554288e-24       4.796311259270e-08       2.014720392484e+20       1.034838637441e-13       5.751288761249e-16 
       9.596169136471e+12       8.208050846385e-24       4.829962563235e-08       1.986807730678e+20       1.042082507903e-13       5.832088617046e-16 
       9.529462896197e+12       8.323365752719e-24       4.863795766141e-08       1.959281780940e+20       1.049377085459e-13       5.914023630017e-16 
       9.463220353721e+12       8.440300718172e-24       4.897810867988e-08       1.932137185621e+20       1.056722725057e-13       5.997109747984e-16 
       9.397438285721e+12       8.558878502955e-24       4.932007868774e-08       1.905368661301e+20       1.064119784132e-13       6.081363142823e-16 
       9.332113491282e+12       8.679122187035e-24       4.966568667442e-08       1.878970997756e+20       1.071568622621e-13       6.166800213606e-16 
       9.267242791740e+12       8.801055174634e-24       5.001311365049e-08       1.852939056947e+20       1.079069602980e-13       6.253437589795e-16 
       9.202823030526e+12       8.924701198775e-24       5.036417860538e-08       1.827267772021e+20       1.086623090201e-13       6.341292134483e-16 
       9.138851073015e+12       9.050084325908e-24       5.071706254967e-08       1.801952146319e+20       1.094229451832e-13       6.430380947669e-16 
       9.075323806370e+12       9.177228960595e-24       5.107176548336e-08       1.776987252413e+20       1.101889057995e-13       6.520721369591e-16 
       9.012238139395e+12       9.306159850255e-24       5.142828740645e-08       1.752368231136e+20       1.109602281401e-13       6.612330984100e-16 
       8.949591002378e+12       9.436902089983e-24       5.178844730835e-08       1.728090290645e+20       1.117369497371e-13       6.705227622083e-16 
       8.887379346949e+12       9.569481127436e-24       5.215224518906e-08       1.704148705484e+20       1.125191083852e-13       6.799429364933e-16 
       8.825600145928e+12       9.703922767787e-24       5.251604306977e-08       1.680538815665e+20       1.133067421439e-13       6.894954548069e-16 
       8.764250393175e+12       9.840253178743e-24       5.288347892929e-08       1.657256025761e+20       1.140998893389e-13       6.991821764501e-16 
       8.703327103451e+12       9.978498895642e-24       5.325455276761e-08       1.634295804013e+20       1.148985885643e-13       7.090049868457e-16 
       8.642827312265e+12       1.011868682662e-23       5.362744559534e-08       1.611653681444e+20       1.157028786842e-13       7.189657979046e-16 
       8.582748075735e+12       1.026084425784e-23       5.400215741247e-08       1.589325250995e+20       1.165127988350e-13       7.290665483979e-16 
       8.523086470442e+12       1.040499885880e-23       5.438050720841e-08       1.567306166662e+20       1.173283884269e-13       7.393092043349e-16 
       8.463839593289e+12       1.055117868776e-23       5.476067599375e-08       1.545592142652e+20       1.181496871459e-13       7.496957593452e-16 
       8.405004561359e+12       1.069941219714e-23       5.514448275790e-08       1.524178952550e+20       1.189767349559e-13       7.602282350667e-16 
       8.346578511777e+12       1.084972823908e-23       5.553010851145e-08       1.503062428494e+20       1.198095721006e-13       7.709086815396e-16 
       8.288558601566e+12       1.100215607110e-23       5.591937224381e-08       1.482238460367e+20       1.206482391053e-13       7.817391776050e-16 
       8.230942007513e+12       1.115672536174e-23       5.631045496557e-08       1.461702994992e+20       1.214927767790e-13       7.927218313096e-16 
       8.173725926031e+12       1.131346619633e-23       5.670517566614e-08       1.441452035349e+20       1.223432262165e-13       8.038587803161e-16 
       8.116907573020e+12       1.147240908291e-23       5.710171535611e-08       1.421481639794e+20       1.231996288000e-13       8.151521923191e-16 
       8.060484183734e+12       1.163358495811e-23       5.750189302489e-08       1.401787921290e+20       1.240620262016e-13       8.266042654673e-16 
       8.004453012645e+12       1.179702519317e-23       5.790388968308e-08       1.382367046654e+20       1.249304603850e-13       8.382172287911e-16 
       7.948811333312e+12       1.196276160010e-23       5.830952432007e-08       1.363215235808e+20       1.258049736077e-13       8.499933426366e-16 
       7.893556438244e+12       1.213082643781e-23       5.871697794646e-08       1.344328761046e+20       1.266856084230e-13       8.619348991055e-16 
       7.838685638773e+12       1.230125241842e-23       5.912806955166e-08       1.325703946306e+20       1.275724076819e-13       8.740442225012e-16 
       7.784196264918e+12       1.247407271364e-23       5.954279913567e-08       1.307337166457e+20       1.284654145357e-13       8.863236697813e-16 
       7.730085665261e+12       1.264932096118e-23       5.995934770908e-08       1.289224846589e+20       1.293646724374e-13       8.987756310161e-16 
       7.676351206813e+12       1.282703127135e-23       6.037953426130e-08       1.271363461323e+20       1.302702251445e-13       9.114025298543e-16 
       7.622990274889e+12       1.300723823367e-23       6.080153980292e-08       1.253749534120e+20       1.311821167205e-13       9.242068239942e-16 
       7.570000272978e+12       1.318997692360e-23       6.122718332335e-08       1.236379636607e+20       1.321003915376e-13       9.371910056625e-16 
       7.517378622620e+12       1.337528290938e-23       6.165646482259e-08       1.219250387909e+20       1.330250942783e-13       9.503576020989e-16 
       7.465122763277e+12       1.356319225896e-23       6.208756531123e-08       1.202358453991e+20       1.339562699383e-13       9.637091760487e-16 
       7.413230152211e+12       1.375374154699e-23       6.252230377868e-08       1.185700547008e+20       1.348939638278e-13       9.772483262608e-16 
       7.361698264361e+12       1.394696786197e-23       6.295886123553e-08       1.169273424667e+20       1.358382215746e-13       9.909776879943e-16 
       7.310524592215e+12       1.414290881345e-23       6.340087566059e-08       1.153073889594e+20       1.367890891257e-13       1.004899933531e-15 
       7.259706645695e+12       1.434160253935e-23       6.384470907506e-08       1.137098788713e+20       1.377466127495e-13       1.019017772694e-15 
       7.209241952031e+12       1.454308771341e-23       6.429036147892e-08       1.121345012632e+20       1.387108390388e-13       1.033333953381e-15 
       7.159128055642e+12       1.474740355268e-23       6.474147085100e-08       1.105809495039e+20       1.396818149121e-13       1.047851262089e-15 
       7.109362518015e+12       1.495458982518e-23       6.519439921249e-08       1.090489212100e+20       1.406595876164e-13       1.062572524468e-15 
       7.059942917592e+12       1.516468685762e-23       6.565096555278e-08       1.075381181877e+20       1.416442047298e-13       1.077500605862e-15 
       7.010866849645e+12       1.537773554326e-23       6.610935088247e-08       1.060482463746e+20       1.426357141629e-13       1.092638411871e-15 
       6.962131926161e+12       1.559377734989e-23       6.657319318037e-08       1.045790157820e+20       1.436341641620e-13       1.107988888917e-15 
       6.913735775731e+12       1.581285432786e-23       6.703885446768e-08       1.031301404392e+20       1.446396033111e-13       1.123555024814e-15 
       6.865676043427e+12       1.603500911830e-23       6.750815373380e-08       1.017013383371e+20       1.456520805343e-13       1.139339849355e-15 
       6.817950390692e+12       1.626028496138e-23       6.798109097872e-08       1.002923313738e+20       1.466716450981e-13       1.155346434896e-15 
       6.770556495226e+12       1.648872570478e-23       6.845584721304e-08       9.890284530032e+19       1.476983466138e-13       1.171577896957e-15 
       6.723492050870e+12       1.672037581219e-23       6.893606041558e-08       9.753260966728e+19       1.487322350401e-13       1.188037394828e-15 
       6.676754767497e+12       1.695528037196e-23       6.941809260752e-08       9.618135777211e+19       1.497733606853e-13       1.204728132185e-15 
       6.630342370901e+12       1.719348510588e-23       6.990376277827e-08       9.484882660727e+19       1.508217742101e-13       1.221653357711e-15 
       6.584252602682e+12       1.743503637811e-23       7.039307092782e-08       9.353475680903e+19       1.518775266296e-13       1.238816365731e-15 
       6.538483220141e+12       1.767998120417e-23       7.088601705618e-08       9.223889260696e+19       1.529406693160e-13       1.256220496850e-15 
       6.493031996168e+12       1.792836726009e-23       7.138260116335e-08       9.096098177419e+19       1.540112540012e-13       1.273869138607e-15 
       6.447896719134e+12       1.818024289170e-23       7.188282324933e-08       8.970077557825e+19       1.550893327792e-13       1.291765726132e-15 
       6.403075192784e+12       1.843565712406e-23       7.238486432470e-08       8.845802873275e+19       1.561749581087e-13       1.309913742815e-15 
       6.358565236131e+12       1.869465967098e-23       7.289236236829e-08       8.723249934955e+19       1.572681828155e-13       1.328316720984e-15 
       6.314364683348e+12       1.895730094467e-23       7.340167940129e-08       8.602394889174e+19       1.583690600952e-13       1.346978242594e-15 
       6.270471383662e+12       1.922363206562e-23       7.391645340249e-08       8.483214212715e+19       1.594776435158e-13       1.365901939920e-15 
       6.226883201253e+12       1.949370487248e-23       7.443304639310e-08       8.365684708265e+19       1.605939870204e-13       1.385091496271e-15 
       6.183598015147e+12       1.976757193221e-23       7.495509635191e-08       8.249783499891e+19       1.617181449296e-13       1.404550646698e-15 
       6.140613719113e+12       2.004528655026e-23       7.547896530014e-08       8.135488028593e+19       1.628501719441e-13       1.424283178730e-15 
       6.097928221562e+12       2.032690278098e-23       7.600829121657e-08       8.022776047911e+19       1.639901231477e-13       1.444292933104e-15 
       6.055539445444e+12       2.061247543812e-23       7.653943612240e-08       7.911625619597e+19       1.651380540097e-13       1.464583804517e-15 
       6.013445328147e+12       2.090206010553e-23       7.707603799645e-08       7.802015109342e+19       1.662940203878e-13       1.485159742383e-15 
       5.971643821397e+12       2.119571314792e-23       7.761445885990e-08       7.693923182565e+19       1.674580785305e-13       1.506024751599e-15 
       5.930132891159e+12       2.149349172191e-23       7.815833669156e-08       7.587328800265e+19       1.686302850802e-13       1.527182893330e-15 
       5.888910517536e+12       2.179545378708e-23       7.870585250203e-08       7.482211214922e+19       1.698106970758e-13       1.548638285794e-15 
       5.847974694673e+12       2.210165811731e-23       7.925700629130e-08       7.378549966458e+19       1.709993719553e-13       1.570395105067e-15 
       5.807323430659e+12       2.241216431217e-23       7.981179805938e-08       7.276324878259e+19       1.721963675590e-13       1.592457585893e-15 
       5.766954747427e+12       2.272703280856e-23       8.037022780627e-08       7.175516053241e+19       1.734017421319e-13       1.614830022513e-15 
       5.726866680662e+12       2.304632489245e-23       8.093229553197e-08       7.076103869987e+19       1.746155543269e-13       1.637516769495e-15 
       5.687057279704e+12       2.337010271084e-23       8.149982022587e-08       6.978068978917e+19       1.758378632071e-13       1.660522242584e-15 
       5.647524607452e+12       2.369842928379e-23       8.206916390918e-08       6.881392298529e+19       1.770687282496e-13       1.683850919566e-15 
       5.608266740270e+12       2.403136851676e-23       8.264396456070e-08       6.786055011684e+19       1.783082093473e-13       1.707507341130e-15 
       5.569281767895e+12       2.436898521302e-23       8.322240319103e-08       6.692038561942e+19       1.795563668128e-13       1.731496111760e-15 
       5.530567793341e+12       2.471134508624e-23       8.380447980016e-08       6.599324649949e+19       1.808132613805e-13       1.755821900629e-15 
       5.492122932811e+12       2.505851477332e-23       8.439201337751e-08       6.507895229878e+19       1.820789542101e-13       1.780489442505e-15 
       5.453945315602e+12       2.541056184734e-23       8.498318493366e-08       6.417732505917e+19       1.833535068896e-13       1.805503538678e-15 
       5.416033084014e+12       2.576755483069e-23       8.557799446862e-08       6.328818928800e+19       1.846369814378e-13       1.830869057887e-15 
       5.378384393261e+12       2.612956320847e-23       8.617644198239e-08       6.241137192398e+19       1.859294403079e-13       1.856590937276e-15 
       5.340997411381e+12       2.649665744195e-23       8.678034646437e-08       6.154670230346e+19       1.872309463901e-13       1.882674183348e-15 
       5.303870319147e+12       2.686890898231e-23       8.738788892515e-08       6.069401212722e+19       1.885415630148e-13       1.909123872944e-15 
       5.267001309978e+12       2.724639028456e-23       8.799906936474e-08       5.985313542773e+19       1.898613539559e-13       1.935945154228e-15 
       5.230388589849e+12       2.762917482163e-23       8.861388778314e-08       5.902390853683e+19       1.911903834336e-13       1.963143247694e-15 
       5.194030377208e+12       2.801733709866e-23       8.923416316975e-08       5.820617005387e+19       1.925287161176e-13       1.990723447175e-15 
       5.157924902888e+12       2.841095266751e-23       8.985989552457e-08       5.739976081433e+19       1.938764171305e-13       2.018691120877e-15 
       5.122070410018e+12       2.881009814150e-23       9.048926585820e-08       5.660452385877e+19       1.952335520504e-13       2.047051712428e-15 
       5.086465153940e+12       2.921485121024e-23       9.112227417063e-08       5.582030440235e+19       1.966001869147e-13       2.075810741929e-15 
       5.051107402125e+12       2.962529065485e-23       9.176073945127e-08       5.504694980467e+19       1.979763882231e-13       2.104973807036e-15 
       5.015995434086e+12       3.004149636321e-23       9.240284271073e-08       5.428430954007e+19       1.993622229407e-13       2.134546584044e-15 
       4.981127541297e+12       3.046354934557e-23       9.304858394898e-08       5.353223516832e+19       2.007577585013e-13       2.164534828996e-15 
       4.946502027107e+12       3.089153175028e-23       9.369978215545e-08       5.279058030573e+19       2.021630628108e-13       2.194944378801e-15 
       4.912117206661e+12       3.132552687979e-23       9.435643733013e-08       5.205920059668e+19       2.035782042505e-13       2.225781152371e-15 
       4.877971406813e+12       3.176561920687e-23       9.501673048362e-08       5.133795368548e+19       2.050032516802e-13       2.257051151773e-15 
       4.844062966051e+12       3.221189439106e-23       9.568248060532e-08       5.062669918870e+19       2.064382744420e-13       2.288760463397e-15 
       4.810390234410e+12       3.266443929530e-23       9.635186870582e-08       4.992529866784e+19       2.078833423631e-13       2.320915259139e-15 
       4.776951573396e+12       3.312334200291e-23       9.702671377454e-08       4.923361560236e+19       2.093385257596e-13       2.353521797607e-15 
       4.743745355905e+12       3.358869183465e-23       9.770519682206e-08       4.855151536315e+19       2.108038954399e-13       2.386586425333e-15 
       4.710769966141e+12       3.406057936618e-23       9.838913683780e-08       4.787886518627e+19       2.122795227080e-13       2.420115578014e-15 
       4.678023799545e+12       3.453909644564e-23       9.907853382174e-08       4.721553414715e+19       2.137654793670e-13       2.454115781761e-15 
       4.645505262706e+12       3.502433621154e-23       9.977156878449e-08       4.656139313512e+19       2.152618377225e-13       2.488593654370e-15 
       4.613212773293e+12       3.551639311092e-23       1.004700607155e-07       4.591631482821e+19       2.167686705866e-13       2.523555906611e-15 
       4.581144759973e+12       3.601536291767e-23       1.011740096146e-07       4.528017366846e+19       2.182860512807e-13       2.559009343534e-15 
       4.549299662336e+12       3.652134275124e-23       1.018815964926e-07       4.465284583741e+19       2.198140536397e-13       2.594960865792e-15 
       4.517675930820e+12       3.703443109549e-23       1.025946403388e-07       4.403420923203e+19       2.213527520152e-13       2.631417470986e-15 
       4.486272026634e+12       3.755472781788e-23       1.033131411532e-07       4.342414344094e+19       2.229022212793e-13       2.668386255026e-15 
       4.455086421682e+12       3.808233418893e-23       1.040352799464e-07       4.282252972100e+19       2.244625368282e-13       2.705874413513e-15 
       4.424117598493e+12       3.861735290188e-23       1.047646946972e-07       4.222925097418e+19       2.260337745860e-13       2.743889243138e-15 
       4.393364050142e+12       3.915988809273e-23       1.054977474269e-07       4.164419172475e+19       2.276160110081e-13       2.782438143105e-15 
       4.362824280180e+12       3.971004536048e-23       1.062362571247e-07       4.106723809684e+19       2.292093230852e-13       2.821528616566e-15 
       4.332496802562e+12       4.026793178767e-23       1.069802237907e-07       4.049827779225e+19       2.308137883468e-13       2.861168272090e-15 
       4.302380141571e+12       4.083365596128e-23       1.077278284356e-07       3.993720006860e+19       2.324294848652e-13       2.901364825133e-15 
       4.272472831749e+12       4.140732799381e-23       1.084827090381e-07       3.938389571777e+19       2.340564912593e-13       2.942126099550e-15 
       4.242773417824e+12       4.198905954472e-23       1.092412276193e-07       3.883825704466e+19       2.356948866981e-13       2.983460029111e-15 
       4.213280454642e+12       4.257896384218e-23       1.100070221582e-07       3.830017784620e+19       2.373447509050e-13       3.025374659048e-15 
       4.183992507092e+12       4.317715570512e-23       1.107764546759e-07       3.776955339073e+19       2.390061641613e-13       3.067878147621e-15 
       4.154908150042e+12       4.378375156554e-23       1.115531631513e-07       3.724628039753e+19       2.406792073105e-13       3.110978767705e-15 
       4.126025968264e+12       4.439886949120e-23       1.123335096054e-07       3.673025701680e+19       2.423639617616e-13       3.154684908399e-15 
       4.097344556369e+12       4.502262920860e-23       1.131193130277e-07       3.622138280981e+19       2.440605094940e-13       3.199005076665e-15 
       4.068862518738e+12       4.565515212626e-23       1.139105734183e-07       3.571955872933e+19       2.457689330604e-13       3.243947898974e-15 
       4.040578469452e+12       4.629656135839e-23       1.147091097664e-07       3.522468710036e+19       2.474893155918e-13       3.289522122993e-15 
       4.012491032226e+12       4.694698174882e-23       1.155112840934e-07       3.473667160114e+19       2.492217408010e-13       3.335736619285e-15 
       3.984598840344e+12       4.760653989532e-23       1.163207343780e-07       3.425541724438e+19       2.509662929866e-13       3.382600383035e-15 
       3.956900536587e+12       4.827536417421e-23       1.171338226413e-07       3.378083035877e+19       2.527230570375e-13       3.430122535802e-15 
       3.929394773175e+12       4.895358476540e-23       1.179541868623e-07       3.331281857077e+19       2.544921184368e-13       3.478312327293e-15 
       3.902080211693e+12       4.964133367767e-23       1.187800080515e-07       3.285129078661e+19       2.562735632658e-13       3.527179137165e-15 
       3.874955523032e+12       5.033874477441e-23       1.196112862090e-07       3.239615717456e+19       2.580674782087e-13       3.576732476847e-15 
       3.848019387321e+12       5.104595379964e-23       1.204480213346e-07       3.194732914747e+19       2.598739505562e-13       3.626981991399e-15 
       3.821270493864e+12       5.176309840446e-23       1.212920324178e-07       3.150471934548e+19       2.616930682101e-13       3.677937461380e-15 
       3.794707541076e+12       5.249031817384e-23       1.221415004693e-07       3.106824161907e+19       2.635249196875e-13       3.729608804759e-15 
       3.768329236421e+12       5.322775465375e-23       1.229964254890e-07       3.063781101226e+19       2.653695941254e-13       3.782006078841e-15 
       3.742134296347e+12       5.397555137877e-23       1.238568074768e-07       3.021334374607e+19       2.672271812842e-13       3.835139482225e-15 
       3.716121446223e+12       5.473385389998e-23       1.247244654223e-07       2.979475720223e+19       2.690977715532e-13       3.889019356794e-15 
       3.690289420281e+12       5.550280981330e-23       1.255975803360e-07       2.938196990710e+19       2.709814559541e-13       3.943656189720e-15 
       3.664636961550e+12       5.628256878825e-23       1.264761522179e-07       2.897490151580e+19       2.728783261458e-13       3.999060615511e-15 
       3.639162821797e+12       5.707328259703e-23       1.273620000575e-07       2.857347279657e+19       2.747884744288e-13       4.055243418080e-15 
       3.613865761467e+12       5.787510514411e-23       1.282533048652e-07       2.817760561537e+19       2.767119937498e-13       4.112215532842e-15 
       3.588744549620e+12       5.868819249615e-23       1.291500666412e-07       2.778722292065e+19       2.786489777061e-13       4.169988048844e-15 
       3.563797963873e+12       5.951270291240e-23       1.300541043747e-07       2.740224872836e+19       2.805995205500e-13       4.228572210923e-15 
       3.539024790340e+12       6.034879687549e-23       1.309654180659e-07       2.702260810715e+19       2.825637171939e-13       4.287979421894e-15 
       3.514423823575e+12       6.119663712265e-23       1.318821887253e-07       2.664822716382e+19       2.845416632142e-13       4.348221244772e-15 
       3.489993866509e+12       6.205638867745e-23       1.328044163529e-07       2.627903302889e+19       2.865334548567e-13       4.409309405019e-15 
       3.465733730397e+12       6.292821888184e-23       1.337357389275e-07       2.591495384244e+19       2.885391890407e-13       4.471255792828e-15 
       3.441642234753e+12       6.381229742877e-23       1.346706994809e-07       2.555591874015e+19       2.905589633640e-13       4.534072465440e-15 
       3.417718207302e+12       6.470879639519e-23       1.356129359920e-07       2.520185783945e+19       2.925928761076e-13       4.597771649485e-15 
       3.393960483915e+12       6.561789027560e-23       1.365624484606e-07       2.485270222597e+19       2.946410262403e-13       4.662365743366e-15 
       3.370367908555e+12       6.653975601593e-23       1.375192368869e-07       2.450838394008e+19       2.967035134240e-13       4.727867319671e-15 
       3.346939333222e+12       6.747457304804e-23       1.384814822813e-07       2.416883596371e+19       2.987804380180e-13       4.794289127622e-15 
       3.323673617897e+12       6.842252332463e-23       1.394510036334e-07       2.383399220728e+19       3.008719010841e-13       4.861644095552e-15 
       3.300569630483e+12       6.938379135465e-23       1.404278009431e-07       2.350378749682e+19       3.029780043917e-13       4.929945333425e-15 
       3.277626246756e+12       7.035856423923e-23       1.414100552211e-07       2.317815756132e+19       3.050988504224e-13       4.999206135390e-15 
       3.254842350304e+12       7.134703170805e-23       1.423995854566e-07       2.285703902021e+19       3.072345423754e-13       5.069439982360e-15 
       3.232216832476e+12       7.234938615634e-23       1.433963916497e-07       2.254036937100e+19       3.093851841720e-13       5.140660544646e-15 
       3.209748592330e+12       7.336582268228e-23       1.444004738005e-07       2.222808697714e+19       3.115508804612e-13       5.212881684611e-15 
       3.187436536574e+12       7.439653912496e-23       1.454118319089e-07       2.192013105602e+19       3.137317366245e-13       5.286117459371e-15 
       3.165279579517e+12       7.544173610294e-23       1.464286469854e-07       2.161644166712e+19       3.159278587809e-13       5.360382123530e-15 
       3.143276643016e+12       7.650161705326e-23       1.474545570090e-07       2.131695970037e+19       3.181393537923e-13       5.435690131954e-15 
       3.121426656421e+12       7.757638827105e-23       1.484859240009e-07       2.102162686463e+19       3.203663292689e-13       5.512056142589e-15 
       3.099728556525e+12       7.866625894967e-23       1.495263859397e-07       2.073038567634e+19       3.226088935738e-13       5.589495019307e-15 
       3.078181287513e+12       7.977144122145e-23       1.505723048467e-07       2.044317944835e+19       3.248671558288e-13       5.668021834803e-15 
       3.056783800906e+12       8.089215019896e-23       1.516273187008e-07       2.015995227886e+19       3.271412259196e-13       5.747651873529e-15 
       3.035535055518e+12       8.202860401690e-23       1.526877895230e-07       1.988064904057e+19       3.294312145010e-13       5.828400634668e-15 
       3.014434017396e+12       8.318102387451e-23       1.537573552923e-07       1.960521536992e+19       3.317372330025e-13       5.910283835152e-15 
       2.993479659777e+12       8.434963407871e-23       1.548323780298e-07       1.933359765652e+19       3.340593936336e-13       5.993317412720e-15 
       2.972670963036e+12       8.553466208766e-23       1.559164957143e-07       1.906574303273e+19       3.363978093890e-13       6.077517529017e-15 
       2.952006914634e+12       8.673633855510e-23       1.570078893565e-07       1.880159936335e+19       3.387525940547e-13       6.162900572748e-15 
       2.931486509070e+12       8.795489737522e-23       1.581065589562e-07       1.854111523548e+19       3.411238622131e-13       6.249483162859e-15 
       2.911108747835e+12       8.919057572821e-23       1.592143235030e-07       1.828423994852e+19       3.435117292486e-13       6.337282151778e-15 
       2.890872639360e+12       9.044361412637e-23       1.603293640073e-07       1.803092350428e+19       3.459163113534e-13       6.426314628692e-15 
       2.870777198967e+12       9.171425646098e-23       1.614516804693e-07       1.778111659728e+19       3.483377255328e-13       6.516597922873e-15 
       2.850821448825e+12       9.300275004975e-23       1.625812728889e-07       1.753477060512e+19       3.507760896116e-13       6.608149607053e-15 
       2.831004417900e+12       9.430934568493e-23       1.637199602555e-07       1.729183757904e+19       3.532315222389e-13       6.700987500844e-15 
       2.811325141906e+12       9.563429768220e-23       1.648659235798e-07       1.705227023459e+19       3.557041428945e-13       6.795129674203e-15 
       2.791782663263e+12       9.697786393006e-23       1.660191628616e-07       1.681602194239e+19       3.581940718948e-13       6.890594450956e-15 
       2.772376031046e+12       9.834030594014e-23       1.671814970905e-07       1.658304671911e+19       3.607014303981e-13       6.987400412356e-15 
       2.753104300939e+12       9.972188889801e-23       1.683511072770e-07       1.635329921846e+19       3.632263404109e-13       7.085566400706e-15 
       2.733966535193e+12       1.011228817148e-22       1.695298124105e-07       1.612673472241e+19       3.657689247937e-13       7.185111523027e-15 
       2.714961802575e+12       1.025435570798e-22       1.707176124910e-07       1.590330913248e+19       3.683293072673e-13       7.286055154769e-15 
       2.696089178327e+12       1.039841915129e-22       1.719126885291e-07       1.568297896113e+19       3.709076124182e-13       7.388416943594e-15 
       2.677347744118e+12       1.054450654191e-22       1.731150405249e-07       1.546570132330e+19       3.735039657051e-13       7.492216813188e-15 
       2.658736588002e+12       1.069264631429e-22       1.743264874676e-07       1.525143392812e+19       3.761184934651e-13       7.597474967149e-15 
       2.640254804371e+12       1.084286730233e-22       1.755470293574e-07       1.504013507058e+19       3.787513229193e-13       7.704211892915e-15 
       2.621901493914e+12       1.099519874502e-22       1.767766661942e-07       1.483176362350e+19       3.814025821798e-13       7.812448365749e-15 
       2.603675763569e+12       1.114967029216e-22       1.780135789886e-07       1.462627902948e+19       3.840724002550e-13       7.922205452789e-15 
       2.585576726483e+12       1.130631201006e-22       1.792595867300e-07       1.442364129302e+19       3.867609070568e-13       8.033504517144e-15 
       2.567603501969e+12       1.146515438746e-22       1.805146894185e-07       1.422381097273e+19       3.894682334062e-13       8.146367222054e-15 
       2.549755215461e+12       1.162622834141e-22       1.817788870540e-07       1.402674917366e+19       3.921945110401e-13       8.260815535103e-15 
       2.532030998472e+12       1.178956522334e-22       1.830503606470e-07       1.383241753971e+19       3.949398726174e-13       8.376871732501e-15 
       2.514429988552e+12       1.195519682513e-22       1.843327481765e-07       1.364077824619e+19       3.977044517257e-13       8.494558403415e-15 
       2.496951329247e+12       1.212315538528e-22       1.856224116636e-07       1.345179399245e+19       4.004883828878e-13       8.613898454368e-15 
       2.479594170057e+12       1.229347359525e-22       1.869211700978e-07       1.326542799462e+19       4.032918015680e-13       8.734915113695e-15 
       2.462357666392e+12       1.246618460575e-22       1.882308424683e-07       1.308164397843e+19       4.061148441790e-13       8.857631936068e-15 
       2.445240979535e+12       1.264132203324e-22       1.895477907965e-07       1.290040617218e+19       4.089576480882e-13       8.982072807078e-15 
       2.428243276599e+12       1.281891996644e-22       1.908738340717e-07       1.272167929976e+19       4.118203516249e-13       9.108261947882e-15 
       2.411363730485e+12       1.299901297301e-22       1.922107912833e-07       1.254542857379e+19       4.147030940862e-13       9.236223919925e-15 
       2.394601519846e+12       1.318163610623e-22       1.935568434419e-07       1.237161968884e+19       4.176060157449e-13       9.365983629712e-15 
       2.377955829043e+12       1.336682491184e-22       1.949101715581e-07       1.220021881478e+19       4.205292578551e-13       9.497566333660e-15 
       2.361425848106e+12       1.355461543498e-22       1.962744136108e-07       1.203119259014e+19       4.234729626601e-13       9.630997643014e-15 
       2.345010772697e+12       1.374504422718e-22       1.976495695999e-07       1.186450811568e+19       4.264372733987e-13       9.766303528832e-15 
       2.328709804069e+12       1.393814835348e-22       1.990320015466e-07       1.170013294795e+19       4.294223343125e-13       9.903510327038e-15 
       2.312522149025e+12       1.413396539965e-22       2.004253474297e-07       1.153803509299e+19       4.324282906527e-13       1.004264474355e-14 
       2.296447019886e+12       1.433253347950e-22       2.018296072492e-07       1.137818300008e+19       4.354552886873e-13       1.018373385948e-14 
       2.280483634445e+12       1.453389124231e-22       2.032411430264e-07       1.122054555563e+19       4.385034757081e-13       1.032680513640e-14 
       2.264631215933e+12       1.473807788032e-22       2.046635927400e-07       1.106509207710e+19       4.415730000381e-13       1.047188642168e-14 
       2.248888992983e+12       1.494513313641e-22       2.060969563900e-07       1.091179230703e+19       4.446640110383e-13       1.061900595394e-14 
       2.233256199585e+12       1.515509731179e-22       2.075394149870e-07       1.076061640719e+19       4.477766591156e-13       1.076819236851e-14 
       2.217732075060e+12       1.536801127387e-22       2.089927875204e-07       1.061153495269e+19       4.509110957294e-13       1.091947470301e-14 
       2.202315864012e+12       1.558391646420e-22       2.104552550009e-07       1.046451892635e+19       4.540674733995e-13       1.107288240303e-14 
       2.187006816298e+12       1.580285490655e-22       2.119286364177e-07       1.031953971298e+19       4.572459457133e-13       1.122844532783e-14 
       2.171804186989e+12       1.602486921507e-22       2.134129317710e-07       1.017656909384e+19       4.604466673333e-13       1.138619375615e-14 
       2.156707236334e+12       1.625000260261e-22       2.149063220713e-07       1.003557924114e+19       4.636697940047e-13       1.154615839215e-14 
       2.141715229726e+12       1.647829888912e-22       2.164106263081e-07       9.896542712621e+18       4.669154825627e-13       1.170837037131e-14 
       2.126827437662e+12       1.670980251015e-22       2.179258444812e-07       9.759432446239e+18       4.701838909407e-13       1.187286126656e-14 
       2.112043135712e+12       1.694455852555e-22       2.194501576014e-07       9.624221754859e+18       4.734751781773e-13       1.203966309440e-14 
       2.097361604481e+12       1.718261262821e-22       2.209872036474e-07       9.490884321086e+18       4.767895044245e-13       1.220880832112e-14 
       2.082782129574e+12       1.742401115296e-22       2.225333446404e-07       9.359394192134e+18       4.801270309555e-13       1.238032986912e-14 
       2.068304001563e+12       1.766880108558e-22       2.240922185592e-07       9.229725774778e+18       4.834879201722e-13       1.255426112336e-14 
       2.053926515951e+12       1.791703007197e-22       2.256601874251e-07       9.101853830368e+18       4.868723356134e-13       1.273063593778e-14 
       2.039648973139e+12       1.816874642738e-22       2.272390702274e-07       8.975753469921e+18       4.902804419627e-13       1.290948864196e-14 
       2.025470678390e+12       1.842399914587e-22       2.288306859555e-07       8.851400149276e+18       4.937124050565e-13       1.309085404779e-14 
       2.011390941798e+12       1.868283790979e-22       2.304332156200e-07       8.728769664314e+18       4.971683918919e-13       1.327476745619e-14 
       1.997409078250e+12       1.894531309952e-22       2.320448402315e-07       8.607838146248e+18       5.006485706351e-13       1.346126466408e-14 
       1.983524407398e+12       1.921147580317e-22       2.336691977689e-07       8.488582056981e+18       5.041531106296e-13       1.365038197123e-14 
       1.969736253623e+12       1.948137782666e-22       2.353062882321e-07       8.370978184517e+18       5.076821824040e-13       1.384215618743e-14 
       1.956043946001e+12       1.975507170366e-22       2.369524736423e-07       8.255003638451e+18       5.112359576808e-13       1.403662463958e-14 
       1.942446818273e+12       2.003261070595e-22       2.386113919783e-07       8.140635845507e+18       5.148146093846e-13       1.423382517903e-14 
       1.928944208811e+12       2.031404885367e-22       2.402812242508e-07       8.027852545150e+18       5.184183116503e-13       1.443379618884e-14 
       1.915535460587e+12       2.059944092594e-22       2.419637894491e-07       7.916631785248e+18       5.220472398319e-13       1.463657659137e-14 
       1.902219921139e+12       2.088884247142e-22       2.436572685838e-07       7.806951917804e+18       5.257015705107e-13       1.484220585578e-14 
       1.888996942541e+12       2.118230981921e-22       2.453634806443e-07       7.698791594738e+18       5.293814815043e-13       1.505072400571e-14 
       1.875865881371e+12       2.147990008977e-22       2.470806066412e-07       7.592129763736e+18       5.330871518748e-13       1.526217162714e-14 
       1.862826098681e+12       2.178167120604e-22       2.488104655640e-07       7.486945664148e+18       5.368187619380e-13       1.547658987619e-14 
       1.849876959961e+12       2.208768190472e-22       2.505512384232e-07       7.383218822952e+18       5.405764932716e-13       1.569402048722e-14 
       1.837017835115e+12       2.239799174771e-22       2.523047442082e-07       7.280929050765e+18       5.443605287245e-13       1.591450578090e-14 
       1.824248098426e+12       2.271266113367e-22       2.540709829191e-07       7.180056437915e+18       5.481710524256e-13       1.613808867247e-14 
       1.811567128526e+12       2.303175130984e-22       2.558499545557e-07       7.080581350568e+18       5.520082497925e-13       1.636481268008e-14 
       1.798974308368e+12       2.335532438389e-22       2.576416591182e-07       6.982484426901e+18       5.558723075411e-13       1.659472193327e-14 
       1.786469025191e+12       2.368344333606e-22       2.594442776171e-07       6.885746573338e+18       5.597634136939e-13       1.682786118156e-14 
       1.774050670498e+12       2.401617203138e-22       2.612614480313e-07       6.790348960833e+18       5.636817575898e-13       1.706427580314e-14 
       1.761718640017e+12       2.435357523214e-22       2.630895323819e-07       6.696273021203e+18       5.676275298929e-13       1.730401181373e-14 
       1.749472333682e+12       2.469571861047e-22       2.649303496582e-07       6.603500443517e+18       5.716009226022e-13       1.754711587554e-14 
       1.737311155592e+12       2.504266876111e-22       2.667857188499e-07       6.512013170529e+18       5.756021290604e-13       1.779363530631e-14 
       1.725234513994e+12       2.539449321442e-22       2.686538209673e-07       6.421793395164e+18       5.796313439638e-13       1.804361808855e-14 
       1.713241821246e+12       2.575126044948e-22       2.705328370212e-07       6.332823557055e+18       5.836887633716e-13       1.829711287890e-14 
       1.701332493789e+12       2.611303990741e-22       2.724282239797e-07       6.245086339121e+18       5.877745847152e-13       1.855416901756e-14 
       1.689505952124e+12       2.647990200495e-22       2.743345248746e-07       6.158564664197e+18       5.918890068082e-13       1.881483653790e-14 
       1.677761620779e+12       2.685191814809e-22       2.762553776847e-07       6.073241691713e+18       5.960322298559e-13       1.907916617624e-14 
       1.666098928281e+12       2.722916074603e-22       2.781889634207e-07       5.989100814414e+18       6.002044554649e-13       1.934720938166e-14 
       1.654517307131e+12       2.761170322522e-22       2.801352820825e-07       5.906125655128e+18       6.044058866532e-13       1.961901832606e-14 
       1.643016193774e+12       2.799962004369e-22       2.820961526595e-07       5.824300063577e+18       6.086367278598e-13       1.989464591433e-14 
       1.631595028574e+12       2.839298670555e-22       2.840715751518e-07       5.743608113236e+18       6.128971849548e-13       2.017414579457e-14 
       1.620253255784e+12       2.879187977564e-22       2.860597305698e-07       5.664034098232e+18       6.171874652495e-13       2.045757236863e-14 
       1.608990323519e+12       2.919637689447e-22       2.880624379031e-07       5.585562530285e+18       6.215077775063e-13       2.074498080263e-14 
       1.597805683733e+12       2.960655679331e-22       2.900796971517e-07       5.508178135698e+18       6.258583319488e-13       2.103642703771e-14 
       1.586698792187e+12       3.002249930955e-22       2.921096893260e-07       5.431865852378e+18       6.302393402725e-13       2.133196780094e-14 
       1.575669108428e+12       3.044428540220e-22       2.941542334156e-07       5.356610826912e+18       6.346510156544e-13       2.163166061635e-14 
       1.564716095758e+12       3.087199716766e-22       2.962133294204e-07       5.282398411666e+18       6.390935727640e-13       2.193556381611e-14 
       1.553839221210e+12       3.130571785571e-22       2.982869773405e-07       5.209214161945e+18       6.435672277734e-13       2.224373655193e-14 
       1.543037955521e+12       3.174553188571e-22       3.003751771757e-07       5.137043833173e+18       6.480721983678e-13       2.255623880651e-14 
       1.532311773109e+12       3.219152486301e-22       3.024779289262e-07       5.065873378123e+18       6.526087037564e-13       2.287313140526e-14 
       1.521660152045e+12       3.264378359564e-22       3.045952325920e-07       4.995688944185e+18       6.571769646827e-13       2.319447602812e-14 
       1.511082574026e+12       3.310239611120e-22       3.067270881729e-07       4.926476870668e+18       6.617772034355e-13       2.352033522158e-14 
       1.500578524356e+12       3.356745167400e-22       3.088734956691e-07       4.858223686140e+18       6.664096438596e-13       2.385077241084e-14 
       1.490147491912e+12       3.403904080239e-22       3.110362740699e-07       4.790916105808e+18       6.710745113666e-13       2.418585191218e-14 
       1.479788969128e+12       3.451725528644e-22       3.132136043860e-07       4.724541028930e+18       6.757720329462e-13       2.452563894542e-14 
       1.469502451965e+12       3.500218820577e-22       3.154054866172e-07       4.659085536269e+18       6.805024371768e-13       2.487019964668e-14 
       1.459287439885e+12       3.549393394768e-22       3.176137397531e-07       4.594536887573e+18       6.852659542371e-13       2.521960108124e-14 
       1.449143435835e+12       3.599258822552e-22       3.198365448043e-07       4.530882519099e+18       6.900628159168e-13       2.557391125653e-14 
       1.439069946211e+12       3.649824809730e-22       3.220757207600e-07       4.468110041168e+18       6.948932556282e-13       2.593319913548e-14 
       1.429066480845e+12       3.701101198462e-22       3.243294486310e-07       4.406207235750e+18       6.997575084176e-13       2.629753464983e-14 
       1.419132552974e+12       3.753097969178e-22       3.266013663961e-07       4.345162054088e+18       7.046558109766e-13       2.666698871382e-14 
       1.409267679220e+12       3.805825242526e-22       3.288860170869e-07       4.284962614355e+18       7.095884016534e-13       2.704163323794e-14 
       1.399471379563e+12       3.859293281337e-22       3.311888576718e-07       4.225597199338e+18       7.145555204650e-13       2.742154114298e-14 
       1.389743177321e+12       3.913512492625e-22       3.335080691613e-07       4.167054254157e+18       7.195574091083e-13       2.780678637417e-14 
       1.380082599127e+12       3.968493429611e-22       3.358418325661e-07       4.109322384019e+18       7.245943109721e-13       2.819744391560e-14 
       1.370489174903e+12       4.024246793781e-22       3.381919668755e-07       4.052390351999e+18       7.296664711489e-13       2.859358980483e-14 
       1.360962437838e+12       4.080783436963e-22       3.405602910789e-07       3.996247076852e+18       7.347741364470e-13       2.899530114764e-14 
       1.351501924367e+12       4.138114363445e-22       3.429431671975e-07       3.940881630855e+18       7.399175554021e-13       2.940265613311e-14 
       1.342107174148e+12       4.196250732113e-22       3.453442332102e-07       3.886283237683e+18       7.450969782900e-13       2.981573404876e-14 
       1.332777730038e+12       4.255203858623e-22       3.477616701275e-07       3.832441270310e+18       7.503126571380e-13       3.023461529603e-14 
       1.323513138072e+12       4.314985217608e-22       3.501972969389e-07       3.779345248942e+18       7.555648457380e-13       3.065938140595e-14 
       1.314312947439e+12       4.375606444904e-22       3.526474756654e-07       3.726984838973e+18       7.608537996582e-13       3.109011505493e-14 
       1.305176710466e+12       4.437079339822e-22       3.551158442860e-07       3.675349848978e+18       7.661797762558e-13       3.152690008094e-14 
       1.296103982588e+12       4.499415867440e-22       3.576024028007e-07       3.624430228728e+18       7.715430346896e-13       3.196982149977e-14 
       1.287094322332e+12       4.562628160934e-22       3.601053322200e-07       3.574216067233e+18       7.769438359325e-13       3.241896552160e-14 
       1.278147291292e+12       4.626728523939e-22       3.626264515333e-07       3.524697590812e+18       7.823824427841e-13       3.287441956779e-14 
       1.269262454114e+12       4.691729432943e-22       3.651639417512e-07       3.475865161195e+18       7.878591198836e-13       3.333627228787e-14 
       1.260439378464e+12       4.757643539717e-22       3.677214408526e-07       3.427709273642e+18       7.933741337228e-13       3.380461357680e-14 
       1.251677635019e+12       4.824483673776e-22       3.702953108586e-07       3.380220555096e+18       7.989277526589e-13       3.427953459249e-14 
       1.242976797437e+12       4.892262844878e-22       3.728873707587e-07       3.333389762357e+18       8.045202469275e-13       3.476112777351e-14 
       1.234336442341e+12       4.960994245554e-22       3.754976205528e-07       3.287207780283e+18       8.101518886560e-13       3.524948685713e-14 
       1.225756149295e+12       5.030691253678e-22       3.781260602409e-07       3.241665620019e+18       8.158229518766e-13       3.574470689751e-14 
       1.217235500790e+12       5.101367435068e-22       3.807726898231e-07       3.196754417242e+18       8.215337125398e-13       3.624688428422e-14 
       1.208774082214e+12       5.173036546130e-22       3.834375092993e-07       3.152465430441e+18       8.272844485276e-13       3.675611676103e-14 
       1.200371481841e+12       5.245712536533e-22       3.861223376589e-07       3.108790039211e+18       8.330754396673e-13       3.727250344489e-14 
       1.192027290806e+12       5.319409551924e-22       3.888253559126e-07       3.065719742578e+18       8.389069677450e-13       3.779614484527e-14 
       1.183741103084e+12       5.394141936683e-22       3.915465640603e-07       3.023246157344e+18       8.447793165193e-13       3.832714288367e-14 
       1.175512515476e+12       5.469924236715e-22       3.942877810914e-07       2.981361016454e+18       8.506927717349e-13       3.886560091349e-14 
       1.167341127583e+12       5.546771202280e-22       3.970471880166e-07       2.940056167389e+18       8.566476211371e-13       3.941162374017e-14 
       1.159226541790e+12       5.624697790863e-22       3.998266038252e-07       2.899323570575e+18       8.626441544851e-13       3.996531764153e-14 
       1.151168363247e+12       5.703719170088e-22       4.026260285173e-07       2.859155297826e+18       8.686826635665e-13       4.052679038849e-14 
       1.143166199848e+12       5.783850720669e-22       4.054436431034e-07       2.819543530791e+18       8.747634422115e-13       4.109615126607e-14 
       1.135219662213e+12       5.865108039403e-22       4.082812665729e-07       2.780480559441e+18       8.808867863070e-13       4.167351109460e-14 
       1.127328363667e+12       5.947506942208e-22       4.111388989259e-07       2.741958780562e+18       8.870529938112e-13       4.225898225135e-14 
       1.119491920225e+12       6.031063467197e-22       4.140183591517e-07       2.703970696278e+18       8.932623647679e-13       4.285267869237e-14 
       1.111709950571e+12       6.115793877804e-22       4.169160092715e-07       2.666508912594e+18       8.995152013213e-13       4.345471597467e-14 
       1.103982076039e+12       6.201714665950e-22       4.198336682748e-07       2.629566137950e+18       9.058118077306e-13       4.406521127874e-14 
       1.096307920595e+12       6.288842555247e-22       4.227731551509e-07       2.593135181809e+18       9.121524903848e-13       4.468428343133e-14 
       1.088687110819e+12       6.377194504260e-22       4.257326509105e-07       2.557208953253e+18       9.185375578175e-13       4.531205292857e-14 
       1.081119275888e+12       6.466787709804e-22       4.287121555535e-07       2.521780459604e+18       9.249673207223e-13       4.594864195946e-14 
       1.073604047555e+12       6.557639610291e-22       4.317134880694e-07       2.486842805063e+18       9.314420919674e-13       4.659417442963e-14 
       1.066141060134e+12       6.649767889127e-22       4.347348294687e-07       2.452389189369e+18       9.379621866112e-13       4.724877598547e-14 
       1.058729950480e+12       6.743190478152e-22       4.377779987408e-07       2.418412906473e+18       9.445279219175e-13       4.791257403854e-14 
       1.051370357975e+12       6.837925561129e-22       4.408429958858e-07       2.384907343235e+18       9.511396173709e-13       4.858569779045e-14 
       1.044061924503e+12       6.933991577285e-22       4.439298209036e-07       2.351865978135e+18       9.577975946926e-13       4.926827825793e-14 
       1.036804294442e+12       7.031407224901e-22       4.470366548048e-07       2.319282380005e+18       9.645021778555e-13       4.996044829838e-14 
       1.029597114639e+12       7.130191464950e-22       4.501653165789e-07       2.287150206777e+18       9.712536931005e-13       5.066234263571e-14 
       1.022440034398e+12       7.230363524786e-22       4.533176252153e-07       2.255463204246e+18       9.780524689522e-13       5.137409788657e-14 
       1.015332705460e+12       7.331942901889e-22       4.564899427351e-07       2.224215204859e+18       9.848988362349e-13       5.209585258693e-14 
       1.008274781986e+12       7.434949367660e-22       4.596859071171e-07       2.193400126508e+18       9.917931280886e-13       5.282774721906e-14 
       1.001265920542e+12       7.539402971268e-22       4.629036993720e-07       2.163011971348e+18       9.987356799853e-13       5.356992423886e-14 
       9.943057800818e+11       7.645324043551e-22       4.661433194997e-07       2.133044824633e+18       1.005726829745e-12       5.432252810359e-14 
       9.873940219282e+11       7.752733200978e-22       4.694065864896e-07       2.103492853558e+18       1.012766917553e-12       5.508570530000e-14 
       9.805303097599e+11       7.861651349656e-22       4.726935003418e-07       2.074350306133e+18       1.019856285976e-12       5.585960437282e-14 
       9.737143095927e+11       7.972099689403e-22       4.760022420669e-07       2.045611510053e+18       1.026995279978e-12       5.664437595370e-14 
       9.669456897643e+11       8.084099717874e-22       4.793328116648e-07       2.017270871603e+18       1.034184246938e-12       5.744017279049e-14 
       9.602241209178e+11       8.197673234744e-22       4.826888471143e-07       1.989322874563e+18       1.041423536667e-12       5.824714977703e-14 
       9.535492759858e+11       8.312842345951e-22       4.860685294261e-07       1.961762079137e+18       1.048713501423e-12       5.906546398322e-14 
       9.469208301746e+11       8.429629468000e-22       4.894700396108e-07       1.934583120896e+18       1.056054495933e-12       5.989527468568e-14 
       9.403384609479e+11       8.548057332325e-22       4.928970156470e-07       1.907780709729e+18       1.063446877405e-12       6.073674339868e-14 
       9.338018480118e+11       8.668148989714e-22       4.963476385456e-07       1.881349628818e+18       1.070891005547e-12       6.159003390560e-14 
       9.273106732986e+11       8.789927814797e-22       4.998219083063e-07       1.855284733619e+18       1.078387242586e-12       6.245531229083e-14 
       9.208646209519e+11       8.913417510591e-22       5.033198249293e-07       1.829580950864e+18       1.085935953284e-12       6.333274697207e-14 
       9.144633773107e+11       9.038642113120e-22       5.068432074040e-07       1.804233277571e+18       1.093537504957e-12       6.422250873312e-14 
       9.081066308944e+11       9.165625996089e-22       5.103902367409e-07       1.779236780071e+18       1.101192267492e-12       6.512477075713e-14 
       9.017940723876e+11       9.294393875627e-22       5.139645509189e-07       1.754586593049e+18       1.108900613364e-12       6.603970866029e-14 
       8.955253946252e+11       9.424970815104e-22       5.175606929697e-07       1.730277918593e+18       1.116662917658e-12       6.696750052603e-14 
       8.893002925771e+11       9.557382230001e-22       5.211841198616e-07       1.706306025267e+18       1.124479558082e-12       6.790832693966e-14 
       8.831184633337e+11       9.691653892865e-22       5.248330126051e-07       1.682666247183e+18       1.132350914988e-12       6.886237102355e-14 
       8.769796060910e+11       9.827811938318e-22       5.285073712002e-07       1.659353983097e+18       1.140277371393e-12       6.982981847274e-14 
       8.708834221360e+11       9.965882868150e-22       5.322053766577e-07       1.636364695513e+18       1.148259312993e-12       7.081085759113e-14 
       8.648296148322e+11       1.010589355647e-21       5.359324859455e-07       1.613693909796e+18       1.156297128184e-12       7.180567932806e-14 
       8.588178896049e+11       1.024787125496e-21       5.396832420956e-07       1.591337213308e+18       1.164391208081e-12       7.281447731554e-14 
       8.528479539273e+11       1.039184359812e-21       5.434612830868e-07       1.569290254544e+18       1.172541946538e-12       7.383744790592e-14 
       8.469195173061e+11       1.053783860873e-21       5.472647899296e-07       1.547548742286e+18       1.180749740164e-12       7.487479021009e-14 
       8.410322912672e+11       1.068588470325e-21       5.510955816135e-07       1.526108444767e+18       1.189014988345e-12       7.592670613627e-14 
       8.351859893418e+11       1.083601069734e-21       5.549536581384e-07       1.504965188850e+18       1.197338093263e-12       7.699340042926e-14 
       8.293803270524e+11       1.098824581153e-21       5.588390195044e-07       1.484114859214e+18       1.205719459916e-12       7.807508071033e-14 
       8.236150218990e+11       1.114261967683e-21       5.627498467220e-07       1.463553397553e+18       1.214159496136e-12       7.917195751765e-14 
       8.178897933456e+11       1.129916234056e-21       5.666897777701e-07       1.443276801786e+18       1.222658612609e-12       8.028424434720e-14 
       8.122043628059e+11       1.145790427217e-21       5.706569936592e-07       1.423281125278e+18       1.231217222897e-12       8.141215769438e-14 
       8.065584536304e+11       1.161887636918e-21       5.746514943894e-07       1.403562476072e+18       1.239835743457e-12       8.255591709614e-14 
       8.009517910927e+11       1.178210996318e-21       5.786732799606e-07       1.384117016133e+18       1.248514593662e-12       8.371574517370e-14 
       7.953841023760e+11       1.194763682593e-21       5.827241693623e-07       1.364940960598e+18       1.257254195817e-12       8.489186767589e-14 
       7.898551165601e+11       1.211548917558e-21       5.868023436051e-07       1.346030577041e+18       1.266054975188e-12       8.608451352307e-14 
       7.843645646078e+11       1.228569968288e-21       5.909114406677e-07       1.327382184748e+18       1.274917360015e-12       8.729391485172e-14 
       7.789121793522e+11       1.245830147760e-21       5.950478225714e-07       1.308992153997e+18       1.283841781535e-12       8.852030705960e-14 
       7.734976954838e+11       1.263332815494e-21       5.992133083055e-07       1.290856905353e+18       1.292828674006e-12       8.976392885157e-14 
       7.681208495370e+11       1.281081378205e-21       6.034078978701e-07       1.272972908975e+18       1.301878474724e-12       9.102502228605e-14 
       7.627813798778e+11       1.299079290475e-21       6.076315912651e-07       1.255336683922e+18       1.310991624047e-12       9.230383282215e-14 
       7.574790266909e+11       1.317330055413e-21       6.118843884906e-07       1.237944797482e+18       1.320168565415e-12       9.360060936743e-14 
       7.522135319671e+11       1.335837225347e-21       6.161681085359e-07       1.220793864499e+18       1.329409745373e-12       9.491560432636e-14 
       7.469846394906e+11       1.354604402512e-21       6.204809324117e-07       1.203880546717e+18       1.338715613591e-12       9.624907364942e-14 
       7.417920948268e+11       1.373635239749e-21       6.248246791074e-07       1.187201552130e+18       1.348086622886e-12       9.760127688295e-14 
       7.366356453096e+11       1.392933441217e-21       6.291975296335e-07       1.170753634340e+18       1.357523229246e-12       9.897247721966e-14 
       7.315150400293e+11       1.412502763118e-21       6.336031219689e-07       1.154533591926e+18       1.367025891851e-12       1.003629415499e-13 
       7.264300298205e+11       1.432347014421e-21       6.380378181348e-07       1.138538267820e+18       1.376595073094e-12       1.017729405134e-13 
       7.213803672497e+11       1.452470057611e-21       6.425034371205e-07       1.122764548694e+18       1.386231238606e-12       1.032027485523e-13 
       7.163658066035e+11       1.472875809435e-21       6.470017979154e-07       1.107209364353e+18       1.395934857276e-12       1.046526439643e-13 
       7.113861038763e+11       1.493568241665e-21       6.515310815303e-07       1.091869687136e+18       1.405706401277e-12       1.061229089569e-13 
       7.064410167589e+11       1.514551381875e-21       6.560912879650e-07       1.076742531332e+18       1.415546346086e-12       1.076138297023e-13 
       7.015303046265e+11       1.535829314222e-21       6.606842362089e-07       1.061824952591e+18       1.425455170509e-12       1.091256963932e-13 
       6.966537285267e+11       1.557406180240e-21       6.653081072727e-07       1.047114047358e+18       1.435433356703e-12       1.106588032993e-13 
       6.918110511685e+11       1.579286179649e-21       6.699647201458e-07       1.032606952302e+18       1.445481390200e-12       1.122134488241e-13 
       6.870020369101e+11       1.601473571168e-21       6.746558938175e-07       1.018300843766e+18       1.455599759931e-12       1.137899355639e-13 
       6.822264517478e+11       1.623972673351e-21       6.793779903091e-07       1.004192937209e+18       1.465788958251e-12       1.153885703659e-13 
       6.774840633046e+11       1.646787865420e-21       6.841328286100e-07       9.902804866689e+17       1.476049480959e-12       1.170096643881e-13 
       6.727746408189e+11       1.669923588122e-21       6.889222277096e-07       9.765607842286e+17       1.486381827325e-12       1.186535331602e-13 
       6.680979551329e+11       1.693384344592e-21       6.937443686184e-07       9.630311594862e+17       1.496786500117e-12       1.203204966446e-13 
       6.634537786821e+11       1.717174701229e-21       6.986010703258e-07       9.496889790367e+17       1.507264005618e-12       1.220108792989e-13 
       6.588418854836e+11       1.741299288586e-21       7.034905138426e-07       9.365316459596e+17       1.517814853657e-12       1.237250101391e-13 
       6.542620511257e+11       1.765762802270e-21       7.084163371474e-07       9.235565993127e+17       1.528439557633e-12       1.254632228034e-13 
       6.497140527564e+11       1.790570003857e-21       7.133749022614e-07       9.107613136341e+17       1.539138634536e-12       1.272258556173e-13 
       6.451976690728e+11       1.815725721820e-21       7.183680281742e-07       8.981432984508e+17       1.549912604978e-12       1.290132516596e-13 
       6.407126803106e+11       1.841234852463e-21       7.233975338750e-07       8.857000977933e+17       1.560761993213e-12       1.308257588288e-13 
       6.362588682329e+11       1.867102360882e-21       7.284597813850e-07       8.734292897184e+17       1.571687327166e-12       1.326637299111e-13 
       6.318360161200e+11       1.893333281927e-21       7.335602276726e-07       8.613284858371e+17       1.582689138456e-12       1.345275226492e-13 
       6.274439087586e+11       1.919932721181e-21       7.386952347588e-07       8.493953308502e+17       1.593767962425e-12       1.364174998113e-13 
       6.230823324316e+11       1.946905855957e-21       7.438648026437e-07       8.376275020893e+17       1.604924338162e-12       1.383340292625e-13 
       6.187510749072e+11       1.974257936302e-21       7.490725693060e-07       8.260227090656e+17       1.616158808530e-12       1.402774840358e-13 
       6.144499254291e+11       2.001994286024e-21       7.543167157564e-07       8.145786930231e+17       1.627471920189e-12       1.422482424052e-13 
       6.101786747061e+11       2.030120303722e-21       7.595972419949e-07       8.032932264997e+17       1.638864223631e-12       1.442466879589e-13 
       6.059371149018e+11       2.058641463842e-21       7.649141480215e-07       7.921641128932e+17       1.650336273196e-12       1.462732096740e-13 
       6.017250396244e+11       2.087563317741e-21       7.702674338361e-07       7.811891860341e+17       1.661888627109e-12       1.483282019927e-13 
       5.975422439169e+11       2.116891494764e-21       7.756607374176e-07       7.703663097636e+17       1.673521847499e-12       1.504120648983e-13 
       5.933885242471e+11       2.146631703346e-21       7.810886017978e-07       7.596933775181e+17       1.685236500431e-12       1.525252039939e-13 
       5.892636784976e+11       2.176789732117e-21       7.865564839449e-07       7.491683119191e+17       1.697033155934e-12       1.546680305804e-13 
       5.851675059558e+11       2.207371451034e-21       7.920625648694e-07       7.387890643688e+17       1.708912388026e-12       1.568409617376e-13 
       5.810998073047e+11       2.238382812520e-21       7.976068445714e-07       7.285536146515e+17       1.720874774742e-12       1.590444204046e-13 
       5.770603846123e+11       2.269829852622e-21       8.031911420403e-07       7.184599705402e+17       1.732920898166e-12       1.612788354622e-13 
       5.730490413230e+11       2.301718692191e-21       8.088136382867e-07       7.085061674090e+17       1.745051344453e-12       1.635446418170e-13 
       5.690655822472e+11       2.334055538065e-21       8.144743333105e-07       6.986902678506e+17       1.757266703864e-12       1.658422804850e-13 
       5.651098135523e+11       2.366846684287e-21       8.201768650906e-07       6.890103612992e+17       1.769567570792e-12       1.681721986787e-13 
       5.611815427530e+11       2.400098513321e-21       8.259175956482e-07       6.794645636588e+17       1.781954543787e-12       1.705348498929e-13 
       5.572805787020e+11       2.433817497300e-21       8.316983439727e-07       6.700510169362e+17       1.794428225594e-12       1.729306939939e-13 
       5.534067315809e+11       2.468010199285e-21       8.375209290534e-07       6.607678888796e+17       1.806989223173e-12       1.753601973086e-13 
       5.495598128906e+11       2.502683274539e-21       8.433835319011e-07       6.516133726217e+17       1.819638147735e-12       1.778238327153e-13 
       5.457396354425e+11       2.537843471827e-21       8.492861525156e-07       6.425856863285e+17       1.832375614770e-12       1.803220797357e-13 
       5.419460133490e+11       2.573497634726e-21       8.552324288758e-07       6.336830728520e+17       1.845202244073e-12       1.828554246283e-13 
       5.381787620148e+11       2.609652702958e-21       8.612187230028e-07       6.249037993882e+17       1.858118659782e-12       1.854243604832e-13 
       5.344376981279e+11       2.646315713743e-21       8.672468538862e-07       6.162461571403e+17       1.871125490401e-12       1.880293873179e-13 
       5.307226396503e+11       2.683493803166e-21       8.733186405152e-07       6.077084609855e+17       1.884223368834e-12       1.906710121744e-13 
       5.270334058096e+11       2.721194207567e-21       8.794304449111e-07       5.992890491476e+17       1.897412932416e-12       1.933497492183e-13 
       5.233698170899e+11       2.759424264948e-21       8.855877240421e-07       5.909862828730e+17       1.910694822943e-12       1.960661198389e-13 
       5.197316952233e+11       2.798191416404e-21       8.917868399294e-07       5.827985461120e+17       1.924069686703e-12       1.988206527503e-13 
       5.161188631810e+11       2.837503207570e-21       8.980277925730e-07       5.747242452044e+17       1.937538174510e-12       2.016138840943e-13 
       5.125311451648e+11       2.877367290089e-21       9.043142199516e-07       5.667618085690e+17       1.951100941732e-12       2.044463575454e-13 
       5.089683665985e+11       2.917791423103e-21       9.106443030760e-07       5.589096863979e+17       1.964758648324e-12       2.073186244158e-13 
       5.054303541197e+11       2.958783474761e-21       9.170198609354e-07       5.511663503547e+17       1.978511958863e-12       2.102312437634e-13 
       5.019169355706e+11       3.000351423751e-21       9.234390745405e-07       5.435302932774e+17       1.992361542575e-12       2.131847825000e-13 
       4.984279399906e+11       3.042503360855e-21       9.299019438913e-07       5.360000288844e+17       2.006308073373e-12       2.161798155022e-13 
       4.949631976073e+11       3.085247490523e-21       9.364121069666e-07       5.285740914858e+17       2.020352229887e-12       2.192169257229e-13 
       4.915225398285e+11       3.128592132468e-21       9.429677447770e-07       5.212510356979e+17       2.034494695496e-12       2.222967043049e-13 
       4.881057992338e+11       3.172545723286e-21       9.495670383330e-07       5.140294361618e+17       2.048736158365e-12       2.254197506961e-13 
       4.847128095668e+11       3.217116818101e-21       9.562154446030e-07       5.069078872661e+17       2.063077311474e-12       2.285866727658e-13 
       4.813434057267e+11       3.262314092226e-21       9.629075066186e-07       4.998850028731e+17       2.077518852654e-12       2.317980869236e-13 
       4.779974237603e+11       3.308146342853e-21       9.696486813482e-07       4.929594160493e+17       2.092061484623e-12       2.350546182387e-13 
       4.746747008543e+11       3.354622490769e-21       9.764353308128e-07       4.861297787992e+17       2.106705915016e-12       2.383569005620e-13 
       4.713750753269e+11       3.401751582085e-21       9.832710929913e-07       4.793947618027e+17       2.121452856421e-12       2.417055766496e-13 
       4.680983866205e+11       3.449542790005e-21       9.901541488944e-07       4.727530541569e+17       2.136303026416e-12       2.451012982873e-13 
       4.648444752934e+11       3.498005416603e-21       9.970844985219e-07       4.662033631204e+17       2.151257147601e-12       2.485447264181e-13 
       4.616131830123e+11       3.547148894640e-21       1.004063960863e-06       4.597444138619e+17       2.166315947634e-12       2.520365312706e-13 
       4.584043525444e+11       3.596982789400e-21       1.011092535919e-06       4.533749492122e+17       2.181480159268e-12       2.555773924892e-13 
       4.552178277501e+11       3.647516800546e-21       1.018170223688e-06       4.470937294193e+17       2.196750520383e-12       2.591679992669e-13 
       4.520534535751e+11       3.698760764013e-21       1.025298843160e-06       4.408995319071e+17       2.212127774026e-12       2.628090504790e-13 
       4.489110760427e+11       3.750724653921e-21       1.032474756357e-06       4.347911510377e+17       2.227612668444e-12       2.665012548194e-13 
       4.457905422469e+11       3.803418584518e-21       1.039703420247e-06       4.287673978764e+17       2.243205957124e-12       2.702453309384e-13 
       4.426917003445e+11       3.856852812143e-21       1.046981196851e-06       4.228270999605e+17       2.258908398824e-12       2.740420075825e-13 
       4.396143995476e+11       3.911037737232e-21       1.054309905157e-06       4.169691010708e+17       2.274720757616e-12       2.778920237367e-13 
       4.365584901167e+11       3.965983906331e-21       1.061689545168e-06       4.111922610072e+17       2.290643802919e-12       2.817961287675e-13 
       4.335238233532e+11       4.021702014159e-21       1.069121935870e-06       4.054954553659e+17       2.306678309540e-12       2.857550825697e-13 
       4.305102515920e+11       4.078202905682e-21       1.076605258277e-06       3.998775753212e+17       2.322825057707e-12       2.897696557136e-13 
       4.275176281946e+11       4.135497578228e-21       1.084141331376e-06       3.943375274097e+17       2.339084833111e-12       2.938406295954e-13 
       4.245458075418e+11       4.193597183628e-21       1.091730155167e-06       3.888742333167e+17       2.355458426943e-12       2.979687965890e-13 
       4.215946450265e+11       4.252513030382e-21       1.099371729651e-06       3.834866296673e+17       2.371946635932e-12       3.021549602005e-13 
       4.186639970471e+11       4.312256585865e-21       1.107067873818e-06       3.781736678189e+17       2.388550262384e-12       3.063999352243e-13 
       4.157537210001e+11       4.372839478558e-21       1.114816768677e-06       3.729343136570e+17       2.405270114221e-12       3.107045479019e-13 
       4.128636752731e+11       4.434273500308e-21       1.122622052208e-06       3.677675473943e+17       2.422107005021e-12       3.150696360828e-13 
       4.099937192384e+11       4.496570608629e-21       1.130480086431e-06       3.626723633718e+17       2.439061754056e-12       3.194960493873e-13 
       4.071437132457e+11       4.559742929022e-21       1.138392690336e-06       3.576477698635e+17       2.456135186335e-12       3.239846493720e-13 
       4.043135186153e+11       4.623802757342e-21       1.146361682913e-06       3.526927888829e+17       2.473328132639e-12       3.285363096977e-13 
       4.015029976318e+11       4.688762562189e-21       1.154387064162e-06       3.478064559929e+17       2.490641429568e-12       3.331519162989e-13 
       3.987120135370e+11       4.754634987332e-21       1.162467015092e-06       3.429878201183e+17       2.508075919575e-12       3.378323675571e-13 
       3.959404305233e+11       4.821432854174e-21       1.170603354694e-06       3.382359433603e+17       2.525632451012e-12       3.425785744746e-13 
       3.931881137272e+11       4.889169164245e-21       1.178797901957e-06       3.335499008138e+17       2.543311878170e-12       3.473914608528e-13 
       3.904549292226e+11       4.957857101735e-21       1.187050656881e-06       3.289287803882e+17       2.561115061317e-12       3.522719634715e-13 
       3.877407440144e+11       5.027510036056e-21       1.195359800477e-06       3.243716826289e+17       2.579042866747e-12       3.572210322711e-13 
       3.850454260321e+11       5.098141524449e-21       1.203727151733e-06       3.198777205429e+17       2.597096166814e-12       3.622396305380e-13 
       3.823688441232e+11       5.169765314621e-21       1.212152710650e-06       3.154460194258e+17       2.615275839982e-12       3.673287350916e-13 
       3.797108680469e+11       5.242395347418e-21       1.220638296218e-06       3.110757166918e+17       2.633582770862e-12       3.724893364747e-13 
       3.770713684675e+11       5.316045759544e-21       1.229182089446e-06       3.067659617055e+17       2.652017850259e-12       3.777224391463e-13 
       3.744502169488e+11       5.390730886307e-21       1.237787728314e-06       3.025159156166e+17       2.670581975211e-12       3.830290616771e-13 
       3.718472859472e+11       5.466465264414e-21       1.246451574843e-06       2.983247511966e+17       2.689276049038e-12       3.884102369473e-13 
       3.692624488055e+11       5.543263634797e-21       1.255177267012e-06       2.941916526776e+17       2.708100981381e-12       3.938670123486e-13 
       3.666955797472e+11       5.621140945482e-21       1.263962985831e-06       2.901158155938e+17       2.727057688251e-12       3.994004499872e-13 
       3.641465538701e+11       5.700112354503e-21       1.272810550290e-06       2.860964466245e+17       2.746147092069e-12       4.050116268907e-13 
       3.616152471400e+11       5.780193232847e-21       1.281719960389e-06       2.821327634402e+17       2.765370121714e-12       4.107016352182e-13 
       3.591015363853e+11       5.861399167448e-21       1.290693035116e-06       2.782239945500e+17       2.784727712566e-12       4.164715824722e-13 
       3.566052992902e+11       5.943745964221e-21       1.299726136494e-06       2.743693791515e+17       2.804220806555e-12       4.223225917149e-13 
       3.541264143894e+11       6.027249651140e-21       1.308824721491e-06       2.705681669826e+17       2.823850352201e-12       4.282558017859e-13 
       3.516647610619e+11       6.111926481353e-21       1.317986971117e-06       2.668196181759e+17       2.843617304666e-12       4.342723675249e-13 
       3.492202195252e+11       6.197792936351e-21       1.327212885371e-06       2.631230031142e+17       2.863522625799e-12       4.403734599955e-13 
       3.467926708294e+11       6.284865729172e-21       1.336502464255e-06       2.594776022885e+17       2.883567284180e-12       4.465602667137e-13 
       3.443819968514e+11       6.373161807657e-21       1.345859345747e-06       2.558827061586e+17       2.903752255170e-12       4.528339918791e-13 
       3.419880802893e+11       6.462698357745e-21       1.355279891868e-06       2.523376150140e+17       2.924078520957e-12       4.591958566089e-13 
       3.396108046566e+11       6.553492806823e-21       1.364765921608e-06       2.488416388387e+17       2.944547070604e-12       4.656470991758e-13 
       3.372500542767e+11       6.645562827112e-21       1.374319253955e-06       2.453940971761e+17       2.965158900098e-12       4.721889752490e-13 
       3.349057142767e+11       6.738926339113e-21       1.383939888910e-06       2.419943189972e+17       2.985915012399e-12       4.788227581387e-13 
       3.325776705825e+11       6.833601515091e-21       1.393627826474e-06       2.386416425692e+17       3.006816417486e-12       4.855497390438e-13 
       3.302658099131e+11       6.929606782612e-21       1.403383066645e-06       2.353354153278e+17       3.027864132409e-12       4.923712273030e-13 
       3.279700197746e+11       7.026960828134e-21       1.413207428413e-06       2.320749937490e+17       3.049059181336e-12       4.992885506503e-13 
       3.256901884554e+11       7.125682600638e-21       1.423099092790e-06       2.288597432249e+17       3.070402595606e-12       5.063030554728e-13 
       3.234262050202e+11       7.225791315320e-21       1.433061697753e-06       2.256890379392e+17       3.091895413776e-12       5.134161070729e-13 
       3.211779593050e+11       7.327306457331e-21       1.443093424314e-06       2.225622607462e+17       3.113538681673e-12       5.206290899345e-13 
       3.189453419116e+11       7.430247785568e-21       1.453194272472e-06       2.194788030503e+17       3.135333452445e-12       5.279434079917e-13 
       3.167282442021e+11       7.534635336522e-21       1.463366061216e-06       2.164380646877e+17       3.157280786612e-12       5.353604849027e-13 
       3.145265582940e+11       7.640489428175e-21       1.473610609537e-06       2.134394538092e+17       3.179381752119e-12       5.428817643267e-13 
       3.123401770546e+11       7.747830663958e-21       1.483926098444e-06       2.104823867656e+17       3.201637424384e-12       5.505087102047e-13 
       3.101689940959e+11       7.856679936758e-21       1.494312527939e-06       2.075662879935e+17       3.224048886355e-12       5.582428070447e-13 
       3.080129037694e+11       7.967058432988e-21       1.504773535999e-06       2.046905899039e+17       3.246617228560e-12       5.660855602105e-13 
       3.058718011613e+11       8.078987636706e-21       1.515307303634e-06       2.018547327710e+17       3.269343549161e-12       5.740384962150e-13 
       3.037455820866e+11       8.192489333804e-21       1.525913830847e-06       1.990581646240e+17       3.292228954005e-12       5.821031630167e-13 
       3.016341430850e+11       8.307585616240e-21       1.536594936624e-06       1.963003411391e+17       3.315274556684e-12       5.902811303217e-13 
       2.995373814150e+11       8.424298886343e-21       1.547350620967e-06       1.935807255338e+17       3.338481478581e-12       5.985739898887e-13 
       2.974551950496e+11       8.542651861173e-21       1.558182702865e-06       1.908987884623e+17       3.361850848932e-12       6.069833558390e-13 
       2.953874826709e+11       8.662667576941e-21       1.569089363329e-06       1.882540079128e+17       3.385383804875e-12       6.155108649708e-13 
       2.933341436652e+11       8.784369393496e-21       1.580074240337e-06       1.856458691052e+17       3.409081491509e-12       6.241581770777e-13 
       2.912950781183e+11       8.907780998867e-21       1.591133695911e-06       1.830738643919e+17       3.432945061950e-12       6.329269752717e-13 
       2.892701868106e+11       9.032926413876e-21       1.602271368029e-06       1.805374931580e+17       3.456975677384e-12       6.418189663107e-13 
       2.872593712120e+11       9.159829996816e-21       1.613487256691e-06       1.780362617244e+17       3.481174507126e-12       6.508358809311e-13 
       2.852625334776e+11       9.288516448187e-21       1.624783180887e-06       1.755696832517e+17       3.505542728677e-12       6.599794741841e-13 
       2.832795764425e+11       9.419010815508e-21       1.636155502638e-06       1.731372776453e+17       3.530081527778e-12       6.692515257780e-13 
       2.813104036171e+11       9.551338498190e-21       1.647609678912e-06       1.707385714621e+17       3.554792098473e-12       6.786538404239e-13 
       2.793549191828e+11       9.685525252480e-21       1.659142071730e-06       1.683730978180e+17       3.579675643163e-12       6.881882481874e-13 
       2.774130279868e+11       9.821597196476e-21       1.670756319072e-06       1.660403962976e+17       3.604733372666e-12       6.978566048447e-13 
       2.754846355380e+11       9.959580815207e-21       1.682452420937e-06       1.637400128639e+17       3.629966506275e-12       7.076607922439e-13 
       2.735696480020e+11       1.009950296579e-20       1.694228558335e-06       1.614714997707e+17       3.655376271819e-12       7.176027186709e-13 
       2.716679721965e+11       1.024139088266e-20       1.706088369247e-06       1.592344154747e+17       3.680963905723e-12       7.276843192213e-13 
       2.697795155874e+11       1.038527218287e-20       1.718030034681e-06       1.570283245500e+17       3.706730653063e-12       7.379075561770e-13 
       2.679041862834e+11       1.053117487146e-20       1.730057192617e-06       1.548527976034e+17       3.732677767635e-12       7.482744193877e-13 
       2.660418930321e+11       1.067912734692e-20       1.742168024066e-06       1.527074111904e+17       3.758806512009e-12       7.587869266587e-13 
       2.641925452155e+11       1.082915840670e-20       1.754362529027e-06       1.505917477333e+17       3.785118157594e-12       7.694471241433e-13 
       2.623560528456e+11       1.098129725283e-20       1.766642526491e-06       1.485053954395e+17       3.811613984698e-12       7.802570867414e-13 
       2.605323265596e+11       1.113557349760e-20       1.779009835445e-06       1.464479482216e+17       3.838295282591e-12       7.912189185029e-13 
       2.587212776162e+11       1.129201716932e-20       1.791462636902e-06       1.444190056183e+17       3.865163349570e-12       8.023347530379e-13 
       2.569228178909e+11       1.145065871819e-20       1.804002749850e-06       1.424181727164e+17       3.892219493017e-12       8.136067539311e-13 
       2.551368598718e+11       1.161152902217e-20       1.816630174289e-06       1.404450600740e+17       3.919465029469e-12       8.250371151638e-13 
       2.533633166552e+11       1.177465939304e-20       1.829346729210e-06       1.384992836446e+17       3.946901284676e-12       8.366280615403e-13 
       2.516021019415e+11       1.194008158248e-20       1.842152414611e-06       1.365804647025e+17       3.974529593670e-12       8.483818491213e-13 
       2.498531300313e+11       1.210782778825e-20       1.855047230492e-06       1.346882297689e+17       4.002351300826e-12       8.603007656629e-13 
       2.481163158205e+11       1.227793066046e-20       1.868032995844e-06       1.328222105394e+17       4.030367759932e-12       8.723871310617e-13 
       2.463915747968e+11       1.245042330792e-20       1.881109710666e-06       1.309820438122e+17       4.058580334253e-12       8.846432978068e-13 
       2.446788230355e+11       1.262533930457e-20       1.894277374959e-06       1.291673714174e+17       4.086990396593e-12       8.970716514373e-13 
       2.429779771951e+11       1.280271269605e-20       1.907537807710e-06       1.273778401475e+17       4.115599329370e-12       9.096746110066e-13 
       2.412889545135e+11       1.298257800629e-20       1.920889189932e-06       1.256131016880e+17       4.144408524676e-12       9.224546295537e-13 
       2.396116728038e+11       1.316497024427e-20       1.934336978593e-06       1.238728125507e+17       4.173419384350e-12       9.354141945799e-13 
       2.379460504506e+11       1.334992491080e-20       1.947875716724e-06       1.221566340057e+17       4.202633320041e-12       9.485558285339e-13 
       2.362920064057e+11       1.353747800542e-20       1.961510861292e-06       1.204642320161e+17       4.232051753282e-12       9.618820893019e-13 
       2.346494601844e+11       1.372766603346e-20       1.975242412300e-06       1.187952771732e+17       4.261676115556e-12       9.753955707059e-13 
       2.330183318613e+11       1.392052601310e-20       1.989068550756e-06       1.171494446315e+17       4.291507848365e-12       9.890989030088e-13 
       2.313985420668e+11       1.411609548258e-20       2.002992914640e-06       1.155264140465e+17       4.321548403304e-12       1.002994753426e-12 
       2.297900119829e+11       1.431441250753e-20       2.017013684963e-06       1.139258695117e+17       4.351799242128e-12       1.017085826644e-12 
       2.281926633394e+11       1.451551568835e-20       2.031132680713e-06       1.123474994971e+17       4.382261836824e-12       1.031374865348e-12 
       2.266064184105e+11       1.471944416775e-20       2.045349901891e-06       1.107909967890e+17       4.412937669683e-12       1.045864650755e-12 
       2.250312000104e+11       1.492623763835e-20       2.059667167487e-06       1.092560584299e+17       4.443828233371e-12       1.060558003156e-12 
       2.234669314899e+11       1.513593635040e-20       2.074086296489e-06       1.077423856595e+17       4.474935031006e-12       1.075457782463e-12 
       2.219135367327e+11       1.534858111965e-20       2.088603650918e-06       1.062496838567e+17       4.506259576224e-12       1.090566888768e-12 
       2.203709401516e+11       1.556421333525e-20       2.103224687744e-06       1.047776624822e+17       4.537803393258e-12       1.105888262905e-12 
       2.188390666848e+11       1.578287496783e-20       2.117947587976e-06       1.033260350218e+17       4.569568017012e-12       1.121424887026e-12 
       2.173178417922e+11       1.600460857768e-20       2.132772351615e-06       1.018945189309e+17       4.601554993132e-12       1.137179785178e-12 
       2.158071914520e+11       1.622945732300e-20       2.147702616639e-06       1.004828355794e+17       4.633765878084e-12       1.153156023892e-12 
       2.143070421568e+11       1.645746496833e-20       2.162736564060e-06       9.909071019737e+16       4.666202239232e-12       1.169356712781e-12 
       2.128173209104e+11       1.668867589306e-20       2.177876012865e-06       9.771787182162e+16       4.698865654907e-12       1.185785005147e-12 
       2.113379552238e+11       1.692313510006e-20       2.193120963057e-06       9.636405324304e+16       4.731757714493e-12       1.202444098591e-12 
       2.098688731120e+11       1.716088822444e-20       2.208471414633e-06       9.502899095451e+16       4.764880018495e-12       1.219337235636e-12 
       2.084100030903e+11       1.740198154245e-20       2.223931005574e-06       9.371242509964e+16       4.798234178625e-12       1.236467704362e-12 
       2.069612741710e+11       1.764646198048e-20       2.239499735879e-06       9.241409942218e+16       4.831821817877e-12       1.253838839041e-12 
       2.055226158600e+11       1.789437712416e-20       2.255175786559e-06       9.113376121614e+16       4.865644570603e-12       1.271454020789e-12 
       2.040939581528e+11       1.814577522768e-20       2.270960976603e-06       8.987116127661e+16       4.899704082598e-12       1.289316678222e-12 
       2.026752315321e+11       1.840070522315e-20       2.286858943990e-06       8.862605385126e+16       4.934002011177e-12       1.307430288128e-12 
       2.012663669633e+11       1.865921673010e-20       2.302866050741e-06       8.739819659251e+16       4.968540025257e-12       1.325798376138e-12 
       1.998672958920e+11       1.892136006521e-20       2.318985934835e-06       8.618735051033e+16       5.003319805434e-12       1.344424517413e-12 
       1.984779502403e+11       1.918718625201e-20       2.335218596272e-06       8.499327992575e+16       5.038343044073e-12       1.363312337345e-12 
       1.970982624034e+11       1.945674703089e-20       2.351565854042e-06       8.381575242500e+16       5.073611445383e-12       1.382465512257e-12 
       1.957281652466e+11       1.973009486914e-20       2.368027708144e-06       8.265453881423e+16       5.109126725502e-12       1.401887770121e-12 
       1.943675921018e+11       2.000728297116e-20       2.384602339589e-06       8.150941307494e+16       5.144890612581e-12       1.421582891283e-12 
       1.930164767644e+11       2.028836528880e-20       2.401295205345e-06       8.038015231995e+16       5.180904846871e-12       1.441554709199e-12 
       1.916747534900e+11       2.057339653190e-20       2.418104486424e-06       7.926653675008e+16       5.217171180800e-12       1.461807111183e-12 
       1.903423569910e+11       2.086243217892e-20       2.435030182824e-06       7.816834961128e+16       5.253691379067e-12       1.482344039160e-12 
       1.890192224339e+11       2.115552848773e-20       2.452075932524e-06       7.708537715253e+16       5.290467218721e-12       1.503169490435e-12 
       1.877052854358e+11       2.145274250656e-20       2.469239916536e-06       7.601740858415e+16       5.327500489253e-12       1.524287518472e-12 
       1.864004820613e+11       2.175413208513e-20       2.486525772838e-06       7.496423603686e+16       5.364792992679e-12       1.545702233682e-12 
       1.851047488195e+11       2.205975588586e-20       2.503931682440e-06       7.392565452125e+16       5.402346543629e-12       1.567417804224e-12 
       1.838180226609e+11       2.236967339535e-20       2.521459464333e-06       7.290146188791e+16       5.440162969436e-12       1.589438456813e-12 
       1.825402409740e+11       2.268394493591e-20       2.539109118516e-06       7.189145878809e+16       5.478244110223e-12       1.611768477547e-12 
       1.812713415829e+11       2.300263167733e-20       2.556882463978e-06       7.089544863488e+16       5.516591818996e-12       1.634412212739e-12 
       1.800112627436e+11       2.332579564875e-20       2.574781319709e-06       6.991323756496e+16       5.555207961730e-12       1.657374069765e-12 
       1.787599431416e+11       2.365349975079e-20       2.592803866719e-06       6.894463440085e+16       5.594094417464e-12       1.680658517916e-12 
       1.775173218883e+11       2.398580776773e-20       2.610953742987e-06       6.798945061374e+16       5.633253078387e-12       1.704270089276e-12 
       1.762833385186e+11       2.432278437998e-20       2.629230948514e-06       6.704750028675e+16       5.672685849937e-12       1.728213379598e-12 
       1.750579329877e+11       2.466449517664e-20       2.647635483299e-06       6.611860007874e+16       5.712394650888e-12       1.752493049203e-12 
       1.738410456679e+11       2.501100666825e-20       2.666169166332e-06       6.520256918868e+16       5.752381413446e-12       1.777113823883e-12 
       1.726326173465e+11       2.536238629979e-20       2.684831997612e-06       6.429922932039e+16       5.792648083341e-12       1.802080495823e-12 
       1.714325892219e+11       2.571870246374e-20       2.703625796130e-06       6.340840464790e+16       5.833196619926e-12       1.827397924533e-12 
       1.702409029015e+11       2.608002451346e-20       2.722550561884e-06       6.252992178117e+16       5.874028996267e-12       1.853071037795e-12 
       1.690575003987e+11       2.644642277663e-20       2.741608113865e-06       6.166360973239e+16       5.915147199242e-12       1.879104832622e-12 
       1.678823241297e+11       2.681796856897e-20       2.760800271062e-06       6.080929988265e+16       5.956553229638e-12       1.905504376228e-12 
       1.667153169113e+11       2.719473420812e-20       2.780125214485e-06       5.996682594918e+16       5.998249102247e-12       1.932274807019e-12 
       1.655564219575e+11       2.757679302771e-20       2.799586582114e-06       5.913602395292e+16       6.040236845965e-12       1.959421335588e-12 
       1.644055828773e+11       2.796421939163e-20       2.819184373948e-06       5.831673218665e+16       6.082518503888e-12       1.986949245732e-12 
       1.632627436716e+11       2.835708870851e-20       2.838918589987e-06       5.750879118351e+16       6.125096133417e-12       2.014863895482e-12 
       1.621278487304e+11       2.875547744639e-20       2.858791049221e-06       5.671204368594e+16       6.167971806352e-12       2.043170718142e-12 
       1.610008428306e+11       2.915946314762e-20       2.878801751649e-06       5.592633461507e+16       6.211147608998e-12       2.071875223349e-12 
       1.598816711326e+11       2.956912444394e-20       2.898954335251e-06       5.515151104057e+16       6.254625642263e-12       2.100982998145e-12 
       1.587702791783e+11       2.998454107178e-20       2.919246981037e-06       5.438742215085e+16       6.298408021760e-12       2.130499708065e-12 
       1.576666128880e+11       3.040579388779e-20       2.939681507996e-06       5.363391922373e+16       6.342496877914e-12       2.160431098238e-12 
       1.565706185581e+11       3.083296488458e-20       2.960257916129e-06       5.289085559747e+16       6.386894356061e-12       2.190782994507e-12 
       1.554822428580e+11       3.126613720667e-20       2.980979843414e-06       5.215808664223e+16       6.431602616555e-12       2.221561304561e-12 
       1.544014328282e+11       3.170539516669e-20       3.001847289852e-06       5.143546973193e+16       6.476623834873e-12       2.252772019088e-12 
       1.533281358770e+11       3.215082426175e-20       3.022860255442e-06       5.072286421650e+16       6.521960201719e-12       2.284421212939e-12 
       1.522622997785e+11       3.260251119013e-20       3.044020559173e-06       5.002013139445e+16       6.567613923133e-12       2.316515046309e-12 
       1.512038726698e+11       3.306054386813e-20       3.065328201046e-06       4.932713448594e+16       6.613587220596e-12       2.349059765938e-12 
       1.501528030484e+11       3.352501144720e-20       3.086785000050e-06       4.864373860613e+16       6.659882331142e-12       2.382061706328e-12 
       1.491090397699e+11       3.399600433124e-20       3.108392775175e-06       4.796981073889e+16       6.706501507462e-12       2.415527290974e-12 
       1.480725320456e+11       3.447361419427e-20       3.130151526420e-06       4.730521971097e+16       6.753447018016e-12       2.449463033612e-12 
       1.470432294394e+11       3.495793399823e-20       3.152063072775e-06       4.664983616645e+16       6.800721147144e-12       2.483875539493e-12 
       1.460210818663e+11       3.544905801108e-20       3.174127414241e-06       4.600353254153e+16       6.848326195176e-12       2.518771506663e-12 
       1.450060395892e+11       3.594708182514e-20       3.196346369805e-06       4.536618303973e+16       6.896264478544e-12       2.554157727270e-12 
       1.439980532166e+11       3.645210237572e-20       3.218721758458e-06       4.473766360741e+16       6.944538329896e-12       2.590041088884e-12 
       1.429970737006e+11       3.696421795998e-20       3.241251761210e-06       4.411785190961e+16       6.993150098208e-12       2.626428575839e-12 
       1.420030523343e+11       3.748352825604e-20       3.263940016041e-06       4.350662730623e+16       7.042102148897e-12       2.663327270591e-12 
       1.410159407490e+11       3.801013434241e-20       3.286788341939e-06       4.290387082859e+16       7.091396863941e-12       2.700744355100e-12 
       1.400356909125e+11       3.854413871764e-20       3.309796738904e-06       4.230946515621e+16       7.141036641991e-12       2.738687112223e-12 
       1.390622551266e+11       3.908564532029e-20       3.332965206937e-06       4.172329459403e+16       7.191023898487e-12       2.777162927133e-12 
       1.380955860244e+11       3.963475954915e-20       3.356295565027e-06       4.114524504988e+16       7.241361065779e-12       2.816179288760e-12 
       1.371356365683e+11       4.019158828377e-20       3.379789632163e-06       4.057520401223e+16       7.292050593241e-12       2.855743791245e-12 
       1.361823600480e+11       4.075623990523e-20       3.403447408346e-06       4.001306052837e+16       7.343094947396e-12       2.895864135418e-12 
       1.352357100774e+11       4.132882431728e-20       3.427272531553e-06       3.945870518273e+16       7.394496612030e-12       2.936548130298e-12 
       1.342956405932e+11       4.190945296767e-20       3.451263182797e-06       3.891203007565e+16       7.446258088317e-12       2.977803694615e-12 
       1.333621058522e+11       4.249823886993e-20       3.475421181065e-06       3.837292880234e+16       7.498381894937e-12       3.019638858348e-12 
       1.324350604291e+11       4.309529662527e-20       3.499750164337e-06       3.784129643217e+16       7.550870568204e-12       3.062061764288e-12 
       1.315144592146e+11       4.370074244497e-20       3.524248313624e-06       3.731702948827e+16       7.603726662184e-12       3.105080669625e-12 
       1.306002574126e+11       4.431469417293e-20       3.548917447915e-06       3.680002592737e+16       7.656952748822e-12       3.148703947555e-12 
       1.296924105388e+11       4.493727130866e-20       3.573759386200e-06       3.629018511995e+16       7.710551418066e-12       3.192940088909e-12 
       1.287908744178e+11       4.556859503051e-20       3.598775947466e-06       3.578740783065e+16       7.764525277995e-12       3.237797703804e-12 
       1.278956051815e+11       4.620878821928e-20       3.623967131716e-06       3.529159619894e+16       7.818876954943e-12       3.283285523321e-12 
       1.270065592666e+11       4.685797548209e-20       3.649334757938e-06       3.480265372009e+16       7.873609093630e-12       3.329412401206e-12 
       1.261236934127e+11       4.751628317670e-20       3.674880645121e-06       3.432048522639e+16       7.928724357288e-12       3.376187315590e-12 
       1.252469646600e+11       4.818383943604e-20       3.700604793266e-06       3.384499686860e+16       7.984225427792e-12       3.423619370736e-12 
       1.243763303475e+11       4.886077419321e-20       3.726509021362e-06       3.337609609772e+16       8.040115005789e-12       3.471717798815e-12 
       1.235117481107e+11       4.954721920672e-20       3.752595148399e-06       3.291369164695e+16       8.096395810832e-12       3.520491961701e-12 
       1.226531758795e+11       5.024330808616e-20       3.778863174375e-06       3.245769351392e+16       8.153070581511e-12       3.569951352791e-12 
       1.218005718763e+11       5.094917631820e-20       3.805314918282e-06       3.200801294321e+16       8.210142075584e-12       3.620105598857e-12 
       1.209538946139e+11       5.166496129296e-20       3.831952199107e-06       3.156456240904e+16       8.267613070116e-12       3.670964461915e-12 
       1.201131028936e+11       5.239080233076e-20       3.858775016852e-06       3.112725559823e+16       8.325486361610e-12       3.722537841130e-12 
       1.192781558030e+11       5.312684070923e-20       3.885787009494e-06       3.069600739342e+16       8.383764766144e-12       3.774835774738e-12 
       1.184490127139e+11       5.387321969080e-20       3.912988177035e-06       3.027073385652e+16       8.442451119510e-12       3.827868442005e-12 
       1.176256332809e+11       5.463008455061e-20       3.940378519474e-06       2.985135221231e+16       8.501548277350e-12       3.881646165203e-12 
       1.168079774388e+11       5.539758260476e-20       3.967961674789e-06       2.943778083240e+16       8.561059115294e-12       3.936179411622e-12 
       1.159960054009e+11       5.617586323900e-20       3.995737642981e-06       2.902993921929e+16       8.620986529104e-12       3.991478795609e-12 
       1.151896776573e+11       5.696507793778e-20       4.023706424050e-06       2.862774799073e+16       8.681333434811e-12       4.047555080629e-12 
       1.143889549724e+11       5.776538031379e-20       4.051873474964e-06       2.823112886425e+16       8.742102768858e-12       4.104419181366e-12 
       1.135937983837e+11       5.857692613779e-20       4.080236976733e-06       2.784000464196e+16       8.803297488243e-12       4.162082165841e-12 
       1.128041691993e+11       5.939987336899e-20       4.108798748348e-06       2.745429919546e+16       8.864920570664e-12       4.220555257572e-12 
       1.120200289962e+11       6.023438218576e-20       4.137558789807e-06       2.707393745109e+16       8.926975014662e-12       4.279849837756e-12 
       1.112413396189e+11       6.108061501680e-20       4.166522558080e-06       2.669884537527e+16       8.989463839768e-12       4.339977447484e-12 
       1.104680631766e+11       6.193873657279e-20       4.195688234176e-06       2.632894996012e+16       9.052390086650e-12       4.400949789987e-12 
       1.097001620422e+11       6.280891387844e-20       4.225057637086e-06       2.596417920923e+16       9.115756817260e-12       4.462778732916e-12 
       1.089375988502e+11       6.369131630495e-20       4.254632585798e-06       2.560446212366e+16       9.179567114984e-12       4.525476310650e-12 
       1.081803364947e+11       6.458611560306e-20       4.284416718292e-06       2.524972868810e+16       9.243824084792e-12       4.589054726639e-12 
       1.074283381278e+11       6.549348593641e-20       4.314406396588e-06       2.489990985727e+16       9.308530853389e-12       4.653526355780e-12 
       1.066815671576e+11       6.641360391547e-20       4.344607077655e-06       2.455493754248e+16       9.373690569367e-12       4.718903746823e-12 
       1.059399872468e+11       6.734664863192e-20       4.375020580483e-06       2.421474459834e+16       9.439306403356e-12       4.785199624818e-12 
       1.052035623106e+11       6.829280169348e-20       4.405645086081e-06       2.387926480974e+16       9.505381548183e-12       4.852426893587e-12 
       1.044722565150e+11       6.925224725930e-20       4.436484232428e-06       2.354843287891e+16       9.571919219024e-12       4.920598638238e-12 
       1.037460342750e+11       7.022517207576e-20       4.467539838515e-06       2.322218441276e+16       9.638922653561e-12       4.989728127714e-12 
       1.030248602532e+11       7.121176551286e-20       4.498811904341e-06       2.290045591032e+16       9.706395112140e-12       5.059828817371e-12 
       1.023086993576e+11       7.221221960104e-20       4.530304067885e-06       2.258318475039e+16       9.774339877929e-12       5.130914351600e-12 
       1.015975167404e+11       7.322672906859e-20       4.562016329146e-06       2.227030917934e+16       9.842760257078e-12       5.202998566481e-12 
       1.008912777958e+11       7.425549137953e-20       4.593950507115e-06       2.196176829910e+16       9.911659578882e-12       5.276095492480e-12 
       1.001899481586e+11       7.529870677205e-20       4.626108420780e-06       2.165750205530e+16       9.981041195938e-12       5.350219357174e-12 
       9.949349370265e+10       7.635657829750e-20       4.658491889131e-06       2.135745122559e+16       1.005090848431e-11       5.425384588024e-12 
       9.880188053883e+10       7.742931185989e-20       4.691100912169e-06       2.106155740811e+16       1.012126484371e-11       5.501605815183e-12 
       9.811507501368e+10       7.851711625596e-20       4.723937308881e-06       2.076976301010e+16       1.019211369762e-11       5.578897874344e-12 
       9.743304370768e+10       7.962020321586e-20       4.757006536238e-06       2.048201123674e+16       1.026345849351e-11       5.657275809623e-12 
       9.675575343360e+10       8.073878744433e-20       4.790304956259e-06       2.019824608005e+16       1.033530270297e-11       5.736754876496e-12 
       9.608317123490e+10       8.187308666248e-20       4.823836206924e-06       1.991841230800e+16       1.040764982189e-11       5.817350544758e-12 
       9.541526438416e+10       8.302332165021e-20       4.857603926212e-06       1.964245545378e+16       1.048050337065e-11       5.899078501542e-12 
       9.475200038145e+10       8.418971628914e-20       4.891606295132e-06       1.937032180518e+16       1.055386689425e-11       5.981954654370e-12 
       9.409334695273e+10       8.537249760621e-20       4.925848770654e-06       1.910195839412e+16       1.062774396251e-11       6.065995134246e-12 
       9.343927204834e+10       8.657189581785e-20       4.960329533787e-06       1.883731298637e+16       1.070213817025e-11       6.151216298802e-12 
       9.278974384140e+10       8.778814437481e-20       4.995052222512e-06       1.857633407139e+16       1.077705313745e-11       6.237634735476e-12 
       9.214473072627e+10       8.902148000759e-20       5.030016836827e-06       1.831897085226e+16       1.085249250942e-11       6.325267264744e-12 
       9.150420131700e+10       9.027214277251e-20       5.065227014711e-06       1.806517323582e+16       1.092845995699e-11       6.414130943391e-12 
       9.086812444583e+10       9.154037609846e-20       5.100682756165e-06       1.781489182293e+16       1.100495917669e-11       6.504243067835e-12 
       9.023646916165e+10       9.282642683424e-20       5.136387699167e-06       1.756807789885e+16       1.108199389093e-11       6.595621177490e-12 
       8.960920472851e+10       9.413054529664e-20       5.172343662707e-06       1.732468342374e+16       1.115956784818e-11       6.688283058183e-12 
       8.898630062409e+10       9.545298531914e-20       5.208548827795e-06       1.708466102331e+16       1.123768482312e-11       6.782246745611e-12 
       8.836772653827e+10       9.679400430133e-20       5.245008651400e-06       1.684796397963e+16       1.131634861689e-11       6.877530528857e-12 
       8.775345237162e+10       9.815386325903e-20       5.281724952511e-06       1.661454622201e+16       1.139556305721e-11       6.974152953947e-12 
       8.714344823394e+10       9.953282687505e-20       5.318695912138e-06       1.638436231804e+16       1.147533199861e-11       7.072132827460e-12 
       8.653768444279e+10       1.009311635507e-19       5.355926987249e-06       1.615736746476e+16       1.155565932261e-11       7.171489220187e-12 
       8.593613152209e+10       1.023491454581e-19       5.393418177846e-06       1.593351747989e+16       1.163654893787e-11       7.272241470847e-12 
       8.533876020063e+10       1.037870485932e-19       5.431173121906e-06       1.571276879331e+16       1.171800478045e-11       7.374409189846e-12 
       8.474554141071e+10       1.052451528292e-19       5.469191819429e-06       1.549507843850e+16       1.180003081391e-11       7.478012263100e-12 
       8.415644628666e+10       1.067237419714e-19       5.507476089406e-06       1.528040404425e+16       1.188263102962e-11       7.583070855899e-12 
       8.357144616346e+10       1.082231038122e-19       5.546027750825e-06       1.506870382634e+16       1.196580944683e-11       7.689605416837e-12 
       8.299051257539e+10       1.097435301874e-19       5.584850441664e-06       1.485993657947e+16       1.204957011296e-11       7.797636681790e-12 
       8.241361725456e+10       1.112853170324e-19       5.623944161925e-06       1.465406166920e+16       1.213391710376e-11       7.907185677951e-12 
       8.184073212960e+10       1.128487644407e-19       5.663310730597e-06       1.445103902405e+16       1.221885452349e-11       8.018273727926e-12 
       8.127182932428e+10       1.144341767213e-19       5.702953785658e-06       1.425082912772e+16       1.230438650516e-11       8.130922453881e-12 
       8.070688115614e+10       1.160418624588e-19       5.742875146098e-06       1.405339301138e+16       1.239051721071e-11       8.245153781752e-12 
       8.014586013515e+10       1.176721345730e-19       5.783074811916e-06       1.385869224608e+16       1.247725083119e-11       8.360989945512e-12 
       7.958873896236e+10       1.193253103800e-19       5.823556421092e-06       1.366668893527e+16       1.256459158701e-11       8.478453491501e-12 
       7.903549052861e+10       1.210017116535e-19       5.864321792615e-06       1.347734570746e+16       1.265254372813e-11       8.597567282810e-12 
       7.848608791317e+10       1.227016646884e-19       5.905372745474e-06       1.329062570889e+16       1.274111153423e-11       8.718354503735e-12 
       7.794050438245e+10       1.244255003631e-19       5.946709279669e-06       1.310649259641e+16       1.283029931498e-11       8.840838664289e-12 
       7.739871338868e+10       1.261735542050e-19       5.988336852170e-06       1.292491053036e+16       1.292011141019e-11       8.965043604775e-12 
       7.686068856865e+10       1.279461664550e-19       6.030255462974e-06       1.274584416762e+16       1.301055219007e-11       9.090993500429e-12 
       7.632640374240e+10       1.297436821343e-19       6.072466931073e-06       1.256925865474e+16       1.310162605541e-11       9.218712866126e-12 
       7.579583291197e+10       1.315664511110e-19       6.114973075455e-06       1.239511962113e+16       1.319333743780e-11       9.348226561149e-12 
       7.526895026010e+10       1.334148281689e-19       6.157779353089e-06       1.222339317239e+16       1.328569079987e-11       9.479559794031e-12 
       7.474573014901e+10       1.352891730757e-19       6.200883944985e-06       1.205404588369e+16       1.337869063548e-11       9.612738127458e-12 
       7.422614711913e+10       1.371898506538e-19       6.244288670132e-06       1.188704479330e+16       1.347234146993e-11       9.747787483246e-12 
       7.371017588786e+10       1.391172308509e-19       6.287998985499e-06       1.172235739613e+16       1.356664786023e-11       9.884734147388e-12 
       7.319779134838e+10       1.410716888121e-19       6.332014891086e-06       1.155995163746e+16       1.366161439526e-11       1.002360477517e-11 
       7.268896856835e+10       1.430536049528e-19       6.376340024872e-06       1.139979590664e+16       1.375724569604e-11       1.016442639635e-11 
       7.218368278878e+10       1.450633650331e-19       6.420974386856e-06       1.124185903097e+16       1.385354641592e-11       1.030722642044e-11 
       7.168190942277e+10       1.471013602325e-19       6.465921615018e-06       1.108611026963e+16       1.395052124084e-11       1.045203264202e-11 
       7.118362405434e+10       1.491679872260e-19       6.511181709357e-06       1.093251930771e+16       1.404817488953e-11       1.059887324615e-11 
       7.068880243724e+10       1.512636482619e-19       6.556760126841e-06       1.078105625026e+16       1.414651211376e-11       1.074777681388e-11 
       7.019742049373e+10       1.533887512392e-19       6.602658686461e-06       1.063169161655e+16       1.424553769857e-11       1.089877232778e-11 
       6.970945431349e+10       1.555437097880e-19       6.648875569226e-06       1.048439633424e+16       1.434525646247e-11       1.105188917760e-11 
       6.922488015237e+10       1.577289433490e-19       6.695418051095e-06       1.033914173380e+16       1.444567325771e-11       1.120715716599e-11 
       6.874367443131e+10       1.599448772559e-19       6.742286132067e-06       1.019589954289e+16       1.454679297053e-11       1.136460651429e-11 
       6.826581373511e+10       1.621919428180e-19       6.789481631131e-06       1.005464188086e+16       1.464862052133e-11       1.152426786842e-11 
       6.779127481138e+10       1.644705774037e-19       6.837008186267e-06       9.915341253335e+15       1.475116086499e-11       1.168617230487e-11 
       6.732003456935e+10       1.667812245263e-19       6.884867616463e-06       9.777970546853e+15       1.485441899105e-11       1.185035133668e-11 
       6.685207007875e+10       1.691243339299e-19       6.933061740710e-06       9.642503023593e+15       1.495839992400e-11       1.201683691964e-11 
       6.638735856872e+10       1.715003616771e-19       6.981594196986e-06       9.508912316170e+15       1.506310872347e-11       1.218566145850e-11 
       6.592587742669e+10       1.739097702377e-19       7.030464985291e-06       9.377172422501e+15       1.516855048455e-11       1.235685781324e-11 
       6.546760419726e+10       1.763530285788e-19       7.079677743604e-06       9.247257700746e+15       1.527473033795e-11       1.253045930551e-11 
       6.501251658114e+10       1.788306122558e-19       7.129236109904e-06       9.119142864316e+15       1.538165345033e-11       1.270649972507e-11 
       6.456059243405e+10       1.813430035055e-19       7.179140084190e-06       8.992802976952e+15       1.548932502449e-11       1.288501333642e-11 
       6.411180976564e+10       1.838906913393e-19       7.229393304442e-06       8.868213447871e+15       1.559775029967e-11       1.306603488542e-11 
       6.366614673843e+10       1.864741716391e-19       7.279999408638e-06       8.745350026979e+15       1.570693455178e-11       1.324959960610e-11 
       6.322358166671e+10       1.890939472531e-19       7.330960215768e-06       8.624188800151e+15       1.581688309365e-11       1.343574322746e-11 
       6.278409301555e+10       1.917505280942e-19       7.382277544821e-06       8.504706184577e+15       1.592760127532e-11       1.362450198049e-11 
       6.234765939971e+10       1.944444312391e-19       7.433953214786e-06       8.386878924174e+15       1.603909448425e-11       1.381591260516e-11 
       6.191425958258e+10       1.971761810287e-19       7.485990863643e-06       8.270684085055e+15       1.615136814565e-11       1.401001235762e-11 
       6.148387247521e+10       1.999463091706e-19       7.538392310380e-06       8.156099051067e+15       1.626442772268e-11       1.420683901742e-11 
       6.105647713521e+10       2.027553548422e-19       7.591161192977e-06       8.043101519390e+15       1.637827871675e-11       1.440643089489e-11 
       6.063205276580e+10       2.056038647959e-19       7.644299330423e-06       7.931669496197e+15       1.649292666778e-11       1.460882683856e-11 
       6.021057871475e+10       2.084923934654e-19       7.697808541707e-06       7.821781292368e+15       1.660837715447e-11       1.481406624276e-11 
       5.979203447339e+10       2.114215030736e-19       7.751694283797e-06       7.713415519275e+15       1.672463579456e-11       1.502218905526e-11 
       5.937639967561e+10       2.143917637421e-19       7.805956556695e-06       7.606551084613e+15       1.684170824513e-11       1.523323578507e-11 
       5.896365409688e+10       2.174037536022e-19       7.860597179388e-06       7.501167188300e+15       1.695960020286e-11       1.544724751030e-11 
       5.855377765326e+10       2.204580589071e-19       7.915621608845e-06       7.397243318425e+15       1.707831740429e-11       1.566426588616e-11 
       5.814675040041e+10       2.235552741467e-19       7.971031664056e-06       7.294759247255e+15       1.719786562614e-11       1.588433315309e-11 
       5.774255253264e+10       2.266960021626e-19       8.026827345020e-06       7.193695027301e+15       1.731825068553e-11       1.610749214496e-11 
       5.734116438191e+10       2.298808542656e-19       8.083015927696e-06       7.094030987432e+15       1.743947844034e-11       1.633378629741e-11 
       5.694256641695e+10       2.331104503553e-19       8.139597412082e-06       6.995747729050e+15       1.756155478944e-11       1.656325965631e-11 
       5.654673924220e+10       2.363854190397e-19       8.196573617170e-06       6.898826122311e+15       1.768448567298e-11       1.679595688633e-11 
       5.615366359698e+10       2.397063977585e-19       8.253949999926e-06       6.803247302403e+15       1.780827707270e-11       1.703192327963e-11 
       5.576332035445e+10       2.430740329065e-19       8.311728379340e-06       6.708992665874e+15       1.793293501222e-11       1.727120476468e-11 
       5.537569052075e+10       2.464889799601e-19       8.369910574402e-06       6.616043867010e+15       1.805846555732e-11       1.751384791520e-11 
       5.499075523407e+10       2.499519036041e-19       8.428500223090e-06       6.524382814266e+15       1.818487481624e-11       1.775989995924e-11 
       5.460849576367e+10       2.534634778616e-19       8.487499144394e-06       6.433991666743e+15       1.831216893996e-11       1.800940878833e-11 
       5.422889350906e+10       2.570243862251e-19       8.546910976293e-06       6.344852830718e+15       1.844035412256e-11       1.826242296685e-11 
       5.385192999902e+10       2.606353217894e-19       8.606739356765e-06       6.256948956217e+15       1.856943660143e-11       1.851899174144e-11 
       5.347758689073e+10       2.642969873866e-19       8.666986104799e-06       6.170262933637e+15       1.869942265765e-11       1.877916505063e-11 
       5.310584596890e+10       2.680100957230e-19       8.727654858376e-06       6.084777890419e+15       1.883031861627e-11       1.904299353452e-11 
       5.273668914484e+10       2.717753695176e-19       8.788749255473e-06       6.000477187764e+15       1.896213084660e-11       1.931052854465e-11 
       5.237009845560e+10       2.755935416429e-19       8.850271115080e-06       5.917344417390e+15       1.909486576254e-11       1.958182215401e-11 
       5.200605606311e+10       2.794653552675e-19       8.912222256185e-06       5.835363398344e+15       1.922852982290e-11       1.985692716716e-11 
       5.164454425329e+10       2.833915640008e-19       8.974608135759e-06       5.754518173847e+15       1.936312953167e-11       2.013589713051e-11 
       5.128554543520e+10       2.873729320397e-19       9.037430572789e-06       5.674793008193e+15       1.949867143841e-11       2.041878634273e-11 
       5.092904214017e+10       2.914102343173e-19       9.100693205255e-06       5.596172383684e+15       1.963516213849e-11       2.070564986536e-11 
       5.057501702097e+10       2.955042566536e-19       9.164397852146e-06       5.518640997608e+15       1.977260827348e-11       2.099654353347e-11 
       5.022345285097e+10       2.996557959088e-19       9.228548151441e-06       5.442183759265e+15       1.991101653141e-11       2.129152396659e-11 
       4.987433252326e+10       3.038656601379e-19       9.293147741118e-06       5.366785787026e+15       2.005039364715e-11       2.159064857966e-11 
       4.952763904986e+10       3.081346687487e-19       9.358200259157e-06       5.292432405435e+15       2.019074640269e-11       2.189397559427e-11 
       4.918335556088e+10       3.124636526603e-19       9.423707524547e-06       5.219109142358e+15       2.033208162753e-11       2.220156404996e-11 
       4.884146530371e+10       3.168534544659e-19       9.489673175267e-06       5.146801726163e+15       2.047440619894e-11       2.251347381570e-11 
       4.850195164217e+10       3.213049285960e-19       9.556100849295e-06       5.075496082940e+15       2.061772704235e-11       2.282976560158e-11 
       4.816479805573e+10       3.258189414850e-19       9.622994184610e-06       5.005178333767e+15       2.076205113166e-11       2.315050097059e-11 
       4.782998813871e+10       3.303963717401e-19       9.690355000203e-06       4.935834792004e+15       2.090738548960e-11       2.347574235064e-11 
       4.749750559946e+10       3.350381103116e-19       9.758186934050e-06       4.867451960630e+15       2.105373718805e-11       2.380555304666e-11 
       4.716733425960e+10       3.397450606671e-19       9.826493624132e-06       4.800016529617e+15       2.120111334838e-11       2.413999725298e-11 
       4.683945805318e+10       3.445181389670e-19       9.895280527417e-06       4.733515373341e+15       2.134952114184e-11       2.447914006577e-11 
       4.651386102595e+10       3.493582742428e-19       9.964545824914e-06       4.667935548023e+15       2.149896778985e-11       2.482304749576e-11 
       4.619052733456e+10       3.542664085777e-19       1.003429861157e-05       4.603264289211e+15       2.164946056440e-11       2.517178648105e-11 
       4.586944124579e+10       3.592434972907e-19       1.010453888739e-05       4.539489009298e+15       2.180100678837e-11       2.552542490015e-11 
       4.555058713579e+10       3.642905091217e-19       1.017527029035e-05       4.476597295071e+15       2.195361383591e-11       2.588403158520e-11 
       4.523394948932e+10       3.694084264206e-19       1.024649645842e-05       4.414576905291e+15       2.210728913278e-11       2.624767633538e-11 
       4.491951289897e+10       3.745982453383e-19       1.031822284858e-05       4.353415768317e+15       2.226204015673e-11       2.661642993045e-11 
       4.460726206447e+10       3.798609760206e-19       1.039044946083e-05       4.293101979750e+15       2.241787443785e-11       2.699036414457e-11 
       4.429718179188e+10       3.851976428049e-19       1.046318357112e-05       4.233623800121e+15       2.257479955893e-11       2.736955176026e-11 
       4.398925699288e+10       3.906092844193e-19       1.053642517945e-05       4.174969652602e+15       2.273282315587e-11       2.775406658254e-11 
       4.368347268405e+10       3.960969541854e-19       1.061018156179e-05       4.117128120756e+15       2.289195291798e-11       2.814398345334e-11 
       4.337981398610e+10       4.016617202224e-19       1.068445271812e-05       4.060087946314e+15       2.305219658843e-11       2.853937826603e-11 
       4.307826612319e+10       4.073046656560e-19       1.075924228644e-05       4.003838026980e+15       2.321356196457e-11       2.894032798022e-11 
       4.277881442218e+10       4.130268888285e-19       1.083455754269e-05       3.948367414276e+15       2.337605689834e-11       2.934691063670e-11 
       4.248144431195e+10       4.188295035127e-19       1.091040030587e-05       3.893665311408e+15       2.353968929666e-11       2.975920537269e-11 
       4.218614132264e+10       4.247136391290e-19       1.098677239497e-05       3.839721071164e+15       2.370446712175e-11       3.017729243719e-11 
       4.189289108500e+10       4.306804409648e-19       1.106367926695e-05       3.786524193841e+15       2.387039839163e-11       3.060125320660e-11 
       4.160167932964e+10       4.367310703980e-19       1.114112637879e-05       3.734064325206e+15       2.403749118040e-11       3.103117020060e-11 
       4.131249188639e+10       4.428667051224e-19       1.121911373048e-05       3.682331254474e+15       2.420575361868e-11       3.146712709820e-11 
       4.102531468356e+10       4.490885393772e-19       1.129764677898e-05       3.631314912325e+15       2.437519389404e-11       3.190920875398e-11 
       4.074013374728e+10       4.553977841797e-19       1.137673098128e-05       3.581005368944e+15       2.454582025132e-11       3.235750121468e-11 
       4.045693520082e+10       4.617956675605e-19       1.145636815636e-05       3.531392832086e+15       2.471764099311e-11       3.281209173587e-11 
       4.017570526393e+10       4.682834348031e-19       1.153656194219e-05       3.482467645172e+15       2.489066448008e-11       3.327306879902e-11 
       3.989643025211e+10       4.748623486857e-19       1.161731779575e-05       3.434220285408e+15       2.506489913147e-11       3.374052212864e-11 
       3.961909657603e+10       4.815336897276e-19       1.169863935502e-05       3.386641361932e+15       2.524035342542e-11       3.421454270979e-11 
       3.934369074080e+10       4.882987564377e-19       1.178053025797e-05       3.339721613989e+15       2.541703589942e-11       3.469522280579e-11 
       3.907019934533e+10       4.951588655679e-19       1.186299414258e-05       3.293451909122e+15       2.559495515074e-11       3.518265597615e-11 
       3.879860908171e+10       5.021153523693e-19       1.194603464683e-05       3.247823241400e+15       2.577411983683e-11       3.567693709480e-11 
       3.852890673452e+10       5.091695708516e-19       1.202965722769e-05       3.202826729666e+15       2.595453867571e-11       3.617816236857e-11 
       3.826107918021e+10       5.163228940471e-19       1.211386552313e-05       3.158453615801e+15       2.613622044647e-11       3.668642935588e-11 
       3.799511338646e+10       5.235767142781e-19       1.219866135216e-05       3.114695263027e+15       2.631917398962e-11       3.720183698577e-11 
       3.773099641153e+10       5.309324434271e-19       1.228405199072e-05       3.071543154223e+15       2.650340820758e-11       3.772448557710e-11 
       3.746871540366e+10       5.383915132127e-19       1.237004107679e-05       3.028988890267e+15       2.668893206506e-11       3.825447685815e-11 
       3.720825760041e+10       5.459553754673e-19       1.245663042937e-05       2.987024188401e+15       2.687575458955e-11       3.879191398634e-11 
       3.694961032806e+10       5.536255024203e-19       1.254382732441e-05       2.945640880619e+15       2.706388487170e-11       3.933690156839e-11 
       3.669276100101e+10       5.614033869844e-19       1.263163358090e-05       2.904830912078e+15       2.725333206584e-11       3.988954568061e-11 
       3.643769712111e+10       5.692905430462e-19       1.272005647479e-05       2.864586339531e+15       2.744410539033e-11       4.044995388958e-11 
       3.618440627712e+10       5.772885057609e-19       1.280909600609e-05       2.824899329777e+15       2.763621412809e-11       4.101823527309e-11 
       3.593287614406e+10       5.853988318512e-19       1.289875945076e-05       2.785762158141e+15       2.782966762702e-11       4.159450044136e-11 
       3.568309448264e+10       5.936230999100e-19       1.298905044678e-05       2.747167206967e+15       2.802447530044e-11       4.217886155858e-11 
       3.543504913862e+10       6.019629107080e-19       1.307997445110e-05       2.709106964139e+15       2.822064662758e-11       4.277143236473e-11 
       3.518872804227e+10       6.104198875052e-19       1.317153510172e-05       2.671574021614e+15       2.841819115400e-11       4.337232819770e-11 
       3.494411920777e+10       6.189956763665e-19       1.326373421762e-05       2.634561073984e+15       2.861711849211e-11       4.398166601581e-11 
       3.470121073260e+10       6.276919464826e-19       1.335658089374e-05       2.598060917052e+15       2.881743832159e-11       4.459956442048e-11 
       3.445999079697e+10       6.365103904945e-19       1.345007694908e-05       2.562066446432e+15       2.901916038988e-11       4.522614367940e-11 
       3.422044766328e+10       6.454527248234e-19       1.354422784061e-05       2.526570656163e+15       2.922229451264e-11       4.586152574986e-11 
       3.398256967550e+10       6.545206900041e-19       1.363903720630e-05       2.491566637348e+15       2.942685057427e-11       4.650583430257e-11 
       3.374634525864e+10       6.637160510244e-19       1.373451050313e-05       2.457047576809e+15       2.963283852832e-11       4.715919474565e-11 
       3.351176291817e+10       6.730405976685e-19       1.383065136906e-05       2.423006755759e+15       2.984026839806e-11       4.782173424911e-11 
       3.327881123944e+10       6.824961448651e-19       1.392746708007e-05       2.389437548496e+15       3.004915027688e-11       4.849358176956e-11 
       3.304747888718e+10       6.920845330409e-19       1.402495945513e-05       2.356333421112e+15       3.025949432886e-11       4.917486807532e-11 
       3.281775460490e+10       7.018076284786e-19       1.412313395122e-05       2.323687930224e+15       3.047131078920e-11       4.986572577187e-11 
       3.258962721435e+10       7.116673236807e-19       1.422199602530e-05       2.291494721716e+15       3.068460996476e-11       5.056628932766e-11 
       3.236308561500e+10       7.216655377370e-19       1.432154931535e-05       2.259747529506e+15       3.089940223455e-11       5.127669510031e-11 
       3.213811878346e+10       7.318042166990e-19       1.442180109734e-05       2.228440174323e+15       3.111569805024e-11       5.199708136311e-11 
       3.191471577301e+10       7.420853339579e-19       1.452275319025e-05       2.197566562507e+15       3.133350793663e-11       5.272758833195e-11 
       3.169286571297e+10       7.525108906293e-19       1.462441287003e-05       2.167120684820e+15       3.155284249222e-11       5.346835819263e-11 
       3.147255780826e+10       7.630829159426e-19       1.472678377468e-05       2.137096615281e+15       3.177371238971e-11       5.421953512848e-11 
       3.125378133884e+10       7.738034676354e-19       1.482987136114e-05       2.107488510007e+15       3.199612837648e-11       5.498126534851e-11 
       3.103652565918e+10       7.846746323549e-19       1.493367926741e-05       2.078290606080e+15       3.222010127516e-11       5.575369711578e-11 
       3.082078019774e+10       7.956985260633e-19       1.503821476945e-05       2.049497220423e+15       3.244564198413e-11       5.653698077633e-11 
       3.060653445650e+10       8.068772944502e-19       1.514348332421e-05       2.021102748693e+15       3.267276147806e-11       5.733126878838e-11 
       3.039377801038e+10       8.182131133498e-19       1.524948675069e-05       1.993101664194e+15       3.290147080845e-11       5.813671575207e-11 
       3.018250050678e+10       8.297081891647e-19       1.535623414384e-05       1.965488516798e+15       3.313178110416e-11       5.895347843947e-11 
       2.997269166508e+10       8.413647592952e-19       1.546372732264e-05       1.938257931883e+15       3.336370357193e-11       5.978171582520e-11 
       2.976434127610e+10       8.531850925748e-19       1.557197356306e-05       1.911404609292e+15       3.359724949698e-11       6.062158911726e-11 
       2.955743920164e+10       8.651714897119e-19       1.568097832205e-05       1.884923322297e+15       3.383243024351e-11       6.147326178849e-11 
       2.935197537397e+10       8.773262837376e-19       1.579074341862e-05       1.858808916582e+15       3.406925725526e-11       6.233689960835e-11 
       2.914793979536e+10       8.896518404596e-19       1.590127976669e-05       1.833056309243e+15       3.430774205610e-11       6.321267067521e-11 
       2.894532253754e+10       9.021505589229e-19       1.601258918527e-05       1.807660487794e+15       3.454789625054e-11       6.410074544903e-11 
       2.874411374131e+10       9.148248718768e-19       1.612467713130e-05       1.782616509195e+15       3.478973152434e-11       6.500129678457e-11 
       2.854430361595e+10       9.276772462482e-19       1.623754906177e-05       1.757919498889e+15       3.503325964506e-11       6.591449996504e-11 
       2.834588243883e+10       9.407101836217e-19       1.635121225263e-05       1.733564649852e+15       3.527849246263e-11       6.684053273618e-11 
       2.814884055489e+10       9.539262207269e-19       1.646567034186e-05       1.709547221658e+15       3.552544190992e-11       6.777957534091e-11 
       2.795316837621e+10       9.673279299318e-19       1.658093060541e-05       1.685862539559e+15       3.577412000334e-11       6.873181055435e-11 
       2.775885638149e+10       9.809179197436e-19       1.669699668128e-05       1.662505993569e+15       3.602453884342e-11       6.969742371944e-11 
       2.756589511564e+10       9.946988353164e-19       1.681387584540e-05       1.639473037572e+15       3.627671061538e-11       7.067660278302e-11 
       2.737427518926e+10       1.008673358966e-18       1.693157355476e-05       1.616759188438e+15       3.653064758974e-11       7.166953833237e-11 
       2.718398727827e+10       1.022844210693e-18       1.705009344732e-05       1.594360025143e+15       3.678636212292e-11       7.267642363234e-11 
       2.699502212335e+10       1.037214148709e-18       1.716944461805e-05       1.572271187918e+15       3.704386665784e-11       7.369745466296e-11 
       2.680737052960e+10       1.051785969978e-18       1.728963070491e-05       1.550488377393e+15       3.730317372450e-11       7.473283015757e-11 
       2.662102336599e+10       1.066562510757e-18       1.741065716487e-05       1.529007353764e+15       3.756429594063e-11       7.578275164154e-11 
       2.643597156499e+10       1.081546647152e-18       1.753253309289e-05       1.507823935967e+15       3.782724601227e-11       7.684742347144e-11 
       2.625220612208e+10       1.096741295671e-18       1.765526030795e-05       1.486934000864e+15       3.809203673442e-11       7.792705287487e-11 
       2.606971809537e+10       1.112149413801e-18       1.777884790499e-05       1.466333482439e+15       3.835868099162e-11       7.902184999075e-11 
       2.588849860508e+10       1.127774000576e-18       1.790329952200e-05       1.446018371011e+15       3.862719175862e-11       8.013202791025e-11 
       2.570853883320e+10       1.143618097163e-18       1.802862243494e-05       1.425984712446e+15       3.889758210100e-11       8.125780271827e-11 
       2.552983002299e+10       1.159684787455e-18       1.815482210077e-05       1.406228607397e+15       3.916986517577e-11       8.239939353547e-11 
       2.535236347859e+10       1.175977198672e-18       1.828190579545e-05       1.386746210537e+15       3.944405423206e-11       8.355702256093e-11 
       2.517613056459e+10       1.192498501966e-18       1.840987897594e-05       1.367533729814e+15       3.972016261175e-11       8.473091511542e-11 
       2.500112270561e+10       1.209251913043e-18       1.853874891822e-05       1.348587425713e+15       3.999820375010e-11       8.592129968523e-11 
       2.482733138586e+10       1.226240692784e-18       1.866851926025e-05       1.329903610527e+15       4.027819117642e-11       8.712840796667e-11 
       2.465474814877e+10       1.243468147883e-18       1.879919909697e-05       1.311478647640e+15       4.056013851472e-11       8.835247491113e-11 
       2.448336459654e+10       1.260937631491e-18       1.893079388537e-05       1.293308950819e+15       4.084405948439e-11       8.959373877085e-11 
       2.431317238977e+10       1.278652543865e-18       1.906330908241e-05       1.275390983517e+15       4.112996790085e-11       9.085244114525e-11 
       2.414416324699e+10       1.296616333035e-18       1.919675196405e-05       1.257721258181e+15       4.141787767623e-11       9.212882702802e-11 
       2.397632894433e+10       1.314832495469e-18       1.933112980623e-05       1.240296335579e+15       4.170780282003e-11       9.342314485471e-11 
       2.380966131508e+10       1.333304576761e-18       1.946644806594e-05       1.223112824125e+15       4.199975743984e-11       9.473564655120e-11 
       2.364415224928e+10       1.352036172314e-18       1.960271401913e-05       1.206167379222e+15       4.229375574200e-11       9.606658758263e-11 
       2.347979369338e+10       1.371030928043e-18       1.973993130377e-05       1.189456702610e+15       4.258981203227e-11       9.741622700320e-11 
       2.331657764978e+10       1.390292541086e-18       1.987811083382e-05       1.172977541726e+15       4.288794071657e-11       9.878482750655e-11 
       2.315449617650e+10       1.409824760520e-18       2.001725806622e-05       1.156726689066e+15       4.318815630166e-11       1.001726554769e-10 
       2.299354138674e+10       1.429631388095e-18       2.015737845795e-05       1.140700981567e+15       4.349047339585e-11       1.015799810409e-10 
       2.283370544856e+10       1.449716278971e-18       2.029848110396e-05       1.124897299987e+15       4.379490670970e-11       1.030070781202e-10 
       2.267498058442e+10       1.470083342468e-18       2.044056964223e-05       1.109312568298e+15       4.410147105675e-11       1.044542244847e-10 
       2.251735907087e+10       1.490736542830e-18       2.058365498669e-05       1.093943753089e+15       4.441018135422e-11       1.059217018070e-10 
       2.236083323816e+10       1.511679899993e-18       2.072773895634e-05       1.078787862977e+15       4.472105262379e-11       1.074097957165e-10 
       2.220539546982e+10       1.532917490369e-18       2.087283428409e-05       1.063841948020e+15       4.503409999224e-11       1.089187958557e-10 
       2.205103820235e+10       1.554453447641e-18       2.101894460793e-05       1.049103099147e+15       4.534933869227e-11       1.104489959361e-10 
       2.189775392483e+10       1.576291963565e-18       2.116607720382e-05       1.034568447590e+15       4.566678406320e-11       1.120006937957e-10 
       2.174553517853e+10       1.598437288787e-18       2.131423934770e-05       1.020235164325e+15       4.598645155173e-11       1.135741914568e-10 
       2.159437455659e+10       1.620893733671e-18       2.146343831555e-05       1.006100459524e+15       4.630835671268e-11       1.151697951847e-10 
       2.144426470362e+10       1.643665669138e-18       2.161368320230e-05       9.921615820099e+14       4.663251520976e-11       1.167878155475e-10 
       2.129519831536e+10       1.666757527512e-18       2.176497764594e-05       9.784158187201e+14       4.695894281632e-11       1.184285674764e-10 
       2.114716813834e+10       1.690173803393e-18       2.191733256041e-05       9.648604941809e+14       4.728765541612e-11       1.200923703273e-10 
       2.100016696951e+10       1.713919054519e-18       2.207075522165e-05       9.514929699854e+14       4.761866900413e-11       1.217795479425e-10 
       2.085418765587e+10       1.737997902666e-18       2.222524926765e-05       9.383106442800e+14       4.795199968725e-11       1.234904287139e-10 
       2.070922309416e+10       1.762415034536e-18       2.238082743133e-05       9.253109512581e+14       4.828766368516e-11       1.252253456473e-10 
       2.056526623050e+10       1.787175202678e-18       2.253749153169e-05       9.124913606608e+14       4.862567733105e-11       1.269846364265e-10 
       2.042231006003e+10       1.812283226408e-18       2.269525430165e-05       8.998493772843e+14       4.896605707247e-11       1.287686434797e-10 
       2.028034762660e+10       1.837743992748e-18       2.285412119818e-05       8.873825404942e+14       4.930881947207e-11       1.305777140459e-10 
       2.013937202239e+10       1.863562457380e-18       2.301410131622e-05       8.750884237466e+14       4.965398120848e-11       1.324122002421e-10 
       1.999937638763e+10       1.889743645607e-18       2.317519829376e-05       8.629646341160e+14       5.000155907704e-11       1.342724591327e-10 
       1.986035391021e+10       1.916292653331e-18       2.333742486371e-05       8.510088118291e+14       5.035156999069e-11       1.361588527980e-10 
       1.972229782538e+10       1.943214648048e-18       2.350078830204e-05       8.392186298059e+14       5.070403098073e-11       1.380717484056e-10 
       1.958520141543e+10       1.970514869853e-18       2.366529224673e-05       8.275917932066e+14       5.105895919770e-11       1.400115182811e-10 
       1.944905800931e+10       1.998198632458e-18       2.383094943070e-05       8.161260389848e+14       5.141637191219e-11       1.419785399812e-10 
       1.931386098239e+10       2.026271324227e-18       2.399776712991e-05       8.048191354474e+14       5.177628651569e-11       1.439731963665e-10 
       1.917960375605e+10       2.054738409224e-18       2.416575080133e-05       7.936688818197e+14       5.213872052141e-11       1.459958756768e-10 
       1.904627979742e+10       2.083605428282e-18       2.433491135889e-05       7.826731078176e+14       5.250369156517e-11       1.480469716061e-10 
       1.891388261903e+10       2.112878000072e-18       2.450525607856e-05       7.718296732246e+14       5.287121740624e-11       1.501268833794e-10 
       1.878240577854e+10       2.142561822204e-18       2.467679223628e-05       7.611364674758e+14       5.324131592820e-11       1.522360158304e-10 
       1.865184287834e+10       2.172662672335e-18       2.484953074600e-05       7.505914092468e+14       5.361400513982e-11       1.543747794804e-10 
       1.852218756533e+10       2.203186409291e-18       2.502347706468e-05       7.401924460483e+14       5.398930317592e-11       1.565435906180e-10 
       1.839343353057e+10       2.234138974207e-18       2.519864028727e-05       7.299375538274e+14       5.436722829827e-11       1.587428713803e-10 
       1.826557450896e+10       2.265526391687e-18       2.537503132771e-05       7.198247365728e+14       5.474779889648e-11       1.609730498351e-10 
       1.813860427896e+10       2.297354770975e-18       2.555265746196e-05       7.098520259268e+14       5.513103348888e-11       1.632345600639e-10 
       1.801251666227e+10       2.329630307143e-18       2.573152596597e-05       7.000174808020e+14       5.551695072343e-11       1.655278422468e-10 
       1.788730552356e+10       2.362359282298e-18       2.591164593468e-05       6.903191870036e+14       5.590556937862e-11       1.678533427479e-10 
       1.776296477012e+10       2.395548066802e-18       2.609302828205e-05       6.807552568566e+14       5.629690836440e-11       1.702115142022e-10 
       1.763948835161e+10       2.429203120518e-18       2.627567846503e-05       6.713238288387e+14       5.669098672309e-11       1.726028156040e-10 
       1.751687025975e+10       2.463330994060e-18       2.645960921654e-05       6.620230672176e+14       5.708782363028e-11       1.750277123957e-10 
       1.739510452800e+10       2.497938330075e-18       2.664482599357e-05       6.528511616941e+14       5.748743839583e-11       1.774866765590e-10 
       1.727418523133e+10       2.533031864530e-18       2.683133971004e-05       6.438063270494e+14       5.788985046474e-11       1.799801867062e-10 
       1.715410648588e+10       2.568618428026e-18       2.701915946091e-05       6.348868027979e+14       5.829507941813e-11       1.825087281739e-10 
       1.703486244869e+10       2.604704947128e-18       2.720829252212e-05       6.260908528441e+14       5.870314497420e-11       1.850727931170e-10 
       1.691644731742e+10       2.641298445711e-18       2.739875162661e-05       6.174167651454e+14       5.911406698916e-11       1.876728806046e-10 
       1.679885533007e+10       2.678406046331e-18       2.759054223134e-05       6.088628513782e+14       5.952786545823e-11       1.903094967176e-10 
       1.668208076466e+10       2.716034971605e-18       2.778367525025e-05       6.004274466096e+14       5.994456051659e-11       1.929831546463e-10 
       1.656611793904e+10       2.754192545623e-18       2.797816159728e-05       5.921089089733e+14       6.036417244035e-11       1.956943747912e-10 
       1.645096121052e+10       2.792886195371e-18       2.817400854838e-05       5.839056193499e+14       6.078672164759e-11       1.984436848638e-10 
       1.633660497564e+10       2.832123452177e-18       2.837122701749e-05       5.758159810520e+14       6.121222869928e-11       2.012316199895e-10 
       1.622304366991e+10       2.871911953175e-18       2.856982609956e-05       5.678384195133e+14       6.164071430033e-11       2.040587228114e-10 
       1.611027176748e+10       2.912259442794e-18       2.876981488953e-05       5.599713819819e+14       6.207219930059e-11       2.069255435965e-10 
       1.599828378097e+10       2.953173774265e-18       2.897120248235e-05       5.522133372186e+14       6.250670469585e-11       2.098326403423e-10 
       1.588707426109e+10       2.994662911149e-18       2.917400161095e-05       5.445627751982e+14       6.294425162889e-11       2.127805788857e-10 
       1.577663779647e+10       3.036734928885e-18       2.937821955129e-05       5.370182068162e+14       6.338486139045e-11       2.157699330131e-10 
       1.566696901333e+10       3.079398016367e-18       2.958386721730e-05       5.295781635985e+14       6.382855542035e-11       2.188012845718e-10 
       1.555806257525e+10       3.122660477532e-18       2.979095370392e-05       5.222411974159e+14       6.427535530847e-11       2.218752235837e-10 
       1.544991318292e+10       3.166530732981e-18       2.999948992510e-05       5.150058802021e+14       6.472528279580e-11       2.249923483599e-10 
       1.534251557386e+10       3.211017321616e-18       3.020948679477e-05       5.078708036756e+14       6.517835977554e-11       2.281532656169e-10 
       1.523586452215e+10       3.256128902299e-18       3.042095340788e-05       5.008345790660e+14       6.563460829415e-11       2.313585905953e-10 
       1.512995483824e+10       3.301874255544e-18       3.063390067837e-05       4.938958368431e+14       6.609405055239e-11       2.346089471790e-10 
       1.502478136861e+10       3.348262285221e-18       3.084833770117e-05       4.870532264509e+14       6.655670890644e-11       2.379049680169e-10 
       1.492033899559e+10       3.395302020290e-18       3.106427539024e-05       4.803054160444e+14       6.702260586897e-11       2.412472946461e-10 
       1.481662263708e+10       3.443002616559e-18       3.128172647848e-05       4.736510922305e+14       6.749176411024e-11       2.446365776165e-10 
       1.471362724631e+10       3.491373358467e-18       3.150069824187e-05       4.670889598123e+14       6.796420645920e-11       2.480734766175e-10 
       1.461134781158e+10       3.540423660889e-18       3.172120341333e-05       4.606177415370e+14       6.843995590461e-11       2.515586606068e-10 
       1.450977935604e+10       3.590163070969e-18       3.194325108780e-05       4.542361778474e+14       6.891903559613e-11       2.550928079399e-10 
       1.440891693743e+10       3.640601269981e-18       3.216685399821e-05       4.479430266366e+14       6.940146884550e-11       2.586766065028e-10 
       1.430875564785e+10       3.691748075210e-18       3.239202123950e-05       4.417370630062e+14       6.988727912762e-11       2.623107538454e-10 
       1.420929061350e+10       3.743613441862e-18       3.261876554461e-05       4.356170790282e+14       7.037649008172e-11       2.659959573176e-10 
       1.411051699450e+10       3.796207465007e-18       3.284709782747e-05       4.295818835095e+14       7.086912551250e-11       2.697329342069e-10 
       1.401242998455e+10       3.849540381538e-18       3.307702718303e-05       4.236303017602e+14       7.136520939130e-11       2.735224118779e-10 
       1.391502481083e+10       3.903622572169e-18       3.330856634420e-05       4.177611753652e+14       7.186476585725e-11       2.773651279138e-10 
       1.381829673365e+10       3.958464563449e-18       3.354172622494e-05       4.119733619583e+14       7.236781921846e-11       2.812618302604e-10 
       1.372224104627e+10       4.014077029818e-18       3.377651773917e-05       4.062657350000e+14       7.287439395321e-11       2.852132773712e-10 
       1.362685307470e+10       4.070470795679e-18       3.401295361982e-05       4.006371835584e+14       7.338451471111e-11       2.892202383552e-10 
       1.353212817741e+10       4.127656837506e-18       3.425104478083e-05       3.950866120930e+14       7.389820631431e-11       2.932834931266e-10 
       1.343806174515e+10       4.185646285985e-18       3.449080213613e-05       3.896129402409e+14       7.441549375874e-11       2.974038325568e-10 
       1.334464920069e+10       4.244450428175e-18       3.473223659967e-05       3.842151026074e+14       7.493640221528e-11       3.015820586280e-10 
       1.325188599866e+10       4.304080709705e-18       3.497536272334e-05       3.788920485579e+14       7.546095703102e-11       3.058189845893e-10 
       1.315976762523e+10       4.364548737007e-18       3.522018960211e-05       3.736427420136e+14       7.598918373047e-11       3.101154351154e-10 
       1.306828959800e+10       4.425866279570e-18       3.546673178789e-05       3.684661612501e+14       7.652110801683e-11       3.144722464667e-10 
       1.297744746569e+10       4.488045272232e-18       3.571499837562e-05       3.633612986983e+14       7.705675577319e-11       3.188902666523e-10 
       1.288723680798e+10       4.551097817505e-18       3.596500391723e-05       3.583271607482e+14       7.759615306385e-11       3.233703555950e-10 
       1.279765323529e+10       4.615036187929e-18       3.621675932663e-05       3.533627675558e+14       7.813932613555e-11       3.279133852984e-10 
       1.270869238852e+10       4.679872828459e-18       3.647027551779e-05       3.484671528520e+14       7.868630141875e-11       3.325202400173e-10 
       1.262034993890e+10       4.745620358891e-18       3.672556704259e-05       3.436393637550e+14       7.923710552894e-11       3.371918164289e-10 
       1.253262158774e+10       4.812291576316e-18       3.698264663399e-05       3.388784605844e+14       7.979176526790e-11       3.419290238083e-10 
       1.244550306623e+10       4.879899457611e-18       3.724152520590e-05       3.341835166785e+14       8.035030762505e-11       3.467327842046e-10 
       1.235899013523e+10       4.948457161966e-18       3.750221549126e-05       3.295536182139e+14       8.091275977869e-11       3.516040326210e-10 
       1.227307858509e+10       5.017978033443e-18       3.776473204198e-05       3.249878640277e+14       8.147914909741e-11       3.565437171965e-10 
       1.218776423539e+10       5.088475603577e-18       3.802908395301e-05       3.204853654419e+14       8.204950314137e-11       3.615527993905e-10 
       1.210304293480e+10       5.159963594004e-18       3.829528759525e-05       3.160452460906e+14       8.262384966364e-11       3.666322541699e-10 
       1.201891056082e+10       5.232455919138e-18       3.856335570163e-05       3.116666417496e+14       8.320221661157e-11       3.717830701989e-10 
       1.193536301964e+10       5.305966688876e-18       3.883329918608e-05       3.073487001678e+14       8.378463212814e-11       3.770062500315e-10 
       1.185239624587e+10       5.380510211345e-18       3.910513260053e-05       3.030905809014e+14       8.437112455333e-11       3.823028103066e-10 
       1.177000620240e+10       5.456100995686e-18       3.937886685890e-05       2.988914551505e+14       8.496172242550e-11       3.876737819457e-10 
       1.168818888019e+10       5.532753754880e-18       3.965452015109e-05       2.947505055978e+14       8.555645448278e-11       3.931202103539e-10 
       1.160694029806e+10       5.610483408609e-18       3.993210157205e-05       2.906669262493e+14       8.615534966447e-11       3.986431556232e-10 
       1.152625650249e+10       5.689305086164e-18       4.021162567369e-05       2.866399222775e+14       8.675843711243e-11       4.042436927385e-10 
       1.144613356747e+10       5.769234129385e-18       4.049310700793e-05       2.826687098668e+14       8.736574617253e-11       4.099229117875e-10 
       1.136656759426e+10       5.850286095652e-18       4.077655830770e-05       2.787525160608e+14       8.797730639605e-11       4.156819181725e-10 
       1.128755471124e+10       5.932476760908e-18       4.106199412490e-05       2.748905786120e+14       8.859314754115e-11       4.215218328254e-10 
       1.120909107367e+10       6.015822122733e-18       4.134942901146e-05       2.710821458333e+14       8.921329957426e-11       4.274437924263e-10 
       1.113117286358e+10       6.100338403457e-18       4.163887570030e-05       2.673264764518e+14       8.983779267162e-11       4.334489496243e-10 
       1.105379628950e+10       6.186042053320e-18       4.193034692435e-05       2.636228394643e+14       9.046665722065e-11       4.395384732622e-10 
       1.097695758635e+10       6.272949753666e-18       4.222385905450e-05       2.599705139953e+14       9.109992382154e-11       4.457135486039e-10 
       1.090065301520e+10       6.361078420201e-18       4.251942664268e-05       2.563687891567e+14       9.173762328864e-11       4.519753775649e-10 
       1.082487886311e+10       6.450445206275e-18       4.281706242182e-05       2.528169639090e+14       9.237978665201e-11       4.583251789465e-10 
       1.074963144296e+10       6.541067506229e-18       4.311678094382e-05       2.493143469253e+14       9.302644515893e-11       4.647641886729e-10 
       1.067490709326e+10       6.632962958774e-18       4.341859857959e-05       2.458602564568e+14       9.367763027540e-11       4.712936600319e-10 
       1.060070217796e+10       6.726149450430e-18       4.372252988105e-05       2.424540201995e+14       9.433337368770e-11       4.779148639187e-10 
       1.052701308631e+10       6.820645119002e-18       4.402858758112e-05       2.390949751640e+14       9.499370730388e-11       4.846290890831e-10 
       1.045383623263e+10       6.916468357114e-18       4.433678805071e-05       2.357824675461e+14       9.565866325538e-11       4.914376423809e-10 
       1.038116805619e+10       7.013637815790e-18       4.464714402275e-05       2.325158525998e+14       9.632827389855e-11       4.983418490275e-10 
       1.030900502100e+10       7.112172408079e-18       4.495967550611e-05       2.292944945114e+14       9.700257181623e-11       5.053430528566e-10 
       1.023734361564e+10       7.212091312742e-18       4.527439159574e-05       2.261177662761e+14       9.768158981934e-11       5.124426165812e-10 
       1.016618035312e+10       7.313413977980e-18       4.559131230053e-05       2.229850495760e+14       9.836536094847e-11       5.196419220591e-10 
       1.009551177067e+10       7.416160125223e-18       4.591045217239e-05       2.198957346593e+14       9.905391847551e-11       5.269423705619e-10 
       1.002533442962e+10       7.520349752967e-18       4.623182576324e-05       2.168492202220e+14       9.974729590525e-11       5.343453830474e-10 
       9.955644915164e+09       7.626003140668e-18       4.655544762500e-05       2.138449132911e+14       1.004455269770e-10       5.418524004369e-10 
       9.886439836262e+09       7.733140852686e-18       4.688133594755e-05       2.108822291085e+14       1.011486456663e-10       5.494648838946e-10 
       9.817715825435e+09       7.841783742291e-18       4.720950528281e-05       2.079605910177e+14       1.018566861864e-10       5.571843151131e-10 
       9.749469538617e+09       7.951952955720e-18       4.753997200169e-05       2.050794303513e+14       1.025696829901e-10       5.650121966010e-10 
       9.681697654983e+09       8.063669936295e-18       4.787275247509e-05       2.022381863205e+14       1.032876707715e-10       5.729500519757e-10 
       9.614396876797e+09       8.176956428591e-18       4.820786125492e-05       1.994363059060e+14       1.040106844673e-10       5.809994262599e-10 
       9.547563929244e+09       8.291834482678e-18       4.854531653109e-05       1.966732437500e+14       1.047387592590e-10       5.891618861824e-10 
       9.481195560274e+09       8.408326458403e-18       4.888513285550e-05       1.939484620503e+14       1.054719305743e-10       5.974390204829e-10 
       9.415288540442e+09       8.526455029749e-18       4.922732841806e-05       1.912614304559e+14       1.062102340888e-10       6.058324402211e-10 
       9.349839662755e+09       8.646243189244e-18       4.957191958965e-05       1.886116259630e+14       1.069537057279e-10       6.143437790909e-10 
       9.284845742509e+09       8.767714252440e-18       4.991892456019e-05       1.859985328142e+14       1.077023816684e-10       6.229746937375e-10 
       9.220303617140e+09       8.890891862446e-18       5.026835606259e-05       1.834216423972e+14       1.084562983406e-10       6.317268640806e-10 
       9.156210146069e+09       9.015799994536e-18       5.062023410574e-05       1.808804531463e+14       1.092154924295e-10       6.406019936410e-10 
       9.092562210547e+09       9.142462960811e-18       5.097457687953e-05       1.783744704447e+14       1.099800008770e-10       6.496018098722e-10 
       9.029356713504e+09       9.270905414934e-18       5.133139893587e-05       1.759032065283e+14       1.107498608836e-10       6.587280644967e-10 
       8.966590579400e+09       9.401152356925e-18       5.169071846467e-05       1.734661803905e+14       1.115251099103e-10       6.679825338470e-10 
       8.904260754073e+09       9.533229138031e-18       5.205255365581e-05       1.710629176888e+14       1.123057856802e-10       6.773670192113e-10 
       8.842364204593e+09       9.667161465658e-18       5.241692088020e-05       1.686929506523e+14       1.130919261805e-10       6.868833471839e-10 
       8.780897919110e+09       9.802975408375e-18       5.278384014673e-05       1.663558179911e+14       1.138835696643e-10       6.965333700211e-10 
       8.719858906715e+09       9.940697400989e-18       5.315332600730e-05       1.640510648058e+14       1.146807546525e-10       7.063189660016e-10 
       8.659244197286e+09       1.008035424969e-17       5.352540028980e-05       1.617782424995e+14       1.154835199356e-10       7.162420397917e-10 
       8.599050841348e+09       1.022197313727e-17       5.390007754613e-05       1.595369086903e+14       1.162919045757e-10       7.263045228167e-10 
       8.539275909930e+09       1.036558162840e-17       5.427737778518e-05       1.573266271253e+14       1.171059479083e-10       7.365083736362e-10 
       8.479916494420e+09       1.051120767502e-17       5.465731919685e-05       1.551469675956e+14       1.179256895442e-10       7.468555783259e-10 
       8.420969706427e+09       1.065887962177e-17       5.503991997102e-05       1.529975058523e+14       1.187511693716e-10       7.573481508635e-10 
       8.362432677635e+09       1.080862621148e-17       5.542520011659e-05       1.508778235246e+14       1.195824275578e-10       7.679881335214e-10 
       8.304302559669e+09       1.096047659083e-17       5.581317600445e-05       1.487875080376e+14       1.204195045513e-10       7.787775972636e-10 
       8.246576523953e+09       1.111446031593e-17       5.620386764349e-05       1.467261525326e+14       1.212624410838e-10       7.897186421493e-10 
       8.189251761574e+09       1.127060735817e-17       5.659729504259e-05       1.446933557877e+14       1.221112781720e-10       8.008133977412e-10 
       8.132325483143e+09       1.142894810997e-17       5.699347639165e-05       1.426887221394e+14       1.229660571198e-10       8.120640235203e-10 
       8.075794918664e+09       1.158951339077e-17       5.739243169955e-05       1.407118614061e+14       1.238268195203e-10       8.234727093061e-10 
       8.019657317394e+09       1.175233445296e-17       5.779417733720e-05       1.387623888118e+14       1.246936072576e-10       8.350416756831e-10 
       7.963909947712e+09       1.191744298801e-17       5.819873695145e-05       1.368399249114e+14       1.255664625090e-10       8.467731744324e-10 
       7.908550096984e+09       1.208487113262e-17       5.860612873221e-05       1.349440955168e+14       1.264454277472e-10       8.586694889705e-10 
       7.853575071436e+09       1.225465147498e-17       5.901637086936e-05       1.330745316239e+14       1.273305457421e-10       8.707329347938e-10 
       7.798982196015e+09       1.242681706112e-17       5.942948519078e-05       1.312308693410e+14       1.282218595630e-10       8.829658599288e-10 
       7.744768814267e+09       1.260140140131e-17       5.984549170535e-05       1.294127498179e+14       1.291194125806e-10       8.953706453895e-10 
       7.690932288201e+09       1.277843847663e-17       6.026441042195e-05       1.276198191760e+14       1.300232484694e-10       9.079497056409e-10 
       7.637469998166e+09       1.295796274555e-17       6.068626134947e-05       1.258517284394e+14       1.309334112094e-10       9.207054890686e-10 
       7.584379342718e+09       1.314000915064e-17       6.111106449680e-05       1.241081334673e+14       1.318499450886e-10       9.336404784557e-10 
       7.531657738500e+09       1.332461312539e-17       6.153884169180e-05       1.223886948865e+14       1.327728947049e-10       9.467571914658e-10 
       7.479302620111e+09       1.351181060108e-17       6.196961476235e-05       1.206930780255e+14       1.337023049686e-10       9.600581811331e-10 
       7.427311439983e+09       1.370163801382e-17       6.240340189834e-05       1.190209528499e+14       1.346382211041e-10       9.735460363596e-10 
       7.375681668257e+09       1.389413231157e-17       6.284022492764e-05       1.173719938972e+14       1.355806886526e-10       9.872233824184e-10 
       7.324410792660e+09       1.408933096140e-17       6.328010749712e-05       1.157458802143e+14       1.365297534739e-10       1.001092881465e-09 
       7.273496318382e+09       1.428727195675e-17       6.372306779667e-05       1.141422952947e+14       1.374854617490e-10       1.015157233057e-09 
       7.222935767958e+09       1.448799382481e-17       6.416912947316e-05       1.125609270167e+14       1.384478599820e-10       1.029419174675e-09 
       7.172726681142e+09       1.469153563407e-17       6.461831253546e-05       1.110014675830e+14       1.394169950027e-10       1.043881482261e-09 
       7.122866614790e+09       1.489793700187e-17       6.507064063044e-05       1.094636134606e+14       1.403929139685e-10       1.058546970756e-09 
       7.073353142742e+09       1.510723810214e-17       6.552613558597e-05       1.079470653217e+14       1.413756643671e-10       1.073418494648e-09 
       7.024183855704e+09       1.531947967321e-17       6.598481741094e-05       1.064515279856e+14       1.423652940185e-10       1.088498948525e-09 
       6.975356361128e+09       1.553470302576e-17       6.644671157119e-05       1.049767103610e+14       1.433618510775e-10       1.103791267645e-09 
       6.926868283098e+09       1.575295005082e-17       6.691183807561e-05       1.035223253897e+14       1.443653840359e-10       1.119298428501e-09 
       6.878717262214e+09       1.597426322796e-17       6.738022239006e-05       1.020880899902e+14       1.453759417250e-10       1.135023449403e-09 
       6.830900955477e+09       1.619868563354e-17       6.785188270442e-05       1.006737250032e+14       1.463935733180e-10       1.150969391067e-09 
       6.783417036175e+09       1.642626094910e-17       6.832684630353e-05       9.927895513688e+13       1.474183283321e-10       1.167139357206e-09 
       6.736263193771e+09       1.665703346988e-17       6.880513319629e-05       9.790350891331e+13       1.484502566313e-10       1.183536495140e-09 
       6.689437133786e+09       1.689104811339e-17       6.928677066753e-05       9.654711861583e+13       1.494894084287e-10       1.200163996403e-09 
       6.642936577693e+09       1.712835042821e-17       6.977177690715e-05       9.520952023678e+13       1.505358342886e-10       1.217025097369e-09 
       6.596759262805e+09       1.736898660282e-17       7.026017919998e-05       9.389045342616e+13       1.515895851296e-10       1.234123079879e-09 
       6.550902942162e+09       1.761300347462e-17       7.075200119289e-05       9.258966144097e+13       1.526507122264e-10       1.251461271879e-09 
       6.505365384422e+09       1.786044853901e-17       7.124726471375e-05       9.130689109519e+13       1.537192672130e-10       1.269043048073e-09 
       6.460144373758e+09       1.811136995865e-17       7.174599522841e-05       9.004189271055e+13       1.547953020845e-10       1.286871830572e-09 
       6.415237709741e+09       1.836581657285e-17       7.224821820273e-05       8.879442006792e+13       1.558788692001e-10       1.304951089567e-09 
       6.370643207242e+09       1.862383790707e-17       7.275395546458e-05       8.756423035936e+13       1.569700212855e-10       1.323284344001e-09 
       6.326358696319e+09       1.888548418252e-17       7.326323247980e-05       8.635108414088e+13       1.580688114355e-10       1.341875162254e-09 
       6.282382022116e+09       1.915080632601e-17       7.377607471426e-05       8.515474528585e+13       1.591752931166e-10       1.360727162839e-09 
       6.238711044755e+09       1.941985597979e-17       7.429250763380e-05       8.397498093900e+13       1.602895201695e-10       1.379844015105e-09 
       6.195343639231e+09       1.969268551164e-17       7.481255488528e-05       8.281156147114e+13       1.614115468117e-10       1.399229439951e-09 
       6.152277695316e+09       1.996934802506e-17       7.533624193456e-05       8.166426043444e+13       1.625414276405e-10       1.418887210551e-09 
       6.109511117445e+09       2.024989736959e-17       7.586359606648e-05       8.053285451836e+13       1.636792176351e-10       1.438821153091e-09 
       6.067041824625e+09       2.053438815132e-17       7.639464092790e-05       7.941712350617e+13       1.648249721596e-10       1.459035147507e-09 
       6.024867750324e+09       2.082287574348e-17       7.692940380366e-05       7.831685023213e+13       1.659787469659e-10       1.479533128247e-09 
       5.982986842379e+09       2.111541629726e-17       7.746791015961e-05       7.723182053916e+13       1.671405981958e-10       1.500319085033e-09 
       5.941397062890e+09       2.141206675269e-17       7.801018546161e-05       7.616182323722e+13       1.683105823843e-10       1.521397063639e-09 
       5.900096388125e+09       2.171288484977e-17       7.855625699449e-05       7.510665006216e+13       1.694887564622e-10       1.542771166676e-09 
       5.859082808418e+09       2.201792913970e-17       7.910615022411e-05       7.406609563519e+13       1.706751777587e-10       1.564445554396e-09 
       5.818354328073e+09       2.232725899623e-17       7.965989243530e-05       7.303995742291e+13       1.718699040042e-10       1.586424445496e-09 
       5.777908965267e+09       2.264093462728e-17       8.021751273191e-05       7.202803569791e+13       1.730729933334e-10       1.608712117942e-09 
       5.737744751955e+09       2.295901708663e-17       8.077903476078e-05       7.103013349986e+13       1.742845042880e-10       1.631312909801e-09 
       5.697859733770e+09       2.328156828579e-17       8.134448762576e-05       7.004605659719e+13       1.755044958193e-10       1.654231220086e-09 
       5.658251969933e+09       2.360865100607e-17       8.191389861167e-05       6.907561344928e+13       1.767330272913e-10       1.677471509611e-09 
       5.618919533152e+09       2.394032891080e-17       8.248729682236e-05       6.811861516920e+13       1.779701584837e-10       1.701038301860e-09 
       5.579860509537e+09       2.427666655771e-17       8.306470772368e-05       6.717487548692e+13       1.792159495944e-10       1.724936183868e-09 
       5.541072998499e+09       2.461772941150e-17       8.364616041945e-05       6.624421071304e+13       1.804704612429e-10       1.749169807112e-09 
       5.502555112662e+09       2.496358385659e-17       8.423168219451e-05       6.532643970309e+13       1.817337544729e-10       1.773743888420e-09 
       5.464304977769e+09       2.531429721003e-17       8.482130397169e-05       6.442138382223e+13       1.830058907556e-10       1.798663210883e-09 
       5.426320732593e+09       2.566993773462e-17       8.541505303583e-05       6.352886691049e+13       1.842869319923e-10       1.823932624793e-09 
       5.388600528842e+09       2.603057465214e-17       8.601295849076e-05       6.264871524848e+13       1.855769405177e-10       1.849557048582e-09 
       5.351142531076e+09       2.639627815693e-17       8.661504944030e-05       6.178075752358e+13       1.868759791027e-10       1.875541469781e-09 
       5.313944916612e+09       2.676711942944e-17       8.722135498829e-05       6.092482479660e+13       1.881841109579e-10       1.901890945991e-09 
       5.277005875435e+09       2.714317065016e-17       8.783190423856e-05       6.008075046891e+13       1.895013997361e-10       1.928610605868e-09 
       5.240323610116e+09       2.752450501363e-17       8.844672811392e-05       5.924837024997e+13       1.908279095357e-10       1.955705650119e-09 
       5.203896335718e+09       2.791119674270e-17       8.906585389923e-05       5.842752212540e+13       1.921637049040e-10       1.983181352516e-09 
       5.167722279711e+09       2.830332110299e-17       8.968931615527e-05       5.761804632540e+13       1.935088508399e-10       2.011043060924e-09 
       5.131799681890e+09       2.870095441751e-17       9.031714034791e-05       5.681978529372e+13       1.948634127973e-10       2.039296198338e-09 
       5.096126794281e+09       2.910417408155e-17       9.094936103793e-05       5.603258365692e+13       1.962274566885e-10       2.067946263940e-09 
       5.060701881065e+09       2.951305857770e-17       9.158600551018e-05       5.525628819417e+13       1.976010488869e-10       2.096998834173e-09 
       5.025523218487e+09       2.992768749118e-17       9.222710832546e-05       5.449074780740e+13       1.989842562307e-10       2.126459563820e-09 
       4.990589094776e+09       3.034814152528e-17       9.287269676861e-05       5.373581349193e+13       2.003771460260e-10       2.156334187111e-09 
       4.955897810057e+09       3.077450251710e-17       9.352280540043e-05       5.299133830744e+13       2.017797860499e-10       2.186628518834e-09 
       4.921447676274e+09       3.120685345347e-17       9.417746514373e-05       5.225717734937e+13       2.031922445539e-10       2.217348455470e-09 
       4.887237017106e+09       3.164527848710e-17       9.483670874033e-05       5.153318772070e+13       2.046145902675e-10       2.248499976338e-09 
       4.853264167883e+09       3.208986295296e-17       9.550056529406e-05       5.081922850420e+13       2.060468924011e-10       2.280089144763e-09 
       4.819527475506e+09       3.254069338489e-17       9.616906936571e-05       5.011516073492e+13       2.074892206497e-10       2.312122109251e-09 
       4.786025298369e+09       3.299785753244e-17       9.684225187812e-05       4.942084737320e+13       2.089416451960e-10       2.344605104690e-09 
       4.752756006276e+09       3.346144437796e-17       9.752014739206e-05       4.873615327796e+13       2.104042367142e-10       2.377544453561e-09 
       4.719717980366e+09       3.393154415391e-17       9.820278864936e-05       4.806094518044e+13       2.118770663731e-10       2.410946567170e-09 
       4.686909613026e+09       3.440824836043e-17       9.889020839182e-05       4.739509165821e+13       2.133602058396e-10       2.444817946895e-09 
       4.654329307823e+09       3.489164978314e-17       9.958243936126e-05       4.673846310962e+13       2.148537272823e-10       2.479165185452e-09 
       4.621975479418e+09       3.538184251119e-17       1.002795161185e-04       4.609093172857e+13       2.163577033752e-10       2.513994968178e-09 
       4.589846553496e+09       3.587892195562e-17       1.009814732242e-04       4.545237147964e+13       2.178722073008e-10       2.549314074332e-09 
       4.557940966680e+09       3.638298486787e-17       1.016883434204e-04       4.482265807352e+13       2.193973127539e-10       2.585129378414e-09 
       4.526257166467e+09       3.689412935866e-17       1.024001612677e-04       4.420166894289e+13       2.209330939452e-10       2.621447851506e-09 
       4.494793611140e+09       3.741245491705e-17       1.031169613270e-04       4.358928321849e+13       2.224796256048e-10       2.658276562625e-09 
       4.463548769704e+09       3.793806242984e-17       1.038387799781e-04       4.298538170564e+13       2.240369829861e-10       2.695622680100e-09 
       4.432521121803e+09       3.847105420117e-17       1.045656517817e-04       4.238984686103e+13       2.256052418691e-10       2.733493472969e-09 
       4.401709157651e+09       3.901153397247e-17       1.052976112987e-04       4.180256276982e+13       2.271844785643e-10       2.771896312392e-09 
       4.371111377957e+09       3.955960694261e-17       1.060346949089e-04       4.122341512311e+13       2.287747699164e-10       2.810838673086e-09 
       4.340726293851e+09       4.011537978842e-17       1.067769371730e-04       4.065229119568e+13       2.303761933080e-10       2.850328134782e-09 
       4.310552426815e+09       4.067896068541e-17       1.075243762898e-04       4.008907982404e+13       2.319888266634e-10       2.890372383697e-09 
       4.280588308607e+09       4.125045932886e-17       1.082770468201e-04       3.953367138478e+13       2.336127484523e-10       2.930979214030e-09 
       4.250832481190e+09       4.182998695517e-17       1.090349851438e-04       3.898595777329e+13       2.352480376937e-10       2.972156529485e-09 
       4.221283496665e+09       4.241765636347e-17       1.097982294596e-04       3.844583238266e+13       2.368947739599e-10       3.013912344800e-09 
       4.191939917196e+09       4.301358193763e-17       1.105668179662e-04       3.791319008293e+13       2.385530373800e-10       3.056254787316e-09 
       4.162800314943e+09       4.361787966849e-17       1.113407852245e-04       3.738792720070e+13       2.402229086440e-10       3.099192098553e-09 
       4.133863271991e+09       4.423066717644e-17       1.121201712522e-04       3.686994149884e+13       2.419044690069e-10       3.142732635816e-09 
       4.105127380280e+09       4.485206373432e-17       1.129050106101e-04       3.635913215669e+13       2.435978002924e-10       3.186884873822e-09 
       4.076591241541e+09       4.548219029065e-17       1.136953469540e-04       3.585539975038e+13       2.453029848969e-10       3.231657406349e-09 
       4.048253467222e+09       4.612116949312e-17       1.144912130258e-04       3.535864623351e+13       2.470201057937e-10       3.277058947909e-09 
       4.020112678425e+09       4.676912571252e-17       1.152926524810e-04       3.486877491802e+13       2.487492465368e-10       3.323098335444e-09 
       3.992167505836e+09       4.742618506694e-17       1.160996998806e-04       3.438569045543e+13       2.504904912651e-10       3.369784530047e-09 
       3.964416589660e+09       4.809247544626e-17       1.169123988802e-04       3.390929881824e+13       2.522439247066e-10       3.417126618704e-09 
       3.936858579554e+09       4.876812653711e-17       1.177307840408e-04       3.343950728163e+13       2.540096321822e-10       3.465133816064e-09 
       3.909492134564e+09       4.945326984810e-17       1.185549008369e-04       3.297622440545e+13       2.557876996102e-10       3.513815466232e-09 
       3.882315923054e+09       5.014803873538e-17       1.193847838294e-04       3.251936001638e+13       2.575782135102e-10       3.563181044591e-09 
       3.855328622647e+09       5.085256842862e-17       1.202204766741e-04       3.206882519038e+13       2.593812610075e-10       3.613240159640e-09 
       3.828528920158e+09       5.156699605735e-17       1.210620212078e-04       3.162453223541e+13       2.611969298374e-10       3.664002554870e-09 
       3.801915511529e+09       5.229146067761e-17       1.219094538101e-04       3.118639467436e+13       2.630253083491e-10       3.715478110657e-09 
       3.775487101768e+09       5.302610329904e-17       1.227628199558e-04       3.075432722818e+13       2.648664855104e-10       3.767676846186e-09 
       3.749242404885e+09       5.377106691235e-17       1.236221596628e-04       3.032824579932e+13       2.667205509119e-10       3.820608921403e-09 
       3.723180143830e+09       5.452649651710e-17       1.244875147677e-04       2.990806745534e+13       2.685875947713e-10       3.874284638990e-09 
       3.697299050429e+09       5.529253914994e-17       1.253589271073e-04       2.949371041279e+13       2.704677079377e-10       3.928714446370e-09 
       3.671597865323e+09       5.606934391326e-17       1.262364403374e-04       2.908509402126e+13       2.723609818963e-10       3.983908937744e-09 
       3.646075337909e+09       5.685706200419e-17       1.271200944757e-04       2.868213874772e+13       2.742675087726e-10       4.039878856149e-09 
       3.620730226277e+09       5.765584674400e-17       1.280099349970e-04       2.828476616099e+13       2.761873813372e-10       4.096635095552e-09 
       3.595561297148e+09       5.846585360799e-17       1.289060037379e-04       2.789289891654e+13       2.781206930097e-10       4.154188702967e-09 
       3.570567325819e+09       5.928724025573e-17       1.298083461734e-04       2.750646074136e+13       2.800675378640e-10       4.212550880611e-09 
       3.545747096098e+09       6.012016656174e-17       1.307170041400e-04       2.712537641919e+13       2.820280106323e-10       4.271732988077e-09 
       3.521099400248e+09       6.096479464663e-17       1.316320231126e-04       2.674957177582e+13       2.840022067101e-10       4.331746544551e-09 
       3.496623038927e+09       6.182128890862e-17       1.325534467469e-04       2.637897366469e+13       2.859902221604e-10       4.392603231051e-09 
       3.472316821131e+09       6.268981605558e-17       1.334813205176e-04       2.601350995262e+13       2.879921537190e-10       4.454314892702e-09 
       3.448179564133e+09       6.357054513745e-17       1.344156898995e-04       2.565310950580e+13       2.900080987985e-10       4.516893541040e-09 
       3.424210093431e+09       6.446364757915e-17       1.353566003672e-04       2.529770217595e+13       2.920381554935e-10       4.580351356352e-09 
       3.400407242684e+09       6.536929721394e-17       1.363040955766e-04       2.494721878663e+13       2.940824225856e-10       4.644700690045e-09 
       3.376769853660e+09       6.628767031728e-17       1.372582246404e-04       2.460159111978e+13       2.961409995473e-10       4.709954067051e-09 
       3.353296776178e+09       6.721894564111e-17       1.382190312142e-04       2.426075190250e+13       2.982139865478e-10       4.776124188265e-09 
       3.329986868053e+09       6.816330444866e-17       1.391865644109e-04       2.392463479388e+13       3.003014844573e-10       4.843223933015e-09 
       3.306838995040e+09       6.912093054971e-17       1.401608697051e-04       2.359317437213e+13       3.024035948523e-10       4.911266361573e-09 
       3.283852030776e+09       7.009201033641e-17       1.411419962096e-04       2.326630612183e+13       3.045204200200e-10       4.980264717691e-09 
       3.261024856730e+09       7.107673281951e-17       1.421299893991e-04       2.294396642140e+13       3.066520629640e-10       5.050232431186e-09 
       3.238356362147e+09       7.207528966517e-17       1.431248983863e-04       2.262609253068e+13       3.087986274087e-10       5.121183120548e-09 
       3.215845443990e+09       7.308787523229e-17       1.441267741029e-04       2.231262257873e+13       3.109602178045e-10       5.193130595594e-09 
       3.193491006894e+09       7.411468661028e-17       1.451356602047e-04       2.200349555181e+13       3.131369393332e-10       5.266088860154e-09 
       3.171291963104e+09       7.515592365750e-17       1.461516094423e-04       2.169865128148e+13       3.153288979126e-10       5.340072114797e-09 
       3.149247232428e+09       7.621178904008e-17       1.471746709285e-04       2.139803043287e+13       3.175362002022e-10       5.415094759599e-09 
       3.127355742185e+09       7.728248827142e-17       1.482048937760e-04       2.110157449321e+13       3.197589536078e-10       5.491171396938e-09 
       3.105616427146e+09       7.836822975219e-17       1.492423270975e-04       2.080922576033e+13       3.219972662873e-10       5.568316834343e-09 
       3.084028229491e+09       7.946922481086e-17       1.502870236436e-04       2.052092733152e+13       3.242512471556e-10       5.646546087373e-09 
       3.062590098752e+09       8.058568774485e-17       1.513390325272e-04       2.023662309242e+13       3.265210058901e-10       5.725874382541e-09 
       3.041300991761e+09       8.171783586226e-17       1.523984046798e-04       1.995625770608e+13       3.288066529358e-10       5.806317160276e-09 
       3.020159872604e+09       8.286588952413e-17       1.534651928523e-04       1.967977660223e+13       3.311082995108e-10       5.887890077930e-09 
       2.999165712568e+09       8.403007218738e-17       1.545394497953e-04       1.940712596662e+13       3.334260576120e-10       5.970609012825e-09 
       2.978317490089e+09       8.521061044823e-17       1.556212246214e-04       1.913825273056e+13       3.357600400199e-10       6.054490065342e-09 
       2.957614190705e+09       8.640773408639e-17       1.567105737195e-04       1.887310456062e+13       3.381103603048e-10       6.139549562058e-09 
       2.937054807008e+09       8.762167610971e-17       1.578075480211e-04       1.861162984837e+13       3.404771328317e-10       6.225804058919e-09 
       2.916638338589e+09       8.885267279960e-17       1.589122002770e-04       1.835377770043e+13       3.428604727663e-10       6.313270344468e-09 
       2.896363791997e+09       9.010096375696e-17       1.600245850568e-04       1.809949792848e+13       3.452604960806e-10       6.401965443108e-09 
       2.876230180684e+09       9.136679194884e-17       1.611447569303e-04       1.784874103955e+13       3.476773195581e-10       6.491906618419e-09 
       2.856236524961e+09       9.265040375575e-17       1.622727704671e-04       1.760145822635e+13       3.501110608001e-10       6.583111376515e-09 
       2.836381851949e+09       9.395204901958e-17       1.634086784179e-04       1.735760135778e+13       3.525618382308e-10       6.675597469454e-09 
       2.816665195532e+09       9.527198109225e-17       1.645525389904e-04       1.711712296958e+13       3.550297711036e-10       6.769382898692e-09 
       2.797085596309e+09       9.661045688503e-17       1.657044067542e-04       1.687997625507e+13       3.575149795066e-10       6.864485918589e-09 
       2.777642101550e+09       9.796773691852e-17       1.668643362791e-04       1.664611505605e+13       3.600175843684e-10       6.960925039956e-09 
       2.758333765145e+09       9.934408537338e-17       1.680323875917e-04       1.641549385380e+13       3.625377074644e-10       7.058719033666e-09 
       2.739159647564e+09       1.007397701417e-16       1.692086134426e-04       1.618806776025e+13       3.650754714221e-10       7.157886934302e-09 
       2.720118815805e+09       1.021550628793e-16       1.703930738586e-04       1.596379250920e+13       3.676309997277e-10       7.258448043863e-09 
       2.701210343353e+09       1.035902390584e-16       1.715858252282e-04       1.574262444777e+13       3.702044167314e-10       7.360421935522e-09 
       2.682433310134e+09       1.050455780213e-16       1.727869257593e-04       1.552452052783e+13       3.727958476542e-10       7.463828457435e-09 
       2.663786802468e+09       1.065213630348e-16       1.739964336593e-04       1.530943829766e+13       3.754054185936e-10       7.568687736605e-09 
       2.645269913028e+09       1.080178813453e-16       1.752144071361e-04       1.509733589368e+13       3.780332565296e-10       7.675020182798e-09 
       2.626881740794e+09       1.095354242349e-16       1.764409080351e-04       1.488817203232e+13       3.806794893313e-10       7.782846492516e-09 
       2.608621391009e+09       1.110742870776e-16       1.776759945642e-04       1.468190600195e+13       3.833442457627e-10       7.892187653027e-09 
       2.590487975135e+09       1.126347693974e-16       1.789197249309e-04       1.447849765499e+13       3.860276554891e-10       8.003064946447e-09 
       2.572480610811e+09       1.142171749262e-16       1.801721627999e-04       1.427790740005e+13       3.887298490838e-10       8.115499953886e-09 
       2.554598421809e+09       1.158218116628e-16       1.814333681978e-04       1.408009619428e+13       3.914509580336e-10       8.229514559644e-09 
       2.536840537995e+09       1.174489919335e-16       1.827034011512e-04       1.388502553574e+13       3.941911147463e-10       8.345130955477e-09 
       2.519206095280e+09       1.190990324522e-16       1.839823253249e-04       1.369265745590e+13       3.969504525560e-10       8.462371644907e-09 
       2.501694235582e+09       1.207722543823e-16       1.852702007454e-04       1.350295451226e+13       3.997291057304e-10       8.581259447613e-09 
       2.484304106786e+09       1.224689833994e-16       1.865670910774e-04       1.331587978107e+13       4.025272094772e-10       8.701817503864e-09 
       2.467034862699e+09       1.241895497542e-16       1.878730599856e-04       1.313139685014e+13       4.053448999503e-10       8.824069279025e-09 
       2.449885663010e+09       1.259342883375e-16       1.891881711344e-04       1.294946981173e+13       4.081823142568e-10       8.948038568130e-09 
       2.432855673248e+09       1.277035387447e-16       1.905124881887e-04       1.277006325559e+13       4.110395904636e-10       9.073749500504e-09 
       2.415944064747e+09       1.294976453421e-16       1.918460748129e-04       1.259314226205e+13       4.139168676038e-10       9.201226544467e-09 
       2.399150014596e+09       1.313169573343e-16       1.931889964908e-04       1.241867239524e+13       4.168142856842e-10       9.330494512094e-09 
       2.382472705609e+09       1.331618288317e-16       1.945413205249e-04       1.224661969636e+13       4.197319856912e-10       9.461578564042e-09 
       2.365911326276e+09       1.350326189194e-16       1.959031087608e-04       1.207695067712e+13       4.226701095984e-10       9.594504214451e-09 
       2.349465070733e+09       1.369296917278e-16       1.972744303202e-04       1.190963231314e+13       4.256288003731e-10       9.729297335910e-09 
       2.333133138713e+09       1.388534165023e-16       1.986553506867e-04       1.174463203762e+13       4.286082019832e-10       9.865984164489e-09 
       2.316914735516e+09       1.408041676764e-16       2.000459371629e-04       1.158191773491e+13       4.316084594048e-10       1.000459130485e-08 
       2.300809071964e+09       1.427823249437e-16       2.014462588704e-04       1.142145773435e+13       4.346297186284e-10       1.014514573542e-08 
       2.284815364365e+09       1.447882733323e-16       2.028563812928e-04       1.126322080400e+13       4.376721266667e-10       1.028767481365e-08 
       2.268932834475e+09       1.468224032793e-16       2.042763753707e-04       1.110717614467e+13       4.407358315613e-10       1.043220628133e-08 
       2.253160709461e+09       1.488851107072e-16       2.057063102257e-04       1.095329338383e+13       4.438209823903e-10       1.057876826999e-08 
       2.237498221859e+09       1.509767971008e-16       2.071462531603e-04       1.080154256979e+13       4.469277292753e-10       1.072738930640e-08 
       2.221944609544e+09       1.530978695855e-16       2.085962769343e-04       1.065189416577e+13       4.500562233885e-10       1.087809831808e-08 
       2.206499115686e+09       1.552487410062e-16       2.100564506691e-04       1.050431904423e+13       4.532066169607e-10       1.103092463895e-08 
       2.191160988716e+09       1.574298300078e-16       2.115268453053e-04       1.035878848118e+13       4.563790632880e-10       1.118589801507e-08 
       2.175929482292e+09       1.596415611169e-16       2.130075317837e-04       1.021527415057e+13       4.595737167397e-10       1.134304861037e-08 
       2.160803855257e+09       1.618843648243e-16       2.144985846826e-04       1.007374811879e+13       4.627907327657e-10       1.150240701256e-08 
       2.145783371607e+09       1.641586776686e-16       2.160000731237e-04       9.934182839242e+12       4.660302679040e-10       1.166400423909e-08 
       2.130867300456e+09       1.664649423214e-16       2.175120735046e-04       9.796551146951e+12       4.692924797884e-10       1.182787174316e-08 
       2.116054915995e+09       1.688036076735e-16       2.190346567659e-04       9.660826253311e+12       4.725775271561e-10       1.199404141987e-08 
       2.101345497465e+09       1.711751289219e-16       2.205678993050e-04       9.526981740849e+12       4.758855698555e-10       1.216254561238e-08 
       2.086738329112e+09       1.735799676588e-16       2.221118738817e-04       9.394991558088e+12       4.792167688539e-10       1.233341711828e-08 
       2.072232700163e+09       1.760185919615e-16       2.236666568933e-04       9.264830014481e+12       4.825712862455e-10       1.250668919590e-08 
       2.057827904781e+09       1.784914764830e-16       2.252323229186e-04       9.136471775404e+12       4.859492852589e-10       1.268239557084e-08 
       2.043523242038e+09       1.809991025448e-16       2.268089483550e-04       9.009891857230e+12       4.893509302655e-10       1.286057044250e-08 
       2.029318015879e+09       1.835419582305e-16       2.283966096002e-04       8.885065622463e+12       4.927763867874e-10       1.304124849073e-08 
       2.015211535085e+09       1.861205384808e-16       2.299953848706e-04       8.761968774944e+12       4.962258215050e-10       1.322446488262e-08 
       2.001203113244e+09       1.887353451898e-16       2.316053523828e-04       8.640577355123e+12       4.996994022658e-10       1.341025527931e-08 
       1.987292068714e+09       1.913868873027e-16       2.332265885343e-04       8.520867735391e+12       5.031972980921e-10       1.359865584295e-08 
       1.973477724594e+09       1.940756809148e-16       2.348591751797e-04       8.402816615487e+12       5.067196791893e-10       1.378970324373e-08 
       1.959759408684e+09       1.968022493722e-16       2.365031887166e-04       8.286401017961e+12       5.102667169543e-10       1.398343466700e-08 
       1.946136453462e+09       1.995671233733e-16       2.381587091804e-04       8.171598283698e+12       5.138385839839e-10       1.417988782055e-08 
       1.932608196041e+09       2.023708410722e-16       2.398258202447e-04       8.058386067513e+12       5.174354540828e-10       1.437910094192e-08 
       1.919173978146e+09       2.052139481839e-16       2.415046001261e-04       7.946742333797e+12       5.210575022725e-10       1.458111280584e-08 
       1.905833146075e+09       2.080969980897e-16       2.431951324979e-04       7.836645352233e+12       5.247049047997e-10       1.478596273178e-08 
       1.892585050672e+09       2.110205519456e-16       2.448974973959e-04       7.728073693560e+12       5.283778391448e-10       1.499369059163e-08 
       1.879429047292e+09       2.139851787912e-16       2.466117784934e-04       7.621006225410e+12       5.320764840305e-10       1.520433681742e-08 
       1.866364495773e+09       2.169914556606e-16       2.483380594640e-04       7.515422108186e+12       5.358010194305e-10       1.541794240922e-08 
       1.853390760402e+09       2.200399676945e-16       2.500764258002e-04       7.411300791014e+12       5.395516265785e-10       1.563454894309e-08 
       1.840507209884e+09       2.231313082544e-16       2.518269593565e-04       7.308622007737e+12       5.433284879767e-10       1.585419857923e-08 
       1.827713217315e+09       2.262660790378e-16       2.535897474445e-04       7.207365772973e+12       5.471317874048e-10       1.607693407009e-08 
       1.815008160145e+09       2.294448901955e-16       2.553648755566e-04       7.107512378226e+12       5.509617099291e-10       1.630279876881e-08 
       1.802391420156e+09       2.326683604503e-16       2.571524291852e-04       7.009042388046e+12       5.548184419113e-10       1.653183663754e-08 
       1.789862383424e+09       2.359371172174e-16       2.589524956420e-04       6.911936636251e+12       5.587021710175e-10       1.676409225610e-08 
       1.777420440293e+09       2.392517967266e-16       2.607651622384e-04       6.816176222194e+12       5.626130862276e-10       1.699961083057e-08 
       1.765064985347e+09       2.426130441460e-16       2.625905162859e-04       6.721742507082e+12       5.665513778444e-10       1.723843820217e-08 
       1.752795417377e+09       2.460215137077e-16       2.644286487339e-04       6.628617110354e+12       5.705172375027e-10       1.748062085610e-08 
       1.740611139353e+09       2.494778688350e-16       2.662796487130e-04       6.536781906097e+12       5.745108581788e-10       1.772620593067e-08 
       1.728511558396e+09       2.529827822720e-16       2.681436053535e-04       6.446219019523e+12       5.785324341998e-10       1.797524122639e-08 
       1.716496085747e+09       2.565369362136e-16       2.700206096051e-04       6.356910823486e+12       5.825821612532e-10       1.822777521537e-08 
       1.704564136742e+09       2.601410224393e-16       2.719107524172e-04       6.268839935054e+12       5.866602363961e-10       1.848385705065e-08 
       1.692715130778e+09       2.637957424472e-16       2.738141283771e-04       6.181989212123e+12       5.907668580652e-10       1.874353657586e-08 
       1.680948491291e+09       2.675018075907e-16       2.757308247965e-04       6.096341750085e+12       5.949022260863e-10       1.900686433485e-08 
       1.669263645722e+09       2.712599392172e-16       2.776609399007e-04       6.011880878530e+12       5.990665416836e-10       1.927389158160e-08 
       1.657660025495e+09       2.750708688081e-16       2.796045664581e-04       5.928590158010e+12       6.032600074904e-10       1.954467029010e-08 
       1.646137065985e+09       2.789353381214e-16       2.815617972374e-04       5.846453376832e+12       6.074828275580e-10       1.981925316458e-08 
       1.634694206491e+09       2.828540993362e-16       2.835327286448e-04       5.765454547908e+12       6.117352073663e-10       2.009769364966e-08 
       1.623330890211e+09       2.868279151986e-16       2.855174570868e-04       5.685577905639e+12       6.160173538334e-10       2.038004594083e-08 
       1.612046564213e+09       2.908575591710e-16       2.875160771509e-04       5.606807902849e+12       6.203294753261e-10       2.066636499497e-08 
       1.600840679409e+09       2.949438155818e-16       2.895286888815e-04       5.529129207758e+12       6.246717816694e-10       2.095670654102e-08 
       1.589712690527e+09       2.990874797784e-16       2.915553886851e-04       5.452526700999e+12       6.290444841574e-10       2.125112709090e-08 
       1.578662056086e+09       3.032893582823e-16       2.935962747870e-04       5.376985472673e+12       6.334477955630e-10       2.154968395042e-08 
       1.567688238369e+09       3.075502689456e-16       2.956514490506e-04       5.302490819447e+12       6.378819301486e-10       2.185243523050e-08 
       1.556790703397e+09       3.118710411104e-16       2.977210078825e-04       5.229028241696e+12       6.423471036767e-10       2.215943985846e-08 
       1.545968920902e+09       3.162525157703e-16       2.998050531460e-04       5.156583440677e+12       6.468435334196e-10       2.247075758948e-08 
       1.535222364304e+09       3.206955457340e-16       3.019036867045e-04       5.085142315746e+12       6.513714381710e-10       2.278644901823e-08 
       1.524550510680e+09       3.252009957911e-16       3.040170122404e-04       5.014690961614e+12       6.559310382559e-10       2.310657559069e-08 
       1.513952840747e+09       3.297697428808e-16       3.061451297981e-04       4.945215665643e+12       6.605225555416e-10       2.343119961609e-08 
       1.503428838827e+09       3.344026762625e-16       3.082881448790e-04       4.876702905173e+12       6.651462134486e-10       2.376038427903e-08 
       1.492977992828e+09       3.391006976885e-16       3.104461611656e-04       4.809139344894e+12       6.698022369612e-10       2.409419365178e-08 
       1.482599794220e+09       3.438647215801e-16       3.126192823402e-04       4.742511834244e+12       6.744908526386e-10       2.443269270679e-08 
       1.472293738006e+09       3.486956752050e-16       3.148076157231e-04       4.676807404858e+12       6.792122886261e-10       2.477594732928e-08 
       1.462059322699e+09       3.535944988583e-16       3.170112686348e-04       4.612013268037e+12       6.839667746657e-10       2.512402433010e-08 
       1.451896050298e+09       3.585621460452e-16       3.192303465767e-04       4.548116812262e+12       6.887545421078e-10       2.547699145871e-08 
       1.441803426266e+09       3.635995836667e-16       3.214649568690e-04       4.485105600739e+12       6.935758239224e-10       2.583491741639e-08 
       1.431780959501e+09       3.687077922077e-16       3.237152104703e-04       4.422967368976e+12       6.984308547099e-10       2.619787186961e-08 
       1.421828162316e+09       3.738877659279e-16       3.259812147007e-04       4.361690022399e+12       7.033198707132e-10       2.656592546357e-08 
       1.411944550415e+09       3.791405130556e-16       3.282630823378e-04       4.301261633996e+12       7.082431098288e-10       2.693914983596e-08 
       1.402129642867e+09       3.844670559833e-16       3.305609225208e-04       4.241670441998e+12       7.132008116185e-10       2.731761763090e-08 
       1.392382962084e+09       3.898684314674e-16       3.328748480271e-04       4.182904847585e+12       7.181932173211e-10       2.770140251310e-08 
       1.382704033799e+09       3.953456908294e-16       3.352049698151e-04       4.124953412633e+12       7.232205698638e-10       2.809057918218e-08 
       1.373092387041e+09       4.008999001611e-16       3.375514043000e-04       4.067804857485e+12       7.282831138747e-10       2.848522338720e-08 
       1.363547554114e+09       4.065321405314e-16       3.399142624403e-04       4.011448058757e+12       7.333810956939e-10       2.888541194143e-08 
       1.354069070571e+09       4.122435081975e-16       3.422936606512e-04       3.955872047172e+12       7.385147633862e-10       2.929122273728e-08 
       1.344656475196e+09       4.180351148176e-16       3.446897135291e-04       3.901066005426e+12       7.436843667527e-10       2.970273476145e-08 
       1.335309309978e+09       4.239080876679e-16       3.471025411272e-04       3.847019266081e+12       7.488901573430e-10       3.012002811035e-08 
       1.326027120089e+09       4.298635698613e-16       3.495322562230e-04       3.793721309489e+12       7.541323884678e-10       3.054318400566e-08 
       1.316809453864e+09       4.359027205706e-16       3.519789806887e-04       3.741161761746e+12       7.594113152108e-10       3.097228481010e-08 
       1.307655862776e+09       4.420267152535e-16       3.544428327587e-04       3.689330392672e+12       7.647271944413e-10       3.140741404355e-08 
       1.298565901418e+09       4.482367458819e-16       3.569239306671e-04       3.638217113820e+12       7.700802848268e-10       3.184865639923e-08 
       1.289539127477e+09       4.545340211737e-16       3.594223962864e-04       3.587811976509e+12       7.754708468453e-10       3.229609776022e-08 
       1.280575101716e+09       4.609197668279e-16       3.619383514888e-04       3.538105169894e+12       7.808991427983e-10       3.274982521615e-08 
       1.271673387952e+09       4.673952257633e-16       3.644719181466e-04       3.489087019051e+12       7.863654368233e-10       3.320992708021e-08 
       1.262833553033e+09       4.739616583607e-16       3.670232199511e-04       3.440747983097e+12       7.918699949068e-10       3.367649290625e-08 
       1.254055166817e+09       4.806203427076e-16       3.695923805935e-04       3.393078653332e+12       7.974130848973e-10       3.414961350628e-08 
       1.245337802153e+09       4.873725748478e-16       3.721795255842e-04       3.346069751405e+12       8.029949765181e-10       3.462938096813e-08 
       1.236681034861e+09       4.942196690326e-16       3.747847804334e-04       3.299712127514e+12       8.086159413806e-10       3.511588867337e-08 
       1.228084443706e+09       5.011629579777e-16       3.774082724703e-04       3.253996758620e+12       8.142762529976e-10       3.560923131545e-08 
       1.219547610385e+09       5.082037931218e-16       3.800501290243e-04       3.208914746692e+12       8.199761867962e-10       3.610950491821e-08 
       1.211070119500e+09       5.153435448901e-16       3.827104774246e-04       3.164457316976e+12       8.257160201318e-10       3.661680685450e-08 
       1.202651558542e+09       5.225836029607e-16       3.853894486383e-04       3.120615816287e+12       8.314960323012e-10       3.713123586515e-08 
       1.194291517869e+09       5.299253765355e-16       3.880871736328e-04       3.077381711323e+12       8.373165045561e-10       3.765289207821e-08 
       1.185989590685e+09       5.373702946139e-16       3.908037815563e-04       3.034746587008e+12       8.431777201172e-10       3.818187702842e-08 
       1.177745373026e+09       5.449198062717e-16       3.935394070140e-04       2.992702144849e+12       8.490799641877e-10       3.871829367697e-08 
       1.169558463731e+09       5.525753809424e-16       3.962941791542e-04       2.951240201323e+12       8.550235239671e-10       3.926224643156e-08 
       1.161428464432e+09       5.603385087036e-16       3.990682380390e-04       2.910352686288e+12       8.610086886653e-10       3.981384116670e-08 
       1.153354979527e+09       5.682107005671e-16       4.018617128168e-04       2.870031641404e+12       8.670357495169e-10       4.037318524433e-08 
       1.145337616165e+09       5.761934887728e-16       4.046747435495e-04       2.830269218593e+12       8.731049997949e-10       4.094038753470e-08 
       1.137375984227e+09       5.842884270870e-16       4.075074630236e-04       2.791057678504e+12       8.792167348252e-10       4.151555843760e-08 
       1.129469696305e+09       5.924970911047e-16       4.103600149392e-04       2.752389389010e+12       8.853712520012e-10       4.209880990378e-08 
       1.121618367682e+09       6.008210785566e-16       4.132325320825e-04       2.714256823724e+12       8.915688507979e-10       4.269025545682e-08 
       1.113821616320e+09       6.092620096199e-16       4.161251581536e-04       2.676652560532e+12       8.978098327866e-10       4.329001021517e-08 
       1.106079062832e+09       6.178215272333e-16       4.190380313958e-04       2.639569280147e+12       9.040945016498e-10       4.389819091458e-08 
       1.098390330470e+09       6.265012974175e-16       4.219712955091e-04       2.602999764686e+12       9.104231631954e-10       4.451491593080e-08 
       1.090755045106e+09       6.353030095989e-16       4.249250923749e-04       2.566936896268e+12       9.167961253723e-10       4.514030530264e-08 
       1.083172835211e+09       6.442283769386e-16       4.278995656932e-04       2.531373655623e+12       9.232136982850e-10       4.577448075535e-08 
       1.075643331840e+09       6.532791366659e-16       4.308948591643e-04       2.496303120729e+12       9.296761942085e-10       4.641756572426e-08 
       1.068166168611e+09       6.624570504163e-16       4.339111219451e-04       2.461718465464e+12       9.361839276040e-10       4.706968537887e-08 
       1.060740981691e+09       6.717639045746e-16       4.369484977360e-04       2.427612958280e+12       9.427372151338e-10       4.773096664714e-08 
       1.053367409774e+09       6.812015106225e-16       4.400071338750e-04       2.393979960886e+12       9.493363756768e-10       4.840153824026e-08 
       1.046045094067e+09       6.907717054910e-16       4.430871813383e-04       2.360812926963e+12       9.559817303441e-10       4.908153067768e-08 
       1.038773678271e+09       7.004763519183e-16       4.461887892830e-04       2.328105400887e+12       9.626736024946e-10       4.977107631251e-08 
       1.031552808562e+09       7.103173388118e-16       4.493121086853e-04       2.295851016473e+12       9.694123177507e-10       5.047030935725e-08 
       1.024382133579e+09       7.202965816166e-16       4.524572905211e-04       2.264043495732e+12       9.761982040142e-10       5.117936590999e-08 
       1.017261304400e+09       7.304160226875e-16       4.556244894047e-04       2.232676647658e+12       9.830315914820e-10       5.189838398083e-08 
       1.010189974529e+09       7.406776316675e-16       4.588138581312e-04       2.201744367012e+12       9.899128126627e-10       5.262750351876e-08 
       1.003167799882e+09       7.510834058710e-16       4.620255513146e-04       2.171240633143e+12       9.968422023922e-10       5.336686643892e-08 
       9.961944387621e+08       7.616353706727e-16       4.652597272070e-04       2.141159508811e+12       1.003820097850e-09       5.411661665021e-08 
       9.892695518508e+08       7.723355799018e-16       4.685165440605e-04       2.111495139032e+12       1.010846838577e-09       5.487690008328e-08 
       9.823928021870e+08       7.831861162414e-16       4.717961564893e-04       2.082241749939e+12       1.017922766490e-09       5.564786471897e-08 
       9.755638551526e+08       7.941890916345e-16       4.750987263833e-04       2.053393647659e+12       1.025048225899e-09       5.642966061708e-08 
       9.687823784550e+08       8.053466476945e-16       4.784244156326e-04       2.024945217205e+12       1.032223563524e-09       5.722243994561e-08 
       9.620480421118e+08       8.166609561224e-16       4.817733824893e-04       1.996890921380e+12       1.039449128513e-09       5.802635701033e-08 
       9.553605184343e+08       8.281342191292e-16       4.851457943005e-04       1.969225299702e+12       1.046725272457e-09       5.884156828488e-08 
       9.487194820118e+08       8.397686698650e-16       4.885418111371e-04       1.941942967340e+12       1.054052349410e-09       5.966823244115e-08 
       9.421246096956e+08       8.515665728531e-16       4.919616003463e-04       1.915038614068e+12       1.061430715903e-09       6.050651038024e-08 
       9.355755805831e+08       8.635302244310e-16       4.954053292749e-04       1.888507003228e+12       1.068860730961e-09       6.135656526371e-08 
       9.290720760026e+08       8.756619531976e-16       4.988731634512e-04       1.862342970714e+12       1.076342756125e-09       6.221856254538e-08 
       9.226137794978e+08       8.879641204661e-16       5.023652720411e-04       1.836541423965e+12       1.083877155466e-09       6.309267000352e-08 
       9.162003768117e+08       9.004391207237e-16       5.058818260295e-04       1.811097340972e+12       1.091464295604e-09       6.397905777350e-08 
       9.098315558722e+08       9.130893820977e-16       5.094229945826e-04       1.786005769306e+12       1.099104545723e-09       6.487789838092e-08 
       9.035070067763e+08       9.259173668281e-16       5.129889523232e-04       1.761261825149e+12       1.106798277593e-09       6.578936677519e-08 
       8.972264217755e+08       9.389255717468e-16       5.165798720554e-04       1.736860692345e+12       1.114545865587e-09       6.671364036355e-08 
       8.909894952602e+08       9.521165287637e-16       5.201959265833e-04       1.712797621464e+12       1.122347686698e-09       6.765089904564e-08 
       8.847959237456e+08       9.654928053593e-16       5.238372959866e-04       1.689067928874e+12       1.130204120558e-09       6.860132524848e-08 
       8.786454058562e+08       9.790570050847e-16       5.275041530695e-04       1.665666995835e+12       1.138115549455e-09       6.956510396203e-08 
       8.725376423116e+08       9.928117680682e-16       5.311966779118e-04       1.642590267594e+12       1.146082358355e-09       7.054242277513e-08 
       8.664723359118e+08       1.006759771529e-15       5.349150524125e-04       1.619833252502e+12       1.154104934918e-09       7.153347191206e-08 
       8.604491915228e+08       1.020903730299e-15       5.386594530137e-04       1.597391521139e+12       1.162183669518e-09       7.253844426954e-08 
       8.544679160619e+08       1.035246397349e-15       5.424300652521e-04       1.575260705452e+12       1.170318955261e-09       7.355753545429e-08 
       8.485282184841e+08       1.049790564329e-15       5.462270728458e-04       1.553436497904e+12       1.178511188005e-09       7.459094382108e-08 
       8.426298097673e+08       1.064539062107e-15       5.500506576936e-04       1.531914650637e+12       1.186760766379e-09       7.563887051139e-08 
       8.367724028986e+08       1.079494761321e-15       5.539010089706e-04       1.510690974643e+12       1.195068091802e-09       7.670151949248e-08 
       8.309557128602e+08       1.094660572941e-15       5.577783122135e-04       1.489761338951e+12       1.203433568504e-09       7.777909759716e-08 
       8.251794566155e+08       1.110039448831e-15       5.616827565973e-04       1.469121669823e+12       1.211857603544e-09       7.887181456400e-08 
       8.194433530954e+08       1.125634382326e-15       5.656145312969e-04       1.448767949958e+12       1.220340606830e-09       7.997988307821e-08 
       8.137471231847e+08       1.141448408815e-15       5.695738291251e-04       1.428696217712e+12       1.228882991140e-09       8.110351881294e-08 
       8.080904897084e+08       1.157484606330e-15       5.735608410760e-04       1.408902566329e+12       1.237485172141e-09       8.224294047138e-08 
       8.024731774180e+08       1.173746096148e-15       5.775757636002e-04       1.389383143178e+12       1.246147568410e-09       8.339836982923e-08 
       7.968949129788e+08       1.190236043396e-15       5.816187895107e-04       1.370134149003e+12       1.254870601454e-09       8.457003177791e-08 
       7.913554249557e+08       1.206957657665e-15       5.856901170773e-04       1.351151837184e+12       1.263654695730e-09       8.575815436831e-08 
       7.858544438006e+08       1.223914193642e-15       5.897899427509e-04       1.332432513009e+12       1.272500278666e-09       8.696296885522e-08 
       7.803917018394e+08       1.241108951735e-15       5.939184684394e-04       1.313972532953e+12       1.281407780685e-09       8.818470974228e-08 
       7.749669332581e+08       1.258545278723e-15       5.980758924125e-04       1.295768303971e+12       1.290377635218e-09       8.942361482768e-08 
       7.695798740911e+08       1.276226568400e-15       6.022624202160e-04       1.277816282796e+12       1.299410278734e-09       9.067992525041e-08 
       7.642302622072e+08       1.294156262242e-15       6.064782519388e-04       1.260112975251e+12       1.308506150755e-09       9.195388553720e-08 
       7.589178372977e+08       1.312337850074e-15       6.107235949457e-04       1.242654935569e+12       1.317665693882e-09       9.324574365012e-08 
       7.536423408633e+08       1.330774870747e-15       6.149986547825e-04       1.225438765721e+12       1.326889353812e-09       9.455575103485e-08 
       7.484035162015e+08       1.349470912833e-15       6.193036406330e-04       1.208461114757e+12       1.336177579362e-09       9.588416266960e-08 
       7.432011083943e+08       1.368429615316e-15       6.236387616809e-04       1.191718678152e+12       1.345530822492e-09       9.723123711475e-08 
       7.380348642958e+08       1.387654668306e-15       6.280042271101e-04       1.175208197161e+12       1.354949538325e-09       9.859723656318e-08 
       7.329045325198e+08       1.407149813756e-15       6.324002515612e-04       1.158926458189e+12       1.364434185169e-09       9.998242689131e-08 
       7.278098634274e+08       1.426918846187e-15       6.368270496750e-04       1.142870292162e+12       1.373985224543e-09       1.013870777108e-07 
       7.227506091152e+08       1.446965613431e-15       6.412848324544e-04       1.127036573913e+12       1.383603121194e-09       1.028114624211e-07 
       7.177265234029e+08       1.467294017377e-15       6.457738218160e-04       1.111422221571e+12       1.393288343122e-09       1.042558582626e-07 
       7.127373618218e+08       1.487908014734e-15       6.502942324005e-04       1.096024195963e+12       1.403041361605e-09       1.057205463707e-07 
       7.077828816022e+08       1.508811617794e-15       6.548462879437e-04       1.080839500021e+12       1.412862651218e-09       1.072058118303e-07 
       7.028628416621e+08       1.530008895222e-15       6.594302049052e-04       1.065865178199e+12       1.422752689860e-09       1.087119437316e-07 
       6.979770025955e+08       1.551503972841e-15       6.640462106589e-04       1.051098315900e+12       1.432711958773e-09       1.102392352260e-07 
       6.931251266605e+08       1.573301034439e-15       6.686945289403e-04       1.036536038906e+12       1.442740942570e-09       1.117879835836e-07 
       6.883069777677e+08       1.595404322581e-15       6.733753853041e-04       1.022175512819e+12       1.452840129255e-09       1.133584902506e-07 
       6.835223214690e+08       1.617818139435e-15       6.780890071241e-04       1.008013942511e+12       1.463010010248e-09       1.149510609085e-07 
       6.787709249460e+08       1.640546847612e-15       6.828356235928e-04       9.940485715761e+11       1.473251080409e-09       1.165660055328e-07 
       6.740525569986e+08       1.663594871010e-15       6.876154675410e-04       9.802766817998e+11       1.483563838062e-09       1.182036384544e-07 
       6.693669880340e+08       1.686966695683e-15       6.924287699803e-04       9.666955926249e+11       1.493948785020e-09       1.198642784197e-07 
       6.647139900552e+08       1.710666870703e-15       6.972757655603e-04       9.533026606319e+11       1.504406426609e-09       1.215482486535e-07 
       6.600933366502e+08       1.734700009058e-15       7.021566889307e-04       9.400952790244e+11       1.514937271689e-09       1.232558769214e-07 
       6.555048029809e+08       1.759070788540e-15       7.070717801980e-04       9.270708771212e+11       1.525541832687e-09       1.249874955938e-07 
       6.509481657721e+08       1.783783952660e-15       7.120212758309e-04       9.142269198566e+11       1.536220625613e-09       1.267434417104e-07 
       6.464232033006e+08       1.808844311571e-15       7.170054177550e-04       9.015609072862e+11       1.546974170090e-09       1.285240570461e-07 
       6.419296953845e+08       1.834256743002e-15       7.220244497148e-04       8.890703741011e+11       1.557802989381e-09       1.303296881774e-07 
       6.374674233725e+08       1.860026193210e-15       7.270786136360e-04       8.767528891473e+11       1.568707610408e-09       1.321606865497e-07 
       6.330361701331e+08       1.886157677943e-15       7.321681569010e-04       8.646060549533e+11       1.579688563783e-09       1.340174085459e-07 
       6.286357200444e+08       1.912656283413e-15       7.372933268925e-04       8.526275072626e+11       1.590746383834e-09       1.359002155556e-07 
       6.242658589831e+08       1.939527167289e-15       7.424543746311e-04       8.408149145743e+11       1.601881608626e-09       1.378094740457e-07 
       6.199263743145e+08       1.966775559700e-15       7.476515474991e-04       8.291659776888e+11       1.613094779993e-09       1.397455556313e-07 
       6.156170548819e+08       1.994406764252e-15       7.528851019742e-04       8.176784292603e+11       1.624386443562e-09       1.417088371486e-07 
       6.113376909966e+08       2.022426159062e-15       7.581552890770e-04       8.063500333559e+11       1.635757148777e-09       1.436997007276e-07 
       6.070880744272e+08       2.050839197804e-15       7.634623689228e-04       7.951785850200e+11       1.647207448930e-09       1.457185338672e-07 
       6.028679983900e+08       2.079651410770e-15       7.688065979892e-04       7.841619098451e+11       1.658737901185e-09       1.477657295099e-07 
       5.986772575388e+08       2.108868405946e-15       7.741882363916e-04       7.732978635489e+11       1.670349066608e-09       1.498416861187e-07 
       5.945156479547e+08       2.138495870106e-15       7.796075460647e-04       7.625843315567e+11       1.682041510191e-09       1.519468077548e-07 
       5.903829671364e+08       2.168539569916e-15       7.850647925807e-04       7.520192285898e+11       1.693815800880e-09       1.540815041556e-07 
       5.862790139900e+08       2.199005353058e-15       7.905602378742e-04       7.416004982599e+11       1.705672511606e-09       1.562461908151e-07 
       5.822035888199e+08       2.229899149369e-15       7.960941511556e-04       7.313261126683e+11       1.717612219309e-09       1.584412890647e-07 
       5.781564933183e+08       2.261226971992e-15       8.016668016353e-04       7.211940720119e+11       1.729635504967e-09       1.606672261547e-07 
       5.741375305560e+08       2.292994918549e-15       8.072784621618e-04       7.112024041934e+11       1.741742953626e-09       1.629244353381e-07 
       5.701465049727e+08       2.325209172329e-15       8.129294019454e-04       7.013491644377e+11       1.753935154428e-09       1.652133559543e-07 
       5.661832223678e+08       2.357876003487e-15       8.186198992917e-04       6.916324349131e+11       1.766212700637e-09       1.675344335153e-07 
       5.622474898901e+08       2.391001770268e-15       8.243502306868e-04       6.820503243586e+11       1.778576189672e-09       1.698881197919e-07 
       5.583391160295e+08       2.424592920245e-15       8.301206726173e-04       6.726009677151e+11       1.791026223132e-09       1.722748729016e-07 
       5.544579106068e+08       2.458655991571e-15       8.359315088455e-04       6.632825257628e+11       1.803563406827e-09       1.746951573982e-07 
       5.506036847651e+08       2.493197614254e-15       8.417830213148e-04       6.540931847631e+11       1.816188350811e-09       1.771494443619e-07 
       5.467762509600e+08       2.528224511447e-15       8.476754919684e-04       6.450311561057e+11       1.828901669404e-09       1.796382114910e-07 
       5.429754229509e+08       2.563743500755e-15       8.536092118447e-04       6.360946759601e+11       1.841703981229e-09       1.821619431950e-07 
       5.392010157919e+08       2.599761495565e-15       8.595844665251e-04       6.272820049328e+11       1.854595909239e-09       1.847211306888e-07 
       5.354528458228e+08       2.636285506388e-15       8.656015488668e-04       6.185914277283e+11       1.867578080747e-09       1.873162720882e-07 
       5.317307306597e+08       2.673322642226e-15       8.716607499082e-04       6.100212528154e+11       1.880651127458e-09       1.899478725073e-07 
       5.280344891870e+08       2.710880111956e-15       8.777623661445e-04       6.015698120982e+11       1.893815685498e-09       1.926164441562e-07 
       5.243639415478e+08       2.748965225731e-15       8.839066922519e-04       5.932354605910e+11       1.907072395446e-09       1.953225064410e-07 
       5.207189091354e+08       2.787585396404e-15       8.900940283638e-04       5.850165760983e+11       1.920421902366e-09       1.980665860650e-07 
       5.170992145849e+08       2.826748140971e-15       8.963246764324e-04       5.769115588991e+11       1.933864855836e-09       2.008492171311e-07 
       5.135046817642e+08       2.866461082035e-15       9.025989384099e-04       5.689188314358e+11       1.947401909983e-09       2.036709412457e-07 
       5.099351357654e+08       2.906731949286e-15       9.089171217056e-04       5.610368380063e+11       1.961033723511e-09       2.065323076241e-07 
       5.063904028967e+08       2.947568581010e-15       9.152795300906e-04       5.532640444623e+11       1.974760959736e-09       2.094338731976e-07 
       5.028703106736e+08       2.988978925612e-15       9.216864764312e-04       5.455989379097e+11       1.988584286616e-09       2.123762027217e-07 
       4.993746878105e+08       3.030971043165e-15       9.281382717745e-04       5.380400264148e+11       2.002504376788e-09       2.153598688861e-07 
       4.959033642126e+08       3.073553106975e-15       9.346352271677e-04       5.305858387138e+11       2.016521907592e-09       2.183854524261e-07 
       4.924561709674e+08       3.116733405177e-15       9.411776627530e-04       5.232349239259e+11       2.030637561115e-09       2.214535422358e-07 
       4.890329403367e+08       3.160520342344e-15       9.477658950345e-04       5.159858512718e+11       2.044852024215e-09       2.245647354825e-07 
       4.856335057480e+08       3.204922441124e-15       9.544002459734e-04       5.088372097945e+11       2.059165988559e-09       2.277196377231e-07 
       4.822577017871e+08       3.249948343900e-15       9.610810357117e-04       5.017876080848e+11       2.073580150655e-09       2.309188630218e-07 
       4.789053641894e+08       3.295606814473e-15       9.678085898486e-04       4.948356740107e+11       2.088095211889e-09       2.341630340699e-07 
       4.755763298321e+08       3.341906739763e-15       9.745832394401e-04       4.879800544502e+11       2.102711878554e-09       2.374527823066e-07 
       4.722704367266e+08       3.388857131543e-15       9.814053082664e-04       4.812194150280e+11       2.117430861889e-09       2.407887480422e-07 
       4.689875240102e+08       3.436467128193e-15       9.882751346595e-04       4.745524398557e+11       2.132252878109e-09       2.441715805828e-07 
       4.657274319382e+08       3.484745996476e-15       9.951930478564e-04       4.679778312754e+11       2.147178648445e-09       2.476019383563e-07 
       4.624900018766e+08       3.533703133345e-15       1.002159386189e-03       4.614943096079e+11       2.162208899176e-09       2.510804890408e-07 
       4.592750762942e+08       3.583348067769e-15       1.009174487990e-03       4.551006129027e+11       2.177344361666e-09       2.546079096947e-07 
       4.560824987545e+08       3.633690462588e-15       1.016238697048e-03       4.487954966931e+11       2.192585772395e-09       2.581848868882e-07 
       4.529121139087e+08       3.684740116398e-15       1.023352355332e-03       4.425777337536e+11       2.207933873002e-09       2.618121168369e-07 
       4.497637674879e+08       3.736506965450e-15       1.030515808452e-03       4.364461138609e+11       2.223389410316e-09       2.654903055377e-07 
       4.466373062954e+08       3.789001085594e-15       1.037729403834e-03       4.303994435590e+11       2.238953136395e-09       2.692201689058e-07 
       4.435325781996e+08       3.842232694232e-15       1.044993496180e-03       4.244365459262e+11       2.254625808559e-09       2.730024329144e-07 
       4.404494321263e+08       3.896212152310e-15       1.052308436556e-03       4.185562603461e+11       2.270408189430e-09       2.768378337354e-07 
       4.373877180515e+08       3.950949966334e-15       1.059674581484e-03       4.127574422824e+11       2.286301046971e-09       2.807271178835e-07 
       4.343472869942e+08       4.006456790416e-15       1.067092289304e-03       4.070389630552e+11       2.302305154518e-09       2.846710423609e-07 
       4.313279910087e+08       4.062743428347e-15       1.074561920177e-03       4.013997096218e+11       2.318421290821e-09       2.886703748049e-07 
       4.283296831781e+08       4.119820835700e-15       1.082083839719e-03       3.958385843602e+11       2.334650240081e-09       2.927258936371e-07 
       4.253522176064e+08       4.177700121961e-15       1.089658411729e-03       3.903545048550e+11       2.350992791989e-09       2.968383882152e-07 
       4.223954494121e+08       4.236392552694e-15       1.097286005461e-03       3.849464036872e+11       2.367449741763e-09       3.010086589864e-07 
       4.194592347207e+08       4.295909551731e-15       1.104966991988e-03       3.796132282259e+11       2.384021890189e-09       3.052375176433e-07 
       4.165434306576e+08       4.356262703397e-15       1.112701744205e-03       3.743539404239e+11       2.400710043657e-09       3.095257872818e-07 
       4.136478953418e+08       4.417463754764e-15       1.120490640460e-03       3.691675166157e+11       2.417515014203e-09       3.138743025616e-07 
       4.107724878783e+08       4.479524617939e-15       1.128334059104e-03       3.640529473176e+11       2.434437619546e-09       3.182839098680e-07 
       4.079170683514e+08       4.542457372381e-15       1.136232382123e-03       3.590092370319e+11       2.451478683130e-09       3.227554674774e-07 
       4.050814978183e+08       4.606274267253e-15       1.144185991507e-03       3.540354040528e+11       2.468639034163e-09       3.272898457238e-07 
       4.022656383018e+08       4.670987723803e-15       1.152195276518e-03       3.491304802755e+11       2.485919507656e-09       3.318879271687e-07 
       3.994693527839e+08       4.736610337788e-15       1.160260626420e-03       3.442935110076e+11       2.503320944467e-09       3.365506067723e-07 
       3.966925051991e+08       4.803154881920e-15       1.168382434116e-03       3.395235547832e+11       2.520844191340e-09       3.412787920679e-07 
       3.939349604277e+08       4.870634308353e-15       1.176561092507e-03       3.348196831802e+11       2.538490100944e-09       3.460734033389e-07 
       3.911965842892e+08       4.939061751208e-15       1.184797003589e-03       3.301809806388e+11       2.556259531920e-09       3.509353737975e-07 
       3.884772435361e+08       5.008450529124e-15       1.193090563902e-03       3.256065442838e+11       2.574153348916e-09       3.558656497664e-07 
       3.857768058467e+08       5.078814147852e-15       1.201442179081e-03       3.210954837488e+11       2.592172422634e-09       3.608651908631e-07 
       3.830951398196e+08       5.150166302887e-15       1.209852256579e-03       3.166469210030e+11       2.610317629873e-09       3.659349701867e-07 
       3.804321149664e+08       5.222520882129e-15       1.218321203851e-03       3.122599901798e+11       2.628589853566e-09       3.710759745070e-07 
       3.777876017061e+08       5.295891968590e-15       1.226849431987e-03       3.079338374089e+11       2.646989982829e-09       3.762892044571e-07 
       3.751614713581e+08       5.370293843130e-15       1.235437359355e-03       3.036676206498e+11       2.665518913001e-09       3.815756747277e-07 
       3.725535961368e+08       5.445740987242e-15       1.244085400685e-03       2.994605095278e+11       2.684177545688e-09       3.869364142645e-07 
       3.699638491444e+08       5.522248085870e-15       1.252793979802e-03       2.953116851726e+11       2.702966788809e-09       3.923724664691e-07 
       3.673921043654e+08       5.599830030263e-15       1.261563516891e-03       2.912203400588e+11       2.721887556635e-09       3.978848894015e-07 
       3.648382366604e+08       5.678501920876e-15       1.270394441235e-03       2.871856778487e+11       2.740940769840e-09       4.034747559863e-07 
       3.623021217596e+08       5.758279070312e-15       1.279287182115e-03       2.832069132375e+11       2.760127355542e-09       4.091431542212e-07 
       3.597836362574e+08       5.839177006297e-15       1.288242170631e-03       2.792832718001e+11       2.779448247349e-09       4.148911873893e-07 
       3.572826576058e+08       5.921211474706e-15       1.297259845160e-03       2.754139898406e+11       2.798904385403e-09       4.207199742735e-07 
       3.547990641086e+08       6.004398442626e-15       1.306340642259e-03       2.715983142438e+11       2.818496716427e-09       4.266306493743e-07 
       3.523327349158e+08       6.088754101465e-15       1.315485003943e-03       2.678355023281e+11       2.838226193773e-09       4.326243631304e-07 
       3.498835500173e+08       6.174294870102e-15       1.324693377683e-03       2.641248217017e+11       2.858093777466e-09       4.387022821431e-07 
       3.474513902372e+08       6.261037398086e-15       1.333966207312e-03       2.604655501192e+11       2.878100434248e-09       4.448655894031e-07 
       3.450361372282e+08       6.348998568870e-15       1.343303949398e-03       2.568569753416e+11       2.898247137634e-09       4.511154845205e-07 
       3.426376734655e+08       6.438195503106e-15       1.352707053229e-03       2.532983949976e+11       2.918534867947e-09       4.574531839587e-07 
       3.402558822414e+08       6.528645561970e-15       1.362175979011e-03       2.497891164468e+11       2.938964612378e-09       4.638799212710e-07 
       3.378906476594e+08       6.620366350544e-15       1.371711186948e-03       2.463284566448e+11       2.959537365025e-09       4.703969473406e-07 
       3.355418546286e+08       6.713375721242e-15       1.381313140882e-03       2.429157420102e+11       2.980254126945e-09       4.770055306243e-07 
       3.332093888582e+08       6.807691777287e-15       1.390982308294e-03       2.395503082940e+11       3.001115906204e-09       4.837069573991e-07 
       3.308931368518e+08       6.903332876231e-15       1.400719160301e-03       2.362315004497e+11       3.022123717923e-09       4.905025320126e-07 
       3.285929859021e+08       7.000317633531e-15       1.410524168023e-03       2.329586725060e+11       3.043278584330e-09       4.973935771373e-07 
       3.263088240851e+08       7.098664926169e-15       1.420397811671e-03       2.297311874413e+11       3.064581534806e-09       5.043814340274e-07 
       3.240405402549e+08       7.198393896332e-15       1.430340571460e-03       2.265484170594e+11       3.086033605941e-09       5.114674627802e-07 
       3.217880240382e+08       7.299523955129e-15       1.440352929421e-03       2.234097418673e+11       3.107635841580e-09       5.186530426008e-07 
       3.195511658290e+08       7.402074786378e-15       1.450435373044e-03       2.203145509549e+11       3.129389292874e-09       5.259395720705e-07 
       3.173298567831e+08       7.506066350432e-15       1.460588393456e-03       2.172622418756e+11       3.151295018332e-09       5.333284694192e-07 
       3.151239888130e+08       7.611518888066e-15       1.470812485422e-03       2.142522205295e+11       3.173354083875e-09       5.408211728009e-07 
       3.129334545825e+08       7.718452924414e-15       1.481108143707e-03       2.112839010475e+11       3.195567562882e-09       5.484191405743e-07 
       3.107581475016e+08       7.826889272967e-15       1.491475872172e-03       2.083567056774e+11       3.217936536248e-09       5.561238515861e-07 
       3.085979617211e+08       7.936849039624e-15       1.501916174675e-03       2.054700646712e+11       3.240462092433e-09       5.639368054592e-07 
       3.064527921278e+08       8.048353626798e-15       1.512429560535e-03       2.026234161746e+11       3.263145327518e-09       5.718595228844e-07 
       3.043225343391e+08       8.161424737582e-15       1.523016537249e-03       1.998162061174e+11       3.285987345255e-09       5.798935459163e-07 
       3.022070846978e+08       8.276084379975e-15       1.533677623229e-03       1.970478881055e+11       3.308989257122e-09       5.880404382736e-07 
       3.001063402675e+08       8.392354871163e-15       1.544413336887e-03       1.943179233149e+11       3.332152182378e-09       5.963017856435e-07 
       2.980201988273e+08       8.510258841867e-15       1.555224198455e-03       1.916257803868e+11       3.355477248118e-09       6.046791959901e-07 
       2.959485588668e+08       8.629819240742e-15       1.566110737258e-03       1.889709353236e+11       3.378965589324e-09       6.131742998675e-07 
       2.938913195813e+08       8.751059338848e-15       1.577073480803e-03       1.863528713879e+11       3.402618348925e-09       6.217887507371e-07 
       2.918483808669e+08       8.874002734177e-15       1.588112963873e-03       1.837710790008e+11       3.426436677851e-09       6.305242252896e-07 
       2.898196433152e+08       8.998673356248e-15       1.599229721251e-03       1.812250556438e+11       3.450421735085e-09       6.393824237711e-07 
       2.878050082094e+08       9.125095470765e-15       1.610424296814e-03       1.787143057601e+11       3.474574687727e-09       6.483650703142e-07 
       2.858043775183e+08       9.253293684334e-15       1.621697234441e-03       1.762383406586e+11       3.498896711045e-09       6.574739132734e-07 
       2.838176538927e+08       9.383292949262e-15       1.633049079828e-03       1.737966784189e+11       3.523388988533e-09       6.667107255656e-07 
       2.818447406597e+08       9.515118568407e-15       1.644480389587e-03       1.713888437971e+11       3.548052711970e-09       6.760773050149e-07 
       2.798855418185e+08       9.648796200102e-15       1.655991718508e-03       1.690143681336e+11       3.572889081479e-09       6.855754747029e-07 
       2.779399620359e+08       9.784351863155e-15       1.667583625022e-03       1.666727892616e+11       3.597899305581e-09       6.952070833231e-07 
       2.760079066410e+08       9.921811941908e-15       1.679256674834e-03       1.643636514175e+11       3.623084601260e-09       7.049740055411e-07 
       2.740892816212e+08       1.006120319137e-14       1.691011435469e-03       1.620865051519e+11       3.648446194016e-09       7.148781423591e-07 
       2.721839936175e+08       1.020255274244e-14       1.702848478089e-03       1.598409072425e+11       3.673985317929e-09       7.249214214862e-07 
       2.702919499196e+08       1.034588810717e-14       1.714768379316e-03       1.576264206071e+11       3.699703215718e-09       7.351057977135e-07 
       2.684130584620e+08       1.049123718412e-14       1.726771721223e-03       1.554426142194e+11       3.725601138799e-09       7.454332532945e-07 
       2.665472278188e+08       1.063862826380e-14       1.738859084071e-03       1.532890630244e+11       3.751680347349e-09       7.559057983311e-07 
       2.646943672000e+08       1.078809003417e-14       1.751031059030e-03       1.511653478562e+11       3.777942110367e-09       7.665254711645e-07 
       2.628543864465e+08       1.093965158622e-14       1.763288237271e-03       1.490710553561e+11       3.804387705735e-09       7.772943387722e-07 
       2.610271960259e+08       1.109334241965e-14       1.775631215423e-03       1.470057778921e+11       3.831018420279e-09       7.882144971703e-07 
       2.592127070283e+08       1.124919244858e-14       1.788060593753e-03       1.449691134798e+11       3.857835549833e-09       7.992880718213e-07 
       2.574108311618e+08       1.140723200741e-14       1.800576976166e-03       1.429606657039e+11       3.884840399302e-09       8.105172180479e-07 
       2.556214807481e+08       1.156749185669e-14       1.813180973841e-03       1.409800436414e+11       3.912034282726e-09       8.219041214524e-07 
       2.538445687187e+08       1.173000318911e-14       1.825873197959e-03       1.390268617852e+11       3.939418523344e-09       8.334509983422e-07 
       2.520800086100e+08       1.189479763562e-14       1.838654266976e-03       1.371007399690e+11       3.966994453654e-09       8.451600961611e-07 
       2.503277145597e+08       1.206190727153e-14       1.851524802987e-03       1.352013032936e+11       3.994763415486e-09       8.570336939267e-07 
       2.485876013022e+08       1.223136462275e-14       1.864485433543e-03       1.333281820537e+11       4.022726760060e-09       8.690741026741e-07 
       2.468595841646e+08       1.240320267218e-14       1.877536786196e-03       1.314810116662e+11       4.050885848055e-09       8.812836659055e-07 
       2.451435790627e+08       1.257745486607e-14       1.890679499411e-03       1.296594325990e+11       4.079242049676e-09       8.936647600465e-07 
       2.434395024969e+08       1.275415512056e-14       1.903914209834e-03       1.278630903008e+11       4.107796744717e-09       9.062197949086e-07 
       2.417472715476e+08       1.293333782829e-14       1.917241561387e-03       1.260916351329e+11       4.136551322634e-09       9.189512141580e-07 
       2.400668038721e+08       1.311503786504e-14       1.930662205268e-03       1.243447223001e+11       4.165507182606e-09       9.318614957916e-07 
       2.383980176998e+08       1.329929059659e-14       1.944176792676e-03       1.226220117844e+11       4.194665733608e-09       9.449531526190e-07 
       2.367408318286e+08       1.348613188557e-14       1.957785982086e-03       1.209231682786e+11       4.224028394477e-09       9.582287327516e-07 
       2.350951656208e+08       1.367559809840e-14       1.971490435608e-03       1.192478611207e+11       4.253596593982e-09       9.716908200989e-07 
       2.334609389994e+08       1.386772611246e-14       1.985290818993e-03       1.175957642301e+11       4.283371770894e-09       9.853420348708e-07 
       2.318380724439e+08       1.406255332319e-14       1.999187803449e-03       1.159665560435e+11       4.313355374055e-09       9.991850340880e-07 
       2.302264869866e+08       1.426011765138e-14       2.013182065639e-03       1.143599194530e+11       4.343548862450e-09       1.013222512099e-06 
       2.286261042087e+08       1.446045755061e-14       2.027274289503e-03       1.127755417438e+11       4.373953705273e-09       1.027457201105e-06 
       2.270368462367e+08       1.466361201463e-14       2.041465155344e-03       1.112131145336e+11       4.404571382008e-09       1.041891871690e-06 
       2.254586357381e+08       1.486962058506e-14       2.055755358015e-03       1.096723337125e+11       4.435403382491e-09       1.056529333363e-06 
       2.238913959183e+08       1.507852335901e-14       2.070145592370e-03       1.081528993841e+11       4.466451206989e-09       1.071372435102e-06 
       2.223350505162e+08       1.529036099691e-14       2.084636555082e-03       1.066545158066e+11       4.497716366270e-09       1.086424065909e-06 
       2.207895238012e+08       1.550517473044e-14       2.099228955558e-03       1.051768913355e+11       4.529200381677e-09       1.101687155375e-06 
       2.192547405688e+08       1.572300637052e-14       2.113923501383e-03       1.037197383670e+11       4.560904785204e-09       1.117164674245e-06 
       2.177306261375e+08       1.594389831548e-14       2.128720909241e-03       1.022827732819e+11       4.592831119568e-09       1.132859635002e-06 
       2.162171063446e+08       1.616789355928e-14       2.143621897631e-03       1.008657163900e+11       4.624980938285e-09       1.148775092450e-06 
       2.147141075434e+08       1.639503569992e-14       2.158627190511e-03       9.946829187660e+10       4.657355805744e-09       1.164914144307e-06 
       2.132215565988e+08       1.662536894789e-14       2.173737522753e-03       9.809022774773e+10       4.689957297289e-09       1.181279931813e-06 
       2.117393808842e+08       1.685893813480e-14       2.188953623772e-03       9.673125577797e+10       4.722786999287e-09       1.197875640337e-06 
       2.102675082779e+08       1.709578872207e-14       2.204276237535e-03       9.539111145793e+10       4.755846509212e-09       1.214704499998e-06 
       2.088058671594e+08       1.733596680981e-14       2.219706108008e-03       9.406953394282e+10       4.789137435720e-09       1.231769786295e-06 
       2.073543864061e+08       1.757951914581e-14       2.235243988252e-03       9.276626600171e+10       4.822661398726e-09       1.249074820743e-06 
       2.059129953900e+08       1.782649313459e-14       2.250890631331e-03       9.148105396742e+10       4.856420029487e-09       1.266622971520e-06 
       2.044816239737e+08       1.807693684664e-14       2.266646801218e-03       9.021364768716e+10       4.890414970677e-09       1.284417654124e-06 
       2.030602025078e+08       1.833089902782e-14       2.282513263708e-03       8.896380047387e+10       4.924647876469e-09       1.302462332035e-06 
       2.016486618266e+08       1.858842910877e-14       2.298490788235e-03       8.773126905816e+10       4.959120412616e-09       1.320760517390e-06 
       2.002469332455e+08       1.884957721462e-14       2.314580156963e-03       8.651581354097e+10       4.993834256530e-09       1.339315771669e-06 
       1.988549485572e+08       1.911439417467e-14       2.330782148420e-03       8.531719734691e+10       5.028791097365e-09       1.358131706384e-06 
       1.974726400285e+08       1.938293153233e-14       2.347097553866e-03       8.413518717819e+10       5.063992636101e-09       1.377211983785e-06 
       1.960999403974e+08       1.965524155513e-14       2.363527166381e-03       8.296955296918e+10       5.099440585623e-09       1.396560317573e-06 
       1.947367828689e+08       1.993137724489e-14       2.380071784501e-03       8.182006784168e+10       5.135136670807e-09       1.416180473620e-06 
       1.933831011127e+08       2.021139234806e-14       2.396732214038e-03       8.068650806076e+10       5.171082628602e-09       1.436076270704e-06 
       1.920388292594e+08       2.049534136617e-14       2.413509266262e-03       7.956865299115e+10       5.207280208117e-09       1.456251581254e-06 
       1.907039018978e+08       2.078327956641e-14       2.430403756080e-03       7.846628505437e+10       5.243731170705e-09       1.476710332099e-06 
       1.893782540708e+08       2.107526299245e-14       2.447416505674e-03       7.737918968634e+10       5.280437290046e-09       1.497456505236e-06 
       1.880618212735e+08       2.137134847527e-14       2.464548344506e-03       7.630715529563e+10       5.317400352239e-09       1.518494138603e-06 
       1.867545394490e+08       2.167159364428e-14       2.481800105670e-03       7.524997322226e+10       5.354622155884e-09       1.539827326867e-06 
       1.854563449857e+08       2.197605693851e-14       2.499172625903e-03       7.420743769712e+10       5.392104512171e-09       1.561460222219e-06 
       1.841671747143e+08       2.228479761801e-14       2.516666754673e-03       7.317934580187e+10       5.429849244968e-09       1.583397035184e-06 
       1.828869659045e+08       2.259787577534e-14       2.534283339628e-03       7.216549742950e+10       5.467858190912e-09       1.605642035438e-06 
       1.816156562623e+08       2.291535234731e-14       2.552023241151e-03       7.116569524534e+10       5.506133199495e-09       1.628199552640e-06 
       1.803531839264e+08       2.323728912682e-14       2.569887319623e-03       7.017974464866e+10       5.544676133156e-09       1.651073977277e-06 
       1.790994874657e+08       2.356374877487e-14       2.587876446341e-03       6.920745373480e+10       5.583488867370e-09       1.674269761515e-06 
       1.778545058762e+08       2.389479483280e-14       2.605991496239e-03       6.824863325782e+10       5.622573290742e-09       1.697791420068e-06 
       1.766181785777e+08       2.423049173463e-14       2.624233349707e-03       6.730309659366e+10       5.661931305095e-09       1.721643531075e-06 
       1.753904454114e+08       2.457090481958e-14       2.642602894412e-03       6.637065970380e+10       5.701564825567e-09       1.745830736991e-06 
       1.741712466366e+08       2.491610034484e-14       2.661101023477e-03       6.545114109948e+10       5.741475780702e-09       1.770357745495e-06 
       1.729605229277e+08       2.526614549843e-14       2.679728640942e-03       6.454436180632e+10       5.781666112541e-09       1.795229330398e-06 
       1.717582153717e+08       2.562110841227e-14       2.698486649024e-03       6.365014532954e+10       5.822137776723e-09       1.820450332581e-06 
       1.705642654650e+08       2.598105817546e-14       2.717375960856e-03       6.276831761957e+10       5.862892742574e-09       1.846025660929e-06 
       1.693786151108e+08       2.634606484773e-14       2.736397498666e-03       6.189870703818e+10       5.903932993205e-09       1.871960293292e-06 
       1.682012066161e+08       2.671619947307e-14       2.755552184681e-03       6.104114432508e+10       5.945260525611e-09       1.898259277454e-06 
       1.670319826889e+08       2.709153409355e-14       2.774840952043e-03       6.019546256498e+10       5.986877350764e-09       1.924927732111e-06 
       1.658708864354e+08       2.747214176333e-14       2.794264739350e-03       5.936149715507e+10       6.028785493714e-09       1.951970847872e-06 
       1.647178613575e+08       2.785809656294e-14       2.813824492478e-03       5.853908577303e+10       6.070986993685e-09       1.979393888264e-06 
       1.635728513496e+08       2.824947361360e-14       2.833521162756e-03       5.772806834540e+10       6.113483904178e-09       2.007202190762e-06 
       1.624358006964e+08       2.864634909195e-14       2.853355706975e-03       5.692828701643e+10       6.156278293066e-09       2.035401167825e-06 
       1.613066540695e+08       2.904880024478e-14       2.873329092836e-03       5.613958611737e+10       6.199372242697e-09       2.063996307950e-06 
       1.601853565254e+08       2.945690540414e-14       2.893442289860e-03       5.536181213615e+10       6.242767849999e-09       2.092993176739e-06 
       1.590718535025e+08       2.987074400253e-14       2.913696278483e-03       5.459481368751e+10       6.286467226574e-09       2.122397417984e-06 
       1.579660908183e+08       3.029039658839e-14       2.934092042779e-03       5.383844148354e+10       6.330472498808e-09       2.152214754763e-06 
       1.568680146672e+08       3.071594484179e-14       2.954630577733e-03       5.309254830462e+10       6.374785807970e-09       2.182450990559e-06 
       1.557775716175e+08       3.114747159027e-14       2.975312878334e-03       5.235698897075e+10       6.419409310321e-09       2.213112010383e-06 
       1.546947086088e+08       3.158506082504e-14       2.996139955940e-03       5.163162031331e+10       6.464345177211e-09       2.244203781922e-06 
       1.536193729498e+08       3.202879771728e-14       3.017112820089e-03       5.091630114719e+10       6.509595595194e-09       2.275732356704e-06 
       1.525515123152e+08       3.247876863469e-14       3.038232493054e-03       5.021089224332e+10       6.555162766127e-09       2.307703871270e-06 
       1.514910747436e+08       3.293506115839e-14       3.059500000745e-03       4.951525630154e+10       6.601048907282e-09       2.340124548372e-06 
       1.504380086347e+08       3.339776409987e-14       3.080916381805e-03       4.882925792389e+10       6.647256251450e-09       2.373000698182e-06 
       1.493922627471e+08       3.386696751833e-14       3.102482673057e-03       4.815276358828e+10       6.693787047053e-09       2.406338719524e-06 
       1.483537861953e+08       3.434276273820e-14       3.124199929516e-03       4.748564162248e+10       6.740643558250e-09       2.440145101113e-06 
       1.473225284478e+08       3.482524236691e-14       3.146069202558e-03       4.682776217848e+10       6.787828065053e-09       2.474426422825e-06 
       1.462984393241e+08       3.531450031290e-14       3.168091559928e-03       4.617899720723e+10       6.835342863429e-09       2.509189356972e-06 
       1.452814689927e+08       3.581063180393e-14       3.190268071194e-03       4.553922043374e+10       6.883190265421e-09       2.544440669603e-06 
       1.442715679685e+08       3.631373340560e-14       3.212599816834e-03       4.490830733244e+10       6.931372599255e-09       2.580187221822e-06 
       1.432686871104e+08       3.682390304012e-14       3.235087884605e-03       4.428613510302e+10       6.979892209453e-09       2.616435971119e-06 
       1.422727776186e+08       3.734124000542e-14       3.257733364080e-03       4.367258264646e+10       7.028751456951e-09       2.653193972730e-06 
       1.412837910330e+08       3.786584499442e-14       3.280537361206e-03       4.306753054150e+10       7.077952719209e-09       2.690468381007e-06 
       1.403016792300e+08       3.839782011468e-14       3.303500985567e-03       4.247086102139e+10       7.127498390333e-09       2.728266450808e-06 
       1.393263944206e+08       3.893726890822e-14       3.326625352202e-03       4.188245795094e+10       7.177390881183e-09       2.766595538915e-06 
       1.383578891482e+08       3.948429637175e-14       3.349911587065e-03       4.130220680396e+10       7.227632619500e-09       2.805463105460e-06 
       1.373961162858e+08       4.003900897700e-14       3.373360823389e-03       4.072999464094e+10       7.278226050014e-09       2.844876715380e-06 
       1.364410290341e+08       4.060151469155e-14       3.396974203497e-03       4.016571008706e+10       7.329173634573e-09       2.884844039890e-06 
       1.354925809193e+08       4.117192299976e-14       3.420752873353e-03       3.960924331055e+10       7.380477852255e-09       2.925372857973e-06 
       1.345507257903e+08       4.175034492414e-14       3.444697993473e-03       3.906048600127e+10       7.432141199492e-09       2.966471057896e-06 
       1.336154178172e+08       4.233689304693e-14       3.468810728009e-03       3.851933134964e+10       7.484166190192e-09       3.008146638746e-06 
       1.326866114884e+08       4.293168153199e-14       3.493092248391e-03       3.798567402588e+10       7.536555355859e-09       3.050407711985e-06 
       1.317642616087e+08       4.353482614707e-14       3.517543736962e-03       3.745941015948e+10       7.589311245718e-09       3.093262503029e-06 
       1.308483232972e+08       4.414644428632e-14       3.542166383340e-03       3.694043731896e+10       7.642436426840e-09       3.136719352851e-06 
       1.299387519849e+08       4.476665499312e-14       3.566961388060e-03       3.642865449200e+10       7.695933484263e-09       3.180786719601e-06 
       1.290355034126e+08       4.539557898328e-14       3.591929953473e-03       3.592396206572e+10       7.749805021123e-09       3.225473180255e-06 
       1.281385336288e+08       4.603333866851e-14       3.617073296482e-03       3.542626180731e+10       7.804053658775e-09       3.270787432283e-06 
       1.272477989875e+08       4.668005818026e-14       3.642392643087e-03       3.493545684493e+10       7.858682036926e-09       3.316738295342e-06 
       1.263632561461e+08       4.733586339388e-14       3.667889221106e-03       3.445145164880e+10       7.913692813760e-09       3.363334712991e-06 
       1.254848620632e+08       4.800088195312e-14       3.693564271089e-03       3.397415201269e+10       7.969088666067e-09       3.410585754436e-06 
       1.246125739968e+08       4.867524329496e-14       3.719419046320e-03       3.350346503549e+10       8.024872289378e-09       3.458500616289e-06 
       1.237463495019e+08       4.935907867482e-14       3.745454801901e-03       3.303929910322e+10       8.081046398089e-09       3.507088624363e-06 
       1.228861464285e+08       5.005252119210e-14       3.771672805669e-03       3.258156387110e+10       8.137613725598e-09       3.556359235486e-06 
       1.220319229196e+08       5.075570581608e-14       3.798074332735e-03       3.213017024607e+10       8.194577024439e-09       3.606322039338e-06 
       1.211836374094e+08       5.146876941219e-14       3.824660667306e-03       3.168503036936e+10       8.251939066410e-09       3.656986760321e-06 
       1.203412486206e+08       5.219185076866e-14       3.851433104501e-03       3.124605759945e+10       8.309702642714e-09       3.708363259452e-06 
       1.195047155633e+08       5.292509062352e-14       3.878392944898e-03       3.081316649515e+10       8.367870564092e-09       3.760461536280e-06 
       1.186739975321e+08       5.366863169201e-14       3.905541501808e-03       3.038627279904e+10       8.426445660961e-09       3.813291730832e-06 
       1.178490541050e+08       5.442261869433e-14       3.932880095817e-03       2.996529342100e+10       8.485430783548e-09       3.866864125588e-06 
       1.170298451406e+08       5.518719838382e-14       3.960410058426e-03       2.955014642209e+10       8.544828802035e-09       3.921189147482e-06 
       1.162163307768e+08       5.596251957554e-14       3.988132726590e-03       2.914075099858e+10       8.604642606694e-09       3.976277369932e-06 
       1.154084714284e+08       5.674873317520e-14       4.016049451820e-03       2.873702746621e+10       8.664875108028e-09       4.032139514894e-06 
       1.146062277854e+08       5.754599220857e-14       4.044161591082e-03       2.833889724470e+10       8.725529236915e-09       4.088786454954e-06 
       1.138095608114e+08       5.835445185121e-14       4.072470512256e-03       2.794628284245e+10       8.786607944748e-09       4.146229215441e-06 
       1.130184317408e+08       5.917426945875e-14       4.100977592316e-03       2.755910784145e+10       8.848114203581e-09       4.204478976573e-06 
       1.122328020778e+08       6.000560459744e-14       4.129684219151e-03       2.717729688242e+10       8.910051006270e-09       4.263547075634e-06 
       1.114526335942e+08       6.084861907525e-14       4.158591789746e-03       2.680077565013e+10       8.972421366624e-09       4.323445009178e-06 
       1.106778883275e+08       6.170347697334e-14       4.187701710180e-03       2.642947085893e+10       9.035228319547e-09       4.384184435271e-06 
       1.099085285791e+08       6.257034467802e-14       4.217015395625e-03       2.606331023852e+10       9.098474921188e-09       4.445777175756e-06 
       1.091445169123e+08       6.344939091313e-14       4.246534275808e-03       2.570222251982e+10       9.162164249088e-09       4.508235218554e-06 
       1.083858161508e+08       6.434078677284e-14       4.276259784092e-03       2.534613742118e+10       9.226299402332e-09       4.571570720000e-06 
       1.076323893768e+08       6.524470575501e-14       4.306193366574e-03       2.499498563462e+10       9.290883501698e-09       4.635796007205e-06 
       1.068841999289e+08       6.616132379491e-14       4.336336482083e-03       2.464869881239e+10       9.355919689809e-09       4.700923580459e-06 
       1.061412114007e+08       6.709081929948e-14       4.366690596726e-03       2.430720955366e+10       9.421411131288e-09       4.766966115662e-06 
       1.054033876388e+08       6.803337318207e-14       4.397257185701e-03       2.397045139138e+10       9.487361012908e-09       4.833936466789e-06 
       1.046706927412e+08       6.898916889762e-14       4.428037736943e-03       2.363835877938e+10       9.553772543751e-09       4.901847668396e-06 
       1.039430910554e+08       6.995839247839e-14       4.459033749299e-03       2.331086707957e+10       9.620648955364e-09       4.970712938152e-06 
       1.032205471768e+08       7.094123257016e-14       4.490246730711e-03       2.298791254938e+10       9.687993501911e-09       5.040545679416e-06 
       1.025030259467e+08       7.193788046894e-14       4.521678198216e-03       2.266943232935e+10       9.755809460338e-09       5.111359483844e-06 
       1.017904924512e+08       7.294853015822e-14       4.553329683404e-03       2.235536443091e+10       9.824100130528e-09       5.183168134030e-06 
       1.010829120186e+08       7.397337834670e-14       4.585202723320e-03       2.204564772430e+10       9.892868835466e-09       5.255985606196e-06 
       1.003802502187e+08       7.501262450659e-14       4.617298873200e-03       2.174022192666e+10       9.962118921396e-09       5.329826072907e-06 
       9.968247286025e+07       7.606647091245e-14       4.649619690099e-03       2.143902759031e+10       1.003185375798e-08       5.404703905830e-06 
       9.898954598991e+07       7.713512268051e-14       4.682166751081e-03       2.114200609119e+10       1.010207673849e-08       5.480633678531e-06 
       9.830143589027e+07       7.821878780864e-14       4.714941636848e-03       2.084909961744e+10       1.017279127991e-08       5.557630169313e-06 
       9.761810907831e+07       7.931767721683e-14       4.747945942654e-03       2.056025115812e+10       1.024400082318e-08       5.635708364089e-06 
       9.693953230378e+07       8.043200478821e-14       4.781181274666e-03       2.027540449217e+10       1.031570883332e-08       5.714883459304e-06 
       9.626567254754e+07       8.156198741069e-14       4.814649249965e-03       1.999450417742e+10       1.038791879959e-08       5.795170864884e-06 
       9.559649701999e+07       8.270784501920e-14       4.848351496548e-03       1.971749553982e+10       1.046063423569e-08       5.876586207245e-06 
       9.493197315947e+07       8.386980063845e-14       4.882289655143e-03       1.944432466279e+10       1.053385867990e-08       5.959145332327e-06 
       9.427206863065e+07       8.504808042637e-14       4.916465375572e-03       1.917493837674e+10       1.060759569529e-08       6.042864308679e-06 
       9.361675132298e+07       8.624291371814e-14       4.950880322212e-03       1.890928424868e+10       1.068184886985e-08       6.127759430590e-06 
       9.296598934913e+07       8.745453307077e-14       4.985536170352e-03       1.864731057207e+10       1.075662181669e-08       6.213847221256e-06 
       9.231975104342e+07       8.868317430842e-14       5.020434602557e-03       1.838896635674e+10       1.083191817424e-08       6.301144435998e-06 
       9.167800496029e+07       8.992907656826e-14       5.055577321400e-03       1.813420131892e+10       1.090774160635e-08       6.389668065522e-06 
       9.104071987277e+07       9.119248234706e-14       5.090966034913e-03       1.788296587153e+10       1.098409580255e-08       6.479435339227e-06 
       9.040786477097e+07       9.247363754831e-14       5.126602463861e-03       1.763521111445e+10       1.106098447820e-08       6.570463728556e-06 
       8.977940886054e+07       9.377279153017e-14       5.162488343558e-03       1.739088882506e+10       1.113841137465e-08       6.662770950398e-06 
       8.915532156120e+07       9.509019715392e-14       5.198625418416e-03       1.714995144882e+10       1.121638025945e-08       6.756374970536e-06 
       8.853557250526e+07       9.642611083325e-14       5.235015449216e-03       1.691235209005e+10       1.129489492651e-08       6.851294007141e-06 
       8.792013153610e+07       9.778079258410e-14       5.271660205835e-03       1.667804450275e+10       1.137395919631e-08       6.947546534321e-06 
       8.730896870674e+07       9.915450607530e-14       5.308561469064e-03       1.644698308165e+10       1.145357691608e-08       7.045151285715e-06 
       8.670205427839e+07       1.005475186799e-13       5.345721037884e-03       1.621912285329e+10       1.153375195996e-08       7.144127258139e-06 
       8.609935871895e+07       1.019601015272e-13       5.383140718550e-03       1.599441946732e+10       1.161448822923e-08       7.244493715283e-06 
       8.550085270163e+07       1.033925295554e-13       5.420822330052e-03       1.577282918779e+10       1.169578965246e-08       7.346270191458e-06 
       8.490650710350e+07       1.048450815654e-13       5.458767709570e-03       1.555430888472e+10       1.177766018573e-08       7.449476495402e-06 
       8.431629300406e+07       1.063180402748e-13       5.496978699739e-03       1.533881602566e+10       1.186010381281e-08       7.554132714133e-06 
       8.373018168387e+07       1.078116923730e-13       5.535457163205e-03       1.512630866742e+10       1.194312454537e-08       7.660259216856e-06 
       8.314814462310e+07       1.093263285770e-13       5.574204969889e-03       1.491674544788e+10       1.202672642313e-08       7.767876658931e-06 
       8.257015350019e+07       1.108622436880e-13       5.613224004264e-03       1.471008557799e+10       1.211091351413e-08       7.877005985890e-06 
       8.199618019045e+07       1.124197366488e-13       5.652516167174e-03       1.450628883381e+10       1.219568991484e-08       7.987668437516e-06 
       8.142619676469e+07       1.139991106019e-13       5.692083370377e-03       1.430531554866e+10       1.228105975045e-08       8.099885551975e-06 
       8.086017548787e+07       1.156006729486e-13       5.731927536544e-03       1.410712660543e+10       1.236702717499e-08       8.213679170006e-06 
       8.029808881774e+07       1.172247354088e-13       5.772050608357e-03       1.391168342894e+10       1.245359637159e-08       8.329071439174e-06 
       7.973990940351e+07       1.188716140815e-13       5.812454533952e-03       1.371894797844e+10       1.254077155266e-08       8.446084818182e-06 
       7.918561008451e+07       1.205416295067e-13       5.853141281477e-03       1.352888274022e+10       1.262855696009e-08       8.564742081237e-06 
       7.863516388888e+07       1.222351067273e-13       5.894112829992e-03       1.334145072030e+10       1.271695686546e-08       8.685066322485e-06 
       7.808854403225e+07       1.239523753528e-13       5.935371173109e-03       1.315661543723e+10       1.280597557026e-08       8.807080960506e-06 
       7.754572391642e+07       1.256937696232e-13       5.976918318993e-03       1.297434091496e+10       1.289561740609e-08       8.930809742869e-06 
       7.700667712812e+07       1.274596284742e-13       6.018756288540e-03       1.279459167590e+10       1.298588673487e-08       9.056276750758e-06 
       7.647137743765e+07       1.292502956030e-13       6.060887117201e-03       1.261733273396e+10       1.307678794904e-08       9.183506403654e-06 
       7.593979879766e+07       1.310661195354e-13       6.103312853156e-03       1.244252958775e+10       1.316832547181e-08       9.312523464091e-06 
       7.541191534186e+07       1.329074536933e-13       6.146035564598e-03       1.227014821389e+10       1.326050375735e-08       9.443353042471e-06 
       7.488770138377e+07       1.347746564639e-13       6.189057328811e-03       1.210015506037e+10       1.335332729098e-08       9.576020601955e-06 
       7.436713141545e+07       1.366680912693e-13       6.232380237634e-03       1.193251704002e+10       1.344680058945e-08       9.710551963418e-06 
       7.385018010630e+07       1.385881266368e-13       6.276006401094e-03       1.176720152407e+10       1.354092820112e-08       9.846973310470e-06 
       7.333682230178e+07       1.405351362715e-13       6.319937938315e-03       1.160417633578e+10       1.363571470617e-08       9.985311194557e-06 
       7.282703302222e+07       1.425094991283e-13       6.364176990246e-03       1.144340974424e+10       1.373116471687e-08       1.012559254013e-05 
       7.232078746158e+07       1.445115994859e-13       6.408725708752e-03       1.128487045812e+10       1.382728287775e-08       1.026784464986e-05 
       7.181806098627e+07       1.465418270216e-13       6.453586262069e-03       1.112852761961e+10       1.392407386586e-08       1.041209521001e-05 
       7.131882913393e+07       1.486005768872e-13       6.498760829345e-03       1.097435079843e+10       1.402154239101e-08       1.055837229574e-05 
       7.082306761223e+07       1.506882497858e-13       6.544251613377e-03       1.082230998589e+10       1.411969319594e-08       1.070670437666e-05 
       7.033075229774e+07       1.528052520497e-13       6.590060824237e-03       1.067237558903e+10       1.421853105663e-08       1.085712032230e-05 
       6.984185923469e+07       1.549519957199e-13       6.636190692006e-03       1.052451842490e+10       1.431806078245e-08       1.100964940776e-05 
       6.935636463385e+07       1.571288986257e-13       6.682643461318e-03       1.037870971486e+10       1.441828721648e-08       1.116432131940e-05 
       6.887424487134e+07       1.593363844665e-13       6.729421391356e-03       1.023492107897e+10       1.451921523566e-08       1.132116616063e-05 
       6.839547648752e+07       1.615748828940e-13       6.776526757676e-03       1.009312453049e+10       1.462084975110e-08       1.148021445774e-05 
       6.792003618582e+07       1.638448295960e-13       6.823961855844e-03       9.953292470394e+09       1.472319570827e-08       1.164149716589e-05 
       6.744790083159e+07       1.661466663812e-13       6.871728990518e-03       9.815397682046e+09       1.482625808727e-08       1.180504567506e-05 
       6.697904745103e+07       1.684808412647e-13       6.919830486368e-03       9.679413325866e+09       1.493004190305e-08       1.197089181624e-05 
       6.651345323001e+07       1.708478085560e-13       6.968268684432e-03       9.545312934122e+09       1.503455220566e-08       1.213906786758e-05 
       6.605109551301e+07       1.732480289469e-13       7.017045940302e-03       9.413070405774e+09       1.513979408053e-08       1.230960656065e-05 
       6.559195180199e+07       1.756819696011e-13       7.066164629578e-03       9.282660001395e+09       1.524577264865e-08       1.248254108687e-05 
       6.513599975530e+07       1.781501042455e-13       7.115627140593e-03       9.154056338161e+09       1.535249306688e-08       1.265790510392e-05 
       6.468321718658e+07       1.806529132620e-13       7.165435879870e-03       9.027234384909e+09       1.545996052818e-08       1.283573274233e-05 
       6.423358206373e+07       1.831908837816e-13       7.215593270303e-03       8.902169457268e+09       1.556818026184e-08       1.301605861207e-05 
       6.378707250777e+07       1.857645097782e-13       7.266101754794e-03       8.778837212851e+09       1.567715753378e-08       1.319891780933e-05 
       6.334366679182e+07       1.883742921658e-13       7.316963788981e-03       8.657213646520e+09       1.578689764676e-08       1.338434592334e-05 
       6.290334334004e+07       1.910207388953e-13       7.368181846687e-03       8.537275085711e+09       1.589740594068e-08       1.357237904328e-05 
       6.246608072654e+07       1.937043650537e-13       7.419758421747e-03       8.418998185829e+09       1.600868779280e-08       1.376305376533e-05 
       6.203185767442e+07       1.964256929643e-13       7.471696024368e-03       8.302359925702e+09       1.612074861804e-08       1.395640719977e-05 
       6.160065305463e+07       1.991852522880e-13       7.523997177486e-03       8.187337603101e+09       1.623359386920e-08       1.415247697819e-05 
       6.117244588503e+07       2.019835801270e-13       7.576664431326e-03       8.073908830322e+09       1.634722903727e-08       1.435130126086e-05 
       6.074721532931e+07       2.048212211288e-13       7.629700343387e-03       7.962051529828e+09       1.646165965168e-08       1.455291874412e-05 
       6.032494069603e+07       2.076987275925e-13       7.683107498451e-03       7.851743929949e+09       1.657689128054e-08       1.475736866791e-05 
       5.990560143757e+07       2.106166595764e-13       7.736888492218e-03       7.742964560651e+09       1.669292953096e-08       1.496469082342e-05 
       5.948917714912e+07       2.135755850063e-13       7.791045942213e-03       7.635692249350e+09       1.680978004930e-08       1.517492556083e-05 
       5.907564756773e+07       2.165760797872e-13       7.845582484151e-03       7.529906116796e+09       1.692744852142e-08       1.538811379717e-05 
       5.866499257133e+07       2.196187279141e-13       7.900500770120e-03       7.425585573005e+09       1.704594067302e-08       1.560429702427e-05 
       5.825719217768e+07       2.227041215866e-13       7.955803474033e-03       7.322710313257e+09       1.716526226985e-08       1.582351731682e-05 
       5.785222654347e+07       2.258328613240e-13       8.011493284357e-03       7.221260314136e+09       1.728541911802e-08       1.604581734060e-05 
       5.745007596332e+07       2.290055560816e-13       8.067572911386e-03       7.121215829642e+09       1.740641706431e-08       1.627124036076e-05 
       5.705072086883e+07       2.322228233700e-13       8.124045085424e-03       7.022557387337e+09       1.752826199639e-08       1.649983025021e-05 
       5.665414182763e+07       2.354852893747e-13       8.180912553144e-03       6.925265784566e+09       1.765095984317e-08       1.673163149824e-05 
       5.626031954243e+07       2.387935890783e-13       8.238178081228e-03       6.829322084711e+09       1.777451657507e-08       1.696668921907e-05 
       5.586923485007e+07       2.421483663839e-13       8.295844456370e-03       6.734707613510e+09       1.789893820427e-08       1.720504916072e-05 
       5.548086872062e+07       2.455502742405e-13       8.353914481631e-03       6.641403955418e+09       1.802423078505e-08       1.744675771387e-05 
       5.509520225642e+07       2.489999747701e-13       8.412390987360e-03       6.549392950027e+09       1.815040041410e-08       1.769186192088e-05 
       5.471221669118e+07       2.524981393965e-13       8.471276814817e-03       6.458656688530e+09       1.827745323073e-08       1.794040948499e-05 
       5.433189338905e+07       2.560454489761e-13       8.530574828910e-03       6.369177510232e+09       1.840539541727e-08       1.819244877956e-05 
       5.395421384373e+07       2.596425939302e-13       8.590287918196e-03       6.280937999118e+09       1.853423319932e-08       1.844802885747e-05 
       5.357915967758e+07       2.632902743795e-13       8.650418985781e-03       6.193920980458e+09       1.866397284604e-08       1.870719946075e-05 
       5.320671264069e+07       2.669892002804e-13       8.710970956599e-03       6.108109517469e+09       1.879462067049e-08       1.897001103014e-05 
       5.283685461002e+07       2.707400915630e-13       8.771946777415e-03       6.023486908012e+09       1.892618302991e-08       1.923651471502e-05 
       5.246956758849e+07       2.745436782716e-13       8.833349416818e-03       5.940036681349e+09       1.905866632605e-08       1.950676238329e-05 
       5.210483370416e+07       2.784007007063e-13       8.895181859771e-03       5.857742594930e+09       1.919207700548e-08       1.978080663148e-05 
       5.174263520929e+07       2.823119095673e-13       8.957447114881e-03       5.776588631238e+09       1.932642155988e-08       2.005870079502e-05 
       5.138295447952e+07       2.862780661011e-13       9.020148214404e-03       5.696558994663e+09       1.946170652637e-08       2.034049895855e-05 
       5.102577401303e+07       2.902999422485e-13       9.083288205147e-03       5.617638108439e+09       1.959793848785e-08       2.062625596652e-05 
       5.067107642961e+07       2.943783207949e-13       9.146870163022e-03       5.539810611600e+09       1.973512407328e-08       2.091602743383e-05 
       5.031884446992e+07       2.985139955226e-13       9.210897178491e-03       5.463061355998e+09       1.987326995803e-08       2.120986975662e-05 
       4.996906099455e+07       3.027077713655e-13       9.275372369302e-03       5.387375403355e+09       2.001238286420e-08       2.150784012330e-05 
       4.962170898326e+07       3.069604645654e-13       9.340298869574e-03       5.312738022348e+09       2.015246956095e-08       2.180999652567e-05 
       4.927677153412e+07       3.112729028311e-13       9.405679840711e-03       5.239134685751e+09       2.029353686481e-08       2.211639777015e-05 
       4.893423186267e+07       3.156459254994e-13       9.471518462306e-03       5.166551067601e+09       2.043559164004e-08       2.242710348930e-05 
       4.859407330116e+07       3.200803836986e-13       9.537817939417e-03       5.094973040411e+09       2.057864079893e-08       2.274217415338e-05 
       4.825627929767e+07       3.245771405139e-13       9.604581495296e-03       5.024386672421e+09       2.072269130218e-08       2.306167108212e-05 
       4.792083341535e+07       3.291370711555e-13       9.671812380475e-03       4.954778224889e+09       2.086775015920e-08       2.338565645666e-05 
       4.758771933163e+07       3.337610631292e-13       9.739513865497e-03       4.886134149410e+09       2.101382442847e-08       2.371419333165e-05 
       4.725692083736e+07       3.384500164086e-13       9.807689242734e-03       4.818441085286e+09       2.116092121788e-08       2.404734564754e-05 
       4.692842183610e+07       3.432048436106e-13       9.876341831841e-03       4.751685856922e+09       2.130904768508e-08       2.438517824297e-05 
       4.660220634329e+07       3.480264701729e-13       9.945474970664e-03       4.685855471260e+09       2.145821103781e-08       2.472775686744e-05 
       4.627825848549e+07       3.529158345342e-13       1.001509202433e-02       4.620937115255e+09       2.160841853427e-08       2.507514819409e-05 
       4.595656249959e+07       3.578738883168e-13       1.008519637799e-02       4.556918153376e+09       2.175967748348e-08       2.542741983266e-05 
       4.563710273206e+07       3.629015965118e-13       1.015579144587e-02       4.493786125150e+09       2.191199524560e-08       2.578464034265e-05 
       4.531986363818e+07       3.679999376668e-13       1.022688066041e-02       4.431528742735e+09       2.206537923234e-08       2.614687924669e-05 
       4.500482978131e+07       3.731699040765e-13       1.029846748133e-02       4.370133888529e+09       2.221983690727e-08       2.651420704402e-05 
       4.469198583208e+07       3.784125019759e-13       1.037055539018e-02       4.309589612811e+09       2.237537578621e-08       2.688669522427e-05 
       4.438131656770e+07       3.837287517356e-13       1.044314789578e-02       4.249884131416e+09       2.253200343759e-08       2.726441628130e-05 
       4.407280687120e+07       3.891196880613e-13       1.051624853062e-02       4.191005823439e+09       2.268972748282e-08       2.764744372738e-05 
       4.376644173068e+07       3.945863601942e-13       1.058986084900e-02       4.132943228976e+09       2.284855559666e-08       2.803585210742e-05 
       4.346220623860e+07       4.001298321159e-13       1.066398843250e-02       4.075685046894e+09       2.300849550761e-08       2.842971701355e-05 
       4.316008559106e+07       4.057511827552e-13       1.073863489000e-02       4.019220132626e+09       2.316955499823e-08       2.882911509979e-05 
       4.286006508704e+07       4.114515061981e-13       1.081380385222e-02       3.963537496007e+09       2.333174190560e-08       2.923412409696e-05 
       4.256213012774e+07       4.172319119006e-13       1.088949897712e-02       3.908626299136e+09       2.349506412164e-08       2.964482282782e-05 
       4.226626621583e+07       4.230935249050e-13       1.096572394636e-02       3.854475854259e+09       2.365952959351e-08       3.006129122243e-05 
       4.197245895474e+07       4.290374860583e-13       1.104248246702e-02       3.801075621698e+09       2.382514632400e-08       3.048361033364e-05 
       4.168069404800e+07       4.350649522348e-13       1.111977827713e-02       3.748415207791e+09       2.399192237194e-08       3.091186235294e-05 
       4.139095729850e+07       4.411770965610e-13       1.119761513655e-02       3.696484362877e+09       2.415986585254e-08       3.134613062641e-05 
       4.110323460784e+07       4.473751086436e-13       1.127599683059e-02       3.645272979296e+09       2.432898493785e-08       3.178649967092e-05 
       4.081751197561e+07       4.536601948016e-13       1.135492717549e-02       3.594771089421e+09       2.449928785709e-08       3.223305519063e-05 
       4.053377549871e+07       4.600335783008e-13       1.143441000750e-02       3.544968863721e+09       2.467078289712e-08       3.268588409364e-05 
       4.025201137071e+07       4.664964995916e-13       1.151444919742e-02       3.495856608847e+09       2.484347840278e-08       3.314507450889e-05 
       3.997220588114e+07       4.730502165508e-13       1.159504863790e-02       3.447424765745e+09       2.501738277733e-08       3.361071580331e-05 
       3.969434541483e+07       4.796960047265e-13       1.167621225068e-02       3.399663907793e+09       2.519250448287e-08       3.408289859924e-05 
       3.941841645126e+07       4.864351575857e-13       1.175794398478e-02       3.352564738972e+09       2.536885204071e-08       3.456171479205e-05 
       3.914440556391e+07       4.932689867668e-13       1.184024781651e-02       3.306118092050e+09       2.554643403183e-08       3.504725756799e-05 
       3.887229941957e+07       5.001988223344e-13       1.192312774947e-02       3.260314926802e+09       2.572525909726e-08       3.553962142237e-05 
       3.860208477772e+07       5.072260130381e-13       1.200658781636e-02       3.215146328250e+09       2.590533593854e-08       3.603890217792e-05 
       3.833374848989e+07       5.143519265754e-13       1.209063207716e-02       3.170603504925e+09       2.608667331809e-08       3.654519700345e-05 
       3.806727749899e+07       5.215779498575e-13       1.217526462460e-02       3.126677787159e+09       2.626928005969e-08       3.705860443275e-05 
       3.780265883871e+07       5.289054892794e-13       1.226048957142e-02       3.083360625397e+09       2.645316504888e-08       3.757922438377e-05 
       3.753987963288e+07       5.363359709936e-13       1.234631106672e-02       3.040643588531e+09       2.663833723340e-08       3.810715817804e-05 
       3.727892709481e+07       5.438708411874e-13       1.243273328510e-02       2.998518362261e+09       2.682480562362e-08       3.864250856043e-05 
       3.701978852672e+07       5.515115663647e-13       1.251976043022e-02       2.956976747476e+09       2.701257929298e-08       3.918537971910e-05 
       3.676245131908e+07       5.592596336313e-13       1.260739674035e-02       2.916010658658e+09       2.720166737846e-08       3.973587730580e-05 
       3.650690295002e+07       5.671165509842e-13       1.269564647373e-02       2.875612122309e+09       2.739207908096e-08       4.029410845642e-05 
       3.625313098472e+07       5.750838476052e-13       1.278451392864e-02       2.835773275397e+09       2.758382366581e-08       4.086018181183e-05 
       3.600112307480e+07       5.831630741584e-13       1.287400342517e-02       2.796486363827e+09       2.777691046320e-08       4.143420753903e-05 
       3.575086695769e+07       5.913558030921e-13       1.296411931799e-02       2.757743740934e+09       2.797134886861e-08       4.201629735258e-05 
       3.550235045609e+07       5.996636289446e-13       1.305486599449e-02       2.719537865990e+09       2.816714834331e-08       4.260656453636e-05 
       3.525556147734e+07       6.080881686549e-13       1.314624786573e-02       2.681861302739e+09       2.836431841479e-08       4.320512396558e-05 
       3.501048801285e+07       6.166310618769e-13       1.323826937914e-02       2.644706717951e+09       2.856286867724e-08       4.381209212915e-05 
       3.476711813748e+07       6.252939712991e-13       1.333093501307e-02       2.608066879990e+09       2.876280879200e-08       4.442758715235e-05 
       3.452544000901e+07       6.340785829674e-13       1.342424927498e-02       2.571934657412e+09       2.896414848803e-08       4.505172881981e-05 
       3.428544186754e+07       6.429866066141e-13       1.351821670323e-02       2.536303017573e+09       2.916689756243e-08       4.568463859881e-05 
       3.404711203489e+07       6.520197759898e-13       1.361284187078e-02       2.501165025262e+09       2.937106588084e-08       4.632643966295e-05 
       3.381043891409e+07       6.611798492016e-13       1.370812938330e-02       2.466513841350e+09       2.957666337797e-08       4.697725691606e-05 
       3.357541098876e+07       6.704686090544e-13       1.380408387377e-02       2.432342721460e+09       2.978370005809e-08       4.763721701656e-05 
       3.334201682260e+07       6.798878633988e-13       1.390071001151e-02       2.398645014653e+09       2.999218599548e-08       4.830644840207e-05 
       3.311024505878e+07       6.894394454821e-13       1.399801249863e-02       2.365414162136e+09       3.020213133496e-08       4.898508131442e-05 
       3.288008441944e+07       6.991252143056e-13       1.409599606814e-02       2.332643695982e+09       3.041354629233e-08       4.967324782498e-05 
       3.265152370510e+07       7.089470549861e-13       1.419466548759e-02       2.300327237872e+09       3.062644115495e-08       5.037108186037e-05 
       3.242455179414e+07       7.189068791230e-13       1.429402555550e-02       2.268458497857e+09       3.084082628214e-08       5.107871922853e-05 
       3.219915764224e+07       7.290066251700e-13       1.439408110855e-02       2.237031273128e+09       3.105671210577e-08       5.179629764509e-05 
       3.197533028186e+07       7.392482588126e-13       1.449483701435e-02       2.206039446814e+09       3.127410913073e-08       5.252395676024e-05 
       3.175305882170e+07       7.496337733508e-13       1.459629817327e-02       2.175476986787e+09       3.149302793542e-08       5.326183818586e-05 
       3.153233244618e+07       7.601651900864e-13       1.469846952205e-02       2.145337944492e+09       3.171347917232e-08       5.401008552309e-05 
       3.131314041487e+07       7.708445587172e-13       1.480135603197e-02       2.115616453786e+09       3.193547356846e-08       5.476884439026e-05 
       3.109547206203e+07       7.816739577350e-13       1.490496270890e-02       2.086306729796e+09       3.215902192596e-08       5.553826245122e-05 
       3.087931679605e+07       7.926554948310e-13       1.500929459326e-02       2.057403067798e+09       3.238413512257e-08       5.631848944412e-05 
       3.066466409896e+07       8.037913073053e-13       1.511435676002e-02       2.028899842100e+09       3.261082411215e-08       5.710967721045e-05 
       3.045150352587e+07       8.150835624830e-13       1.522015432056e-02       2.000791504951e+09       3.283909992527e-08       5.791197972471e-05 
       3.023982470453e+07       8.265344581363e-13       1.532669242442e-02       1.973072585462e+09       3.306897366971e-08       5.872555312424e-05 
       3.002961733479e+07       8.381462229117e-13       1.543397625210e-02       1.945737688535e+09       3.330045653100e-08       5.955055573972e-05 
       2.982087118807e+07       8.499211167641e-13       1.554201102408e-02       1.918781493823e+09       3.353355977295e-08       6.038714812587e-05 
       2.961357610691e+07       8.618614313967e-13       1.565080199725e-02       1.892198754684e+09       3.376829473824e-08       6.123549309278e-05 
       2.940772200448e+07       8.739694907063e-13       1.576035446305e-02       1.865984297168e+09       3.400467284896e-08       6.209575573754e-05 
       2.920329886403e+07       8.862476512366e-13       1.587067375294e-02       1.840133019003e+09       3.424270560711e-08       6.296810347635e-05 
       2.900029673845e+07       8.986983026356e-13       1.598176523112e-02       1.814639888610e+09       3.448240459525e-08       6.385270607715e-05 
       2.879870574980e+07       9.113238681219e-13       1.609363430543e-02       1.789499944115e+09       3.472378147699e-08       6.474973569260e-05 
       2.859851608878e+07       9.241268049552e-13       1.620628641649e-02       1.764708292389e+09       3.496684799760e-08       6.565936689361e-05 
       2.839971801427e+07       9.371096049152e-13       1.631972704672e-02       1.740260108094e+09       3.521161598456e-08       6.658177670329e-05 
       2.820230185290e+07       9.502747947861e-13       1.643396171312e-02       1.716150632744e+09       3.545809734815e-08       6.751714463139e-05 
       2.800625799851e+07       9.636249368487e-13       1.654899597452e-02       1.692375173778e+09       3.570630408200e-08       6.846565270923e-05 
       2.781157691172e+07       9.771626293787e-13       1.666483542613e-02       1.668929103647e+09       3.595624826374e-08       6.942748552515e-05 
       2.761824911948e+07       9.908905071526e-13       1.678148570500e-02       1.645807858913e+09       3.620794205548e-08       7.040283026038e-05 
       2.742626521457e+07       1.004811241960e-12       1.689895248637e-02       1.623006939363e+09       3.646139770453e-08       7.139187672547e-05 
       2.723561585518e+07       1.018927543125e-12       1.701724148370e-02       1.600521907131e+09       3.671662754389e-08       7.239481739724e-05 
       2.704629176443e+07       1.033242158030e-12       1.713635845226e-02       1.578348385833e+09       3.697364399291e-08       7.341184745622e-05 
       2.685828372992e+07       1.047757872656e-12       1.725630918736e-02       1.556482059718e+09       3.723245955786e-08       7.444316482462e-05 
       2.667158260329e+07       1.062477512118e-12       1.737709952431e-02       1.534918672826e+09       3.749308683256e-08       7.548897020486e-05 
       2.648617929979e+07       1.077403941221e-12       1.749873534027e-02       1.513654028161e+09       3.775553849900e-08       7.654946711859e-05 
       2.630206479780e+07       1.092540065013e-12       1.762122255241e-02       1.492683986874e+09       3.801982732792e-08       7.762486194630e-05 
       2.611923013843e+07       1.107888829353e-12       1.774456711973e-02       1.472004467455e+09       3.828596617949e-08       7.871536396749e-05 
       2.593766642505e+07       1.123453221483e-12       1.786877504310e-02       1.451611444942e+09       3.855396800386e-08       7.982118540138e-05 
       2.575736482289e+07       1.139236270610e-12       1.799385236518e-02       1.431500950137e+09       3.882384584186e-08       8.094254144819e-05 
       2.557831655857e+07       1.155241048495e-12       1.811980517050e-02       1.411669068829e+09       3.909561282559e-08       8.207965033102e-05 
       2.540051291973e+07       1.171470670051e-12       1.824663958723e-02       1.392111941040e+09       3.936928217910e-08       8.323273333831e-05 
       2.522394525455e+07       1.187928293949e-12       1.837436178539e-02       1.372825760265e+09       3.964486721897e-08       8.440201486688e-05 
       2.504860497134e+07       1.204617123232e-12       1.850297798046e-02       1.353806772739e+09       3.992238135504e-08       8.558772246561e-05 
       2.487448353817e+07       1.221540405942e-12       1.863249442613e-02       1.335051276702e+09       4.020183809097e-08       8.679008687972e-05 
       2.470157248239e+07       1.238701435746e-12       1.876291742519e-02       1.316555621677e+09       4.048325102499e-08       8.800934209561e-05 
       2.452986339026e+07       1.256103552582e-12       1.889425332229e-02       1.298316207764e+09       4.076663385050e-08       8.924572538646e-05 
       2.435934790651e+07       1.273750143307e-12       1.902650850752e-02       1.280329484938e+09       4.105200035674e-08       9.049947735834e-05 
       2.419001773397e+07       1.291644642355e-12       1.915968941466e-02       1.262591952354e+09       4.133936442950e-08       9.177084199703e-05 
       2.402186463313e+07       1.309790532409e-12       1.929380252295e-02       1.245100157671e+09       4.162874005176e-08       9.306006671552e-05 
       2.385488042178e+07       1.328191345073e-12       1.942885435710e-02       1.227850696377e+09       4.192014130437e-08       9.436740240211e-05 
       2.368905697455e+07       1.346850661566e-12       1.956485148730e-02       1.210840211129e+09       4.221358236677e-08       9.569310346926e-05 
       2.352438622259e+07       1.365772113414e-12       1.970180052740e-02       1.194065391094e+09       4.250907751763e-08       9.703742790303e-05 
       2.336086015312e+07       1.384959383157e-12       1.983970814217e-02       1.177522971311e+09       4.280664113559e-08       9.840063731336e-05 
       2.319847080905e+07       1.404416205069e-12       1.997858104187e-02       1.161209732053e+09       4.310628769994e-08       9.978299698486e-05 
       2.303721028863e+07       1.424146365882e-12       2.011842597858e-02       1.145122498198e+09       4.340803179131e-08       1.011847759285e-04 
       2.287707074501e+07       1.444153705521e-12       2.025924975896e-02       1.129258138614e+09       4.371188809241e-08       1.026062469340e-04 
       2.271804438591e+07       1.464442117858e-12       2.040105923334e-02       1.113613565550e+09       4.401787138872e-08       1.040476866228e-04 
       2.256012347319e+07       1.485015551461e-12       2.054386129930e-02       1.098185734031e+09       4.432599656922e-08       1.055093755017e-04 
       2.240330032253e+07       1.505878010370e-12       2.068766290358e-02       1.082971641270e+09       4.463627862712e-08       1.069915980181e-04 
       2.224756730301e+07       1.527033554872e-12       2.083247104383e-02       1.067968326082e+09       4.494873266058e-08       1.084946426143e-04 
       2.209291683675e+07       1.548486302291e-12       2.097829276317e-02       1.053172868304e+09       4.526337387344e-08       1.100188017848e-04 
       2.193934139856e+07       1.570240427792e-12       2.112513515749e-02       1.038582388233e+09       4.558021757597e-08       1.115643721321e-04 
       2.178683351555e+07       1.592300165190e-12       2.127300536813e-02       1.024194046062e+09       4.589927918562e-08       1.131316544253e-04 
       2.163538576678e+07       1.614669807778e-12       2.142191059102e-02       1.010005041325e+09       4.622057422775e-08       1.147209536579e-04 
       2.148499078289e+07       1.637353709159e-12       2.157185806755e-02       9.960126123562e+08       4.654411833642e-08       1.163325791078e-04 
       2.133564124577e+07       1.660356284094e-12       2.172285509369e-02       9.822140357516e+08       4.686992725509e-08       1.179668443968e-04 
       2.118732988815e+07       1.683682009361e-12       2.187490901451e-02       9.686066258365e+08       4.719801683747e-08       1.196240675522e-04 
       2.104004949330e+07       1.707335424628e-12       2.202802722786e-02       9.551877341450e+08       4.752840304820e-08       1.213045710682e-04 
       2.089379289463e+07       1.731321133335e-12       2.218221718249e-02       9.419547489037e+08       4.786110196372e-08       1.230086819692e-04 
       2.074855297540e+07       1.755643803589e-12       2.233748637991e-02       9.289050945235e+08       4.819612977297e-08       1.247367318726e-04 
       2.060432266832e+07       1.780308169074e-12       2.249384237257e-02       9.160362310981e+08       4.853350277822e-08       1.264890570543e-04 
       2.046109495523e+07       1.805319029971e-12       2.265129276566e-02       9.033456539099e+08       4.887323739588e-08       1.282659985133e-04 
       2.031886286677e+07       1.830681253891e-12       2.280984522258e-02       8.908308929426e+08       4.921535015723e-08       1.300679020384e-04 
       2.017761948199e+07       1.856399776827e-12       2.296950745222e-02       8.784895123999e+08       4.955985770932e-08       1.318951182756e-04 
       2.003735792809e+07       1.882479604109e-12       2.313028722347e-02       8.663191102319e+08       4.990677681568e-08       1.337480027958e-04 
       1.989807138003e+07       1.908925811381e-12       2.329219235799e-02       8.543173176672e+08       5.025612435723e-08       1.356269161648e-04 
       1.975975306021e+07       1.935743545587e-12       2.345523073382e-02       8.424817987524e+08       5.060791733303e-08       1.375322240126e-04 
       1.962239623814e+07       1.962938025974e-12       2.361941027812e-02       8.308102498967e+08       5.096217286114e-08       1.394642971050e-04 
       1.948599423013e+07       1.990514545108e-12       2.378473897988e-02       8.193003994242e+08       5.131890817945e-08       1.414235114157e-04 
       1.935054039893e+07       2.018478469901e-12       2.395122488269e-02       8.079500071311e+08       5.167814064650e-08       1.434102481992e-04 
       1.921602815346e+07       2.046835242661e-12       2.411887608469e-02       7.967568638504e+08       5.203988774237e-08       1.454248940654e-04 
       1.908245094842e+07       2.075590382143e-12       2.428770074221e-02       7.857187910214e+08       5.240416706947e-08       1.474678410542e-04 
       1.894980228403e+07       2.104749484630e-12       2.445770706618e-02       7.748336402655e+08       5.277099635345e-08       1.495394867125e-04 
       1.881807570569e+07       2.134318225018e-12       2.462890332936e-02       7.640992929689e+08       5.314039344403e-08       1.516402341708e-04 
       1.868726480366e+07       2.164302357924e-12       2.480129785727e-02       7.535136598692e+08       5.351237631587e-08       1.537704922223e-04 
       1.855736321277e+07       2.194707718800e-12       2.497489903726e-02       7.430746806495e+08       5.388696306946e-08       1.559306754019e-04 
       1.842836461208e+07       2.225540225075e-12       2.514971531491e-02       7.327803235370e+08       5.426417193201e-08       1.581212040670e-04 
       1.830026272461e+07       2.256805877301e-12       2.532575519217e-02       7.226285849077e+08       5.464402125830e-08       1.603425044795e-04 
       1.817305131699e+07       2.288510760325e-12       2.550302723648e-02       7.126174888963e+08       5.502652953159e-08       1.625950088885e-04 
       1.804672419919e+07       2.320661044469e-12       2.568154006804e-02       7.027450870117e+08       5.541171536455e-08       1.648791556144e-04 
       1.792127522422e+07       2.353262986735e-12       2.586130237250e-02       6.930094577579e+08       5.579959750011e-08       1.671953891340e-04 
       1.779669828781e+07       2.386322932018e-12       2.604232289559e-02       6.834087062597e+08       5.619019481242e-08       1.695441601676e-04 
       1.767298732811e+07       2.419847314346e-12       2.622461043939e-02       6.739409638941e+08       5.658352630774e-08       1.719259257658e-04 
       1.755013632543e+07       2.453842658125e-12       2.640817387510e-02       6.646043879263e+08       5.697961112537e-08       1.743411493992e-04 
       1.742813930192e+07       2.488315579416e-12       2.659302212851e-02       6.553971611516e+08       5.737846853861e-08       1.767903010480e-04 
       1.730699032127e+07       2.523272787218e-12       2.677916419634e-02       6.463174915412e+08       5.778011795563e-08       1.792738572936e-04 
       1.718668348845e+07       2.558721084773e-12       2.696660912989e-02       6.373636118935e+08       5.818457892051e-08       1.817923014116e-04 
       1.706721294940e+07       2.594667370892e-12       2.715536604774e-02       6.285337794902e+08       5.859187111409e-08       1.843461234653e-04 
       1.694857289077e+07       2.631118641298e-12       2.734544413397e-02       6.198262757573e+08       5.900201435501e-08       1.869358204015e-04 
       1.683075753959e+07       2.668081989983e-12       2.753685263269e-02       6.112394059302e+08       5.941502860063e-08       1.895618961467e-04 
       1.671376116305e+07       2.705564610595e-12       2.772960085713e-02       6.027714987241e+08       5.983093394801e-08       1.922248617056e-04 
       1.659757806817e+07       2.743573797832e-12       2.792369818235e-02       5.944209060085e+08       6.024975063489e-08       1.949252352602e-04 
       1.648220260156e+07       2.782116948862e-12       2.811915404891e-02       5.861860024868e+08       6.067149904067e-08       1.976635422706e-04 
       1.636762914911e+07       2.821201564767e-12       2.831597796467e-02       5.780651853796e+08       6.109619968741e-08       2.004403155776e-04 
       1.625385213576e+07       2.860835251997e-12       2.851417950660e-02       5.700568741128e+08       6.152387324084e-08       2.032560955057e-04 
       1.614086602519e+07       2.901025723854e-12       2.871376831536e-02       5.621595100100e+08       6.195454051133e-08       2.061114299688e-04 
       1.602866531955e+07       2.941780801992e-12       2.891475409888e-02       5.543715559891e+08       6.238822245493e-08       2.090068745763e-04 
       1.591724455924e+07       2.983108417937e-12       2.911714663242e-02       5.466914962633e+08       6.282494017438e-08       2.119429927416e-04 
       1.580659832258e+07       3.025016614631e-12       2.932095576398e-02       5.391178360457e+08       6.326471492015e-08       2.149203557915e-04 
       1.569672122560e+07       3.067513548001e-12       2.952619140524e-02       5.316491012588e+08       6.370756809145e-08       2.179395430772e-04 
       1.558760792175e+07       3.110607488539e-12       2.973286354245e-02       5.242838382473e+08       6.415352123730e-08       2.210011420872e-04 
       1.547925310164e+07       3.154306822918e-12       2.994098222553e-02       5.170206134950e+08       6.460259605754e-08       2.241057485616e-04 
       1.537165149279e+07       3.198620055619e-12       3.015055758078e-02       5.098580133463e+08       6.505481440393e-08       2.272539666078e-04 
       1.526479785937e+07       3.243555810590e-12       3.036159980184e-02       5.027946437308e+08       6.551019828119e-08       2.304464088180e-04 
       1.515868700196e+07       3.289122832918e-12       3.057411915506e-02       4.958291298916e+08       6.596876984808e-08       2.336836963887e-04 
       1.505331375726e+07       3.335329990538e-12       3.078812597596e-02       4.889601161183e+08       6.643055141844e-08       2.369664592411e-04 
       1.494867299787e+07       3.382186275954e-12       3.100363067642e-02       4.821862654828e+08       6.689556546234e-08       2.402953361439e-04 
       1.484475963205e+07       3.429700807988e-12       3.122064373929e-02       4.755062595792e+08       6.736383460714e-08       2.436709748373e-04 
       1.474156860343e+07       3.477882833559e-12       3.143917571833e-02       4.689187982671e+08       6.783538163857e-08       2.470940321594e-04 
       1.463909489079e+07       3.526741729476e-12       3.165923724555e-02       4.624225994186e+08       6.831022950188e-08       2.505651741735e-04 
       1.453733350784e+07       3.576287004269e-12       3.188083902751e-02       4.560163986686e+08       6.878840130292e-08       2.540850762980e-04 
       1.443627950292e+07       3.626528300032e-12       3.210399183808e-02       4.496989491691e+08       6.926992030931e-08       2.576544234376e-04 
       1.433592795881e+07       3.677475394307e-12       3.232870653665e-02       4.434690213460e+08       6.975480995151e-08       2.612739101164e-04 
       1.423627399246e+07       3.729138201980e-12       3.255499405168e-02       4.373254026603e+08       7.024309382401e-08       2.649442406135e-04 
       1.413731275478e+07       3.781526777214e-12       3.278286538989e-02       4.312668973717e+08       7.073479568648e-08       2.686661290994e-04 
       1.403903943037e+07       3.834651315403e-12       3.301233163620e-02       4.252923263058e+08       7.122993946487e-08       2.724402997751e-04 
       1.394144923731e+07       3.888522155158e-12       3.324340395375e-02       4.194005266251e+08       7.172854925264e-08       2.762674870131e-04 
       1.384453742692e+07       3.943149780316e-12       3.347609357843e-02       4.135903516022e+08       7.223064931189e-08       2.801484355002e-04 
       1.374829928354e+07       3.998544821982e-12       3.371041183345e-02       4.078606703969e+08       7.273626407457e-08       2.840839003820e-04 
       1.365273012427e+07       4.054718060596e-12       3.394637011115e-02       4.022103678356e+08       7.324541814365e-08       2.880746474105e-04 
       1.355782529878e+07       4.111680428034e-12       3.418397989481e-02       3.966383441949e+08       7.375813629431e-08       2.921214530923e-04 
       1.346358018906e+07       4.169443009730e-12       3.442325273681e-02       3.911435149872e+08       7.427444347516e-08       2.962251048398e-04 
       1.336999020920e+07       4.228017046835e-12       3.466420027871e-02       3.857248107497e+08       7.479436480947e-08       3.003864011249e-04 
       1.327705080516e+07       4.287413938406e-12       3.490683423843e-02       3.803811768360e+08       7.531792559635e-08       3.046061516334e-04 
       1.318475745458e+07       4.347645243622e-12       3.515116641938e-02       3.751115732113e+08       7.584515131201e-08       3.088851774233e-04 
       1.309310566652e+07       4.408722684034e-12       3.539720870685e-02       3.699149742495e+08       7.637606761100e-08       3.132243110839e-04 
       1.300209098125e+07       4.470658145845e-12       3.564497306616e-02       3.647903685339e+08       7.691070032745e-08       3.176243968982e-04 
       1.291170897006e+07       4.533463682223e-12       3.589447154991e-02       3.597367586601e+08       7.744907547634e-08       3.220862910068e-04 
       1.282195523502e+07       4.597151515645e-12       3.614571629441e-02       3.547531610422e+08       7.799121925473e-08       3.266108615744e-04 
       1.273282540876e+07       4.661734040277e-12       3.639871951782e-02       3.498386057210e+08       7.853715804308e-08       3.311989889588e-04 
       1.264431515428e+07       4.727223824386e-12       3.665349352923e-02       3.449921361752e+08       7.908691840652e-08       3.358515658821e-04 
       1.255642016473e+07       4.793633612782e-12       3.691005071960e-02       3.402128091357e+08       7.964052709611e-08       3.405694976042e-04 
       1.246913616319e+07       4.860976329302e-12       3.716840356719e-02       3.354996944016e+08       8.019801105018e-08       3.453537020990e-04 
       1.238245890248e+07       4.929265079320e-12       3.742856463941e-02       3.308518746589e+08       8.075939739566e-08       3.502051102330e-04 
       1.229638416493e+07       4.998513152301e-12       3.769054658915e-02       3.262684453028e+08       8.132471344931e-08       3.551246659459e-04 
       1.221090776219e+07       5.068734024384e-12       3.795436216024e-02       3.217485142607e+08       8.189398671916e-08       3.601133264349e-04 
       1.212602553505e+07       5.139941361007e-12       3.822002418383e-02       3.172912018192e+08       8.246724490578e-08       3.651720623401e-04 
       1.204173335318e+07       5.212149019560e-12       3.848754558203e-02       3.128956404527e+08       8.304451590362e-08       3.703018579338e-04 
       1.195802711498e+07       5.285371052087e-12       3.875693936425e-02       3.085609746543e+08       8.362582780244e-08       3.755037113118e-04 
       1.187490274735e+07       5.359621708020e-12       3.902821863812e-02       3.042863607697e+08       8.421120888858e-08       3.807786345873e-04 
       1.179235620552e+07       5.434915436945e-12       3.930139659496e-02       3.000709668327e+08       8.480068764642e-08       3.861276540880e-04 
       1.171038347281e+07       5.511266891421e-12       3.957648652249e-02       2.959139724033e+08       8.539429275972e-08       3.915518105555e-04 
       1.162898056049e+07       5.588690929825e-12       3.985350179937e-02       2.918145684082e+08       8.599205311303e-08       3.970521593480e-04 
       1.154814350754e+07       5.667202619248e-12       4.013245590249e-02       2.877719569831e+08       8.659399779307e-08       4.026297706450e-04 
       1.146786838048e+07       5.746817238422e-12       4.041336239607e-02       2.837853513176e+08       8.720015609021e-08       4.082857296560e-04 
       1.138815127317e+07       5.827550280695e-12       4.069623494433e-02       2.798539755018e+08       8.781055749982e-08       4.140211368311e-04 
       1.130898830663e+07       5.909417457045e-12       4.098108730614e-02       2.759770643756e+08       8.842523172374e-08       4.198371080755e-04 
       1.123037562883e+07       5.992434699135e-12       4.126793333671e-02       2.721538633794e+08       8.904420867175e-08       4.257347749659e-04 
       1.115230941453e+07       6.076618162418e-12       4.155678698407e-02       2.683836284077e+08       8.966751846298e-08       4.317152849709e-04 
       1.107478586508e+07       6.161984229271e-12       4.184766230173e-02       2.646656256638e+08       9.029519142738e-08       4.377798016742e-04 
       1.099780120823e+07       6.248549512194e-12       4.214057343415e-02       2.609991315173e+08       9.092725810725e-08       4.439295050008e-04 
       1.092135169795e+07       6.336330857029e-12       4.243553462766e-02       2.573834323631e+08       9.156374925865e-08       4.501655914464e-04 
       1.084543361425e+07       6.425345346250e-12       4.273256022861e-02       2.538178244825e+08       9.220469585295e-08       4.564892743101e-04 
       1.077004326301e+07       6.515610302278e-12       4.303166468526e-02       2.503016139065e+08       9.285012907832e-08       4.629017839303e-04 
       1.069517697579e+07       6.607143290853e-12       4.333286254223e-02       2.468341162802e+08       9.350008034124e-08       4.694043679241e-04 
       1.062083110962e+07       6.699962124456e-12       4.363616845148e-02       2.434146567300e+08       9.415458126805e-08       4.759982914298e-04 
       1.054700204690e+07       6.794084865766e-12       4.394159716139e-02       2.400425697324e+08       9.481366370647e-08       4.826848373529e-04 
       1.047368619514e+07       6.889529831183e-12       4.424916352946e-02       2.367171989838e+08       9.547735972715e-08       4.894653066156e-04 
       1.040087998684e+07       6.986315594386e-12       4.455888251323e-02       2.334378972735e+08       9.614570162524e-08       4.963410184098e-04 
       1.032857987929e+07       7.084460989949e-12       4.487076917758e-02       2.302040263572e+08       9.681872192195e-08       5.033133104536e-04 
       1.025678235441e+07       7.183985117002e-12       4.518483868924e-02       2.270149568331e+08       9.749645336615e-08       5.103835392515e-04 
       1.018548391859e+07       7.284907342953e-12       4.550110632408e-02       2.238700680193e+08       9.817892893595e-08       5.175530803579e-04 
       1.011468110247e+07       7.387247307248e-12       4.581958746348e-02       2.207687478328e+08       9.886618184031e-08       5.248233286449e-04 
       1.004437046085e+07       7.491024925199e-12       4.614029759796e-02       2.177103926707e+08       9.955824552063e-08       5.321956985736e-04 
       9.974548572451e+06       7.596260391853e-12       4.646325232352e-02       2.146944072924e+08       1.002551536524e-07       5.396716244685e-04 
       9.905212039778e+06       7.702974185926e-12       4.678846734896e-02       2.117202047040e+08       1.009569401470e-07       5.472525607972e-04 
       9.836357488960e+06       7.811187073784e-12       4.711595848858e-02       2.087872060438e+08       1.016636391529e-07       5.549399824528e-04 
       9.767981569579e+06       7.920920113480e-12       4.744574167125e-02       2.058948404701e+08       1.023752850578e-07       5.627353850407e-04 
       9.700080954503e+06       8.032194658859e-12       4.777783293684e-02       2.030425450493e+08       1.030919124901e-07       5.706402851695e-04 
       9.632652339731e+06       8.145032363705e-12       4.811224843434e-02       2.002297646471e+08       1.038135563205e-07       5.786562207458e-04 
       9.565692444227e+06       8.259455185956e-12       4.844900442731e-02       1.974559518202e+08       1.045402516640e-07       5.867847512733e-04 
       9.499198009765e+06       8.375485391977e-12       4.878811729577e-02       1.947205667095e+08       1.052720338812e-07       5.950274581560e-04 
       9.433165800766e+06       8.493145560891e-12       4.912960353067e-02       1.920230769353e+08       1.060089385803e-07       6.033859450057e-04 
       9.367592604143e+06       8.612458588971e-12       4.947347973939e-02       1.893629574936e+08       1.067510016188e-07       6.118618379538e-04 
       9.302475229145e+06       8.733447694094e-12       4.981976264389e-02       1.867396906538e+08       1.074982591051e-07       6.204567859675e-04 
       9.237810507201e+06       8.856136420259e-12       5.016846908984e-02       1.841527658584e+08       1.082507474006e-07       6.291724611702e-04 
       9.173595291765e+06       8.980548642167e-12       5.051961603021e-02       1.816016796228e+08       1.090085031208e-07       6.380105591671e-04 
       9.109826458165e+06       9.106708569867e-12       5.087322054715e-02       1.790859354381e+08       1.097715631380e-07       6.469727993743e-04 
       9.046500903447e+06       9.234640753460e-12       5.122929983372e-02       1.766050436741e+08       1.105399645822e-07       6.560609253534e-04 
       8.983615546231e+06       9.364370087884e-12       5.158787120854e-02       1.741585214838e+08       1.113137448436e-07       6.652767051508e-04 
       8.921167326552e+06       9.495921817750e-12       5.194895211025e-02       1.717458927100e+08       1.120929415740e-07       6.746219316406e-04 
       8.859153205719e+06       9.629321542254e-12       5.231256009756e-02       1.693666877920e+08       1.128775926888e-07       6.840984228741e-04 
       8.797570166163e+06       9.764595220161e-12       5.267871285287e-02       1.670204436746e+08       1.136677363687e-07       6.937080224327e-04 
       8.736415211291e+06       9.901769174850e-12       5.304742818407e-02       1.647067037179e+08       1.144634110618e-07       7.034525997865e-04 
       8.675685365341e+06       1.004087009944e-11       5.341872402096e-02       1.624250176084e+08       1.152646554853e-07       7.133340506579e-04 
       8.615377673236e+06       1.018192506197e-11       5.379261842063e-02       1.601749412711e+08       1.160715086275e-07       7.233542973898e-04 
       8.555489200441e+06       1.032496151069e-11       5.416912956753e-02       1.579560367835e+08       1.168840097495e-07       7.335152893198e-04 
       8.496017032819e+06       1.047000727938e-11       5.454827576796e-02       1.557678722902e+08       1.177021983872e-07       7.438190031588e-04 
       8.436958276491e+06       1.061709059275e-11       5.493007546465e-02       1.536100219186e+08       1.185261143534e-07       7.542674433755e-04 
       8.378310057695e+06       1.076624007199e-11       5.531454722041e-02       1.514820656965e+08       1.193557977394e-07       7.648626425859e-04 
       8.320069522645e+06       1.091748474025e-11       5.570170973442e-02       1.493835894698e+08       1.201912889174e-07       7.756066619487e-04 
       8.262233837391e+06       1.107085402838e-11       5.609158183506e-02       1.473141848224e+08       1.210326285419e-07       7.865015915660e-04 
       8.204800187686e+06       1.122637778058e-11       5.648418247802e-02       1.452734489963e+08       1.218798575523e-07       7.975495508894e-04 
       8.147765778842e+06       1.138408626023e-11       5.687953075903e-02       1.432609848134e+08       1.227330171743e-07       8.087526891321e-04 
       8.091127835602e+06       1.154401015581e-11       5.727764590301e-02       1.412764005983e+08       1.235921489224e-07       8.201131856869e-04 
       8.034883601997e+06       1.170618058681e-11       5.767854726764e-02       1.393193101019e+08       1.244572946015e-07       8.316332505497e-04 
       7.979030341217e+06       1.187062910984e-11       5.808225435067e-02       1.373893324261e+08       1.253284963094e-07       8.433151247493e-04 
       7.923565335477e+06       1.203738772474e-11       5.848878678262e-02       1.354860919500e+08       1.262057964382e-07       8.551610807828e-04 
       7.868485885885e+06       1.220648888078e-11       5.889816433228e-02       1.336092182567e+08       1.270892376772e-07       8.671734230574e-04 
       7.813789312308e+06       1.237796548304e-11       5.931040690666e-02       1.317583460609e+08       1.279788630141e-07       8.793544883387e-04 
       7.759472953245e+06       1.255185089874e-11       5.972553455467e-02       1.299331151381e+08       1.288747157379e-07       8.917066462047e-04 
       7.705534165695e+06       1.272817896379e-11       6.014356745982e-02       1.281331702545e+08       1.297768394403e-07       9.042322995061e-04 
       7.651970325029e+06       1.290698398931e-11       6.056452595112e-02       1.263581610978e+08       1.306852780184e-07       9.169338848343e-04 
       7.598778824865e+06       1.308830076837e-11       6.098843050131e-02       1.246077422087e+08       1.316000756763e-07       9.298138729939e-04 
       7.545957076936e+06       1.327216458271e-11       6.141530171953e-02       1.228815729143e+08       1.325212769279e-07       9.428747694840e-04 
       7.493502510969e+06       1.345861120962e-11       6.184516036592e-02       1.211793172612e+08       1.334489265984e-07       9.561191149846e-04 
       7.441412574557e+06       1.364767692889e-11       6.227802734065e-02       1.195006439504e+08       1.343830698268e-07       9.695494858507e-04 
       7.389684733036e+06       1.383939852989e-11       6.271392369490e-02       1.178452262730e+08       1.353237520683e-07       9.831684946130e-04 
       7.338316469361e+06       1.403381331872e-11       6.315287062353e-02       1.162127420461e+08       1.362710190960e-07       9.969787904860e-04 
       7.287305283984e+06       1.423095912542e-11       6.359488947055e-02       1.146028735505e+08       1.372249170037e-07       1.010983059882e-03 
       7.236648694731e+06       1.443087431140e-11       6.404000173097e-02       1.130153074686e+08       1.381854922075e-07       1.025184026936e-03 
       7.186344236685e+06       1.463359777687e-11       6.448822904531e-02       1.114497348237e+08       1.391527914489e-07       1.039584454030e-03 
       7.136389462062e+06       1.483916896838e-11       6.493959321233e-02       1.099058509198e+08       1.401268617961e-07       1.054187142336e-03 
       7.086781940092e+06       1.504762788653e-11       6.539411617814e-02       1.083833552819e+08       1.411077506470e-07       1.068994932357e-03 
       7.037519256905e+06       1.525901509374e-11       6.585182004164e-02       1.068819515981e+08       1.420955057314e-07       1.084010704478e-03 
       6.988599015408e+06       1.547337172214e-11       6.631272706181e-02       1.054013476615e+08       1.430901751131e-07       1.099237379529e-03 
       6.940018835174e+06       1.569073948157e-11       6.677685964860e-02       1.039412553135e+08       1.440918071922e-07       1.114677919352e-03 
       6.891776352319e+06       1.591116066769e-11       6.724424037020e-02       1.025013903879e+08       1.451004507079e-07       1.130335327373e-03 
       6.843869219395e+06       1.613467817019e-11       6.771489195125e-02       1.010814726550e+08       1.461161547404e-07       1.146212649193e-03 
       6.796295105270e+06       1.636133548118e-11       6.818883727647e-02       9.968122576776e+07       1.471389687134e-07       1.162312973172e-03 
       6.749051695017e+06       1.659117670361e-11       6.866609939243e-02       9.830037720757e+07       1.481689423967e-07       1.178639431035e-03 
       6.702136689800e+06       1.682424655984e-11       6.914670150400e-02       9.693865823134e+07       1.492061259084e-07       1.195195198476e-03 
       6.655547806765e+06       1.706059040039e-11       6.963066697972e-02       9.559580381919e+07       1.502505697176e-07       1.211983495781e-03 
       6.609282778925e+06       1.730025421270e-11       7.011801935187e-02       9.427155262286e+07       1.513023246465e-07       1.229007588447e-03 
       6.563339355052e+06       1.754328463012e-11       7.060878231459e-02       9.296564691487e+07       1.523614418731e-07       1.246270787825e-03 
       6.517715299568e+06       1.778972894096e-11       7.110297972940e-02       9.167783253829e+07       1.534279729337e-07       1.263776451754e-03 
       6.472408392434e+06       1.803963509767e-11       7.160063562878e-02       9.040785885736e+07       1.545019697254e-07       1.281527985220e-03 
       6.427416429044e+06       1.829305172621e-11       7.210177420529e-02       8.915547870863e+07       1.555834845083e-07       1.299528841018e-03 
       6.382737220116e+06       1.855002813549e-11       7.260641982793e-02       8.792044835290e+07       1.566725699087e-07       1.317782520419e-03 
       6.338368591589e+06       1.881061432694e-11       7.311459702942e-02       8.670252742777e+07       1.577692789210e-07       1.336292573853e-03 
       6.294308384510e+06       1.907486100424e-11       7.362633052253e-02       8.550147890083e+07       1.588736649109e-07       1.355062601598e-03 
       6.250554454940e+06       1.934281958322e-11       7.414164518377e-02       8.431706902358e+07       1.599857816172e-07       1.374096254482e-03 
       6.207104673837e+06       1.961454220182e-11       7.466056606972e-02       8.314906728587e+07       1.611056831552e-07       1.393397234589e-03 
       6.163956926962e+06       1.989008173023e-11       7.518311841159e-02       8.199724637109e+07       1.622334240190e-07       1.412969295981e-03 
       6.121109114773e+06       2.016949178120e-11       7.570932761155e-02       8.086138211190e+07       1.633690590840e-07       1.432816245425e-03 
       6.078559152321e+06       2.045282672046e-11       7.623921925733e-02       7.974125344660e+07       1.645126436099e-07       1.452941943137e-03 
       6.036304969151e+06       2.074014167725e-11       7.677281910946e-02       7.863664237609e+07       1.656642332431e-07       1.473350303526e-03 
       5.994344509201e+06       2.103149255512e-11       7.731015311219e-02       7.754733392147e+07       1.668238840195e-07       1.494045295962e-03 
       5.952675730701e+06       2.132693604275e-11       7.785124738803e-02       7.647311608220e+07       1.679916523675e-07       1.515030945542e-03 
       5.911296606074e+06       2.162652962496e-11       7.839612824682e-02       7.541377979479e+07       1.691675951102e-07       1.536311333871e-03 
       5.870205121836e+06       2.193033159394e-11       7.894482217671e-02       7.436911889215e+07       1.703517694686e-07       1.557890599861e-03 
       5.829399278502e+06       2.223840106057e-11       7.949735585680e-02       7.333893006347e+07       1.715442330642e-07       1.579772940531e-03 
       5.788877090484e+06       2.255079796589e-11       8.005375614630e-02       7.232301281460e+07       1.727450439221e-07       1.601962611824e-03 
       5.748636585997e+06       2.286758309278e-11       8.061405009721e-02       7.132116942908e+07       1.739542604731e-07       1.624463929431e-03 
       5.708675806964e+06       2.318881807778e-11       8.117826495072e-02       7.033320492964e+07       1.751719415575e-07       1.647281269636e-03 
       5.668992808918e+06       2.351456542308e-11       8.174642813356e-02       6.935892704022e+07       1.763981464271e-07       1.670419070158e-03 
       5.629585660908e+06       2.384488850866e-11       8.231856727070e-02       6.839814614860e+07       1.776329347488e-07       1.693881831021e-03 
       5.590452445406e+06       2.417985160464e-11       8.289471017633e-02       6.745067526945e+07       1.788763666070e-07       1.717674115423e-03 
       5.551591258215e+06       2.451951988375e-11       8.347488485924e-02       6.651633000796e+07       1.801285025067e-07       1.741800550625e-03 
       5.513000208373e+06       2.486395943402e-11       8.405911952468e-02       6.559492852395e+07       1.813894033764e-07       1.766265828850e-03 
       5.474677418064e+06       2.521323727165e-11       8.464744257435e-02       6.468629149646e+07       1.826591305711e-07       1.791074708194e-03 
       5.436621022523e+06       2.556742135400e-11       8.523988261186e-02       6.379024208887e+07       1.839377458755e-07       1.816232013550e-03 
       5.398829169950e+06       2.592658059286e-11       8.583646843545e-02       6.290660591446e+07       1.852253115065e-07       1.841742637548e-03 
       5.361300021418e+06       2.629078486779e-11       8.643722905072e-02       6.203521100250e+07       1.865218901168e-07       1.867611541501e-03 
       5.324031750780e+06       2.666010503976e-11       8.704219365973e-02       6.117588776473e+07       1.878275447974e-07       1.893843756373e-03 
       5.287022544586e+06       2.703461296492e-11       8.765139167190e-02       6.032846896240e+07       1.891423390811e-07       1.920444383755e-03 
       5.250270601990e+06       2.741438150854e-11       8.826485270401e-02       5.949278967371e+07       1.904663369455e-07       1.947418596856e-03 
       5.213774134665e+06       2.779948455922e-11       8.888260657659e-02       5.866868726166e+07       1.917996028159e-07       1.974771641508e-03 
       5.177531366716e+06       2.818999704326e-11       8.950468331932e-02       5.785600134249e+07       1.931422015685e-07       2.002508837184e-03 
       5.141540534593e+06       2.858599493918e-11       9.013111317472e-02       5.705457375436e+07       1.944941985340e-07       2.030635578035e-03 
       5.105799887002e+06       2.898755529255e-11       9.076192659450e-02       5.626424852666e+07       1.958556595001e-07       2.059157333933e-03 
       5.070307684828e+06       2.939475623096e-11       9.139715424135e-02       5.548487184957e+07       1.972266507151e-07       2.088079651538e-03 
       5.035062201039e+06       2.980767697918e-11       9.203682699626e-02       5.471629204420e+07       1.986072388910e-07       2.117408155372e-03 
       5.000061720614e+06       3.022639787461e-11       9.268097595123e-02       5.395835953299e+07       1.999974912069e-07       2.147148548915e-03 
       4.965304540451e+06       3.065100038289e-11       9.332963242196e-02       5.321092681068e+07       2.013974753121e-07       2.177306615710e-03 
       4.930788969285e+06       3.108156711371e-11       9.398282793882e-02       5.247384841553e+07       2.028072593295e-07       2.207888220486e-03 
       4.896513327612e+06       3.151818183690e-11       9.464059425045e-02       5.174698090104e+07       2.042269118587e-07       2.238899310303e-03 
       4.862475947599e+06       3.196092949875e-11       9.530296333469e-02       5.103018280804e+07       2.056565019797e-07       2.270345915698e-03 
       4.828675173008e+06       3.240989623845e-11       9.596996738401e-02       5.032331463713e+07       2.070960992559e-07       2.302234151865e-03 
       4.795109359115e+06       3.286516940493e-11       9.664163882553e-02       4.962623882156e+07       2.085457737379e-07       2.334570219838e-03 
       4.761776872627e+06       3.332683757376e-11       9.731801030284e-02       4.893881970041e+07       2.100055959663e-07       2.367360407696e-03 
       4.728676091607e+06       3.379499056444e-11       9.799911469599e-02       4.826092349225e+07       2.114756369757e-07       2.400611091787e-03 
       4.695805405390e+06       3.426971945784e-11       9.868498511241e-02       4.759241826904e+07       2.129559682981e-07       2.434328737963e-03 
       4.663163214510e+06       3.475111661389e-11       9.937565488690e-02       4.693317393048e+07       2.144466619658e-07       2.468519902838e-03 
       4.630747930617e+06       3.523927568957e-11       1.000711575944e-01       4.628306217869e+07       2.159477905158e-07       2.503191235059e-03 
       4.598557976404e+06       3.573429165711e-11       1.007715270371e-01       4.564195649325e+07       2.174594269925e-07       2.538349476603e-03 
       4.566591785527e+06       3.623626082246e-11       1.014767972611e-01       4.500973210653e+07       2.189816449519e-07       2.574001464080e-03 
       4.534847802531e+06       3.674528084399e-11       1.021870025434e-01       4.438626597946e+07       2.205145184646e-07       2.610154130064e-03 
       4.503324482774e+06       3.726145075153e-11       1.029021774048e-01       4.377143677755e+07       2.220581221200e-07       2.646814504438e-03 
       4.472020292350e+06       3.778487096557e-11       1.036223566061e-01       4.316512484728e+07       2.236125310294e-07       2.683989715762e-03 
       4.440933708017e+06       3.831564331683e-11       1.043475751503e-01       4.256721219282e+07       2.251778208301e-07       2.721686992655e-03 
       4.410063217120e+06       3.885387106603e-11       1.050778682893e-01       4.197758245306e+07       2.267540676886e-07       2.759913665199e-03 
       4.379407317521e+06       3.939965892397e-11       1.058132715134e-01       4.139612087895e+07       2.283413483048e-07       2.798677166362e-03 
       4.348964517522e+06       3.995311307191e-11       1.065538205694e-01       4.082271431119e+07       2.299397399154e-07       2.837985033446e-03 
       4.318733335795e+06       4.051434118220e-11       1.072995514478e-01       4.025725115818e+07       2.315493202978e-07       2.877844909542e-03 
       4.288712301309e+06       4.108345243920e-11       1.080505003956e-01       3.969962137432e+07       2.331701677738e-07       2.918264545024e-03 
       4.258899953261e+06       4.166055756055e-11       1.088067039072e-01       3.914971643859e+07       2.348023612135e-07       2.959251799047e-03 
       4.229294840998e+06       4.224576881864e-11       1.095681987372e-01       3.860742933340e+07       2.364459800391e-07       3.000814641077e-03 
       4.199895523955e+06       4.283920006250e-11       1.103350218946e-01       3.807265452381e+07       2.381011042287e-07       3.042961152437e-03 
       4.170700571579e+06       4.344096673989e-11       1.111072106487e-01       3.754528793696e+07       2.397678143204e-07       3.085699527874e-03 
       4.141708563261e+06       4.405118591976e-11       1.118848025289e-01       3.702522694179e+07       2.414461914159e-07       3.129038077157e-03 
       4.112918088268e+06       4.466997631500e-11       1.126678353230e-01       3.651237032912e+07       2.431363171846e-07       3.172985226682e-03 
       4.084327745674e+06       4.529745830555e-11       1.134563470896e-01       3.600661829192e+07       2.448382738679e-07       3.217549521116e-03 
       4.055936144290e+06       4.593375396177e-11       1.142503761494e-01       3.550787240587e+07       2.465521442826e-07       3.262739625050e-03 
       4.027741902598e+06       4.657898706819e-11       1.150499610885e-01       3.501603561023e+07       2.482780118252e-07       3.308564324686e-03 
       3.999743648683e+06       4.723328314758e-11       1.158551407680e-01       3.453101218896e+07       2.500159604762e-07       3.355032529537e-03 
       3.971940020169e+06       4.789676948533e-11       1.166659543160e-01       3.405270775203e+07       2.517660748038e-07       3.402153274166e-03 
       3.944329664146e+06       4.856957515421e-11       1.174824411391e-01       3.358102921713e+07       2.535284399683e-07       3.449935719931e-03 
       3.916911237114e+06       4.925183103949e-11       1.183046409133e-01       3.311588479147e+07       2.553031417260e-07       3.498389156769e-03 
       3.889683404906e+06       4.994366986433e-11       1.191325935961e-01       3.265718395400e+07       2.570902664336e-07       3.547523004997e-03 
       3.862644842635e+06       5.064522621562e-11       1.199663394218e-01       3.220483743772e+07       2.588899010523e-07       3.597346817144e-03 
       3.835794234621e+06       5.135663657014e-11       1.208059189103e-01       3.175875721233e+07       2.607021331520e-07       3.647870279801e-03 
       3.809130274329e+06       5.207803932108e-11       1.216513728559e-01       3.131885646713e+07       2.625270509156e-07       3.699103215507e-03 
       3.782651664307e+06       5.280957480495e-11       1.225027423479e-01       3.088504959406e+07       2.643647431434e-07       3.751055584651e-03 
       3.756357116122e+06       5.355138532886e-11       1.233600687574e-01       3.045725217109e+07       2.662152992570e-07       3.803737487408e-03 
       3.730245350299e+06       5.430361519820e-11       1.242233937428e-01       3.003538094577e+07       2.680788093043e-07       3.857159165699e-03 
       3.704315096254e+06       5.506641074466e-11       1.250927592591e-01       2.961935381902e+07       2.699553639634e-07       3.911331005182e-03 
       3.678565092238e+06       5.583992035470e-11       1.259682075506e-01       2.920908982917e+07       2.718450545472e-07       3.966263537263e-03 
       3.652994085271e+06       5.662429449840e-11       1.268497811561e-01       2.880450913618e+07       2.737479730077e-07       4.021967441144e-03 
       3.627600831083e+06       5.741968575868e-11       1.277375229147e-01       2.840553300611e+07       2.756642119407e-07       4.078453545895e-03 
       3.602384094055e+06       5.822624886098e-11       1.286314759636e-01       2.801208379581e+07       2.775938645900e-07       4.135732832555e-03 
       3.577342647155e+06       5.904414070336e-11       1.295316837386e-01       2.762408493779e+07       2.795370248523e-07       4.193816436266e-03 
       3.552475271882e+06       5.987352038696e-11       1.304381899845e-01       2.724146092530e+07       2.814937872815e-07       4.252715648432e-03 
       3.527780758206e+06       6.071454924693e-11       1.313510387481e-01       2.686413729770e+07       2.834642470935e-07       4.312441918912e-03 
       3.503257904506e+06       6.156739088382e-11       1.322702743837e-01       2.649204062588e+07       2.854485001705e-07       4.373006858240e-03 
       3.478905517514e+06       6.243221119535e-11       1.331959415547e-01       2.612509849804e+07       2.874466430660e-07       4.434422239883e-03 
       3.454722412260e+06       6.330917840868e-11       1.341280852412e-01       2.576323950557e+07       2.894587730095e-07       4.496700002523e-03 
       3.430707412008e+06       6.419846311309e-11       1.350667507340e-01       2.540639322914e+07       2.914849879109e-07       4.559852252372e-03 
       3.406859348203e+06       6.510023829316e-11       1.360119836390e-01       2.505449022501e+07       2.935253863656e-07       4.623891265526e-03 
       3.383177060413e+06       6.601467936237e-11       1.369638298838e-01       2.470746201150e+07       2.955800676592e-07       4.688829490346e-03 
       3.359659396272e+06       6.694196419720e-11       1.379223357144e-01       2.436524105568e+07       2.976491317723e-07       4.754679549873e-03 
       3.336305211425e+06       6.788227317172e-11       1.388875477041e-01       2.402776076022e+07       2.997326793852e-07       4.821454244277e-03 
       3.313113369472e+06       6.883578919264e-11       1.398595127448e-01       2.369495545042e+07       3.018308118833e-07       4.889166553344e-03 
       3.290082741913e+06       6.980269773485e-11       1.408382780628e-01       2.336676036143e+07       3.039436313614e-07       4.957829638991e-03 
       3.267212208090e+06       7.078318687749e-11       1.418238912083e-01       2.304311162565e+07       3.060712406291e-07       5.027456847824e-03 
       3.244500655139e+06       7.177744734048e-11       1.428164000681e-01       2.272394626029e+07       3.082137432157e-07       5.098061713726e-03 
       3.221946977928e+06       7.278567252162e-11       1.438158528636e-01       2.240920215512e+07       3.103712433753e-07       5.169657960482e-03 
       3.199550079010e+06       7.380805853414e-11       1.448222981471e-01       2.209881806040e+07       3.125438460915e-07       5.242259504445e-03 
       3.177308868565e+06       7.484480424484e-11       1.458357848187e-01       2.179273357491e+07       3.147316570831e-07       5.315880457233e-03 
       3.155222264350e+06       7.589611131276e-11       1.468563621147e-01       2.149088913424e+07       3.169347828088e-07       5.390535128470e-03 
       3.133289191645e+06       7.696218422831e-11       1.478840796135e-01       2.119322599917e+07       3.191533304724e-07       5.466238028561e-03 
       3.111508583199e+06       7.804323035308e-11       1.489189872464e-01       2.089968624425e+07       3.213874080285e-07       5.543003871507e-03 
       3.089879379181e+06       7.913945996011e-11       1.499611352865e-01       2.061021274653e+07       3.236371241870e-07       5.620847577762e-03 
       3.068400527128e+06       8.025108627475e-11       1.510105743655e-01       2.032474917442e+07       3.259025884191e-07       5.699784277125e-03 
       3.047070981892e+06       8.137832551610e-11       1.520673554605e-01       2.004323997676e+07       3.281839109620e-07       5.779829311677e-03 
       3.025889705590e+06       8.252139693904e-11       1.531315299089e-01       1.976563037198e+07       3.304812028249e-07       5.860998238758e-03 
       3.004855667555e+06       8.368052287686e-11       1.542031494100e-01       1.949186633745e+07       3.327945757937e-07       5.943306833983e-03 
       2.983967844283e+06       8.485592878441e-11       1.552822660178e-01       1.922189459896e+07       3.351241424373e-07       6.026771094306e-03 
       2.963225219386e+06       8.604784328196e-11       1.563689321520e-01       1.895566262035e+07       3.374700161121e-07       6.111407241120e-03 
       2.942626783540e+06       8.725649819962e-11       1.574632006013e-01       1.869311859329e+07       3.398323109683e-07       6.197231723405e-03 
       2.922171534438e+06       8.848212862239e-11       1.585651245186e-01       1.843421142722e+07       3.422111419551e-07       6.284261220919e-03 
       2.901858476740e+06       8.972497293584e-11       1.596747574331e-01       1.817889073935e+07       3.446066248264e-07       6.372512647433e-03 
       2.881686622026e+06       9.098527287242e-11       1.607921532432e-01       1.792710684490e+07       3.470188761462e-07       6.462003154014e-03 
       2.861654988745e+06       9.226327355847e-11       1.619173662257e-01       1.767881074742e+07       3.494480132948e-07       6.552750132349e-03 
       2.841762602170e+06       9.355922356183e-11       1.630504510358e-01       1.743395412924e+07       3.518941544738e-07       6.644771218120e-03 
       2.822008494351e+06       9.487337494013e-11       1.641914627107e-01       1.719248934208e+07       3.543574187124e-07       6.738084294425e-03 
       2.802391704063e+06       9.620598328981e-11       1.653404566732e-01       1.695436939777e+07       3.568379258731e-07       6.832707495243e-03 
       2.782911276768e+06       9.755730779574e-11       1.664974887335e-01       1.671954795912e+07       3.593357966574e-07       6.928659208959e-03 
       2.763566264557e+06       9.892761128161e-11       1.676626150856e-01       1.648797933086e+07       3.618511526117e-07       7.025958081921e-03 
       2.744355726117e+06       1.003171602610e-10       1.688358923238e-01       1.625961845081e+07       3.643841161331e-07       7.124623022063e-03 
       2.725278726673e+06       1.017262249891e-10       1.700173774334e-01       1.603442088105e+07       3.669348104757e-07       7.224673202570e-03 
       2.706334337950e+06       1.031550795155e-10       1.712071277980e-01       1.581234279929e+07       3.695033597564e-07       7.326128065596e-03 
       2.687521638127e+06       1.046040017368e-10       1.724052012014e-01       1.559334099038e+07       3.720898889608e-07       7.429007326033e-03 
       2.668839711788e+06       1.060732734515e-10       1.736116558332e-01       1.537737283782e+07       3.746945239494e-07       7.533330975339e-03 
       2.650287649883e+06       1.075631804140e-10       1.748265502883e-01       1.516439631556e+07       3.773173914639e-07       7.639119285408e-03 
       2.631864549679e+06       1.090740123904e-10       1.760499435677e-01       1.495436997972e+07       3.799586191331e-07       7.746392812508e-03 
       2.613569514721e+06       1.106060632149e-10       1.772818950903e-01       1.474725296062e+07       3.826183354792e-07       7.855172401260e-03 
       2.595401654783e+06       1.121596308467e-10       1.785224646828e-01       1.454300495475e+07       3.852966699241e-07       7.965479188686e-03 
       2.577360085827e+06       1.137350174281e-10       1.797717125955e-01       1.434158621697e+07       3.879937527958e-07       8.077334608305e-03 
       2.559443929963e+06       1.153325293430e-10       1.810296994954e-01       1.414295755277e+07       3.907097153344e-07       8.190760394287e-03 
       2.541652315402e+06       1.169524772764e-10       1.822964864787e-01       1.394708031061e+07       3.934446896987e-07       8.305778585671e-03 
       2.523984376414e+06       1.185951762751e-10       1.835721350581e-01       1.375391637445e+07       3.961988089728e-07       8.422411530634e-03 
       2.506439253288e+06       1.202609458086e-10       1.848567071884e-01       1.356342815627e+07       3.989722071724e-07       8.540681890827e-03 
       2.489016092289e+06       1.219501098311e-10       1.861502652446e-01       1.337557858880e+07       4.017650192511e-07       8.660612645765e-03 
       2.471714045618e+06       1.236629968447e-10       1.874528720455e-01       1.319033111830e+07       4.045773811075e-07       8.782227097287e-03 
       2.454532271366e+06       1.253999399630e-10       1.887645908482e-01       1.300764969744e+07       4.074094295912e-07       8.905548874068e-03 
       2.437469933481e+06       1.271612769761e-10       1.900854853448e-01       1.282749877825e+07       4.102613025100e-07       9.030601936203e-03 
       2.420526201718e+06       1.289473504159e-10       1.914156196781e-01       1.264984330527e+07       4.131331386362e-07       9.157410579852e-03 
       2.403700251606e+06       1.307585076228e-10       1.927550584351e-01       1.247464870867e+07       4.160250777138e-07       9.285999441946e-03 
       2.386991264405e+06       1.325951008130e-10       1.941038666591e-01       1.230188089755e+07       4.189372604646e-07       9.416393504967e-03 
       2.370398427066e+06       1.344574871472e-10       1.954621098412e-01       1.213150625329e+07       4.218698285959e-07       9.548618101787e-03 
       2.353920932191e+06       1.363460288000e-10       1.968298539323e-01       1.196349162303e+07       4.248229248067e-07       9.682698920582e-03 
       2.337557977996e+06       1.382610930299e-10       1.982071653420e-01       1.179780431317e+07       4.277966927950e-07       9.818662009807e-03 
       2.321308768270e+06       1.402030522508e-10       1.995941109471e-01       1.163441208308e+07       4.307912772647e-07       9.956533783246e-03 
       2.305172512335e+06       1.421722841045e-10       2.009907580887e-01       1.147328313874e+07       4.338068239327e-07       1.009634102513e-02 
       2.289148425013e+06       1.441691715339e-10       2.023971745784e-01       1.131438612664e+07       4.368434795358e-07       1.023811089534e-02 
       2.273235726579e+06       1.461941028575e-10       2.038134286977e-01       1.115769012759e+07       4.399013918382e-07       1.038187093465e-02 
       2.257433642733e+06       1.482474718446e-10       2.052395892133e-01       1.100316465078e+07       4.429807096382e-07       1.052764907008e-02 
       2.241741404555e+06       1.503296777921e-10       2.066757253597e-01       1.085077962779e+07       4.460815827760e-07       1.067547362029e-02 
       2.226158248470e+06       1.524411256018e-10       2.081219068677e-01       1.070050540677e+07       4.492041621404e-07       1.082537330109e-02 
       2.210683416211e+06       1.545822258590e-10       2.095782039432e-01       1.055231274666e+07       4.523485996766e-07       1.097737723101e-02 
       2.195316154782e+06       1.567533949127e-10       2.110446872903e-01       1.040617281149e+07       4.555150483936e-07       1.113151493690e-02 
       2.180055716423e+06       1.589550549558e-10       2.125214281023e-01       1.026205716477e+07       4.587036623711e-07       1.128781635969e-02 
       2.164901358569e+06       1.611876341077e-10       2.140084980692e-01       1.011993776397e+07       4.619145967678e-07       1.144631186018e-02 
       2.149852343818e+06       1.634515664972e-10       2.155059693850e-01       9.979786955064e+06       4.651480078283e-07       1.160703222493e-02 
       2.134907939896e+06       1.657472923466e-10       2.170139147420e-01       9.841577467107e+06       4.684040528908e-07       1.177000867219e-02 
       2.120067419616e+06       1.680752580575e-10       2.185324073434e-01       9.705282406980e+06       4.716828903952e-07       1.193527285802e-02 
       2.105330060847e+06       1.704359162976e-10       2.200615209040e-01       9.570875254123e+06       4.749846798904e-07       1.210285688232e-02 
       2.090695146480e+06       1.728297260881e-10       2.216013296511e-01       9.438329855386e+06       4.783095820421e-07       1.227279329516e-02 
       2.076161964388e+06       1.752571528934e-10       2.231519083289e-01       9.307620419937e+06       4.816577586407e-07       1.244511510301e-02 
       2.061729807395e+06       1.777186687111e-10       2.247133322053e-01       9.178721514240e+06       4.850293726092e-07       1.261985577514e-02 
       2.047397973242e+06       1.802147521640e-10       2.262856770703e-01       9.051608057107e+06       4.884245880110e-07       1.279704925015e-02 
       2.033165764550e+06       1.827458885927e-10       2.278690192488e-01       8.926255314815e+06       4.918435700581e-07       1.297672994249e-02 
       2.019032488789e+06       1.853125701500e-10       2.294634355912e-01       8.802638896295e+06       4.952864851190e-07       1.315893274916e-02 
       2.004997458243e+06       1.879152958967e-10       2.310690034883e-01       8.680734748382e+06       4.987535007266e-07       1.334369305645e-02 
       1.991059989974e+06       1.905545718979e-10       2.326858008691e-01       8.560519151137e+06       5.022447855868e-07       1.353104674683e-02 
       1.977219405796e+06       1.932309113221e-10       2.343139062068e-01       8.441968713226e+06       5.057605095865e-07       1.372103020582e-02 
       1.963475032233e+06       1.959448345402e-10       2.359533985236e-01       8.325060367371e+06       5.093008438015e-07       1.391368032914e-02 
       1.949826200492e+06       1.986968692266e-10       2.376043573895e-01       8.209771365858e+06       5.128659605054e-07       1.410903452977e-02 
       1.936272246431e+06       2.014875504622e-10       2.392668629327e-01       8.096079276114e+06       5.164560331779e-07       1.430713074524e-02 
       1.922812510521e+06       2.043174208376e-10       2.409409958400e-01       7.983961976336e+06       5.200712365128e-07       1.450800744497e-02 
       1.909446337821e+06       2.071870305589e-10       2.426268373565e-01       7.873397651189e+06       5.237117464268e-07       1.471170363771e-02 
       1.896173077940e+06       2.100969375543e-10       2.443244693022e-01       7.764364787557e+06       5.273777400683e-07       1.491825887909e-02 
       1.882992085010e+06       2.130477075825e-10       2.460339740592e-01       7.656842170361e+06       5.310693958255e-07       1.512771327931e-02 
       1.869902717653e+06       2.160399143429e-10       2.477554345915e-01       7.550808878425e+06       5.347868933355e-07       1.534010751085e-02 
       1.856904338947e+06       2.190741395861e-10       2.494889344362e-01       7.446244280406e+06       5.385304134928e-07       1.555548281641e-02 
       1.843996316399e+06       2.221509732280e-10       2.512345577179e-01       7.343128030782e+06       5.423001384583e-07       1.577388101684e-02 
       1.831178021913e+06       2.252710134632e-10       2.529923891434e-01       7.241440065887e+06       5.460962516681e-07       1.599534451928e-02 
       1.818448831759e+06       2.284348668820e-10       2.547625140123e-01       7.141160600007e+06       5.499189378421e-07       1.621991632532e-02 
       1.805808126542e+06       2.316431485878e-10       2.565450182210e-01       7.042270121534e+06       5.537683829935e-07       1.644764003939e-02 
       1.793255291173e+06       2.348964823164e-10       2.583399882624e-01       6.944749389163e+06       5.576447744377e-07       1.667855987712e-02 
       1.780789714839e+06       2.381955005573e-10       2.601475112315e-01       6.848579428150e+06       5.615483008011e-07       1.691272067399e-02 
       1.768410790972e+06       2.415408446764e-10       2.619676748345e-01       6.753741526620e+06       5.654791520307e-07       1.715016789393e-02 
       1.756117917223e+06       2.449331650407e-10       2.638005673853e-01       6.660217231921e+06       5.694375194031e-07       1.739094763816e-02 
       1.743910495426e+06       2.483731211441e-10       2.656462778159e-01       6.567988347037e+06       5.734235955339e-07       1.763510665409e-02 
       1.731787931577e+06       2.518613817359e-10       2.675048956789e-01       6.477036927046e+06       5.774375743870e-07       1.788269234442e-02 
       1.719749635799e+06       2.553986249503e-10       2.693765111508e-01       6.387345275626e+06       5.814796512842e-07       1.813375277623e-02 
       1.707795022316e+06       2.589855384382e-10       2.712612150353e-01       6.298895941609e+06       5.855500229144e-07       1.838833669035e-02 
       1.695923509423e+06       2.626228195005e-10       2.731590987696e-01       6.211671715589e+06       5.896488873435e-07       1.864649351077e-02 
       1.684134519461e+06       2.663111752238e-10       2.750702544326e-01       6.125655626572e+06       5.937764440238e-07       1.890827335420e-02 
       1.672427478785e+06       2.700513226172e-10       2.769947747365e-01       6.040830938669e+06       5.979328938040e-07       1.917372703977e-02 
       1.660801817736e+06       2.738439887519e-10       2.789327530500e-01       5.957181147844e+06       6.021184389386e-07       1.944290609887e-02 
       1.649256970618e+06       2.776899109017e-10       2.808842833856e-01       5.874689978697e+06       6.063332830979e-07       1.971586278509e-02 
       1.637792375665e+06       2.815898366871e-10       2.828494604146e-01       5.793341381301e+06       6.105776313781e-07       1.999265008440e-02 
       1.626407475017e+06       2.855445242192e-10       2.848283794647e-01       5.713119528075e+06       6.148516903109e-07       2.027332172531e-02 
       1.615101714692e+06       2.895547422479e-10       2.868211365330e-01       5.634008810707e+06       6.191556678740e-07       2.055793218933e-02 
       1.603874544558e+06       2.936212703103e-10       2.888278282844e-01       5.555993837111e+06       6.234897735008e-07       2.084653672150e-02 
       1.592725418309e+06       2.977448988826e-10       2.908485520547e-01       5.479059428439e+06       6.278542180909e-07       2.113919134104e-02 
       1.581653793434e+06       3.019264295330e-10       2.928834058603e-01       5.403190616117e+06       6.322492140201e-07       2.143595285224e-02 
       1.570659131196e+06       3.061666750777e-10       2.949324883994e-01       5.328372638943e+06       6.366749751510e-07       2.173687885540e-02 
       1.559740896601e+06       3.104664597381e-10       2.969958990634e-01       5.254590940205e+06       6.411317168432e-07       2.204202775799e-02 
       1.548898558374e+06       3.148266193015e-10       2.990737379278e-01       5.181831164851e+06       6.456196559640e-07       2.235145878596e-02 
       1.538131588933e+06       3.192480012826e-10       3.011661057735e-01       5.110079156698e+06       6.501390108986e-07       2.266523199518e-02 
       1.527439464365e+06       3.237314650881e-10       3.032731040785e-01       5.039320955674e+06       6.546900015612e-07       2.298340828304e-02 
       1.516821664398e+06       3.282778821839e-10       3.053948350316e-01       4.969542795100e+06       6.592728494051e-07       2.330604940026e-02 
       1.506277672375e+06       3.328881362636e-10       3.075314015296e-01       4.900731099015e+06       6.638877774343e-07       2.363321796281e-02 
       1.495806975233e+06       3.375631234204e-10       3.096829071910e-01       4.832872479529e+06       6.685350102134e-07       2.396497746401e-02 
       1.485409063474e+06       3.423037523208e-10       3.118494563550e-01       4.765953734220e+06       6.732147738793e-07       2.430139228684e-02 
       1.475083431142e+06       3.471109443809e-10       3.140311540847e-01       4.699961843567e+06       6.779272961518e-07       2.464252771634e-02 
       1.464829575798e+06       3.519856339452e-10       3.162281061796e-01       4.634883968409e+06       6.826728063448e-07       2.498844995227e-02 
       1.454646998496e+06       3.569287684679e-10       3.184404191743e-01       4.570707447454e+06       6.874515353774e-07       2.533922612191e-02 
       1.444535203758e+06       3.619413086966e-10       3.206682003456e-01       4.507419794810e+06       6.922637157854e-07       2.569492429301e-02 
       1.434493699550e+06       3.670242288591e-10       3.229115577178e-01       4.445008697559e+06       6.971095817321e-07       2.605561348697e-02 
       1.424521997258e+06       3.721785168519e-10       3.251706000683e-01       4.383462013354e+06       7.019893690201e-07       2.642136369215e-02 
       1.414619611667e+06       3.774051744319e-10       3.274454369330e-01       4.322767768063e+06       7.069033151029e-07       2.679224587747e-02 
       1.404786060931e+06       3.827052174112e-10       3.297361786081e-01       4.262914153436e+06       7.118516590959e-07       2.716833200604e-02 
       1.395020866556e+06       3.880796758539e-10       3.320429361629e-01       4.203889524806e+06       7.168346417885e-07       2.754969504911e-02 
       1.385323553375e+06       3.935295942755e-10       3.343658214362e-01       4.145682398822e+06       7.218525056558e-07       2.793640900021e-02 
       1.375693649521e+06       3.990560318462e-10       3.367049470453e-01       4.088281451218e+06       7.269054948700e-07       2.832854888936e-02 
       1.366130686409e+06       4.046600625961e-10       3.390604263986e-01       4.031675514604e+06       7.319938553129e-07       2.872619079766e-02 
       1.356634198713e+06       4.103427756233e-10       3.414323736870e-01       3.975853576297e+06       7.371178345873e-07       2.912941187193e-02 
       1.347203724337e+06       4.161052753055e-10       3.438209039014e-01       3.920804776176e+06       7.422776820293e-07       2.953829033965e-02 
       1.337838804402e+06       4.219486815141e-10       3.462261328295e-01       3.866518404567e+06       7.474736487205e-07       2.995290552405e-02 
       1.328538983216e+06       4.278741298312e-10       3.486481770688e-01       3.812983900162e+06       7.527059875001e-07       3.037333785947e-02 
       1.319303808255e+06       4.338827717701e-10       3.510871540293e-01       3.760190847960e+06       7.579749529773e-07       3.079966890686e-02 
       1.310132830142e+06       4.399757749987e-10       3.535431819364e-01       3.708128977242e+06       7.632808015434e-07       3.123198136956e-02 
       1.301025602622e+06       4.461543235656e-10       3.560163798393e-01       3.656788159574e+06       7.686237913847e-07       3.167035910928e-02 
       1.291981682544e+06       4.524196181301e-10       3.585068676184e-01       3.606158406831e+06       7.740041824949e-07       3.211488716229e-02 
       1.283000629835e+06       4.587728761951e-10       3.610147659838e-01       3.556229869258e+06       7.794222366876e-07       3.256565175583e-02 
       1.274082007484e+06       4.652153323427e-10       3.635401964930e-01       3.506992833549e+06       7.848782176092e-07       3.302274032481e-02 
       1.265225381515e+06       4.717482384741e-10       3.660832815458e-01       3.458437720960e+06       7.903723907518e-07       3.348624152863e-02 
       1.256430320970e+06       4.783728640522e-10       3.686441443933e-01       3.410555085443e+06       7.959050234657e-07       3.395624526838e-02 
       1.247696397888e+06       4.850904963480e-10       3.712229091470e-01       3.363335611809e+06       8.014763849732e-07       3.443284270412e-02 
       1.239023187281e+06       4.919024406898e-10       3.738197007824e-01       3.316770113912e+06       8.070867463808e-07       3.491612627257e-02 
       1.230410267116e+06       4.988100207165e-10       3.764346451462e-01       3.270849532867e+06       8.127363806931e-07       3.540618970487e-02 
       1.221857218294e+06       5.058145786345e-10       3.790678689547e-01       3.225564935280e+06       8.184255628255e-07       3.590312804474e-02 
       1.213363624628e+06       5.129174754775e-10       3.817194998173e-01       3.180907511514e+06       8.241545696182e-07       3.640703766682e-02 
       1.204929072825e+06       5.201200913708e-10       3.843896662220e-01       3.136868573975e+06       8.299236798493e-07       3.691801629526e-02 
       1.196553152466e+06       5.274238257986e-10       3.870784975552e-01       3.093439555417e+06       8.357331742482e-07       3.743616302258e-02 
       1.188235455983e+06       5.348300978756e-10       3.897861241039e-01       3.050612007279e+06       8.415833355097e-07       3.796157832883e-02 
       1.179975578642e+06       5.423403466219e-10       3.925126770609e-01       3.008377598039e+06       8.474744483074e-07       3.849436410096e-02 
       1.171773118522e+06       5.499560312420e-10       3.952582885358e-01       2.966728111593e+06       8.534067993079e-07       3.903462365249e-02 
       1.163627676498e+06       5.576786314079e-10       3.980230915513e-01       2.925655445655e+06       8.593806771843e-07       3.958246174346e-02 
       1.155538856217e+06       5.655096475457e-10       4.008072200595e-01       2.885151610182e+06       8.653963726306e-07       4.013798460062e-02 
       1.147506264081e+06       5.734506011266e-10       4.036108089476e-01       2.845208725815e+06       8.714541783758e-07       4.070129993798e-02 
       1.139529509230e+06       5.815030349620e-10       4.064339940360e-01       2.805819022353e+06       8.775543891980e-07       4.127251697755e-02 
       1.131608203520e+06       5.896685135021e-10       4.092769120944e-01       2.766974837233e+06       8.836973019389e-07       4.185174647044e-02 
       1.123741961505e+06       5.979486231395e-10       4.121397008403e-01       2.728668614044e+06       8.898832155181e-07       4.243910071820e-02 
       1.115930400419e+06       6.063449725167e-10       4.150224989535e-01       2.690892901053e+06       8.961124309478e-07       4.303469359453e-02 
       1.108173140155e+06       6.148591928379e-10       4.179254460742e-01       2.653640349758e+06       9.023852513473e-07       4.363864056722e-02 
       1.100469803250e+06       6.234929381848e-10       4.208486828211e-01       2.616903713455e+06       9.087019819578e-07       4.425105872042e-02 
       1.092820014865e+06       6.322478858378e-10       4.237923507826e-01       2.580675845828e+06       9.150629301575e-07       4.487206677725e-02 
       1.085223402765e+06       6.411257366005e-10       4.267565925402e-01       2.544949699563e+06       9.214684054761e-07       4.550178512268e-02 
       1.077679597305e+06       6.501282151297e-10       4.297415516612e-01       2.509718324968e+06       9.279187196101e-07       4.614033582676e-02 
       1.070188231407e+06       6.592570702694e-10       4.327473727153e-01       2.474974868628e+06       9.344141864382e-07       4.678784266817e-02 
       1.062748940546e+06       6.685140753901e-10       4.357742012762e-01       2.440712572069e+06       9.409551220361e-07       4.744443115805e-02 
       1.055361362730e+06       6.779010287317e-10       4.388221839308e-01       2.406924770439e+06       9.475418446922e-07       4.811022856425e-02 
       1.048025138485e+06       6.874197537528e-10       4.418914682847e-01       2.373604891218e+06       9.541746749232e-07       4.878536393587e-02 
       1.040739910835e+06       6.970720994837e-10       4.449822029710e-01       2.340746452932e+06       9.608539354891e-07       4.946996812809e-02 
       1.033505325284e+06       7.068599408844e-10       4.480945376581e-01       2.308343063897e+06       9.675799514099e-07       5.016417382746e-02 
       1.026321029803e+06       7.167851792084e-10       4.512286230492e-01       2.276388420970e+06       9.743530499802e-07       5.086811557746e-02 
       1.019186674807e+06       7.268497423708e-10       4.543846109045e-01       2.244876308327e+06       9.811735607864e-07       5.158192980440e-02 
       1.012101913144e+06       7.370555853217e-10       4.575626540318e-01       2.213800596253e+06       9.880418157215e-07       5.230575484378e-02 
       1.005066400074e+06       7.474046904253e-10       4.607629063048e-01       2.183155239944e+06       9.949581490024e-07       5.303973096690e-02 
       9.980797932521e+05       7.578990678439e-10       4.639855226687e-01       2.152934278336e+06       1.001922897185e-06       5.378400040795e-02 
       9.911417527151e+05       7.685407559271e-10       4.672306591438e-01       2.123131832944e+06       1.008936399182e-06       5.453870739135e-02 
       9.842519408621e+05       7.793318216067e-10       4.704984728323e-01       2.093742106716e+06       1.015998996278e-06       5.530399815961e-02 
       9.774100224390e+05       7.902743607974e-10       4.737891219356e-01       2.064759382906e+06       1.023111032148e-06       5.608002100147e-02 
       9.706156645224e+05       8.013704988026e-10       4.771027657498e-01       2.036178023961e+06       1.030272852869e-06       5.686692628050e-02 
       9.638685365028e+05       8.126223907260e-10       4.804395646806e-01       2.007992470425e+06       1.037484806946e-06       5.766486646403e-02 
       9.571683100694e+05       8.240322218894e-10       4.837996802471e-01       1.980197239857e+06       1.044747245320e-06       5.847399615259e-02 
       9.505146591930e+05       8.356022082553e-10       4.871832750905e-01       1.952786925762e+06       1.052060521390e-06       5.929447210961e-02 
       9.439072601113e+05       8.473345968570e-10       4.905905129854e-01       1.925756196541e+06       1.059424991028e-06       6.012645329168e-02 
       9.373457913122e+05       8.592316662331e-10       4.940215588431e-01       1.899099794453e+06       1.066841012599e-06       6.097010087914e-02 
       9.308299335187e+05       8.712957268691e-10       4.974765787192e-01       1.872812534591e+06       1.074308946975e-06       6.182557830713e-02 
       9.243593696732e+05       8.835291216447e-10       5.009557398298e-01       1.846889303874e+06       1.081829157554e-06       6.269305129706e-02 
       9.179337849219e+05       8.959342262878e-10       5.044592105423e-01       1.821325060052e+06       1.089402010280e-06       6.357268788854e-02 
       9.115528666000e+05       9.085134498342e-10       5.079871604048e-01       1.796114830722e+06       1.097027873657e-06       6.446465847171e-02 
       9.052163042159e+05       9.212692350945e-10       5.115397601367e-01       1.771253712366e+06       1.104707118769e-06       6.536913582006e-02 
       8.989237894362e+05       9.342040591268e-10       5.151171816469e-01       1.746736869389e+06       1.112440119298e-06       6.628629512369e-02 
       8.926750160712e+05       9.473204337164e-10       5.187195980361e-01       1.722559533187e+06       1.120227251541e-06       6.721631402306e-02 
       8.864696800594e+05       9.606209058623e-10       5.223471836089e-01       1.698717001211e+06       1.128068894431e-06       6.815937264315e-02 
       8.803074794529e+05       9.741080582702e-10       5.260001138831e-01       1.675204636056e+06       1.135965429552e-06       6.911565362815e-02 
       8.741881144029e+05       9.877845098527e-10       5.296785655919e-01       1.652017864558e+06       1.143917241160e-06       7.008534217660e-02 
       8.681112871448e+05       1.001652916236e-09       5.333827166978e-01       1.629152176904e+06       1.151924716201e-06       7.106862607705e-02 
       8.620767019839e+05       1.015715970275e-09       5.371127464005e-01       1.606603125752e+06       1.159988244330e-06       7.206569574420e-02 
       8.560840652811e+05       1.029976402572e-09       5.408688351436e-01       1.584366325371e+06       1.168108217928e-06       7.307674425549e-02 
       8.501330854383e+05       1.044436982009e-09       5.446511646223e-01       1.562437450782e+06       1.176285032125e-06       7.410196738834e-02 
       8.442234728846e+05       1.059100516282e-09       5.484599177944e-01       1.540812236918e+06       1.184519084815e-06       7.514156365772e-02 
       8.383549400617e+05       1.073969852443e-09       5.522952788906e-01       1.519486477796e+06       1.192810776681e-06       7.619573435440e-02 
       8.325272014106e+05       1.089047877452e-09       5.561574334188e-01       1.498456025695e+06       1.201160511206e-06       7.726468358365e-02 
       8.267399733570e+05       1.104337518738e-09       5.600465681746e-01       1.477716790354e+06       1.209568694702e-06       7.834861830451e-02 
       8.209929742980e+05       1.119841744764e-09       5.639628712524e-01       1.457264738170e+06       1.218035736322e-06       7.944774836956e-02 
       8.152859245882e+05       1.135563565598e-09       5.679065320510e-01       1.437095891416e+06       1.226562048085e-06       8.056228656533e-02 
       8.096185465260e+05       1.151506033502e-09       5.718777412822e-01       1.417206327469e+06       1.235148044895e-06       8.169244865317e-02 
       8.039905643402e+05       1.167672243519e-09       5.758766909876e-01       1.397592178042e+06       1.243794144557e-06       8.283845341077e-02 
       7.984017041769e+05       1.184065334071e-09       5.799035745367e-01       1.378249628436e+06       1.252500767806e-06       8.400052267419e-02 
       7.928516940854e+05       1.200688487569e-09       5.839585866433e-01       1.359174916792e+06       1.261268338318e-06       8.517888138054e-02 
       7.873402640056e+05       1.217544931028e-09       5.880419233727e-01       1.340364333367e+06       1.270097282737e-06       8.637375761121e-02 
       7.818671457549e+05       1.234637936689e-09       5.921537821487e-01       1.321814219803e+06       1.278988030692e-06       8.758538263568e-02 
       7.764320730146e+05       1.251970822656e-09       5.962943617706e-01       1.303520968421e+06       1.287941014822e-06       8.881399095603e-02 
       7.710347813174e+05       1.269546953534e-09       6.004638624090e-01       1.285481021518e+06       1.296956670793e-06       9.005982035193e-02 
       7.656750080345e+05       1.287369741084e-09       6.046624856317e-01       1.267690870674e+06       1.306035437322e-06       9.132311192642e-02 
       7.603524923625e+05       1.305442644881e-09       6.088904344015e-01       1.250147056069e+06       1.315177756195e-06       9.260411015214e-02 
       7.550669753112e+05       1.323769172981e-09       6.131479130872e-01       1.232846165809e+06       1.324384072292e-06       9.390306291837e-02 
       7.498181996905e+05       1.342352882604e-09       6.174351274803e-01       1.215784835264e+06       1.333654833609e-06       9.522022157865e-02 
       7.446059100982e+05       1.361197380819e-09       6.217522847983e-01       1.198959746413e+06       1.342990491276e-06       9.655584099901e-02 
       7.394298529076e+05       1.380306325243e-09       6.260995936937e-01       1.182367627197e+06       1.352391499581e-06       9.791017960699e-02 
       7.342897762548e+05       1.399683424748e-09       6.304772642688e-01       1.166005250882e+06       1.361858315994e-06       9.928349944120e-02 
       7.291854300270e+05       1.419332440179e-09       6.348855080814e-01       1.149869435434e+06       1.371391401185e-06       1.006760662017e-01 
       7.241165658498e+05       1.439257185079e-09       6.393245381605e-01       1.133957042896e+06       1.380991219052e-06       1.020881493011e-01 
       7.190829370753e+05       1.459461526431e-09       6.437945690086e-01       1.118264978779e+06       1.390658236738e-06       1.035200219159e-01 
       7.140842987703e+05       1.479949385400e-09       6.482958166143e-01       1.102790191462e+06       1.400392924658e-06       1.049719610396e-01 
       7.091204077041e+05       1.500724738098e-09       6.528284984706e-01       1.087529671594e+06       1.410195756517e-06       1.064442475353e-01 
       7.041910223369e+05       1.521791616345e-09       6.573928335711e-01       1.072480451512e+06       1.420067209341e-06       1.079371661897e-01 
       6.992959028077e+05       1.543154108457e-09       6.619890424336e-01       1.057639604660e+06       1.430007763491e-06       1.094510057681e-01 
       6.944348109231e+05       1.564816360029e-09       6.666173471021e-01       1.043004245024e+06       1.440017902692e-06       1.109860590694e-01 
       6.896075101454e+05       1.586782574740e-09       6.712779711597e-01       1.028571526566e+06       1.450098114058e-06       1.125426229826e-01 
       6.848137655810e+05       1.609057015168e-09       6.759711397408e-01       1.014338642673e+06       1.460248888109e-06       1.141209985436e-01 
       6.800533439693e+05       1.631644003610e-09       6.806970795369e-01       1.000302825610e+06       1.470470718801e-06       1.157214909929e-01 
       6.753260136711e+05       1.654547922918e-09       6.854560188167e-01       9.864613459800e+05       1.480764103547e-06       1.173444098344e-01 
       6.706315446575e+05       1.677773217348e-09       6.902481874258e-01       9.728115121962e+05       1.491129543244e-06       1.189900688945e-01 
       6.659697084984e+05       1.701324393419e-09       6.950738168034e-01       9.593506699549e+05       1.501567542294e-06       1.206587863824e-01 
       6.613402783518e+05       1.725206020782e-09       6.999331399948e-01       9.460762017207e+05       1.512078608630e-06       1.223508849511e-01 
       6.567430289525e+05       1.749422733106e-09       7.048263916586e-01       9.329855262167e+05       1.522663253741e-06       1.240666917594e-01 
       6.521777366011e+05       1.773979228972e-09       7.097538080798e-01       9.200760979224e+05       1.533321992697e-06       1.258065385345e-01 
       6.476441791533e+05       1.798880272780e-09       7.147156271803e-01       9.073454065780e+05       1.544055344174e-06       1.275707616355e-01 
       6.431421360091e+05       1.824130695671e-09       7.197120885285e-01       8.947909766963e+05       1.554863830477e-06       1.293597021182e-01 
       6.386713881017e+05       1.849735396460e-09       7.247434333567e-01       8.824103670810e+05       1.565747977570e-06       1.311737058001e-01 
       6.342317178873e+05       1.875699342585e-09       7.298099045620e-01       8.702011703511e+05       1.576708315098e-06       1.330131233269e-01 
       6.298229093343e+05       1.902027571063e-09       7.349117467293e-01       8.581610124732e+05       1.587745376413e-06       1.348783102396e-01 
       6.254447479128e+05       1.928725189464e-09       7.400492061370e-01       8.462875522990e+05       1.598859698602e-06       1.367696270428e-01 
       6.210970205841e+05       1.955797376901e-09       7.452225307625e-01       8.345784811100e+05       1.610051822512e-06       1.386874392735e-01 
       6.167795157906e+05       1.983249385026e-09       7.504319703094e-01       8.230315221680e+05       1.621322292774e-06       1.406321175713e-01 
       6.124920234451e+05       2.011086539049e-09       7.556777762038e-01       8.116444302725e+05       1.632671657834e-06       1.426040377494e-01 
       6.082343349208e+05       2.039314238763e-09       7.609602016164e-01       8.004149913232e+05       1.644100469977e-06       1.446035808665e-01 
       6.040062430412e+05       2.067937959588e-09       7.662795014676e-01       7.893410218898e+05       1.655609285354e-06       1.466311332997e-01 
       5.998075420701e+05       2.096963253629e-09       7.716359324440e-01       7.784203687866e+05       1.667198664008e-06       1.486870868189e-01 
       5.956380277011e+05       2.126395750749e-09       7.770297530114e-01       7.676509086538e+05       1.678869169906e-06       1.507718386612e-01 
       5.914974970484e+05       2.156241159656e-09       7.824612234181e-01       7.570305475443e+05       1.690621370959e-06       1.528857916073e-01 
       5.873857486362e+05       2.186505269003e-09       7.879306057221e-01       7.465572205160e+05       1.702455839056e-06       1.550293540588e-01 
       5.833025823893e+05       2.217193948510e-09       7.934381637860e-01       7.362288912305e+05       1.714373150091e-06       1.572029401157e-01 
       5.792477996235e+05       2.248313150093e-09       7.989841633043e-01       7.260435515562e+05       1.726373883986e-06       1.594069696565e-01 
       5.752212030355e+05       2.279868909017e-09       8.045688718103e-01       7.159992211781e+05       1.738458624724e-06       1.616418684178e-01 
       5.712225966935e+05       2.311867345059e-09       8.101925586834e-01       7.060939472122e+05       1.750627960379e-06       1.639080680762e-01 
       5.672517860279e+05       2.344314663691e-09       8.158554951697e-01       6.963258038254e+05       1.762882483138e-06       1.662060063307e-01 
       5.633085778214e+05       2.377217157275e-09       8.215579543939e-01       6.866928918610e+05       1.775222789336e-06       1.685361269864e-01 
       5.593927802001e+05       2.410581206282e-09       8.273002113638e-01       6.771933384691e+05       1.787649479482e-06       1.708988800396e-01 
       5.555042026234e+05       2.444413280520e-09       8.330825429948e-01       6.678252967418e+05       1.800163158288e-06       1.732947217637e-01 
       5.516426558758e+05       2.478719940385e-09       8.389052281145e-01       6.585869453545e+05       1.812764434701e-06       1.757241147962e-01 
       5.478079520566e+05       2.513507838125e-09       8.447685474821e-01       6.494764882110e+05       1.825453921930e-06       1.781875282277e-01 
       5.439999045716e+05       2.548783719128e-09       8.506727837921e-01       6.404921540940e+05       1.838232237477e-06       1.806854376911e-01 
       5.402183281236e+05       2.584554423219e-09       8.566182216982e-01       6.316321963207e+05       1.851100003166e-06       1.832183254528e-01 
       5.364630387032e+05       2.620826885981e-09       8.626051478223e-01       6.228948924028e+05       1.864057845177e-06       1.857866805045e-01 
       5.327338535805e+05       2.657608140096e-09       8.686338507650e-01       6.142785437115e+05       1.877106394070e-06       1.883909986573e-01 
       5.290305912957e+05       2.694905316700e-09       8.747046211247e-01       6.057814751464e+05       1.890246284822e-06       1.910317826357e-01 
       5.253530716502e+05       2.732725646757e-09       8.808177515039e-01       5.974020348104e+05       1.903478156853e-06       1.937095421740e-01 
       5.217011156981e+05       2.771076462459e-09       8.869735365315e-01       5.891385936876e+05       1.916802654062e-06       1.964247941138e-01 
       5.180745457377e+05       2.809965198635e-09       8.931722728703e-01       5.809895453266e+05       1.930220424853e-06       1.991780625025e-01 
       5.144731853022e+05       2.849399394189e-09       8.994142592364e-01       5.729533055281e+05       1.943732122172e-06       2.019698786933e-01 
       5.108968591516e+05       2.889386693552e-09       9.056997964035e-01       5.650283120360e+05       1.957338403533e-06       2.048007814468e-01 
       5.073453932641e+05       2.929934848159e-09       9.120291872277e-01       5.572130242343e+05       1.971039931054e-06       2.076713170340e-01 
       5.038186148276e+05       2.971051717941e-09       9.184027366591e-01       5.495059228466e+05       1.984837371491e-06       2.105820393402e-01 
       5.003163522311e+05       3.012745272841e-09       9.248207517467e-01       5.419055096407e+05       1.998731396264e-06       2.135335099712e-01 
       4.968384350569e+05       3.055023594355e-09       9.312835416677e-01       5.344103071374e+05       2.012722681495e-06       2.165262983599e-01 
       4.933846940714e+05       3.097894877085e-09       9.377914177294e-01       5.270188583226e+05       2.026811908039e-06       2.195609818755e-01 
       4.899549612179e+05       3.141367430322e-09       9.443446933928e-01       5.197297263638e+05       2.040999761518e-06       2.226381459333e-01 
       4.865490696077e+05       3.185449679649e-09       9.509436842818e-01       5.125414943308e+05       2.055286932353e-06       2.257583841065e-01 
       4.831668535121e+05       3.230150168561e-09       9.575887081955e-01       5.054527649199e+05       2.069674115799e-06       2.289222982395e-01 
       4.798081483546e+05       3.275477560117e-09       9.642800851343e-01       4.984621601819e+05       2.084162011978e-06       2.321304985623e-01 
       4.764727907026e+05       3.321440638609e-09       9.710181373011e-01       4.915683212542e+05       2.098751325913e-06       2.353836038075e-01 
       4.731606182598e+05       3.368048311250e-09       9.778031891256e-01       4.847699080959e+05       2.113442767564e-06       2.386822413277e-01 
       4.698714698579e+05       3.415309609899e-09       9.846355672762e-01       4.780655992279e+05       2.128237051859e-06       2.420270472152e-01 
       4.666051854489e+05       3.463233692796e-09       9.915156006737e-01       4.714540914749e+05       2.143134898733e-06       2.454186664235e-01 
       4.633616060974e+05       3.511829846326e-09       9.984436205104e-01       4.649340997124e+05       2.158137033159e-06       2.488577528898e-01 
       4.601405739729e+05       3.561107486815e-09       1.005419960264e+00       4.585043566166e+05       2.173244185189e-06       2.523449696601e-01 
       4.569419323418e+05       3.611076162337e-09       1.012444955712e+00       4.521636124175e+05       2.188457089981e-06       2.558809890151e-01 
       4.537655255604e+05       3.661745554559e-09       1.019518944946e+00       4.459106346558e+05       2.203776487843e-06       2.594664925983e-01 
       4.506111990665e+05       3.713125480603e-09       1.026642268393e+00       4.397442079436e+05       2.219203124264e-06       2.631021715461e-01 
       4.474787993727e+05       3.765225894938e-09       1.033815268824e+00       4.336631337273e+05       2.234737749954e-06       2.667887266191e-01 
       4.443681740582e+05       3.818056891301e-09       1.041038291378e+00       4.276662300545e+05       2.250381120876e-06       2.705268683356e-01 
       4.412791717619e+05       3.871628704634e-09       1.048311683569e+00       4.217523313445e+05       2.266133998288e-06       2.743173171072e-01 
       4.382116421750e+05       3.925951713063e-09       1.055635795312e+00       4.159202881608e+05       2.281997148774e-06       2.781608033753e-01 
       4.351654360332e+05       3.981036439890e-09       1.063010978929e+00       4.101689669880e+05       2.297971344287e-06       2.820580677505e-01 
       4.321404051101e+05       4.036893555626e-09       1.070437589175e+00       4.044972500112e+05       2.314057362185e-06       2.860098611536e-01 
       4.291364022096e+05       4.093533880040e-09       1.077915983244e+00       3.989040348982e+05       2.330255985265e-06       2.900169449582e-01 
       4.261532811587e+05       4.150968384246e-09       1.085446520798e+00       3.933882345852e+05       2.346568001807e-06       2.940800911357e-01 
       4.231908968005e+05       4.209208192815e-09       1.093029563976e+00       3.879487770654e+05       2.362994205608e-06       2.982000824019e-01 
       4.202491049873e+05       4.268264585914e-09       1.100665477406e+00       3.825846051802e+05       2.379535396024e-06       3.023777123663e-01 
       4.173277625733e+05       4.328149001480e-09       1.108354628237e+00       3.772946764137e+05       2.396192378004e-06       3.066137856825e-01 
       4.144267274077e+05       4.388873037421e-09       1.116097386142e+00       3.720779626898e+05       2.412965962135e-06       3.109091182012e-01 
       4.115458583281e+05       4.450448453849e-09       1.123894123339e+00       3.669334501721e+05       2.429856964678e-06       3.152645371256e-01 
       4.086850151530e+05       4.512887175341e-09       1.131745214612e+00       3.618601390668e+05       2.446866207608e-06       3.196808811684e-01 
       4.058440586756e+05       4.576201293237e-09       1.139651037323e+00       3.568570434279e+05       2.463994518655e-06       3.241590007111e-01 
       4.030228506567e+05       4.640403067964e-09       1.147611971437e+00       3.519231909657e+05       2.481242731343e-06       3.286997579655e-01 
       4.002212538181e+05       4.705504931398e-09       1.155628399531e+00       3.470576228575e+05       2.498611685033e-06       3.333040271376e-01 
       3.974391318358e+05       4.771519489253e-09       1.163700706813e+00       3.422593935608e+05       2.516102224959e-06       3.379726945938e-01 
       3.946763493334e+05       4.838459523506e-09       1.171829281149e+00       3.375275706298e+05       2.533715202276e-06       3.427066590286e-01 
       3.919327718756e+05       4.906337994859e-09       1.180014513071e+00       3.328612345335e+05       2.551451474096e-06       3.475068316357e-01 
       3.892082659617e+05       4.975168045229e-09       1.188256795796e+00       3.282594784774e+05       2.569311903531e-06       3.523741362810e-01 
       3.865026990189e+05       5.044963000279e-09       1.196556525249e+00       3.237214082263e+05       2.587297359737e-06       3.573095096776e-01 
       3.838159393959e+05       5.115736371976e-09       1.204914100079e+00       3.192461419308e+05       2.605408717953e-06       3.623139015635e-01 
       3.811478563567e+05       5.187501861192e-09       1.213329921675e+00       3.148328099559e+05       2.623646859546e-06       3.673882748822e-01 
       3.784983200741e+05       5.260273360342e-09       1.221804394188e+00       3.104805547113e+05       2.642012672055e-06       3.725336059649e-01 
       3.758672016231e+05       5.334064956047e-09       1.230337924551e+00       3.061885304849e+05       2.660507049231e-06       3.777508847158e-01 
       3.732543729752e+05       5.408890931851e-09       1.238930922489e+00       3.019559032780e+05       2.679130891082e-06       3.830411148001e-01 
       3.706597069918e+05       5.484765770960e-09       1.247583800550e+00       2.977818506434e+05       2.697885103916e-06       3.884053138336e-01 
       3.680830774179e+05       5.561704159030e-09       1.256296974114e+00       2.936655615251e+05       2.716770600388e-06       3.938445135760e-01 
       3.655243588765e+05       5.639720986989e-09       1.265070861418e+00       2.896062361006e+05       2.735788299541e-06       3.993597601265e-01 
       3.629834268619e+05       5.718831353897e-09       1.273905883574e+00       2.856030856251e+05       2.754939126853e-06       4.049521141219e-01 
       3.604601577337e+05       5.799050569851e-09       1.282802464584e+00       2.816553322786e+05       2.774224014280e-06       4.106226509370e-01 
       3.579544287114e+05       5.880394158923e-09       1.291761031367e+00       2.777622090138e+05       2.793643900303e-06       4.163724608893e-01 
       3.554661178677e+05       5.962877862146e-09       1.300782013775e+00       2.739229594075e+05       2.813199729974e-06       4.222026494444e-01 
       3.529951041229e+05       6.046517640536e-09       1.309865844611e+00       2.701368375130e+05       2.832892454960e-06       4.281143374261e-01 
       3.505412672390e+05       6.131329678161e-09       1.319012959648e+00       2.664031077154e+05       2.852723033591e-06       4.341086612279e-01 
       3.481044878139e+05       6.217330385247e-09       1.328223797658e+00       2.627210445881e+05       2.872692430907e-06       4.401867730286e-01 
       3.456846472752e+05       6.304536401329e-09       1.337498800423e+00       2.590899327517e+05       2.892801618702e-06       4.463498410098e-01 
       3.432816278752e+05       6.392964598451e-09       1.346838412754e+00       2.555090667353e+05       2.913051575577e-06       4.525990495773e-01 
       3.408953126843e+05       6.482632084403e-09       1.356243082522e+00       2.519777508384e+05       2.933443286980e-06       4.589355995849e-01 
       3.385255855858e+05       6.573556206006e-09       1.365713260666e+00       2.484952989965e+05       2.953977745262e-06       4.653607085616e-01 
       3.361723312705e+05       6.665754552442e-09       1.375249401222e+00       2.450610346470e+05       2.974655949717e-06       4.718756109415e-01 
       3.338354352302e+05       6.759244958635e-09       1.384851961346e+00       2.416742905975e+05       2.995478906640e-06       4.784815582974e-01 
       3.315147837532e+05       6.854045508669e-09       1.394521401322e+00       2.383344088966e+05       3.016447629366e-06       4.851798195774e-01 
       3.292102639180e+05       6.950174539262e-09       1.404258184595e+00       2.350407407053e+05       3.037563138329e-06       4.919716813441e-01 
       3.269217635879e+05       7.047650643286e-09       1.414062777792e+00       2.317926461711e+05       3.058826461104e-06       4.988584480185e-01 
       3.246491714061e+05       7.146492673332e-09       1.423935650737e+00       2.285894943034e+05       3.080238632461e-06       5.058414421255e-01 
       3.223923767895e+05       7.246719745332e-09       1.433877276475e+00       2.254306628508e+05       3.101800694413e-06       5.129220045441e-01 
       3.201512699240e+05       7.348351242223e-09       1.443888131294e+00       2.223155381801e+05       3.123513696272e-06       5.201014947605e-01 
       3.179257417586e+05       7.451406817668e-09       1.453968694748e+00       2.192435151565e+05       3.145378694691e-06       5.273812911245e-01 
       3.157156840006e+05       7.555906399824e-09       1.464119449678e+00       2.162139970266e+05       3.167396753724e-06       5.347627911097e-01 
       3.135209891098e+05       7.661870195167e-09       1.474340882232e+00       2.132263953016e+05       3.189568944875e-06       5.422474115774e-01 
       3.113415502938e+05       7.769318692364e-09       1.484633481892e+00       2.102801296434e+05       3.211896347147e-06       5.498365890433e-01 
       3.091772615024e+05       7.878272666208e-09       1.494997741491e+00       2.073746277512e+05       3.234380047099e-06       5.575317799488e-01 
       3.070280174227e+05       7.988753181593e-09       1.505434157238e+00       2.045093252506e+05       3.257021138896e-06       5.653344609354e-01 
       3.048937134737e+05       8.100781597564e-09       1.515943228740e+00       2.016836655833e+05       3.279820724364e-06       5.732461291232e-01 
       3.027742458016e+05       8.214379571399e-09       1.526525459027e+00       1.988970998995e+05       3.302779913043e-06       5.812683023930e-01 
       3.006695112743e+05       8.329569062773e-09       1.537181354572e+00       1.961490869505e+05       3.325899822240e-06       5.894025196722e-01 
       2.985794074768e+05       8.446372337958e-09       1.547911425314e+00       1.934390929836e+05       3.349181577085e-06       5.976503412246e-01 
       2.965038327059e+05       8.564811974094e-09       1.558716184683e+00       1.907665916386e+05       3.372626310586e-06       6.060133489444e-01 
       2.944426859655e+05       8.684910863517e-09       1.569596149624e+00       1.881310638448e+05       3.396235163682e-06       6.144931466540e-01 
       2.923958669613e+05       8.806692218142e-09       1.580551840618e+00       1.855319977207e+05       3.420009285299e-06       6.230913604060e-01 
       2.903632760964e+05       8.930179573914e-09       1.591583781705e+00       1.829688884737e+05       3.443949832410e-06       6.318096387888e-01 
       2.883448144663e+05       9.055396795312e-09       1.602692500514e+00       1.804412383026e+05       3.468057970084e-06       6.406496532374e-01 
       2.863403838537e+05       9.182368079924e-09       1.613878528276e+00       1.779485563002e+05       3.492334871549e-06       6.496130983472e-01 
       2.843498867244e+05       9.311117963083e-09       1.625142399862e+00       1.754903583581e+05       3.516781718248e-06       6.587016921931e-01 
       2.823732262220e+05       9.441671322560e-09       1.636484653793e+00       1.730661670725e+05       3.541399699893e-06       6.679171766524e-01 
       2.804103061634e+05       9.574053383333e-09       1.647905832277e+00       1.706755116512e+05       3.566190014526e-06       6.772613177319e-01 
       2.784610310341e+05       9.708289722414e-09       1.659406481222e+00       1.683179278223e+05       3.591153868578e-06       6.867359059006e-01 
       2.765253059836e+05       9.844406273746e-09       1.670987150272e+00       1.659929577434e+05       3.616292476924e-06       6.963427564250e-01 
       2.746030368206e+05       9.982429333169e-09       1.682648392822e+00       1.637001499130e+05       3.641607062948e-06       7.060837097110e-01 
       2.726941300089e+05       1.012238556345e-08       1.694390766050e+00       1.614390590825e+05       3.667098858595e-06       7.159606316490e-01 
       2.707984926621e+05       1.026430199939e-08       1.706214830938e+00       1.592092461695e+05       3.692769104438e-06       7.259754139641e-01 
       2.689160325396e+05       1.040820605298e-08       1.718121152300e+00       1.570102781726e+05       3.718619049735e-06       7.361299745717e-01 
       2.670466580422e+05       1.055412551869e-08       1.730110298804e+00       1.548417280868e+05       3.744649952488e-06       7.464262579369e-01 
       2.651902782073e+05       1.070208857874e-08       1.742182843005e+00       1.527031748209e+05       3.770863079511e-06       7.568662354393e-01 
       2.633468027044e+05       1.085212380849e-08       1.754339361358e+00       1.505942031153e+05       3.797259706482e-06       7.674519057431e-01 
       2.615161418313e+05       1.100426018195e-08       1.766580434260e+00       1.485144034613e+05       3.823841118014e-06       7.781852951714e-01 
       2.596982065091e+05       1.115852707729e-08       1.778906646063e+00       1.464633720213e+05       3.850608607712e-06       7.890684580862e-01 
       2.578929082782e+05       1.131495428244e-08       1.791318585107e+00       1.444407105505e+05       3.877563478240e-06       8.001034772736e-01 
       2.561001592939e+05       1.147357200084e-08       1.803816843742e+00       1.424460263193e+05       3.904707041379e-06       8.112924643336e-01 
       2.543198723221e+05       1.163441085715e-08       1.816402018361e+00       1.404789320367e+05       3.932040618096e-06       8.226375600759e-01 
       2.525519607351e+05       1.179750190316e-08       1.829074709422e+00       1.385390457755e+05       3.959565538607e-06       8.341409349208e-01 
       2.507963385076e+05       1.196287662368e-08       1.841835521474e+00       1.366259908975e+05       3.987283142440e-06       8.458047893053e-01 
       2.490529202119e+05       1.213056694259e-08       1.854685063190e+00       1.347393959804e+05       4.015194778501e-06       8.576313540949e-01 
       2.473216210144e+05       1.230060522892e-08       1.867623947390e+00       1.328788947455e+05       4.043301805142e-06       8.696228910014e-01 
       2.456023566712e+05       1.247302430304e-08       1.880652791062e+00       1.310441259867e+05       4.071605590223e-06       8.817816930052e-01 
       2.438950435239e+05       1.264785744294e-08       1.893772215406e+00       1.292347335001e+05       4.100107511183e-06       8.941100847850e-01 
       2.421995984957e+05       1.282513839056e-08       1.906982845851e+00       1.274503660143e+05       4.128808955102e-06       9.066104231515e-01 
       2.405159390873e+05       1.300490135825e-08       1.920285312077e+00       1.256906771229e+05       4.157711318774e-06       9.192850974884e-01 
       2.388439833728e+05       1.318718103533e-08       1.933680248059e+00       1.239553252163e+05       4.186816008771e-06       9.321365301988e-01 
       2.371836499960e+05       1.337201259466e-08       1.947168292083e+00       1.222439734159e+05       4.216124441514e-06       9.451671771575e-01 
       2.355348581660e+05       1.355943169938e-08       1.960750086781e+00       1.205562895082e+05       4.245638043338e-06       9.583795281695e-01 
       2.338975276536e+05       1.374947450975e-08       1.974426279154e+00       1.188919458801e+05       4.275358250569e-06       9.717761074351e-01 
       2.322715787874e+05       1.394217768997e-08       1.988197520608e+00       1.172506194556e+05       4.305286509585e-06       9.853594740208e-01 
       2.306569324497e+05       1.413757841527e-08       2.002064466975e+00       1.156319916326e+05       4.335424276892e-06       9.991322223367e-01 
       2.290535100726e+05       1.433571437893e-08       2.016027778549e+00       1.140357482209e+05       4.365773019195e-06       1.013096982620e+00 
       2.274612336349e+05       1.453662379952e-08       2.030088120113e+00       1.124615793815e+05       4.396334213464e-06       1.027256421427e+00 
       2.258800256571e+05       1.474034542816e-08       2.044246160967e+00       1.109091795659e+05       4.427109347015e-06       1.041613242128e+00 
       2.243098091988e+05       1.494691855593e-08       2.058502574962e+00       1.093782474569e+05       4.458099917574e-06       1.056170185413e+00 
       2.227505078541e+05       1.515638302133e-08       2.072858040521e+00       1.078684859097e+05       4.489307433353e-06       1.070930029800e+00 
       2.212020457484e+05       1.536877921793e-08       2.087313240683e+00       1.063796018946e+05       4.520733413126e-06       1.085895592154e+00 
       2.196643475345e+05       1.558414810201e-08       2.101868863121e+00       1.049113064397e+05       4.552379386298e-06       1.101069728213e+00 
       2.181373383890e+05       1.580253120043e-08       2.116525600179e+00       1.034633145745e+05       4.584246892982e-06       1.116455333116e+00 
       2.166209440084e+05       1.602397061848e-08       2.131284148896e+00       1.020353452749e+05       4.616337484078e-06       1.132055341944e+00 
       2.151150906061e+05       1.624850904796e-08       2.146145211051e+00       1.006271214083e+05       4.648652721339e-06       1.147872730265e+00 
       2.136197049081e+05       1.647618977526e-08       2.161109493176e+00       9.923836967977e+04       4.681194177457e-06       1.163910514688e+00 
       2.121347141498e+05       1.670705668967e-08       2.176177706602e+00       9.786882057876e+04       4.713963436132e-06       1.180171753423e+00 
       2.106600460726e+05       1.694115429168e-08       2.191350567482e+00       9.651820832686e+04       4.746962092154e-06       1.196659546850e+00 
       2.091956289199e+05       1.717852770149e-08       2.206628796823e+00       9.518627082602e+04       4.780191751478e-06       1.213377038095e+00 
       2.077413914342e+05       1.741922266759e-08       2.222013120527e+00       9.387274960757e+04       4.813654031305e-06       1.230327413611e+00 
       2.062972628531e+05       1.766328557546e-08       2.237504269408e+00       9.257738978198e+04       4.847350560156e-06       1.247513903776e+00 
       2.048631729062e+05       1.791076345644e-08       2.253102979237e+00       9.129993998926e+04       4.881282977956e-06       1.264939783484e+00 
       2.034390518116e+05       1.816170399664e-08       2.268809990768e+00       9.004015235008e+04       4.915452936112e-06       1.282608372759e+00 
       2.020248302724e+05       1.841615554600e-08       2.284626049777e+00       8.879778241758e+04       4.949862097592e-06       1.300523037369e+00 
       2.006204394736e+05       1.867416712757e-08       2.300551907083e+00       8.757258912980e+04       4.984512137008e-06       1.318687189449e+00 
       1.992258110782e+05       1.893578844675e-08       2.316588318594e+00       8.636433476279e+04       5.019404740698e-06       1.337104288134e+00 
       1.978408772245e+05       1.920106990079e-08       2.332736045331e+00       8.517278488444e+04       5.054541606806e-06       1.355777840199e+00 
       1.964655705226e+05       1.947006258836e-08       2.348995853466e+00       8.399770830878e+04       5.089924445366e-06       1.374711400712e+00 
       1.950998240507e+05       1.974281831926e-08       2.365368514356e+00       8.283887705112e+04       5.125554978384e-06       1.393908573686e+00 
       1.937435713526e+05       2.001938962432e-08       2.381854804573e+00       8.169606628366e+04       5.161434939923e-06       1.413373012752e+00 
       1.923967464339e+05       2.029982976530e-08       2.398455505943e+00       8.056905429175e+04       5.197566076190e-06       1.433108421833e+00 
       1.910592837587e+05       2.058419274509e-08       2.415171405575e+00       7.945762243083e+04       5.233950145614e-06       1.453118555826e+00 
       1.897311182471e+05       2.087253331794e-08       2.432003295902e+00       7.836155508383e+04       5.270588918938e-06       1.473407221302e+00 
       1.884121852714e+05       2.116490699985e-08       2.448951974706e+00       7.728063961932e+04       5.307484179304e-06       1.493978277204e+00 
       1.871024206529e+05       2.146137007914e-08       2.466018245164e+00       7.621466635008e+04       5.344637722338e-06       1.514835635563e+00 
       1.858017606595e+05       2.176197962714e-08       2.483202915875e+00       7.516342849239e+04       5.382051356237e-06       1.535983262221e+00 
       1.845101420017e+05       2.206679350901e-08       2.500506800900e+00       7.412672212574e+04       5.419726901861e-06       1.557425177560e+00 
       1.832275018303e+05       2.237587039476e-08       2.517930719790e+00       7.310434615326e+04       5.457666192818e-06       1.579165457247e+00 
       1.819537777327e+05       2.268926977035e-08       2.535475497636e+00       7.209610226254e+04       5.495871075553e-06       1.601208232984e+00 
       1.806889077304e+05       2.300705194899e-08       2.553141965089e+00       7.110179488709e+04       5.534343409441e-06       1.623557693272e+00 
       1.794328302754e+05       2.332927808262e-08       2.570930958407e+00       7.012123116832e+04       5.573085066875e-06       1.646218084182e+00 
       1.781854842479e+05       2.365601017346e-08       2.588843319485e+00       6.915422091803e+04       5.612097933358e-06       1.669193710135e+00 
       1.769468089527e+05       2.398731108583e-08       2.606879895895e+00       6.820057658139e+04       5.651383907597e-06       1.692488934700e+00 
       1.757167441168e+05       2.432324455802e-08       2.625041540925e+00       6.726011320051e+04       5.690944901589e-06       1.716108181393e+00 
       1.744952298858e+05       2.466387521441e-08       2.643329113607e+00       6.633264837847e+04       5.730782840721e-06       1.740055934492e+00 
       1.732822068217e+05       2.500926857772e-08       2.661743478768e+00       6.541800224381e+04       5.770899663862e-06       1.764336739866e+00 
       1.720776158994e+05       2.535949108142e-08       2.680285507049e+00       6.451599741560e+04       5.811297323454e-06       1.788955205806e+00 
       1.708813985044e+05       2.571461008233e-08       2.698956074963e+00       6.362645896891e+04       5.851977785612e-06       1.813916003874e+00 
       1.696934964295e+05       2.607469387339e-08       2.717756064918e+00       6.274921440082e+04       5.892943030216e-06       1.839223869762e+00 
       1.685138518720e+05       2.643981169660e-08       2.736686365264e+00       6.188409359684e+04       5.934195051008e-06       1.864883604163e+00 
       1.673424074311e+05       2.681003375611e-08       2.755747870322e+00       6.103092879788e+04       5.975735855693e-06       1.890900073649e+00 
       1.661791061052e+05       2.718543123156e-08       2.774941480431e+00       6.018955456758e+04       6.017567466029e-06       1.917278211568e+00 
       1.650238912887e+05       2.756607629153e-08       2.794268101987e+00       5.935980776017e+04       6.059691917935e-06       1.944023018948e+00 
       1.638767067694e+05       2.795204210721e-08       2.813728647474e+00       5.854152748873e+04       6.102111261581e-06       1.971139565413e+00 
       1.627374967263e+05       2.834340286626e-08       2.833324035511e+00       5.773455509392e+04       6.144827561496e-06       1.998632990114e+00 
       1.616062057259e+05       2.874023378683e-08       2.853055190886e+00       5.693873411311e+04       6.187842896660e-06       2.026508502669e+00 
       1.604827787204e+05       2.914261113183e-08       2.872923044601e+00       5.615391024996e+04       6.231159360614e-06       2.054771384119e+00 
       1.593671610444e+05       2.955061222331e-08       2.892928533909e+00       5.537993134444e+04       6.274779061555e-06       2.083426987895e+00 
       1.582592984128e+05       2.996431545714e-08       2.913072602350e+00       5.461664734321e+04       6.318704122444e-06       2.112480740795e+00 
       1.571591369176e+05       3.038380031778e-08       2.933356199803e+00       5.386391027045e+04       6.362936681104e-06       2.141938143981e+00 
       1.560666230255e+05       3.080914739337e-08       2.953780282513e+00       5.312157419911e+04       6.407478890329e-06       2.171804773982e+00 
       1.549817035757e+05       3.124043839090e-08       2.974345813140e+00       5.238949522251e+04       6.452332917987e-06       2.202086283713e+00 
       1.539043257765e+05       3.167775615170e-08       2.995053760800e+00       5.166753142637e+04       6.497500947123e-06       2.232788403511e+00 
       1.528344372034e+05       3.212118466708e-08       3.015905101103e+00       5.095554286120e+04       6.542985176070e-06       2.263916942178e+00 
       1.517719857963e+05       3.257080909421e-08       3.036900816200e+00       5.025339151513e+04       6.588787818553e-06       2.295477788042e+00 
       1.507169198569e+05       3.302671577216e-08       3.058041894812e+00       4.956094128702e+04       6.634911103797e-06       2.327476910035e+00 
       1.496691880465e+05       3.348899223828e-08       3.079329332289e+00       4.887805796002e+04       6.681357276637e-06       2.359920358776e+00 
       1.486287393829e+05       3.395772724466e-08       3.100764130644e+00       4.820460917550e+04       6.728128597627e-06       2.392814267678e+00 
       1.475955232387e+05       3.443301077493e-08       3.122347298591e+00       4.754046440728e+04       6.775227343147e-06       2.426164854065e+00 
       1.465694893381e+05       3.491493406121e-08       3.144079851598e+00       4.688549493625e+04       6.822655805518e-06       2.459978420302e+00 
       1.455505877549e+05       3.540358960134e-08       3.165962811920e+00       4.623957382538e+04       6.870416293113e-06       2.494261354946e+00 
       1.445387689102e+05       3.589907117636e-08       3.187997208650e+00       4.560257589499e+04       6.918511130467e-06       2.529020133905e+00 
       1.435339835692e+05       3.640147386814e-08       3.210184077758e+00       4.497437769845e+04       6.966942658392e-06       2.564261321618e+00 
       1.425361828399e+05       3.691089407735e-08       3.232524462137e+00       4.435485749817e+04       7.015713234091e-06       2.599991572249e+00 
       1.415453181699e+05       3.742742954164e-08       3.255019411645e+00       4.374389524191e+04       7.064825231272e-06       2.636217630894e+00 
       1.405613413442e+05       3.795117935402e-08       3.277669983152e+00       4.314137253947e+04       7.114281040264e-06       2.672946334806e+00 
       1.395842044832e+05       3.848224398160e-08       3.300477240582e+00       4.254717263964e+04       7.164083068135e-06       2.710184614639e+00 
       1.386138600400e+05       3.902072528446e-08       3.323442254959e+00       4.196118040755e+04       7.214233738805e-06       2.747939495703e+00 
       1.376502607982e+05       3.956672653487e-08       3.346566104452e+00       4.138328230221e+04       7.264735493169e-06       2.786218099238e+00 
       1.366933598697e+05       4.012035243673e-08       3.369849874420e+00       4.081336635451e+04       7.315590789213e-06       2.825027643707e+00 
       1.357431106922e+05       4.068170914528e-08       3.393294657453e+00       4.025132214542e+04       7.366802102135e-06       2.864375446101e+00 
       1.347994670273e+05       4.125090428711e-08       3.416901553432e+00       3.969704078450e+04       7.418371924463e-06       2.904268923268e+00 
       1.338623829578e+05       4.182804698037e-08       3.440671669554e+00       3.915041488879e+04       7.470302766180e-06       2.944715593251e+00 
       1.329318128858e+05       4.241324785535e-08       3.464606120398e+00       3.861133856185e+04       7.522597154845e-06       2.985723076650e+00 
       1.320077115302e+05       4.300661907524e-08       3.488706027962e+00       3.807970737326e+04       7.575257635713e-06       3.027299098001e+00 
       1.310900339250e+05       4.360827435730e-08       3.512972521705e+00       3.755541833827e+04       7.628286771865e-06       3.069451487171e+00 
       1.301787354164e+05       4.421832899415e-08       3.537406738606e+00       3.703836989776e+04       7.681687144327e-06       3.112188180772e+00 
       1.292737716612e+05       4.483689987552e-08       3.562009823201e+00       3.652846189855e+04       7.735461352200e-06       3.155517223595e+00 
       1.283750986245e+05       4.546410551019e-08       3.586782927641e+00       3.602559557389e+04       7.789612012784e-06       3.199446770059e+00 
       1.274826725774e+05       4.610006604824e-08       3.611727211728e+00       3.552967352428e+04       7.844141761705e-06       3.243985085686e+00 
       1.265964500950e+05       4.674490330366e-08       3.636843842969e+00       3.504059969853e+04       7.899053253047e-06       3.289140548587e+00 
       1.257163880541e+05       4.739874077718e-08       3.662133996628e+00       3.455827937506e+04       7.954349159477e-06       3.334921650972e+00 
       1.248424436317e+05       4.806170367952e-08       3.687598855768e+00       3.408261914354e+04       8.010032172378e-06       3.381337000683e+00 
       1.239745743019e+05       4.873391895484e-08       3.713239611301e+00       3.361352688669e+04       8.066105001980e-06       3.428395322738e+00 
       1.231127378349e+05       4.941551530458e-08       3.739057462044e+00       3.315091176239e+04       8.122570377488e-06       3.476105460902e+00 
       1.222568922943e+05       5.010662321163e-08       3.765053614759e+00       3.269468418601e+04       8.179431047223e-06       3.524476379278e+00 
       1.214069960350e+05       5.080737496478e-08       3.791229284212e+00       3.224475581300e+04       8.236689778747e-06       3.573517163917e+00 
       1.205630077018e+05       5.151790468354e-08       3.817585693208e+00       3.180103952174e+04       8.294349359003e-06       3.623237024449e+00 
       1.197248862265e+05       5.223834834328e-08       3.844124072664e+00       3.136344939656e+04       8.352412594451e-06       3.673645295738e+00 
       1.188925908268e+05       5.296884380072e-08       3.870845661639e+00       3.093190071108e+04       8.410882311200e-06       3.724751439553e+00 
       1.180660810036e+05       5.370953081978e-08       3.897751707393e+00       3.050630991171e+04       8.469761355153e-06       3.776565046267e+00 
       1.172453165395e+05       5.446055109773e-08       3.924843465440e+00       3.008659460143e+04       8.529052592138e-06       3.829095836574e+00 
       1.164302574966e+05       5.522204829176e-08       3.952122199595e+00       2.967267352376e+04       8.588758908053e-06       3.882353663229e+00 
       1.156208642147e+05       5.599416804587e-08       3.979589182030e+00       2.926446654697e+04       8.648883209004e-06       3.936348512814e+00 
       1.148170973090e+05       5.677705801812e-08       4.007245693321e+00       2.886189464853e+04       8.709428421449e-06       3.991090507521e+00 
       1.140189176689e+05       5.757086790829e-08       4.035093022507e+00       2.846487989969e+04       8.770397492336e-06       4.046589906963e+00 
       1.132262864554e+05       5.837574948586e-08       4.063132467130e+00       2.807334545040e+04       8.831793389251e-06       4.102857110008e+00 
       1.124391650996e+05       5.919185661845e-08       4.091365333305e+00       2.768721551431e+04       8.893619100562e-06       4.159902656633e+00 
       1.116575153005e+05       6.001934530051e-08       4.119792935759e+00       2.730641535409e+04       8.955877635560e-06       4.217737229805e+00 
       1.108812990237e+05       6.085837368258e-08       4.148416597891e+00       2.693087126689e+04       9.018572024614e-06       4.276371657391e+00 
       1.101104784989e+05       6.170910210077e-08       4.177237651820e+00       2.656051057000e+04       9.081705319309e-06       4.335816914078e+00 
       1.093450162183e+05       6.257169310677e-08       4.206257438449e+00       2.619526158672e+04       9.145280592602e-06       4.396084123340e+00 
       1.085848749353e+05       6.344631149817e-08       4.235477307508e+00       2.583505363246e+04       9.209300938969e-06       4.457184559407e+00 
       1.078300176616e+05       6.433312434927e-08       4.264898617615e+00       2.547981700097e+04       9.273769474556e-06       4.519129649276e+00 
       1.070804076664e+05       6.523230104229e-08       4.294522736329e+00       2.512948295082e+04       9.338689337328e-06       4.581930974745e+00 
       1.063360084741e+05       6.614401329891e-08       4.324351040203e+00       2.478398369200e+04       9.404063687228e-06       4.645600274463e+00 
       1.055967838628e+05       6.706843521240e-08       4.354384914845e+00       2.444325237280e+04       9.469895706326e-06       4.710149446022e+00 
       1.048626978622e+05       6.800574328003e-08       4.384625754965e+00       2.410722306675e+04       9.536188598975e-06       4.775590548065e+00 
       1.041337147522e+05       6.895611643600e-08       4.415074964441e+00       2.377583075988e+04       9.602945591967e-06       4.841935802422e+00 
       1.034097990608e+05       6.991973608484e-08       4.445733956365e+00       2.344901133802e+04       9.670169934693e-06       4.909197596281e+00 
       1.026909155627e+05       7.089678613515e-08       4.476604153107e+00       2.312670157439e+04       9.737864899297e-06       4.977388484379e+00 
       1.019770292777e+05       7.188745303393e-08       4.507686986370e+00       2.280883911727e+04       9.806033780838e-06       5.046521191223e+00 
       1.012681054682e+05       7.289192580128e-08       4.538983897242e+00       2.249536247791e+04       9.874679897450e-06       5.116608613344e+00 
       1.005641096387e+05       7.391039606558e-08       4.570496336260e+00       2.218621101859e+04       9.943806590505e-06       5.187663821574e+00 
       9.986500753299e+04       7.494305809920e-08       4.602225763465e+00       2.188132494079e+04       1.001341722477e-05       5.259700063354e+00 
       9.917076513327e+04       7.599010885466e-08       4.634173648459e+00       2.158064527362e+04       1.008351518858e-05       5.332730765075e+00 
       9.848134865811e+04       7.705174800121e-08       4.666341470465e+00       2.128411386233e+04       1.015410389400e-05       5.406769534447e+00 
       9.779672456093e+04       7.812817796205e-08       4.698730718383e+00       2.099167335702e+04       1.022518677699e-05       5.481830162893e+00 
       9.711685952834e+04       7.921960395191e-08       4.731342890853e+00       2.070326720148e+04       1.029676729756e-05       5.557926627985e+00 
       9.644172047852e+04       8.032623401520e-08       4.764179496306e+00       2.041883962222e+04       1.036884893995e-05       5.635073095900e+00 
       9.577127455962e+04       8.144827906472e-08       4.797242053035e+00       2.013833561764e+04       1.044143521283e-05       5.713283923912e+00 
       9.510548914813e+04       8.258595292076e-08       4.830532089245e+00       1.986170094731e+04       1.051452964942e-05       5.792573662920e+00 
       9.444433184736e+04       8.373947235089e-08       4.864051143117e+00       1.958888212142e+04       1.058813580767e-05       5.872957060002e+00 
       9.378777048579e+04       8.490905711013e-08       4.897800762867e+00       1.931982639047e+04       1.066225727046e-05       5.954449061001e+00 
       9.313577311553e+04       8.609492998180e-08       4.931782506808e+00       1.905448173490e+04       1.073689764578e-05       6.037064813151e+00 
       9.248830801081e+04       8.729731681879e-08       4.965997943411e+00       1.879279685510e+04       1.081206056686e-05       6.120819667732e+00 
       9.184534366636e+04       8.851644658551e-08       5.000448651364e+00       1.853472116133e+04       1.088774969238e-05       6.205729182756e+00 
       9.120684879592e+04       8.975255140030e-08       5.035136219636e+00       1.828020476399e+04       1.096396870666e-05       6.291809125693e+00 
       9.057279233073e+04       9.100586657847e-08       5.070062247534e+00       1.802919846386e+04       1.104072131979e-05       6.379075476229e+00 
       8.994314341797e+04       9.227663067591e-08       5.105228344772e+00       1.778165374257e+04       1.111801126787e-05       6.467544429057e+00 
       8.931787141932e+04       9.356508553325e-08       5.140636131531e+00       1.753752275316e+04       1.119584231316e-05       6.557232396709e+00 
       8.869694590943e+04       9.487147632069e-08       5.176287238517e+00       1.729675831078e+04       1.127421824425e-05       6.648156012417e+00 
       8.808033667443e+04       9.619605158332e-08       5.212183307029e+00       1.705931388355e+04       1.135314287630e-05       6.740332133016e+00 
       8.746801371049e+04       9.753906328718e-08       5.248325989021e+00       1.682514358348e+04       1.143262005114e-05       6.833777841881e+00 
       8.685994722235e+04       9.890076686582e-08       5.284716947170e+00       1.659420215759e+04       1.151265363754e-05       6.928510451901e+00 
       8.625610762186e+04       1.002814212676e-07       5.321357854926e+00       1.636644497909e+04       1.159324753137e-05       7.024547508493e+00 
       8.565646552656e+04       1.016812890034e-07       5.358250396595e+00       1.614182803872e+04       1.167440565574e-05       7.121906792652e+00 
       8.506099175822e+04       1.031006361953e-07       5.395396267388e+00       1.592030793621e+04       1.175613196129e-05       7.220606324040e+00 
       8.446965734145e+04       1.045397326259e-07       5.432797173495e+00       1.570184187184e+04       1.183843042629e-05       7.320664364112e+00 
       8.388243350228e+04       1.059988517875e-07       5.470454832144e+00       1.548638763812e+04       1.192130505689e-05       7.422099419289e+00 
       8.329929166675e+04       1.074782709333e-07       5.508370971675e+00       1.527390361158e+04       1.200475988728e-05       7.524930244160e+00 
       8.272020345952e+04       1.089782711284e-07       5.546547331596e+00       1.506434874471e+04       1.208879897993e-05       7.629175844734e+00 
       8.214514070253e+04       1.104991373012e-07       5.584985662654e+00       1.485768255798e+04       1.217342642573e-05       7.734855481724e+00 
       8.157407541356e+04       1.120411582965e-07       5.623687726900e+00       1.465386513196e+04       1.225864634425e-05       7.841988673885e+00 
       8.100697980493e+04       1.136046269285e-07       5.662655297760e+00       1.445285709958e+04       1.234446288388e-05       7.950595201378e+00 
       8.044382628210e+04       1.151898400347e-07       5.701890160093e+00       1.425461963846e+04       1.243088022210e-05       8.060695109190e+00 
       7.988458744236e+04       1.167970985307e-07       5.741394110270e+00       1.405911446340e+04       1.251790256561e-05       8.172308710590e+00 
       7.932923607349e+04       1.184267074656e-07       5.781168956228e+00       1.386630381894e+04       1.260553415061e-05       8.285456590627e+00 
       7.877774515243e+04       1.200789760782e-07       5.821216517552e+00       1.367615047198e+04       1.269377924293e-05       8.400159609679e+00 
       7.823008784396e+04       1.217542178537e-07       5.861538625530e+00       1.348861770461e+04       1.278264213831e-05       8.516438907040e+00 
       7.768623749940e+04       1.234527505815e-07       5.902137123234e+00       1.330366930692e+04       1.287212716256e-05       8.634315904551e+00 
       7.714616765534e+04       1.251748964137e-07       5.943013865579e+00       1.312126957004e+04       1.296223867178e-05       8.753812310286e+00 
       7.660985203229e+04       1.269209819242e-07       5.984170719395e+00       1.294138327910e+04       1.305298105259e-05       8.874950122271e+00 
       7.607726453347e+04       1.286913381689e-07       6.025609563501e+00       1.276397570649e+04       1.314435872233e-05       8.997751632259e+00 
       7.554837924347e+04       1.304863007461e-07       6.067332288771e+00       1.258901260506e+04       1.323637612928e-05       9.122239429547e+00 
       7.502317042708e+04       1.323062098585e-07       6.109340798199e+00       1.241646020148e+04       1.332903775287e-05       9.248436404846e+00 
       7.450161252793e+04       1.341514103755e-07       6.151637006978e+00       1.224628518968e+04       1.342234810390e-05       9.376365754190e+00 
       7.398368016734e+04       1.360222518964e-07       6.194222842571e+00       1.207845472438e+04       1.351631172478e-05       9.506050982903e+00 
       7.346934814302e+04       1.379190888147e-07       6.237100244769e+00       1.191293641471e+04       1.361093318972e-05       9.637515909613e+00 
       7.295859142790e+04       1.398422803828e-07       6.280271165784e+00       1.174969831794e+04       1.370621710496e-05       9.770784670309e+00 
       7.245138516886e+04       1.417921907782e-07       6.323737570297e+00       1.158870893322e+04       1.380216810902e-05       9.905881722459e+00 
       7.194770468554e+04       1.437691891697e-07       6.367501435547e+00       1.142993719553e+04       1.389879087290e-05       1.004283184917e+01 
       7.144752546915e+04       1.457736497853e-07       6.411564751397e+00       1.127335246960e+04       1.399609010030e-05       1.018166016341e+01 
       7.095082318129e+04       1.478059519810e-07       6.455929520407e+00       1.111892454399e+04       1.409407052790e-05       1.032239211225e+01 
       7.045757365270e+04       1.498664803094e-07       6.500597757908e+00       1.096662362519e+04       1.419273692552e-05       1.046505348124e+01 
       6.996775288216e+04       1.519556245908e-07       6.545571492068e+00       1.081642033187e+04       1.429209409641e-05       1.060967039871e+01 
       6.948133703529e+04       1.540737799841e-07       6.590852763982e+00       1.066828568913e+04       1.439214687744e-05       1.075626934026e+01 
       6.899830244339e+04       1.562213470589e-07       6.636443627727e+00       1.052219112292e+04       1.449290013940e-05       1.090487713320e+01 
       6.851862560227e+04       1.583987318689e-07       6.682346150448e+00       1.037810845447e+04       1.459435878714e-05       1.105552096112e+01 
       6.804228317116e+04       1.606063460261e-07       6.728562412432e+00       1.023600989481e+04       1.469652775990e-05       1.120822836844e+01 
       6.756925197151e+04       1.628446067755e-07       6.775094507173e+00       1.009586803939e+04       1.479941203152e-05       1.136302726512e+01 
       6.709950898591e+04       1.651139370717e-07       6.821944541460e+00       9.957655862730e+03       1.490301661065e-05       1.151994593132e+01 
       6.663303135694e+04       1.674147656556e-07       6.869114635443e+00       9.821346713211e+03       1.500734654104e-05       1.167901302215e+01 
       6.616979638609e+04       1.697475271329e-07       6.916606922716e+00       9.686914307875e+03       1.511240690176e-05       1.184025757256e+01 
       6.570978153260e+04       1.721126620530e-07       6.964423550382e+00       9.554332727323e+03       1.521820280746e-05       1.200370900217e+01 
       6.525296441245e+04       1.745106169895e-07       7.012566679145e+00       9.423576410689e+03       1.532473940862e-05       1.216939712020e+01 
       6.479932279717e+04       1.769418446212e-07       7.061038483371e+00       9.294620150672e+03       1.543202189177e-05       1.233735213054e+01 
       6.434883461284e+04       1.794068038145e-07       7.109841151174e+00       9.167439088645e+03       1.554005547981e-05       1.250760463672e+01 
       6.390147793896e+04       1.819059597074e-07       7.158976884495e+00       9.042008709822e+03       1.564884543218e-05       1.268018564713e+01 
       6.345723100743e+04       1.844397837930e-07       7.208447899169e+00       8.918304838506e+03       1.575839704518e-05       1.285512658011e+01 
       6.301607220146e+04       1.870087540063e-07       7.258256425015e+00       8.796303633390e+03       1.586871565221e-05       1.303245926930e+01 
       6.257798005452e+04       1.896133548101e-07       7.308404705907e+00       8.675981582929e+03       1.597980662403e-05       1.321221596888e+01 
       6.214293324931e+04       1.922540772836e-07       7.358894999852e+00       8.557315500775e+03       1.609167536899e-05       1.339442935898e+01 
       6.171091061670e+04       1.949314192113e-07       7.409729579073e+00       8.440282521278e+03       1.620432733336e-05       1.357913255112e+01 
       6.128189113473e+04       1.976458851728e-07       7.460910730086e+00       8.324860095042e+03       1.631776800154e-05       1.376635909370e+01 
       6.085585392757e+04       2.003979866353e-07       7.512440753781e+00       8.211025984551e+03       1.643200289634e-05       1.395614297763e+01 
       6.043277826450e+04       2.031882420453e-07       7.564321965494e+00       8.098758259850e+03       1.654703757927e-05       1.414851864191e+01 
       6.001264355891e+04       2.060171769231e-07       7.616556695100e+00       7.988035294288e+03       1.666287765079e-05       1.434352097939e+01 
       5.959542936728e+04       2.088853239575e-07       7.669147287084e+00       7.878835760320e+03       1.677952875058e-05       1.454118534253e+01 
       5.918111538823e+04       2.117932231029e-07       7.722096100622e+00       7.771138625367e+03       1.689699655783e-05       1.474154754925e+01 
       5.876968146147e+04       2.147414216760e-07       7.775405509667e+00       7.664923147731e+03       1.701528679152e-05       1.494464388885e+01 
       5.836110756689e+04       2.177304744557e-07       7.829077903021e+00       7.560168872569e+03       1.713440521067e-05       1.515051112803e+01 
       5.795537382350e+04       2.207609437826e-07       7.883115684434e+00       7.456855627927e+03       1.725435761467e-05       1.535918651692e+01 
       5.755246048854e+04       2.238333996610e-07       7.937521272661e+00       7.354963520816e+03       1.737514984349e-05       1.557070779523e+01 
       5.715234795650e+04       2.269484198617e-07       7.992297101566e+00       7.254472933358e+03       1.749678777805e-05       1.578511319848e+01 
       5.675501675812e+04       2.301065900262e-07       8.047445620194e+00       7.155364518974e+03       1.761927734044e-05       1.600244146425e+01 
       5.636044755950e+04       2.333085037722e-07       8.102969292851e+00       7.057619198630e+03       1.774262449424e-05       1.622273183858e+01 
       5.596862116114e+04       2.365547628012e-07       8.158870599202e+00       6.961218157134e+03       1.786683524480e-05       1.644602408236e+01 
       5.557951849700e+04       2.398459770060e-07       8.215152034330e+00       6.866142839483e+03       1.799191563954e-05       1.667235847791e+01 
       5.519312063355e+04       2.431827645813e-07       8.271816108843e+00       6.772374947262e+03       1.811787176825e-05       1.690177583549e+01 
       5.480940876892e+04       2.465657521345e-07       8.328865348947e+00       6.679896435093e+03       1.824470976336e-05       1.713431750005e+01 
       5.442836423191e+04       2.499955747987e-07       8.386302296527e+00       6.588689507133e+03       1.837243580027e-05       1.737002535793e+01 
       5.404996848110e+04       2.534728763469e-07       8.444129509238e+00       6.498736613618e+03       1.850105609763e-05       1.760894184368e+01 
       5.367420310398e+04       2.569983093075e-07       8.502349560591e+00       6.410020447461e+03       1.863057691766e-05       1.785110994702e+01 
       5.330104981604e+04       2.605725350817e-07       8.560965040027e+00       6.322523940886e+03       1.876100456645e-05       1.809657321980e+01 
       5.293049045983e+04       2.641962240621e-07       8.619978553017e+00       6.236230262125e+03       1.889234539426e-05       1.834537578308e+01 
       5.256250700416e+04       2.678700557532e-07       8.679392721137e+00       6.151122812145e+03       1.902460579582e-05       1.859756233428e+01 
       5.219708154318e+04       2.715947188930e-07       8.739210182153e+00       6.067185221428e+03       1.915779221067e-05       1.885317815444e+01 
       5.183419629548e+04       2.753709115767e-07       8.799433590120e+00       5.984401346795e+03       1.929191112347e-05       1.911226911554e+01 
       5.147383360327e+04       2.791993413817e-07       8.860065615454e+00       5.902755268274e+03       1.942696906429e-05       1.937488168791e+01 
       5.111597593153e+04       2.830807254944e-07       8.921108945025e+00       5.822231286010e+03       1.956297260893e-05       1.964106294777e+01 
       5.076060586709e+04       2.870157908382e-07       8.982566282246e+00       5.742813917217e+03       1.969992837930e-05       1.991086058474e+01 
       5.040770611787e+04       2.910052742040e-07       9.044440347156e+00       5.664487893177e+03       1.983784304366e-05       2.018432290963e+01 
       5.005725951195e+04       2.950499223815e-07       9.106733876504e+00       5.587238156275e+03       1.997672331699e-05       2.046149886209e+01 
       4.970924899680e+04       2.991504922931e-07       9.169449623852e+00       5.511049857078e+03       2.011657596131e-05       2.074243801857e+01 
       4.936365763844e+04       3.033077511286e-07       9.232590359648e+00       5.435908351452e+03       2.025740778604e-05       2.102719060022e+01 
       4.902046862058e+04       3.075224764825e-07       9.296158871317e+00       5.361799197724e+03       2.039922564825e-05       2.131580748096e+01 
       4.867966524385e+04       3.117954564926e-07       9.360157963354e+00       5.288708153879e+03       2.054203645309e-05       2.160834019558e+01 
       4.834123092494e+04       3.161274899803e-07       9.424590457415e+00       5.216621174794e+03       2.068584715407e-05       2.190484094804e+01 
       4.800514919584e+04       3.205193865934e-07       9.489459192393e+00       5.145524409516e+03       2.083066475340e-05       2.220536261973e+01 
       4.767140370299e+04       3.249719669498e-07       9.554767024525e+00       5.075404198574e+03       2.097649630235e-05       2.250995877795e+01 
       4.733997820654e+04       3.294860627841e-07       9.620516827470e+00       5.006247071330e+03       2.112334890161e-05       2.281868368440e+01 
       4.701085657949e+04       3.340625170948e-07       9.686711492401e+00       4.938039743364e+03       2.127122970158e-05       2.313159230381e+01 
       4.668402280699e+04       3.387021842951e-07       9.753353928096e+00       4.870769113897e+03       2.142014590277e-05       2.344874031268e+01 
       4.635946098548e+04       3.434059303641e-07       9.820447061029e+00       4.804422263251e+03       2.157010475614e-05       2.377018410810e+01 
       4.603715532197e+04       3.481746330005e-07       9.887993835462e+00       4.738986450343e+03       2.172111356344e-05       2.409598081665e+01 
       4.571709013325e+04       3.530091817791e-07       9.955997213534e+00       4.674449110210e+03       2.187317967757e-05       2.442618830344e+01 
       4.539924984512e+04       3.579104783077e-07       1.002446017535e+01       4.610797851577e+03       2.202631050295e-05       2.476086518127e+01 
       4.508361899165e+04       3.628794363875e-07       1.009338571907e+01       4.548020454448e+03       2.218051349586e-05       2.510007081981e+01 
       4.477018221442e+04       3.679169821749e-07       1.016277686102e+01       4.486104867740e+03       2.233579616484e-05       2.544386535501e+01 
       4.445892426177e+04       3.730240543454e-07       1.023263663576e+01       4.425039206944e+03       2.249216607100e-05       2.579230969849e+01 
       4.414982998807e+04       3.782016042597e-07       1.030296809617e+01       4.364811751820e+03       2.264963082846e-05       2.614546554713e+01 
       4.384288435295e+04       3.834505961321e-07       1.037377431360e+01       4.305410944122e+03       2.280819810466e-05       2.650339539273e+01 
       4.353807242061e+04       3.887720072007e-07       1.044505837787e+01       4.246825385359e+03       2.296787562076e-05       2.686616253179e+01 
       4.323537935908e+04       3.941668279004e-07       1.051682339745e+01       4.189043834584e+03       2.312867115202e-05       2.723383107539e+01 
       4.293479043947e+04       3.996360620372e-07       1.058907249951e+01       4.132055206212e+03       2.329059252815e-05       2.760646595918e+01 
       4.263629103530e+04       4.051807269658e-07       1.066180883000e+01       4.075848567873e+03       2.345364763376e-05       2.798413295352e+01 
       4.233986662174e+04       4.108018537686e-07       1.073503555378e+01       4.020413138289e+03       2.361784440866e-05       2.836689867371e+01 
       4.204550277494e+04       4.165004874378e-07       1.080875585469e+01       3.965738285185e+03       2.378319084830e-05       2.875483059030e+01 
       4.175318517133e+04       4.222776870589e-07       1.088297293566e+01       3.911813523227e+03       2.394969500414e-05       2.914799703957e+01 
       4.146289958689e+04       4.281345259977e-07       1.095769001879e+01       3.858628511988e+03       2.411736498408e-05       2.954646723413e+01 
       4.117463189647e+04       4.340720920884e-07       1.103291034545e+01       3.806173053944e+03       2.428620895277e-05       2.995031127359e+01 
       4.088836807313e+04       4.400914878254e-07       1.110863717636e+01       3.754437092495e+03       2.445623513211e-05       3.035960015537e+01 
       4.060409418742e+04       4.461938305566e-07       1.118487379172e+01       3.703410710018e+03       2.462745180159e-05       3.077440578567e+01 
       4.032179640674e+04       4.523802526797e-07       1.126162349127e+01       3.653084125941e+03       2.479986729871e-05       3.119480099054e+01 
       4.004146099462e+04       4.586519018409e-07       1.133888959441e+01       3.603447694849e+03       2.497349001937e-05       3.162085952700e+01 
       3.976307431009e+04       4.650099411357e-07       1.141667544027e+01       3.554491904610e+03       2.514832841831e-05       3.205265609444e+01 
       3.948662280700e+04       4.714555493134e-07       1.149498438783e+01       3.506207374536e+03       2.532439100950e-05       3.249026634598e+01 
       3.921209303338e+04       4.779899209829e-07       1.157381981601e+01       3.458584853563e+03       2.550168636656e-05       3.293376690009e+01 
       3.893947163074e+04       4.846142668217e-07       1.165318512374e+01       3.411615218454e+03       2.568022312320e-05       3.338323535225e+01 
       3.866874533348e+04       4.913298137881e-07       1.173308373011e+01       3.365289472033e+03       2.586000997359e-05       3.383875028678e+01 
       3.839990096819e+04       4.981378053352e-07       1.181351907441e+01       3.319598741443e+03       2.604105567284e-05       3.430039128881e+01 
       3.813292545306e+04       5.050395016281e-07       1.189449461624e+01       3.274534276421e+03       2.622336903740e-05       3.476823895634e+01 
       3.786780579718e+04       5.120361797638e-07       1.197601383566e+01       3.230087447607e+03       2.640695894547e-05       3.524237491248e+01 
       3.760452909999e+04       5.191291339940e-07       1.205808023321e+01       3.186249744866e+03       2.659183433748e-05       3.572288181778e+01 
       3.734308255056e+04       5.263196759507e-07       1.214069733004e+01       3.143012775644e+03       2.677800421649e-05       3.620984338276e+01 
       3.708345342706e+04       5.336091348743e-07       1.222386866802e+01       3.100368263336e+03       2.696547764866e-05       3.670334438049e+01 
       3.682562909605e+04       5.409988578455e-07       1.230759780984e+01       3.058308045686e+03       2.715426376364e-05       3.720347065940e+01 
       3.656959701195e+04       5.484902100188e-07       1.239188833905e+01       3.016824073204e+03       2.734437175508e-05       3.771030915613e+01 
       3.631534471635e+04       5.560845748605e-07       1.247674386024e+01       2.975908407603e+03       2.753581088104e-05       3.822394790864e+01 
       3.606285983747e+04       5.637833543886e-07       1.256216799909e+01       2.935553220265e+03       2.772859046443e-05       3.874447606934e+01 
       3.581213008954e+04       5.715879694162e-07       1.264816440247e+01       2.895750790720e+03       2.792271989351e-05       3.927198391848e+01 
       3.556314327216e+04       5.794998597978e-07       1.273473673854e+01       2.856493505152e+03       2.811820862230e-05       3.980656287754e+01 
       3.531588726976e+04       5.875204846789e-07       1.282188869686e+01       2.817773854922e+03       2.831506617109e-05       4.034830552297e+01 
       3.507035005099e+04       5.956513227489e-07       1.290962398848e+01       2.779584435117e+03       2.851330212684e-05       4.089730559984e+01 
       3.482651966813e+04       6.038938724967e-07       1.299794634605e+01       2.741917943110e+03       2.871292614372e-05       4.145365803585e+01 
       3.458438425651e+04       6.122496524699e-07       1.308685952388e+01       2.704767177145e+03       2.891394794353e-05       4.201745895535e+01 
       3.434393203396e+04       6.207202015373e-07       1.317636729809e+01       2.668125034946e+03       2.911637731620e-05       4.258880569357e+01 
       3.410515130017e+04       6.293070791548e-07       1.326647346669e+01       2.631984512340e+03       2.932022412024e-05       4.316779681099e+01 
       3.386803043621e+04       6.380118656341e-07       1.335718184966e+01       2.596338701894e+03       2.952549828326e-05       4.375453210788e+01 
       3.363255790387e+04       6.468361624156e-07       1.344849628905e+01       2.561180791585e+03       2.973220980243e-05       4.434911263897e+01 
       3.339872224519e+04       6.557815923438e-07       1.354042064914e+01       2.526504063474e+03       2.994036874495e-05       4.495164072830e+01 
       3.316651208184e+04       6.648497999475e-07       1.363295881644e+01       2.492301892407e+03       3.014998524860e-05       4.556221998419e+01 
       3.293591611457e+04       6.740424517221e-07       1.372611469988e+01       2.458567744734e+03       3.036106952216e-05       4.618095531444e+01 
       3.270692312270e+04       6.833612364162e-07       1.381989223084e+01       2.425295177038e+03       3.057363184598e-05       4.680795294158e+01 
       3.247952196354e+04       6.928078653219e-07       1.391429536330e+01       2.392477834889e+03       3.078768257242e-05       4.744332041844e+01 
       3.225370157186e+04       7.023840725686e-07       1.400932807392e+01       2.360109451616e+03       3.100323212640e-05       4.808716664372e+01 
       3.202945095934e+04       7.120916154202e-07       1.410499436213e+01       2.328183847090e+03       3.122029100588e-05       4.873960187780e+01 
       3.180675921405e+04       7.219322745765e-07       1.420129825024e+01       2.296694926526e+03       3.143886978238e-05       4.940073775878e+01 
       3.158561549992e+04       7.319078544780e-07       1.429824378355e+01       2.265636679306e+03       3.165897910152e-05       5.007068731854e+01 
       3.136600905620e+04       7.420201836150e-07       1.439583503042e+01       2.235003177813e+03       3.188062968351e-05       5.074956499911e+01 
       3.114792919694e+04       7.522711148399e-07       1.449407608242e+01       2.204788576281e+03       3.210383232366e-05       5.143748666911e+01 
       3.093136531046e+04       7.626625256842e-07       1.459297105435e+01       2.174987109668e+03       3.232859789296e-05       5.213456964045e+01 
       3.071630685888e+04       7.731963186786e-07       1.469252408444e+01       2.145593092534e+03       3.255493733856e-05       5.284093268509e+01 
       3.050274337754e+04       7.838744216781e-07       1.479273933437e+01       2.116600917944e+03       3.278286168433e-05       5.355669605213e+01 
       3.029066447453e+04       7.946987881901e-07       1.489362098940e+01       2.088005056379e+03       3.301238203139e-05       5.428198148490e+01 
       3.008005983021e+04       8.056713977078e-07       1.499517325848e+01       2.059800054668e+03       3.324350955866e-05       5.501691223838e+01 
       2.987091919662e+04       8.167942560463e-07       1.509740037433e+01       2.031980534932e+03       3.347625552338e-05       5.576161309669e+01 
       2.966323239710e+04       8.280693956844e-07       1.520030659355e+01       2.004541193538e+03       3.371063126170e-05       5.651621039085e+01 
       2.945698932567e+04       8.394988761097e-07       1.530389619672e+01       1.977476800080e+03       3.394664818921e-05       5.728083201664e+01 
       2.925217994665e+04       8.510847841681e-07       1.540817348850e+01       1.950782196359e+03       3.418431780147e-05       5.805560745269e+01 
       2.904879429410e+04       8.628292344182e-07       1.551314279774e+01       1.924452295391e+03       3.442365167464e-05       5.884066777875e+01 
       2.884682247136e+04       8.747343694895e-07       1.561880847755e+01       1.898482080414e+03       3.466466146597e-05       5.963614569416e+01 
       2.864625465056e+04       8.868023604453e-07       1.572517490544e+01       1.872866603925e+03       3.490735891442e-05       6.044217553646e+01 
       2.844708107216e+04       8.990354071501e-07       1.583224648338e+01       1.847600986718e+03       3.515175584122e-05       6.125889330022e+01 
       2.824929204446e+04       9.114357386418e-07       1.594002763793e+01       1.822680416938e+03       3.539786415044e-05       6.208643665610e+01 
       2.805287794311e+04       9.240056135079e-07       1.604852282035e+01       1.798100149155e+03       3.564569582957e-05       6.292494497002e+01 
       2.785782921070e+04       9.367473202672e-07       1.615773650663e+01       1.773855503440e+03       3.589526295010e-05       6.377455932257e+01 
       2.766413635622e+04       9.496631777556e-07       1.626767319770e+01       1.749941864462e+03       3.614657766815e-05       6.463542252865e+01 
       2.747178995466e+04       9.627555355167e-07       1.637833741942e+01       1.726354680595e+03       3.639965222500e-05       6.550767915721e+01 
       2.728078064652e+04       9.760267741977e-07       1.648973372277e+01       1.703089463033e+03       3.665449894773e-05       6.639147555132e+01 
       2.709109913736e+04       9.894793059499e-07       1.660186668388e+01       1.680141784930e+03       3.691113024981e-05       6.728695984828e+01 
       2.690273619735e+04       1.003115574834e-06       1.671474090417e+01       1.657507280531e+03       3.716955863173e-05       6.819428200008e+01 
       2.671568266083e+04       1.016938057230e-06       1.682836101046e+01       1.635181644340e+03       3.742979668154e-05       6.911359379399e+01 
       2.652992942583e+04       1.030949262256e-06       1.694273165501e+01       1.613160630278e+03       3.769185707556e-05       7.004504887335e+01 
       2.634546745367e+04       1.045151732182e-06       1.705785751569e+01       1.591440050863e+03       3.795575257891e-05       7.098880275858e+01 
       2.616228776851e+04       1.059548042864e-06       1.717374329605e+01       1.570015776402e+03       3.822149604621e-05       7.194501286841e+01 
       2.598038145688e+04       1.074140804168e-06       1.729039372538e+01       1.548883734193e+03       3.848910042215e-05       7.291383854129e+01 
       2.579973966729e+04       1.088932660413e-06       1.740781355889e+01       1.528039907732e+03       3.875857874214e-05       7.389544105705e+01 
       2.562035360977e+04       1.103926290806e-06       1.752600757775e+01       1.507480335940e+03       3.902994413296e-05       7.488998365872e+01 
       2.544221455546e+04       1.119124409895e-06       1.764498058920e+01       1.487201112394e+03       3.930320981338e-05       7.589763157460e+01 
       2.526531383617e+04       1.134529768018e-06       1.776473742666e+01       1.467198384576e+03       3.957838909482e-05       7.691855204057e+01 
       2.508964284398e+04       1.150145151763e-06       1.788528294982e+01       1.447468353122e+03       3.985549538201e-05       7.795291432251e+01 
       2.491519303079e+04       1.165973384432e-06       1.800662204476e+01       1.428007271090e+03       4.013454217360e-05       7.900088973908e+01 
       2.474195590794e+04       1.182017326508e-06       1.812875962399e+01       1.408811443235e+03       4.041554306287e-05       8.006265168460e+01 
       2.456992304575e+04       1.198279876135e-06       1.825170062662e+01       1.389877225294e+03       4.069851173837e-05       8.113837565225e+01 
       2.439908607316e+04       1.214763969596e-06       1.837545001843e+01       1.371201023283e+03       4.098346198458e-05       8.222823925737e+01 
       2.422943667731e+04       1.231472581799e-06       1.850001279195e+01       1.352779292797e+03       4.127040768260e-05       8.333242226114e+01 
       2.406096660310e+04       1.248408726772e-06       1.862539396658e+01       1.334608538331e+03       4.155936281082e-05       8.445110659433e+01 
       2.389366765282e+04       1.265575458164e-06       1.875159858867e+01       1.316685312598e+03       4.185034144561e-05       8.558447638138e+01 
       2.372753168577e+04       1.282975869745e-06       1.887863173164e+01       1.299006215868e+03       4.214335776198e-05       8.673271796468e+01 
       2.356255061781e+04       1.300613095920e-06       1.900649849608e+01       1.281567895304e+03       4.243842603433e-05       8.789601992906e+01 
       2.339871642101e+04       1.318490312249e-06       1.913520400979e+01       1.264367044321e+03       4.273556063706e-05       8.907457312655e+01 
       2.323602112324e+04       1.336610735965e-06       1.926475342796e+01       1.247400401941e+03       4.303477604536e-05       9.026857070133e+01 
       2.307445680779e+04       1.354977626510e-06       1.939515193321e+01       1.230664752166e+03       4.333608683587e-05       9.147820811492e+01 
       2.291401561300e+04       1.373594286068e-06       1.952640473571e+01       1.214156923354e+03       4.363950768739e-05       9.270368317166e+01 
       2.275468973182e+04       1.392464060109e-06       1.965851707326e+01       1.197873787606e+03       4.394505338161e-05       9.394519604438e+01 
       2.259647141150e+04       1.411590337940e-06       1.979149421139e+01       1.181812260164e+03       4.425273880383e-05       9.520294930026e+01 
       2.243935295317e+04       1.430976553258e-06       1.992534144349e+01       1.165969298811e+03       4.456257894369e-05       9.647714792709e+01 
       2.228332671150e+04       1.450626184718e-06       2.006006409084e+01       1.150341903285e+03       4.487458889588e-05       9.776799935954e+01 
       2.212838509427e+04       1.470542756500e-06       2.019566750278e+01       1.134927114700e+03       4.518878386092e-05       9.907571350594e+01 
       2.197452056206e+04       1.490729838885e-06       2.033215705674e+01       1.119722014972e+03       4.550517914585e-05       1.004005027750e+02 
       2.182172562787e+04       1.511191048840e-06       2.046953815837e+01       1.104723726256e+03       4.582379016502e-05       1.017425821032e+02 
       2.166999285670e+04       1.531930050612e-06       2.060781624162e+01       1.089929410390e+03       4.614463244081e-05       1.031021689819e+02 
       2.151931486529e+04       1.552950556320e-06       2.074699676887e+01       1.075336268346e+03       4.646772160442e-05       1.044794834850e+02 
       2.136968432167e+04       1.574256326564e-06       2.088708523095e+01       1.060941539688e+03       4.679307339662e-05       1.058747482970e+02 
       2.122109394485e+04       1.595851171039e-06       2.102808714732e+01       1.046742502044e+03       4.712070366849e-05       1.072881887412e+02 
       2.107353650443e+04       1.617738949149e-06       2.117000806610e+01       1.032736470572e+03       4.745062838225e-05       1.087200328075e+02 
       2.092700482031e+04       1.639923570641e-06       2.131285356419e+01       1.018920797447e+03       4.778286361199e-05       1.101705111818e+02 
       2.078149176227e+04       1.662408996236e-06       2.145662924735e+01       1.005292871349e+03       4.811742554448e-05       1.116398572745e+02 
       2.063699024967e+04       1.685199238274e-06       2.160134075032e+01       9.918501169533e+02       4.845433047996e-05       1.131283072496e+02 
       2.049349325109e+04       1.708298361362e-06       2.174699373687e+01       9.785899944412e+02       4.879359483292e-05       1.146361000543e+02 
       2.035099378399e+04       1.731710483032e-06       2.189359389993e+01       9.655099990028e+02       4.913523513292e-05       1.161634774486e+02 
       2.020948491435e+04       1.755439774411e-06       2.204114696167e+01       9.526076603561e+02       4.947926802538e-05       1.177106840352e+02 
       2.006895975637e+04       1.779490460888e-06       2.218965867356e+01       9.398805422690e+02       4.982571027242e-05       1.192779672898e+02 
       1.992941147212e+04       1.803866822803e-06       2.233913481651e+01       9.273262420895e+02       5.017457875363e-05       1.208655775915e+02 
       1.979083327118e+04       1.828573196134e-06       2.248958120094e+01       9.149423902806e+02       5.052589046697e-05       1.224737682534e+02 
       1.965321841035e+04       1.853613973194e-06       2.264100366684e+01       9.027266499638e+02       5.087966252950e-05       1.241027955540e+02 
       1.951656019332e+04       1.878993603340e-06       2.279340808393e+01       8.906767164670e+02       5.123591217833e-05       1.257529187679e+02 
       1.938085197029e+04       1.904716593688e-06       2.294680035166e+01       8.787903168800e+02       5.159465677135e-05       1.274244001978e+02 
       1.924608713771e+04       1.930787509837e-06       2.310118639937e+01       8.670652096154e+02       5.195591378816e-05       1.291175052063e+02 
       1.911225913794e+04       1.957210976599e-06       2.325657218636e+01       8.554991839758e+02       5.231970083089e-05       1.308325022475e+02 
       1.897936145890e+04       1.983991678742e-06       2.341296370194e+01       8.440900597271e+02       5.268603562505e-05       1.325696629000e+02 
       1.884738763381e+04       2.011134361741e-06       2.357036696559e+01       8.328356866773e+02       5.305493602044e-05       1.343292618992e+02 
       1.871633124081e+04       2.038643832533e-06       2.372878802697e+01       8.217339442620e+02       5.342641999196e-05       1.361115771701e+02 
       1.858618590271e+04       2.066524960290e-06       2.388823296605e+01       8.107827411344e+02       5.380050564053e-05       1.379168898608e+02 
       1.845694528662e+04       2.094782677191e-06       2.404870789320e+01       7.999800147622e+02       5.417721119396e-05       1.397454843756e+02 
       1.832860310372e+04       2.123421979211e-06       2.421021894926e+01       7.893237310291e+02       5.455655500785e-05       1.415976484092e+02 
       1.820115310885e+04       2.152447926914e-06       2.437277230561e+01       7.788118838424e+02       5.493855556649e-05       1.434736729805e+02 
       1.807458910029e+04       2.181865646263e-06       2.453637416429e+01       7.684424947457e+02       5.532323148372e-05       1.453738524666e+02 
       1.794890491944e+04       2.211680329427e-06       2.470103075807e+01       7.582136125375e+02       5.571060150390e-05       1.472984846381e+02 
       1.782409445050e+04       2.241897235611e-06       2.486674835053e+01       7.481233128941e+02       5.610068450278e-05       1.492478706935e+02 
       1.770015162018e+04       2.272521691887e-06       2.503353323612e+01       7.381696979988e+02       5.649349948846e-05       1.512223152943e+02 
       1.757707039742e+04       2.303559094039e-06       2.520139174031e+01       7.283508961754e+02       5.688906560227e-05       1.532221266009e+02 
       1.745484479306e+04       2.335014907413e-06       2.537033021959e+01       7.186650615274e+02       5.728740211976e-05       1.552476163080e+02 
       1.733346885959e+04       2.366894667786e-06       2.554035506161e+01       7.091103735817e+02       5.768852845160e-05       1.572990996808e+02 
       1.721293669086e+04       2.399203982234e-06       2.571147268524e+01       6.996850369372e+02       5.809246414453e-05       1.593768955911e+02 
       1.709324242174e+04       2.431948530021e-06       2.588368954064e+01       6.903872809190e+02       5.849922888235e-05       1.614813265545e+02 
       1.697438022791e+04       2.465134063491e-06       2.605701210938e+01       6.812153592365e+02       5.890884248684e-05       1.636127187667e+02 
       1.685634432549e+04       2.498766408971e-06       2.623144690446e+01       6.721675496468e+02       5.932132491877e-05       1.657714021410e+02 
       1.673912897085e+04       2.532851467691e-06       2.640700047045e+01       6.632421536222e+02       5.973669627882e-05       1.679577103458e+02 
       1.662272846027e+04       2.567395216705e-06       2.658367938350e+01       6.544374960230e+02       6.015497680861e-05       1.701719808425e+02 
       1.650713712967e+04       2.602403709832e-06       2.676149025151e+01       6.457519247745e+02       6.057618689167e-05       1.724145549234e+02 
       1.639234935435e+04       2.637883078603e-06       2.694043971410e+01       6.371838105481e+02       6.100034705444e-05       1.746857777505e+02 
       1.627835954871e+04       2.673839533219e-06       2.712053444278e+01       6.287315464474e+02       6.142747796727e-05       1.769859983937e+02 
       1.616516216599e+04       2.710279363522e-06       2.730178114097e+01       6.203935476986e+02       6.185760044543e-05       1.793155698703e+02 
       1.605275169797e+04       2.747208939978e-06       2.748418654409e+01       6.121682513443e+02       6.229073545012e-05       1.816748491838e+02 
       1.594112267472e+04       2.784634714666e-06       2.766775741965e+01       6.040541159431e+02       6.272690408950e-05       1.840641973643e+02 
       1.583026966434e+04       2.822563222287e-06       2.785250056729e+01       5.960496212717e+02       6.316612761974e-05       1.864839795076e+02 
       1.572018727269e+04       2.861001081178e-06       2.803842281888e+01       5.881532680324e+02       6.360842744602e-05       1.889345648160e+02 
       1.561087014312e+04       2.899954994341e-06       2.822553103861e+01       5.803635775638e+02       6.405382512360e-05       1.914163266386e+02 
       1.550231295624e+04       2.939431750482e-06       2.841383212301e+01       5.726790915561e+02       6.450234235887e-05       1.939296425122e+02 
       1.539451042960e+04       2.979438225065e-06       2.860333300107e+01       5.650983717700e+02       6.495400101041e-05       1.964748942026e+02 
       1.528745731749e+04       3.019981381375e-06       2.879404063427e+01       5.576199997593e+02       6.540882309007e-05       1.990524677459e+02 
       1.518114841068e+04       3.061068271593e-06       2.898596201670e+01       5.502425765981e+02       6.586683076400e-05       2.016627534903e+02 
       1.507557853611e+04       3.102706037889e-06       2.917910417507e+01       5.429647226107e+02       6.632804635380e-05       2.043061461382e+02 
       1.497074255673e+04       3.144901913522e-06       2.937347416884e+01       5.357850771065e+02       6.679249233755e-05       2.069830447888e+02 
       1.486663537116e+04       3.187663223952e-06       2.956907909025e+01       5.287022981171e+02       6.726019135094e-05       2.096938529806e+02 
       1.476325191349e+04       3.230997387973e-06       2.976592606438e+01       5.217150621383e+02       6.773116618838e-05       2.124389787345e+02 
       1.466058715305e+04       3.274911918846e-06       2.996402224924e+01       5.148220638752e+02       6.820543980410e-05       2.152188345972e+02 
       1.455863609411e+04       3.319414425460e-06       3.016337483583e+01       5.080220159904e+02       6.868303531325e-05       2.180338376848e+02 
       1.445739377568e+04       3.364512613494e-06       3.036399104823e+01       5.013136488567e+02       6.916397599308e-05       2.208844097268e+02 
       1.435685527126e+04       3.410214286598e-06       3.056587814358e+01       4.946957103121e+02       6.964828528405e-05       2.237709771107e+02 
       1.425701568858e+04       3.456527347588e-06       3.076904341226e+01       4.881669654186e+02       7.013598679097e-05       2.266939709258e+02 
       1.415787016940e+04       3.503459799652e-06       3.097349417786e+01       4.817261962251e+02       7.062710428414e-05       2.296538270092e+02 
       1.405941388923e+04       3.551019747575e-06       3.117923779729e+01       4.753722015324e+02       7.112166170057e-05       2.326509859903e+02 
       1.396164205713e+04       3.599215398969e-06       3.138628166083e+01       4.691037966617e+02       7.161968314508e-05       2.356858933366e+02 
       1.386454991546e+04       3.648055065526e-06       3.159463319218e+01       4.629198132274e+02       7.212119289150e-05       2.387589993998e+02 
       1.376813273966e+04       3.697547164282e-06       3.180429984856e+01       4.568190989115e+02       7.262621538391e-05       2.418707594617e+02 
       1.367238583799e+04       3.747700218894e-06       3.201528912069e+01       4.508005172418e+02       7.313477523772e-05       2.450216337809e+02 
       1.357730455134e+04       3.798522860934e-06       3.222760853295e+01       4.448629473739e+02       7.364689724101e-05       2.482120876396e+02 
       1.348288425300e+04       3.850023831195e-06       3.244126564335e+01       4.390052838747e+02       7.416260635561e-05       2.514425913911e+02 
       1.338912034840e+04       3.902211981018e-06       3.265626804364e+01       4.332264365100e+02       7.468192771842e-05       2.547136205067e+02 
       1.329600827491e+04       3.955096273623e-06       3.287262335933e+01       4.275253300349e+02       7.520488664259e-05       2.580256556240e+02 
       1.320354350162e+04       4.008685785468e-06       3.309033924979e+01       4.219009039867e+02       7.573150861876e-05       2.613791825952e+02 
       1.311172152913e+04       4.062989707614e-06       3.330942340827e+01       4.163521124811e+02       7.626181931631e-05       2.647746925350e+02 
       1.302053788931e+04       4.118017347113e-06       3.352988356196e+01       4.108779240108e+02       7.679584458463e-05       2.682126818698e+02 
       1.292998814506e+04       4.173778128400e-06       3.375172747203e+01       4.054773212471e+02       7.733361045434e-05       2.716936523869e+02 
       1.284006789017e+04       4.230281594718e-06       3.397496293372e+01       4.001493008445e+02       7.787514313861e-05       2.752181112837e+02 
       1.275077274904e+04       4.287537409542e-06       3.419959777637e+01       3.948928732474e+02       7.842046903443e-05       2.787865712178e+02 
       1.266209837647e+04       4.345555358032e-06       3.442563986346e+01       3.897070625001e+02       7.896961472387e-05       2.823995503567e+02 
       1.257404045748e+04       4.404345348495e-06       3.465309709266e+01       3.845909060591e+02       7.952260697540e-05       2.860575724287e+02 
       1.248659470709e+04       4.463917413865e-06       3.488197739590e+01       3.795434546079e+02       8.007947274522e-05       2.897611667732e+02 
       1.239975687010e+04       4.524281713203e-06       3.511228873940e+01       3.745637718744e+02       8.064023917853e-05       2.935108683923e+02 
       1.231352272089e+04       4.585448533210e-06       3.534403912374e+01       3.696509344513e+02       8.120493361088e-05       2.973072180017e+02 
       1.222788806322e+04       4.647428289760e-06       3.557723658386e+01       3.648040316182e+02       8.177358356953e-05       3.011507620830e+02 
       1.214284873000e+04       4.710231529446e-06       3.581188918916e+01       3.600221651671e+02       8.234621677475e-05       3.050420529352e+02 
       1.205840058312e+04       4.773868931150e-06       3.604800504350e+01       3.553044492290e+02       8.292286114120e-05       3.089816487276e+02 
       1.197453951324e+04       4.838351307626e-06       3.628559228527e+01       3.506500101044e+02       8.350354477929e-05       3.129701135521e+02 
       1.189126143958e+04       4.903689607100e-06       3.652465908743e+01       3.460579860949e+02       8.408829599655e-05       3.170080174768e+02 
       1.180856230973e+04       4.969894914891e-06       3.676521365754e+01       3.415275273381e+02       8.467714329904e-05       3.210959365988e+02 
       1.172643809944e+04       5.036978455050e-06       3.700726423780e+01       3.370577956439e+02       8.527011539267e-05       3.252344530983e+02 
       1.164488481245e+04       5.104951592016e-06       3.725081910512e+01       3.326479643339e+02       8.586724118470e-05       3.294241552926e+02 
       1.156389848026e+04       5.173825832291e-06       3.749588657111e+01       3.282972180821e+02       8.646854978508e-05       3.336656376903e+02 
       1.148347516197e+04       5.243612826134e-06       3.774247498217e+01       3.240047527587e+02       8.707407050791e-05       3.379595010463e+02 
       1.140361094408e+04       5.314324369270e-06       3.799059271949e+01       3.197697752758e+02       8.768383287283e-05       3.423063524164e+02 
       1.132430194026e+04       5.385972404630e-06       3.824024819909e+01       3.155915034347e+02       8.829786660652e-05       3.467068052131e+02 
       1.124554429125e+04       5.458569024096e-06       3.849144987188e+01       3.114691657758e+02       8.891620164412e-05       3.511614792610e+02 
       1.116733416456e+04       5.532126470273e-06       3.874420622368e+01       3.074020014307e+02       8.953886813069e-05       3.556710008531e+02 
       1.108966775438e+04       5.606657138281e-06       3.899852577524e+01       3.033892599760e+02       9.016589642268e-05       3.602360028067e+02 
       1.101254128134e+04       5.682173577565e-06       3.925441708229e+01       2.994302012894e+02       9.079731708945e-05       3.648571245204e+02 
       1.093595099235e+04       5.758688493724e-06       3.951188873557e+01       2.955240954072e+02       9.143316091470e-05       3.695350120312e+02 
       1.085989316040e+04       5.836214750368e-06       3.977094936087e+01       2.916702223849e+02       9.207345889805e-05       3.742703180714e+02 
       1.078436408438e+04       5.914765370982e-06       4.003160761902e+01       2.878678721583e+02       9.271824225648e-05       3.790637021266e+02 
       1.070936008893e+04       5.994353540824e-06       4.029387220598e+01       2.841163444080e+02       9.336754242592e-05       3.839158304937e+02 
       1.063487752422e+04       6.074992608836e-06       4.055775185282e+01       2.804149484244e+02       9.402139106273e-05       3.888273763387e+02 
       1.056091276580e+04       6.156696089582e-06       4.082325532575e+01       2.767630029754e+02       9.467982004529e-05       3.937990197562e+02 
       1.048746221441e+04       6.239477665200e-06       4.109039142619e+01       2.731598361761e+02       9.534286147555e-05       3.988314478274e+02 
       1.041452229581e+04       6.323351187384e-06       4.135916899075e+01       2.696047853593e+02       9.601054768057e-05       4.039253546801e+02 
       1.034208946061e+04       6.408330679382e-06       4.162959689125e+01       2.660971969489e+02       9.668291121412e-05       4.090814415481e+02 
       1.027016018409e+04       6.494430338016e-06       4.190168403480e+01       2.626364263343e+02       9.735998485829e-05       4.143004168307e+02 
       1.019873096602e+04       6.581664535732e-06       4.217543936376e+01       2.592218377469e+02       9.804180162506e-05       4.195829961537e+02 
       1.012779833053e+04       6.670047822662e-06       4.245087185580e+01       2.558528041383e+02       9.872839475792e-05       4.249299024293e+02 
       1.005735882588e+04       6.759594928716e-06       4.272799052391e+01       2.525287070599e+02       9.941979773352e-05       4.303418659174e+02 
       9.987409024336e+03       6.850320765694e-06       4.300680441640e+01       2.492489365444e+02       1.001160442633e-04       4.358196242868e+02 
       9.917945521998e+03       6.942240429424e-06       4.328732261696e+01       2.460128909891e+02       1.008171682950e-04       4.413639226763e+02 
       9.848964938619e+03       7.035369201919e-06       4.356955424464e+01       2.428199770403e+02       1.015232040146e-04       4.469755137573e+02 
       9.780463917452e+03       7.129722553563e-06       4.385350845389e+01       2.396696094798e+02       1.022341858478e-04       4.526551577952e+02 
       9.712439125082e+03       7.225316145315e-06       4.413919443456e+01       2.365612111128e+02       1.029501484616e-04       4.584036227125e+02 
       9.644887251266e+03       7.322165830947e-06       4.442662141194e+01       2.334942126571e+02       1.036711267663e-04       4.642216841512e+02 
       9.577805008772e+03       7.420287659293e-06       4.471579864674e+01       2.304680526342e+02       1.043971559171e-04       4.701101255362e+02 
       9.511189133217e+03       7.519697876536e-06       4.500673543514e+01       2.274821772618e+02       1.051282713154e-04       4.760697381388e+02 
       9.445036382910e+03       7.620412928509e-06       4.529944110876e+01       2.245360403478e+02       1.058645086112e-04       4.821013211400e+02 
       9.379343538694e+03       7.722449463030e-06       4.559392503472e+01       2.216291031854e+02       1.066059037044e-04       4.882056816952e+02 
       9.314107403788e+03       7.825824332260e-06       4.589019661560e+01       2.187608344501e+02       1.073524927467e-04       4.943836349982e+02 
       9.249324803633e+03       7.930554595079e-06       4.618826528951e+01       2.159307100983e+02       1.081043121434e-04       5.006360043459e+02 
       9.184992585738e+03       8.036657519503e-06       4.648814053002e+01       2.131382132665e+02       1.088613985551e-04       5.069636212037e+02 
       9.121107619524e+03       8.144150585112e-06       4.678983184626e+01       2.103828341725e+02       1.096237888994e-04       5.133673252704e+02 
       9.057666796174e+03       8.253051485516e-06       4.709334878284e+01       2.076640700181e+02       1.103915203529e-04       5.198479645440e+02 
       8.994667028480e+03       8.363378130843e-06       4.739870091991e+01       2.049814248925e+02       1.111646303530e-04       5.264063953879e+02 
       8.932105250695e+03       8.475148650251e-06       4.770589787316e+01       2.023344096778e+02       1.119431565997e-04       5.330434825967e+02 
       8.869978418382e+03       8.588381394477e-06       4.801494929379e+01       1.997225419551e+02       1.127271370571e-04       5.397600994633e+02 
       8.808283508266e+03       8.703094938401e-06       4.832586486858e+01       1.971453459122e+02       1.135166099560e-04       5.465571278452e+02 
       8.747017518089e+03       8.819308083652e-06       4.863865431979e+01       1.946023522530e+02       1.143116137950e-04       5.534354582325e+02 
       8.686177466459e+03       8.937039861226e-06       4.895332740528e+01       1.920930981073e+02       1.151121873429e-04       5.603959898144e+02 
       8.625760392710e+03       9.056309534150e-06       4.926989391842e+01       1.896171269426e+02       1.159183696402e-04       5.674396305478e+02 
       8.565763356757e+03       9.177136600162e-06       4.958836368812e+01       1.871739884764e+02       1.167302000015e-04       5.745672972252e+02 
       8.506183438949e+03       9.299540794424e-06       4.990874657885e+01       1.847632385906e+02       1.175477180169e-04       5.817799155428e+02 
       8.447017739934e+03       9.423542092267e-06       5.023105249060e+01       1.823844392464e+02       1.183709635543e-04       5.890784201698e+02 
       8.388263380509e+03       9.549160711962e-06       5.055529135892e+01       1.800371584004e+02       1.191999767612e-04       5.964637548168e+02 
       8.329917501489e+03       9.676417117522e-06       5.088147315486e+01       1.777209699224e+02       1.200347980665e-04       6.039368723054e+02 
       8.271977263560e+03       9.805332021537e-06       5.120960788503e+01       1.754354535136e+02       1.208754681830e-04       6.114987346380e+02 
       8.214439847147e+03       9.935926388038e-06       5.153970559153e+01       1.731801946265e+02       1.217220281087e-04       6.191503130673e+02 
       8.157302452272e+03       1.006822143539e-05       5.187177635201e+01       1.709547843858e+02       1.225745191294e-04       6.268925881670e+02 
       8.100562298422e+03       1.020223863920e-05       5.220583027961e+01       1.687588195100e+02       1.234329828204e-04       6.347265499018e+02 
       8.044216624411e+03       1.033799973533e-05       5.254187752297e+01       1.665919022347e+02       1.242974610485e-04       6.426531976985e+02 
       7.988262688244e+03       1.047552672282e-05       5.287992826623e+01       1.644536402364e+02       1.251679959743e-04       6.506735405170e+02 
       7.932697766989e+03       1.061484186694e-05       5.321999272900e+01       1.623436465576e+02       1.260446300539e-04       6.587885969218e+02 
       7.877519156639e+03       1.075596770224e-05       5.356208116638e+01       1.602615395333e+02       1.269274060414e-04       6.669993951535e+02 
       7.822724171985e+03       1.089892703565e-05       5.390620386891e+01       1.582069427175e+02       1.278163669906e-04       6.753069732011e+02 
       7.768310146480e+03       1.104374294959e-05       5.425237116260e+01       1.561794848121e+02       1.287115562574e-04       6.837123788736e+02 
       7.714274432115e+03       1.119043880510e-05       5.460059340889e+01       1.541787995953e+02       1.296130175017e-04       6.922166698733e+02 
       7.660614399286e+03       1.133903824508e-05       5.495088100464e+01       1.522045258523e+02       1.305207946896e-04       7.008209138681e+02 
       7.607327436667e+03       1.148956519746e-05       5.530324438210e+01       1.502563073060e+02       1.314349320956e-04       7.095261885650e+02 
       7.554410951086e+03       1.164204387848e-05       5.565769400895e+01       1.483337925494e+02       1.323554743049e-04       7.183335817831e+02 
       7.501862367393e+03       1.179649879600e-05       5.601424038823e+01       1.464366349782e+02       1.332824662153e-04       7.272441915277e+02 
       7.449679128340e+03       1.195295475277e-05       5.637289405833e+01       1.445644927250e+02       1.342159530393e-04       7.362591260639e+02 
       7.397858694453e+03       1.211143684986e-05       5.673366559299e+01       1.427170285940e+02       1.351559803067e-04       7.453795039911e+02 
       7.346398543911e+03       1.227197049001e-05       5.709656560129e+01       1.408939099965e+02       1.361025938669e-04       7.546064543175e+02 
       7.295296172421e+03       1.243458138110e-05       5.746160472760e+01       1.390948088881e+02       1.370558398903e-04       7.639411165347e+02 
       7.244549093100e+03       1.259929553957e-05       5.782879365158e+01       1.373194017054e+02       1.380157648717e-04       7.733846406930e+02 
       7.194154836348e+03       1.276613929399e-05       5.819814308816e+01       1.355673693049e+02       1.389824156317e-04       7.829381874769e+02 
       7.144110949733e+03       1.293513928856e-05       5.856966378752e+01       1.338383969022e+02       1.399558393194e-04       7.926029282802e+02 
       7.094414997868e+03       1.310632248673e-05       5.894336653506e+01       1.321321740116e+02       1.409360834145e-04       8.023800452825e+02 
       7.045064562297e+03       1.327971617477e-05       5.931926215137e+01       1.304483943873e+02       1.419231957298e-04       8.122707315251e+02 
       6.996057241372e+03       1.345534796550e-05       5.969736149225e+01       1.287867559650e+02       1.429172244136e-04       8.222761909874e+02 
       6.947390650140e+03       1.363324580193e-05       6.007767544862e+01       1.271469608044e+02       1.439182179516e-04       8.323976386639e+02 
       6.899062420226e+03       1.381343796103e-05       6.046021494656e+01       1.255287150323e+02       1.449262251699e-04       8.426363006410e+02 
       6.851070199715e+03       1.399595305751e-05       6.084499094725e+01       1.239317287871e+02       1.459412952368e-04       8.529934141741e+02 
       6.803411653044e+03       1.418082004760e-05       6.123201444694e+01       1.223557161631e+02       1.469634776656e-04       8.634702277657e+02 
       6.756084460881e+03       1.436806823299e-05       6.162129647695e+01       1.208003951562e+02       1.479928223169e-04       8.740680012425e+02 
       6.709086320016e+03       1.455772726463e-05       6.201284810362e+01       1.192654876108e+02       1.490293794011e-04       8.847880058340e+02 
       6.662414943249e+03       1.474982714677e-05       6.240668042831e+01       1.177507191660e+02       1.500731994805e-04       8.956315242508e+02 
       6.616068059278e+03       1.494439824086e-05       6.280280458732e+01       1.162558192042e+02       1.511243334724e-04       9.065998507628e+02 
       6.570043412589e+03       1.514147126964e-05       6.320123175193e+01       1.147805207990e+02       1.521828326509e-04       9.176942912786e+02 
       6.524338763344e+03       1.534107732118e-05       6.360197312832e+01       1.133245606650e+02       1.532487486500e-04       9.289161634241e+02 
       6.478951887275e+03       1.554324785299e-05       6.400503995757e+01       1.118876791074e+02       1.543221334657e-04       9.402667966223e+02 
       6.433880575575e+03       1.574801469618e-05       6.441044351561e+01       1.104696199725e+02       1.554030394589e-04       9.517475321729e+02 
       6.389122634790e+03       1.595541005969e-05       6.481819511320e+01       1.090701305996e+02       1.564915193576e-04       9.633597233320e+02 
       6.344675886711e+03       1.616546653447e-05       6.522830609590e+01       1.076889617723e+02       1.575876262596e-04       9.751047353923e+02 
       6.300538168270e+03       1.637821709784e-05       6.564078784404e+01       1.063258676717e+02       1.586914136353e-04       9.869839457638e+02 
       6.256707331435e+03       1.659369511777e-05       6.605565177268e+01       1.049806058294e+02       1.598029353300e-04       9.989987440544e+02 
       6.213181243104e+03       1.681193435730e-05       6.647290933157e+01       1.036529370814e+02       1.609222455668e-04       1.011150532150e+03 
       6.169957785000e+03       1.703296897895e-05       6.689257200517e+01       1.023426255229e+02       1.620493989491e-04       1.023440724298e+03 
       6.127034853573e+03       1.725683354918e-05       6.731465131254e+01       1.010494384634e+02       1.631844504632e-04       1.035870747186e+03 
       6.084410359892e+03       1.748356304296e-05       6.773915880736e+01       9.977314638268e+01       1.643274554811e-04       1.048442040025e+03 
       6.042082229546e+03       1.771319284826e-05       6.816610607788e+01       9.851352288682e+01       1.654784697634e-04       1.061156054631e+03 
       6.000048402542e+03       1.794575877075e-05       6.859550474689e+01       9.727034466572e+01       1.666375494615e-04       1.074014255507e+03 
       5.958306833208e+03       1.818129703842e-05       6.902736647167e+01       9.604339145045e+01       1.678047511209e-04       1.087018119927e+03 
       5.916855490089e+03       1.841984430630e-05       6.946170294399e+01       9.483244597156e+01       1.689801316836e-04       1.100169138016e+03 
       5.875692355850e+03       1.866143766124e-05       6.989852589005e+01       9.363729391783e+01       1.701637484909e-04       1.113468812836e+03 
       5.834815427178e+03       1.890611462671e-05       7.033784707042e+01       9.245772389569e+01       1.713556592867e-04       1.126918660467e+03 
       5.794222714685e+03       1.915391316766e-05       7.077967828007e+01       9.129352738905e+01       1.725559222194e-04       1.140520210091e+03 
       5.753912242811e+03       1.940487169548e-05       7.122403134828e+01       9.014449871988e+01       1.737645958457e-04       1.154275004075e+03 
       5.713882049727e+03       1.965902907292e-05       7.167091813862e+01       8.901043500913e+01       1.749817391327e-04       1.168184598060e+03 
       5.674130187239e+03       1.991642461912e-05       7.212035054892e+01       8.789113613835e+01       1.762074114613e-04       1.182250561035e+03 
       5.634654720696e+03       2.017709811472e-05       7.257234051123e+01       8.678640471175e+01       1.774416726289e-04       1.196474475434e+03 
       5.595453728893e+03       2.044108980695e-05       7.302689999178e+01       8.569604601883e+01       1.786845828523e-04       1.210857937210e+03 
       5.556525303978e+03       2.070844041482e-05       7.348404099095e+01       8.461986799746e+01       1.799362027706e-04       1.225402555926e+03 
       5.517867551362e+03       2.097919113436e-05       7.394377554324e+01       8.355768119759e+01       1.811965934483e-04       1.240109954838e+03 
       5.479478589623e+03       2.125338364393e-05       7.440611571718e+01       8.250929874528e+01       1.824658163783e-04       1.254981770983e+03 
       5.441356550416e+03       2.153106010954e-05       7.487107361539e+01       8.147453630745e+01       1.837439334846e-04       1.270019655261e+03 
       5.403499578383e+03       2.181226319025e-05       7.533866137446e+01       8.045321205689e+01       1.850310071258e-04       1.285225272524e+03 
       5.365905831060e+03       2.209703604366e-05       7.580889116493e+01       7.944514663793e+01       1.863271000978e-04       1.300600301660e+03 
       5.328573478792e+03       2.238542233140e-05       7.628177519130e+01       7.845016313248e+01       1.876322756368e-04       1.316146435683e+03 
       5.291500704638e+03       2.267746622471e-05       7.675732569192e+01       7.746808702658e+01       1.889465974228e-04       1.331865381814e+03 
       5.254685704289e+03       2.297321241010e-05       7.723555493902e+01       7.649874617740e+01       1.902701295824e-04       1.347758861574e+03 
       5.218126685974e+03       2.327270609499e-05       7.771647523861e+01       7.554197078068e+01       1.916029366918e-04       1.363828610869e+03 
       5.181821870379e+03       2.357599301352e-05       7.820009893050e+01       7.459759333869e+01       1.929450837804e-04       1.380076380076e+03 
       5.145769490553e+03       2.388311943233e-05       7.868643838823e+01       7.366544862851e+01       1.942966363337e-04       1.396503934131e+03 
       5.109967791829e+03       2.419413215642e-05       7.917550601905e+01       7.274537367086e+01       1.956576602963e-04       1.413113052621e+03 
       5.074415031737e+03       2.450907853512e-05       7.966731426386e+01       7.183720769929e+01       1.970282220757e-04       1.429905529867e+03 
       5.039109479914e+03       2.482800646809e-05       8.016187559718e+01       7.094079212983e+01       1.984083885448e-04       1.446883175016e+03 
       5.004049418028e+03       2.515096441132e-05       8.065920252715e+01       7.005597053107e+01       1.997982270459e-04       1.464047812129e+03 
       4.969233139688e+03       2.547800138335e-05       8.115930759544e+01       6.918258859458e+01       2.011978053935e-04       1.481401280267e+03 
       4.934658950363e+03       2.580916697135e-05       8.166220337723e+01       6.832049410583e+01       2.026071918777e-04       1.498945433587e+03 
       4.900325167301e+03       2.614451133747e-05       8.216790248121e+01       6.746953691545e+01       2.040264552677e-04       1.516682141426e+03 
       4.866230119445e+03       2.648408522508e-05       8.267641754948e+01       6.662956891092e+01       2.054556648151e-04       1.534613288391e+03 
       4.832372147354e+03       2.682793996522e-05       8.318776125758e+01       6.580044398860e+01       2.068948902572e-04       1.552740774452e+03 
       4.798749603118e+03       2.717612748300e-05       8.370194631441e+01       6.498201802623e+01       2.083442018203e-04       1.571066515032e+03 
       4.765360850283e+03       2.752870030415e-05       8.421898546220e+01       6.417414885573e+01       2.098036702235e-04       1.589592441096e+03 
       4.732204263768e+03       2.788571156157e-05       8.473889147649e+01       6.337669623640e+01       2.112733666818e-04       1.608320499241e+03 
       4.699278229788e+03       2.824721500205e-05       8.526167716609e+01       6.258952182852e+01       2.127533629097e-04       1.627252651790e+03 
       4.666581145773e+03       2.861326499292e-05       8.578735537303e+01       6.181248916726e+01       2.142437311249e-04       1.646390876883e+03 
       4.634111420292e+03       2.898391652889e-05       8.631593897257e+01       6.104546363699e+01       2.157445440515e-04       1.665737168568e+03 
       4.601867472976e+03       2.935922523893e-05       8.684744087311e+01       6.028831244594e+01       2.172558749236e-04       1.685293536890e+03 
       4.569847734438e+03       2.973924739316e-05       8.738187401618e+01       5.954090460119e+01       2.187777974892e-04       1.705062007990e+03 
       4.538050646201e+03       3.012403990988e-05       8.791925137642e+01       5.880311088399e+01       2.203103860134e-04       1.725044624192e+03 
       4.506474660618e+03       3.051366036268e-05       8.845958596154e+01       5.807480382551e+01       2.218537152822e-04       1.745243444097e+03 
       4.475118240800e+03       3.090816698757e-05       8.900289081228e+01       5.735585768279e+01       2.234078606065e-04       1.765660542679e+03 
       4.443979860539e+03       3.130761869021e-05       8.954917900239e+01       5.664614841515e+01       2.249728978249e-04       1.786298011375e+03 
       4.413058004235e+03       3.171207505323e-05       9.009846363858e+01       5.594555366082e+01       2.265489033083e-04       1.807157958179e+03 
       4.382351166822e+03       3.212159634363e-05       9.065075786051e+01       5.525395271395e+01       2.281359539632e-04       1.828242507738e+03 
       4.351857853694e+03       3.253624352021e-05       9.120607484076e+01       5.457122650194e+01       2.297341272355e-04       1.849553801447e+03 
       4.321576580633e+03       3.295607824111e-05       9.176442778477e+01       5.389725756306e+01       2.313435011143e-04       1.871093997539e+03 
       4.291505873737e+03       3.338116287146e-05       9.232582993087e+01       5.323193002438e+01       2.329641541359e-04       1.892865271183e+03 
       4.261644269348e+03       3.381156049105e-05       9.289029455017e+01       5.257512958000e+01       2.345961653871e-04       1.914869814582e+03 
       4.231990313981e+03       3.424733490211e-05       9.345783494662e+01       5.192674346961e+01       2.362396145097e-04       1.937109837062e+03 
       4.202542564251e+03       3.468855063718e-05       9.402846445693e+01       5.128666045731e+01       2.378945817042e-04       1.959587565174e+03 
       4.173299586808e+03       3.513527296704e-05       9.460219645054e+01       5.065477081075e+01       2.395611477333e-04       1.982305242785e+03 
       4.144259958261e+03       3.558756790876e-05       9.517904432962e+01       5.003096628051e+01       2.412393939263e-04       2.005265131179e+03 
       4.115422265115e+03       3.604550223376e-05       9.575902152905e+01       4.941514007986e+01       2.429294021832e-04       2.028469509151e+03 
       4.086785103695e+03       3.650914347604e-05       9.634214151635e+01       4.880718686465e+01       2.446312549782e-04       2.051920673105e+03 
       4.058347080085e+03       3.697855994044e-05       9.692841779171e+01       4.820700271366e+01       2.463450353639e-04       2.075620937152e+03 
       4.030106810056e+03       3.745382071101e-05       9.751786388794e+01       4.761448510903e+01       2.480708269757e-04       2.099572633204e+03 
       4.002062918999e+03       3.793499565946e-05       9.811049337046e+01       4.702953291713e+01       2.498087140354e-04       2.123778111080e+03 
       3.974214041859e+03       3.842215545371e-05       9.870631983725e+01       4.645204636956e+01       2.515587813556e-04       2.148239738595e+03 
       3.946558823069e+03       3.891537156650e-05       9.930535691888e+01       4.588192704451e+01       2.533211143439e-04       2.172959901667e+03 
       3.919095916481e+03       3.941471628410e-05       9.990761827845e+01       4.531907784832e+01       2.550957990067e-04       2.197941004409e+03 
       3.891823985307e+03       3.992026271516e-05       1.005131176116e+02       4.476340299728e+01       2.568829219539e-04       2.223185469236e+03 
       3.864741702044e+03       4.043208479956e-05       1.011218686464e+02       4.421480799977e+01       2.586825704027e-04       2.248695736957e+03 
       3.837847748421e+03       4.095025731745e-05       1.017338851436e+02       4.367319963853e+01       2.604948321821e-04       2.274474266883e+03 
       3.811140815326e+03       4.147485589828e-05       1.023491808961e+02       4.313848595327e+01       2.623197957371e-04       2.300523536920e+03 
       3.784619602745e+03       4.200595703007e-05       1.029677697297e+02       4.261057622342e+01       2.641575501332e-04       2.326846043677e+03 
       3.758282819700e+03       4.254363806858e-05       1.035896655022e+02       4.208938095127e+01       2.660081850605e-04       2.353444302560e+03 
       3.732129184185e+03       4.308797724678e-05       1.042148821042e+02       4.157481184516e+01       2.678717908380e-04       2.380320847882e+03 
       3.706157423106e+03       4.363905368424e-05       1.048434334585e+02       4.106678180302e+01       2.697484584184e-04       2.407478232959e+03 
       3.680366272213e+03       4.419694739679e-05       1.054753335204e+02       4.056520489615e+01       2.716382793924e-04       2.434919030212e+03 
       3.654754476045e+03       4.476173930610e-05       1.061105962775e+02       4.006999635310e+01       2.735413459929e-04       2.462645831277e+03 
       3.629320787866e+03       4.533351124952e-05       1.067492357500e+02       3.958107254392e+01       2.754577510999e-04       2.490661247100e+03 
       3.604063969606e+03       4.591234598989e-05       1.073912659902e+02       3.909835096452e+01       2.773875882447e-04       2.518967908046e+03 
       3.578982791797e+03       4.649832722561e-05       1.080367010831e+02       3.862175022128e+01       2.793309516146e-04       2.547568463999e+03 
       3.554076033518e+03       4.709153960060e-05       1.086855551459e+02       3.815119001593e+01       2.812879360578e-04       2.576465584472e+03 
       3.529342482331e+03       4.769206871458e-05       1.093378423281e+02       3.768659113052e+01       2.832586370873e-04       2.605661958708e+03 
       3.504780934226e+03       4.830000113333e-05       1.099935768118e+02       3.722787541267e+01       2.852431508865e-04       2.635160295786e+03 
       3.480390193561e+03       4.891542439907e-05       1.106527728112e+02       3.677496576105e+01       2.872415743130e-04       2.664963324727e+03 
       3.456169073003e+03       4.953842704099e-05       1.113154445731e+02       3.632778611101e+01       2.892540049040e-04       2.695073794601e+03 
       3.432116393470e+03       5.016909858586e-05       1.119816063766e+02       3.588626142040e+01       2.912805408807e-04       2.725494474633e+03 
       3.408230984075e+03       5.080752956876e-05       1.126512725330e+02       3.545031765560e+01       2.933212811533e-04       2.756228154312e+03 
       3.384511682069e+03       5.145381154390e-05       1.133244573863e+02       3.501988177780e+01       2.953763253255e-04       2.787277643496e+03 
       3.360957332783e+03       5.210803709560e-05       1.140011753125e+02       3.459488172937e+01       2.974457737000e-04       2.818645772522e+03 
       3.337566789575e+03       5.277029984934e-05       1.146814407204e+02       3.417524642048e+01       2.995297272826e-04       2.850335392315e+03 
       3.314338913768e+03       5.344069448293e-05       1.153652680508e+02       3.376090571588e+01       3.016282877877e-04       2.882349374494e+03 
       3.291272574603e+03       5.411931673784e-05       1.160526717773e+02       3.335179042188e+01       3.037415576432e-04       2.914690611486e+03 
       3.268366649176e+03       5.480626343058e-05       1.167436664055e+02       3.294783227353e+01       3.058696399952e-04       2.947362016635e+03 
       3.245620022388e+03       5.550163246427e-05       1.174382664737e+02       3.254896392186e+01       3.080126387134e-04       2.980366524309e+03 
       3.223031586892e+03       5.620552284025e-05       1.181364865525e+02       3.215511892147e+01       3.101706583959e-04       3.013707090017e+03 
       3.200600243032e+03       5.691803466989e-05       1.188383412452e+02       3.176623171817e+01       3.123438043745e-04       3.047386690517e+03 
       3.178324898800e+03       5.763926918651e-05       1.195438451872e+02       3.138223763681e+01       3.145321827198e-04       3.081408323927e+03 
       3.156204469772e+03       5.836932875733e-05       1.202530130468e+02       3.100307286930e+01       3.167359002463e-04       3.115775009843e+03 
       3.134237879065e+03       5.910831689568e-05       1.209658595243e+02       3.062867446278e+01       3.189550645175e-04       3.150489789448e+03 
       3.112424057276e+03       5.985633827327e-05       1.216823993530e+02       3.025898030797e+01       3.211897838516e-04       3.185555725628e+03 
       3.090761942436e+03       6.061349873257e-05       1.224026472986e+02       2.989392912766e+01       3.234401673263e-04       3.220975903084e+03 
       3.069250479957e+03       6.137990529935e-05       1.231266181592e+02       2.953346046536e+01       3.257063247844e-04       3.256753428450e+03 
       3.047888622579e+03       6.215566619534e-05       1.238543267656e+02       2.917751467412e+01       3.279883668392e-04       3.292891430408e+03 
       3.026675330321e+03       6.294089085107e-05       1.245857879815e+02       2.882603290549e+01       3.302864048795e-04       3.329393059804e+03 
       3.005609570428e+03       6.373568991871e-05       1.253210167027e+02       2.847895709863e+01       3.326005510758e-04       3.366261489764e+03 
       2.984690317324e+03       6.454017528521e-05       1.260600278582e+02       2.813622996960e+01       3.349309183848e-04       3.403499915811e+03 
       2.963916552559e+03       6.535446008548e-05       1.268028364095e+02       2.779779500076e+01       3.372776205559e-04       3.441111555988e+03 
       2.943287264762e+03       6.617865871572e-05       1.275494573507e+02       2.746359643031e+01       3.396407721359e-04       3.479099650970e+03 
       2.922801449590e+03       6.701288684689e-05       1.282999057090e+02       2.713357924205e+01       3.420204884752e-04       3.517467464187e+03 
       2.902458109680e+03       6.785726143833e-05       1.290541965441e+02       2.680768915514e+01       3.444168857333e-04       3.556218281946e+03 
       2.882256254601e+03       6.871190075156e-05       1.298123449489e+02       2.648587261419e+01       3.468300808842e-04       3.595355413547e+03 
       2.862194900804e+03       6.957692436411e-05       1.305743660488e+02       2.616807677928e+01       3.492601917222e-04       3.634882191407e+03 
       2.842273071575e+03       7.045245318364e-05       1.313402750025e+02       2.585424951628e+01       3.517073368681e-04       3.674801971184e+03 
       2.822489796990e+03       7.133860946209e-05       1.321100870014e+02       2.554433938723e+01       3.541716357745e-04       3.715118131895e+03 
       2.802844113863e+03       7.223551681004e-05       1.328838172702e+02       2.523829564086e+01       3.566532087316e-04       3.755834076045e+03 
       2.783335065703e+03       7.314330021118e-05       1.336614810663e+02       2.493606820322e+01       3.591521768734e-04       3.796953229745e+03 
       2.763961702666e+03       7.406208603702e-05       1.344430936807e+02       2.463760766853e+01       3.616686621836e-04       3.838479042845e+03 
       2.744723081509e+03       7.499200206160e-05       1.352286704371e+02       2.434286529001e+01       3.642027875011e-04       3.880414989052e+03 
       2.725618265544e+03       7.593317747650e-05       1.360182266928e+02       2.405179297096e+01       3.667546765267e-04       3.922764566060e+03 
       2.706646324593e+03       7.688574290593e-05       1.368117778381e+02       2.376434325592e+01       3.693244538286e-04       3.965531295677e+03 
       2.687806334942e+03       7.784983042200e-05       1.376093392968e+02       2.348046932192e+01       3.719122448484e-04       4.008718723953e+03 
       2.669097379297e+03       7.882557356015e-05       1.384109265260e+02       2.320012496990e+01       3.745181759079e-04       4.052330421309e+03 
       2.650518546737e+03       7.981310733470e-05       1.392165550164e+02       2.292326461622e+01       3.771423742146e-04       4.096369982666e+03 
       2.632068932674e+03       8.081256825467e-05       1.400262402919e+02       2.264984328430e+01       3.797849678683e-04       4.140841027574e+03 
       2.613747638803e+03       8.182409433962e-05       1.408399979103e+02       2.237981659638e+01       3.824460858669e-04       4.185747200347e+03 
       2.595553773066e+03       8.284782513578e-05       1.416578434629e+02       2.211314076533e+01       3.851258581135e-04       4.231092170190e+03 
       2.577486449602e+03       8.388390173228e-05       1.424797925747e+02       2.184977258669e+01       3.878244154217e-04       4.276879631338e+03 
       2.559544788705e+03       8.493246677756e-05       1.433058609045e+02       2.158966943070e+01       3.905418895231e-04       4.323113303183e+03 
       2.541727916786e+03       8.599366449597e-05       1.441360641450e+02       2.133278923454e+01       3.932784130727e-04       4.369796930414e+03 
       2.524034966323e+03       8.706764070456e-05       1.449704180226e+02       2.107909049459e+01       3.960341196561e-04       4.416934283148e+03 
       2.506465075827e+03       8.815454282995e-05       1.458089382978e+02       2.082853225885e+01       3.988091437958e-04       4.464529157072e+03 
       2.489017389793e+03       8.925451992552e-05       1.466516407654e+02       2.058107411945e+01       4.016036209577e-04       4.512585373573e+03 
       2.471691058661e+03       9.036772268865e-05       1.474985412541e+02       2.033667620528e+01       4.044176875576e-04       4.561106779883e+03 
       2.454485238777e+03       9.149430347822e-05       1.483496556267e+02       2.009529917467e+01       4.072514809682e-04       4.610097249215e+03 
       2.437399092350e+03       9.263441633228e-05       1.492049997807e+02       1.985690420822e+01       4.101051395256e-04       4.659560680900e+03 
       2.420431787409e+03       9.378821698587e-05       1.500645896477e+02       1.962145300172e+01       4.129788025361e-04       4.709501000536e+03 
       2.403582497766e+03       9.495586288904e-05       1.509284411937e+02       1.938890775916e+01       4.158726102830e-04       4.759922160121e+03 
       2.386850402975e+03       9.613751322512e-05       1.517965704197e+02       1.915923118583e+01       4.187867040333e-04       4.810828138203e+03 
       2.370234688290e+03       9.733332892908e-05       1.526689933608e+02       1.893238648150e+01       4.217212260449e-04       4.862222940019e+03 
       2.353734544630e+03       9.854347270613e-05       1.535457260872e+02       1.870833733376e+01       4.246763195733e-04       4.914110597642e+03 
       2.337349168534e+03       9.976810905056e-05       1.544267847040e+02       1.848704791136e+01       4.276521288786e-04       4.966495170129e+03 
       2.321077762126e+03       1.010074042647e-04       1.553121853508e+02       1.826848285773e+01       4.306487992329e-04       5.019380743664e+03 
       2.304919533073e+03       1.022615264781e-04       1.562019442028e+02       1.805260728451e+01       4.336664769268e-04       5.072771431708e+03 
       2.288873694551e+03       1.035306456670e-04       1.570960774699e+02       1.783938676522e+01       4.367053092770e-04       5.126671375150e+03 
       2.272939465201e+03       1.048149336737e-04       1.579946013975e+02       1.762878732899e+01       4.397654446334e-04       5.181084742451e+03 
       2.257116069097e+03       1.061145642268e-04       1.588975322662e+02       1.742077545441e+01       4.428470323862e-04       5.236015729805e+03 
       2.241402735703e+03       1.074297129608e-04       1.598048863920e+02       1.721531806343e+01       4.459502229734e-04       5.291468561281e+03 
       2.225798699839e+03       1.087605574363e-04       1.607166801266e+02       1.701238251536e+01       4.490751678879e-04       5.347447488985e+03 
       2.210303201641e+03       1.101072771608e-04       1.616329298574e+02       1.681193660092e+01       4.522220196851e-04       5.403956793209e+03 
       2.194915486528e+03       1.114700536091e-04       1.625536520073e+02       1.661394853645e+01       4.553909319903e-04       5.461000782589e+03 
       2.179634805160e+03       1.128490702442e-04       1.634788630354e+02       1.641838695810e+01       4.585820595062e-04       5.518583794263e+03 
       2.164460413408e+03       1.142445125382e-04       1.644085794366e+02       1.622522091620e+01       4.617955580205e-04       5.576710194025e+03 
       2.149391572311e+03       1.156565679939e-04       1.653428177420e+02       1.603441986959e+01       4.650315844132e-04       5.635384376490e+03 
       2.134427548045e+03       1.170854261663e-04       1.662815945190e+02       1.584595368015e+01       4.682902966647e-04       5.694610765250e+03 
       2.119567611885e+03       1.185312786841e-04       1.672249263713e+02       1.565979260734e+01       4.715718538634e-04       5.754393813038e+03 
       2.104811040171e+03       1.199943192717e-04       1.681728299390e+02       1.547590730280e+01       4.748764162133e-04       5.814738001890e+03 
       2.090157114272e+03       1.214747437718e-04       1.691253218991e+02       1.529426880505e+01       4.782041450417e-04       5.875647843309e+03 
       2.075605120550e+03       1.229727501674e-04       1.700824189651e+02       1.511484853429e+01       4.815552028077e-04       5.937127878432e+03 
       2.061154350327e+03       1.244885386047e-04       1.710441378875e+02       1.493761828721e+01       4.849297531093e-04       5.999182678195e+03 
       2.046804099850e+03       1.260223114158e-04       1.720104954537e+02       1.476255023193e+01       4.883279606922e-04       6.061816843502e+03 
       2.032553670256e+03       1.275742731423e-04       1.729815084882e+02       1.458961690295e+01       4.917499914572e-04       6.125035005394e+03 
       2.018402367540e+03       1.291446305581e-04       1.739571938531e+02       1.441879119623e+01       4.951960124687e-04       6.188841825220e+03 
       2.004349502519e+03       1.307335926936e-04       1.749375684477e+02       1.425004636429e+01       4.986661919625e-04       6.253241994807e+03 
       1.990394390799e+03       1.323413708591e-04       1.759226492087e+02       1.408335601141e+01       5.021606993545e-04       6.318240236639e+03 
       1.976536352744e+03       1.339681786694e-04       1.769124531109e+02       1.391869408887e+01       5.056797052484e-04       6.383841304024e+03 
       1.962774713439e+03       1.356142320677e-04       1.779069971666e+02       1.375603489027e+01       5.092233814448e-04       6.450049981277e+03 
       1.949108802660e+03       1.372797493508e-04       1.789062984263e+02       1.359535304693e+01       5.127919009485e-04       6.516871083892e+03 
       1.935537954841e+03       1.389649511935e-04       1.799103739785e+02       1.343662352330e+01       5.163854379782e-04       6.584309458726e+03 
       1.922061509040e+03       1.406700606742e-04       1.809192409502e+02       1.327982161247e+01       5.200041679738e-04       6.652369984175e+03 
       1.908678808912e+03       1.423953032999e-04       1.819329165067e+02       1.312492293180e+01       5.236482676059e-04       6.721057570360e+03 
       1.895389202668e+03       1.441409070324e-04       1.829514178520e+02       1.297190341844e+01       5.273179147840e-04       6.790377159306e+03 
       1.882192043051e+03       1.459071023138e-04       1.839747622287e+02       1.282073932513e+01       5.310132886652e-04       6.860333725129e+03 
       1.869086687304e+03       1.476941220929e-04       1.850029669186e+02       1.267140721588e+01       5.347345696631e-04       6.930932274225e+03 
       1.856072497133e+03       1.495022018521e-04       1.860360492423e+02       1.252388396178e+01       5.384819394563e-04       7.002177845453e+03 
       1.843148838683e+03       1.513315796334e-04       1.870740265598e+02       1.237814673689e+01       5.422555809977e-04       7.074075510325e+03 
       1.830315082503e+03       1.531824960663e-04       1.881169162706e+02       1.223417301415e+01       5.460556785231e-04       7.146630373202e+03 
       1.817570603514e+03       1.550551943946e-04       1.891647358137e+02       1.209194056136e+01       5.498824175604e-04       7.219847571480e+03 
       1.804914780985e+03       1.569499205044e-04       1.902175026678e+02       1.195142743717e+01       5.537359849385e-04       7.293732275788e+03 
       1.792346998496e+03       1.588669229519e-04       1.912752343516e+02       1.181261198725e+01       5.576165687965e-04       7.368289690182e+03 
       1.779866643912e+03       1.608064529915e-04       1.923379484239e+02       1.167547284033e+01       5.615243585929e-04       7.443525052343e+03 
       1.767473109351e+03       1.627687646045e-04       1.934056624838e+02       1.153998890448e+01       5.654595451148e-04       7.519443633777e+03 
       1.755165791156e+03       1.647541145280e-04       1.944783941708e+02       1.140613936328e+01       5.694223204873e-04       7.596050740012e+03 
       1.742944089865e+03       1.667627622838e-04       1.955561611651e+02       1.127390367218e+01       5.734128781827e-04       7.673351710805e+03 
       1.730807410183e+03       1.687949702082e-04       1.966389811877e+02       1.114326155479e+01       5.774314130302e-04       7.751351920341e+03 
       1.718755160951e+03       1.708510034812e-04       1.977268720006e+02       1.101419299932e+01       5.814781212253e-04       7.830056777443e+03 
       1.706786755118e+03       1.729311301572e-04       1.988198514070e+02       1.088667825500e+01       5.855532003392e-04       7.909471725776e+03 
       1.694901609713e+03       1.750356211948e-04       1.999179372515e+02       1.076069782858e+01       5.896568493289e-04       7.989602244058e+03 
       1.683099145817e+03       1.771647504879e-04       2.010211474203e+02       1.063623248087e+01       5.937892685463e-04       8.070453846271e+03 
       1.671378788533e+03       1.793187948967e-04       2.021294998414e+02       1.051326322334e+01       5.979506597485e-04       8.152032081872e+03 
       1.659739966961e+03       1.814980342788e-04       2.032430124845e+02       1.039177131473e+01       6.021412261075e-04       8.234342536008e+03 
       1.648182114167e+03       1.837027515209e-04       2.043617033618e+02       1.027173825777e+01       6.063611722199e-04       8.317390829733e+03 
       1.636704667158e+03       1.859332325711e-04       2.054855905277e+02       1.015314579588e+01       6.106107041172e-04       8.401182620225e+03 
       1.625307066852e+03       1.881897664711e-04       2.066146920791e+02       1.003597590993e+01       6.148900292757e-04       8.485723601007e+03 
       1.613988758055e+03       1.904726453888e-04       2.077490261558e+02       9.920210815098e+00       6.191993566268e-04       8.571019502168e+03 
       1.602749189428e+03       1.927821646512e-04       2.088886109406e+02       9.805832957692e+00       6.235388965667e-04       8.657076090585e+03 
       1.591587813467e+03       1.951186227783e-04       2.100334646592e+02       9.692825012069e+00       6.279088609674e-04       8.743899170151e+03 
       1.580504086470e+03       1.974823215162e-04       2.111836055810e+02       9.581169877575e+00       6.323094631866e-04       8.831494582002e+03 
       1.569497468515e+03       1.998735658718e-04       2.123390520189e+02       9.470850675535e+00       6.367409180780e-04       8.919868204745e+03 
       1.558567423434e+03       2.022926641466e-04       2.134998223294e+02       9.361850746275e+00       6.412034420022e-04       9.009025954690e+03 
       1.547713418781e+03       2.047399279721e-04       2.146659349133e+02       9.254153646196e+00       6.456972528370e-04       9.098973786084e+03 
       1.536934925814e+03       2.072156723445e-04       2.158374082156e+02       9.147743144878e+00       6.502225699881e-04       9.189717691343e+03 
       1.526231419464e+03       2.097202156606e-04       2.170142607255e+02       9.042603222230e+00       6.547796143997e-04       9.281263701296e+03 
       1.515602378311e+03       2.122538797534e-04       2.181965109773e+02       8.938718065677e+00       6.593686085656e-04       9.373617885414e+03 
       1.505047284559e+03       2.148169899288e-04       2.193841775499e+02       8.836072067382e+00       6.639897765396e-04       9.466786352063e+03 
       1.494565624011e+03       2.174098750019e-04       2.205772790673e+02       8.734649821511e+00       6.686433439469e-04       9.560775248737e+03 
       1.484156886043e+03       2.200328673340e-04       2.217758341991e+02       8.634436121535e+00       6.733295379949e-04       9.655590762310e+03 
       1.473820563580e+03       2.226863028707e-04       2.229798616603e+02       8.535415957564e+00       6.780485874841e-04       9.751239119280e+03 
       1.463556153070e+03       2.253705211789e-04       2.241893802118e+02       8.437574513721e+00       6.828007228197e-04       9.847726586022e+03 
       1.453363154461e+03       2.280858654856e-04       2.254044086604e+02       8.340897165553e+00       6.875861760225e-04       9.945059469034e+03 
       1.443241071179e+03       2.308326827165e-04       2.266249658594e+02       8.245369477476e+00       6.924051807405e-04       1.004324411520e+04 
       1.433189410096e+03       2.336113235348e-04       2.278510707084e+02       8.150977200249e+00       6.972579722600e-04       1.014228691203e+04 
       1.423207681516e+03       2.364221423808e-04       2.290827421539e+02       8.057706268496e+00       7.021447875174e-04       1.024219428794e+04 
       1.413295399143e+03       2.392654975118e-04       2.303199991894e+02       7.965542798247e+00       7.070658651105e-04       1.034297271250e+04 
       1.403452080062e+03       2.421417510427e-04       2.315628608556e+02       7.874473084524e+00       7.120214453103e-04       1.044462869668e+04 
       1.393677244714e+03       2.450512689860e-04       2.328113462405e+02       7.784483598950e+00       7.170117700727e-04       1.054716879317e+04 
       1.383970416873e+03       2.479944212936e-04       2.340654744802e+02       7.695560987400e+00       7.220370830504e-04       1.065059959657e+04 
       1.374331123624e+03       2.509715818981e-04       2.353252647586e+02       7.607692067680e+00       7.270976296047e-04       1.075492774371e+04 
       1.364758895335e+03       2.539831287551e-04       2.365907363076e+02       7.520863827234e+00       7.321936568173e-04       1.086015991393e+04 
       1.355253265642e+03       2.570294438853e-04       2.378619084079e+02       7.435063420885e+00       7.373254135028e-04       1.096630282932e+04 
       1.345813771420e+03       2.601109134175e-04       2.391388003888e+02       7.350278168614e+00       7.424931502205e-04       1.107336325500e+04 
       1.336439952762e+03       2.632279276323e-04       2.404214316285e+02       7.266495553355e+00       7.476971192867e-04       1.118134799943e+04 
       1.327131352960e+03       2.663808810054e-04       2.417098215547e+02       7.183703218832e+00       7.529375747872e-04       1.129026391466e+04 
       1.317887518479e+03       2.695701722525e-04       2.430039896442e+02       7.101888967418e+00       7.582147725894e-04       1.140011789663e+04 
       1.308707998934e+03       2.727962043736e-04       2.443039554240e+02       7.021040758029e+00       7.635289703551e-04       1.151091688544e+04 
       1.299592347073e+03       2.760593846982e-04       2.456097384708e+02       6.941146704045e+00       7.688804275528e-04       1.162266786566e+04 
       1.290540118751e+03       2.793601249313e-04       2.469213584116e+02       6.862195071252e+00       7.742694054707e-04       1.173537786661e+04 
       1.281550872910e+03       2.826988411996e-04       2.482388349242e+02       6.784174275824e+00       7.796961672291e-04       1.184905396264e+04 
       1.272624171557e+03       2.860759540977e-04       2.495621877370e+02       6.707072882326e+00       7.851609777934e-04       1.196370327343e+04 
       1.263759579745e+03       2.894918887358e-04       2.508914366296e+02       6.630879601741e+00       7.906641039872e-04       1.207933296434e+04 
       1.254956665548e+03       2.929470747872e-04       2.522266014327e+02       6.555583289532e+00       7.962058145051e-04       1.219595024661e+04 
       1.246215000041e+03       2.964419465361e-04       2.535677020290e+02       6.481172943723e+00       8.017863799259e-04       1.231356237777e+04 
       1.237534157284e+03       2.999769429269e-04       2.549147583530e+02       6.407637703011e+00       8.074060727258e-04       1.243217666186e+04 
       1.228913714293e+03       3.035525076130e-04       2.562677903911e+02       6.334966844900e+00       8.130651672918e-04       1.255180044979e+04 
       1.220353251027e+03       3.071690890064e-04       2.576268181825e+02       6.263149783862e+00       8.187639399348e-04       1.267244113963e+04 
       1.211852350363e+03       3.108271403283e-04       2.589918618191e+02       6.192176069527e+00       8.245026689034e-04       1.279410617693e+04 
       1.203410598076e+03       3.145271196594e-04       2.603629414456e+02       6.122035384888e+00       8.302816343977e-04       1.291680305504e+04 
       1.195027582823e+03       3.182694899918e-04       2.617400772601e+02       6.052717544538e+00       8.361011185821e-04       1.304053931543e+04 
       1.186702896116e+03       3.220547192801e-04       2.631232895145e+02       5.984212492933e+00       8.419614056002e-04       1.316532254798e+04 
       1.178436132311e+03       3.258832804944e-04       2.645125985142e+02       5.916510302667e+00       8.478627815877e-04       1.329116039136e+04 
       1.170226888578e+03       3.297556516729e-04       2.659080246191e+02       5.849601172785e+00       8.538055346870e-04       1.341806053330e+04 
       1.162074764891e+03       3.336723159755e-04       2.673095882433e+02       5.783475427108e+00       8.597899550610e-04       1.354603071097e+04 
       1.153979364003e+03       3.376337617377e-04       2.687173098559e+02       5.718123512585e+00       8.658163349075e-04       1.367507871126e+04 
       1.145940291427e+03       3.416404825254e-04       2.701312099807e+02       5.653535997669e+00       8.718849684729e-04       1.380521237119e+04 
       1.137957155418e+03       3.456929771902e-04       2.715513091970e+02       5.589703570710e+00       8.779961520675e-04       1.393643957815e+04 
       1.130029566956e+03       3.497917499248e-04       2.729776281399e+02       5.526617038375e+00       8.841501840789e-04       1.406876827033e+04 
       1.122157139722e+03       3.539373103198e-04       2.744101875001e+02       5.464267324087e+00       8.903473649874e-04       1.420220643702e+04 
       1.114339490085e+03       3.581301734202e-04       2.758490080248e+02       5.402645466483e+00       8.965879973804e-04       1.433676211895e+04 
       1.106576237077e+03       3.623708597835e-04       2.772941105174e+02       5.341742617899e+00       9.028723859669e-04       1.447244340866e+04 
       1.098867002381e+03       3.666598955373e-04       2.787455158385e+02       5.281550042870e+00       9.092008375930e-04       1.460925845085e+04 
       1.091211410307e+03       3.709978124387e-04       2.802032449056e+02       5.222059116651e+00       9.155736612561e-04       1.474721544272e+04 
       1.083609087780e+03       3.753851479332e-04       2.816673186936e+02       5.163261323761e+00       9.219911681207e-04       1.488632263436e+04 
       1.076059664313e+03       3.798224452147e-04       2.831377582353e+02       5.105148256543e+00       9.284536715331e-04       1.502658832907e+04 
       1.068562771998e+03       3.843102532869e-04       2.846145846214e+02       5.047711613748e+00       9.349614870370e-04       1.516802088375e+04 
       1.061118045483e+03       3.888491270235e-04       2.860978190010e+02       4.990943199133e+00       9.415149323886e-04       1.531062870926e+04 
       1.053725121955e+03       3.934396272312e-04       2.875874825820e+02       4.934834920081e+00       9.481143275727e-04       1.545442027080e+04 
       1.046383641124e+03       3.980823207115e-04       2.890835966310e+02       4.879378786242e+00       9.547599948175e-04       1.559940408826e+04 
       1.039093245202e+03       4.027777803245e-04       2.905861824742e+02       4.824566908186e+00       9.614522586110e-04       1.574558873661e+04 
       1.031853578891e+03       4.075265850525e-04       2.920952614973e+02       4.770391496078e+00       9.681914457166e-04       1.589298284631e+04 
       1.024664289360e+03       4.123293200648e-04       2.936108551458e+02       4.716844858373e+00       9.749778851889e-04       1.604159510363e+04 
       1.017525026233e+03       4.171865767830e-04       2.951329849255e+02       4.663919400525e+00       9.818119083903e-04       1.619143425107e+04 
       1.010435441566e+03       4.220989529467e-04       2.966616724030e+02       4.611607623716e+00       9.886938490063e-04       1.634250908778e+04 
       1.003395189836e+03       4.270670526805e-04       2.981969392056e+02       4.559902123598e+00       9.956240430627e-04       1.649482846988e+04 
       9.964039279207e+02       4.320914865612e-04       2.997388070216e+02       4.508795589058e+00       1.002602828941e-03       1.664840131091e+04 
       9.894613150842e+02       4.371728716859e-04       3.012872976013e+02       4.458280800996e+00       1.009630547397e-03       1.680323658222e+04 
       9.825670129574e+02       4.423118317410e-04       3.028424327566e+02       4.408350631118e+00       1.016707541575e-03       1.695934331335e+04 
       9.757206855240e+02       4.475089970714e-04       3.044042343615e+02       4.358998040752e+00       1.023834157024e-03       1.711673059245e+04 
       9.689219991031e+02       4.527650047509e-04       3.059727243527e+02       4.310216079671e+00       1.031010741719e-03       1.727540756671e+04 
       9.621706223333e+02       4.580804986534e-04       3.075479247297e+02       4.261997884937e+00       1.038237646072e-03       1.743538344271e+04 
       9.554662261565e+02       4.634561295243e-04       3.091298575552e+02       4.214336679763e+00       1.045515222956e-03       1.759666748690e+04 
       9.488084838020e+02       4.688925550533e-04       3.107185449554e+02       4.167225772383e+00       1.052843827716e-03       1.775926902598e+04 
       9.421970707705e+02       4.743904399476e-04       3.123140091202e+02       4.120658554945e+00       1.060223818188e-03       1.792319744734e+04 
       9.356316648181e+02       4.799504560058e-04       3.139162723039e+02       4.074628502413e+00       1.067655554718e-03       1.808846219948e+04 
       9.291119459412e+02       4.855732821930e-04       3.155253568254e+02       4.029129171489e+00       1.075139400181e-03       1.825507279241e+04 
       9.226375963605e+02       4.912596047161e-04       3.171412850680e+02       3.984154199542e+00       1.082675719993e-03       1.842303879813e+04 
       9.162083005056e+02       4.970101171004e-04       3.187640794808e+02       3.939697303562e+00       1.090264882135e-03       1.859236985104e+04 
       9.098237449997e+02       5.028255202671e-04       3.203937625779e+02       3.895752279118e+00       1.097907257168e-03       1.876307564837e+04 
       9.034836186446e+02       5.087065226107e-04       3.220303569397e+02       3.852312999336e+00       1.105603218250e-03       1.893516595064e+04 
       8.971876124050e+02       5.146538400784e-04       3.236738852126e+02       3.809373413888e+00       1.113353141156e-03       1.910865058209e+04 
       8.909354193940e+02       5.206681962494e-04       3.253243701097e+02       3.766927547995e+00       1.121157404299e-03       1.928353943115e+04 
       8.847267348581e+02       5.267503224159e-04       3.269818344108e+02       3.724969501450e+00       1.129016388741e-03       1.945984245087e+04 
       8.785612561621e+02       5.329009576640e-04       3.286463009633e+02       3.683493447637e+00       1.136930478219e-03       1.963756965938e+04 
       8.724386827745e+02       5.391208489564e-04       3.303177926818e+02       3.642493632587e+00       1.144900059161e-03       1.981673114037e+04 
       8.663587162531e+02       5.454107512149e-04       3.319963325493e+02       3.601964374023e+00       1.152925520703e-03       1.999733704353e+04 
       8.603210602303e+02       5.517714274052e-04       3.336819436169e+02       3.561900060436e+00       1.161007254711e-03       2.017939758502e+04 
       8.543254203986e+02       5.582036486210e-04       3.353746490043e+02       3.522295150165e+00       1.169145655798e-03       2.036292304796e+04 
       8.483715044965e+02       5.647081941701e-04       3.370744719003e+02       3.483144170487e+00       1.177341121344e-03       2.054792378288e+04 
       8.424590222942e+02       5.712858516614e-04       3.387814355631e+02       3.444441716728e+00       1.185594051518e-03       2.073441020822e+04 
       8.365876855793e+02       5.779374170918e-04       3.404955633207e+02       3.406182451376e+00       1.193904849292e-03       2.092239281078e+04 
       8.307572081433e+02       5.846636949353e-04       3.422168785711e+02       3.368361103215e+00       1.202273920465e-03       2.111188214626e+04 
       8.249673057669e+02       5.914654982320e-04       3.439454047827e+02       3.330972466464e+00       1.210701673681e-03       2.130288883968e+04 
       8.192176962071e+02       5.983436486790e-04       3.456811654948e+02       3.294011399929e+00       1.219188520451e-03       2.149542358595e+04 
       8.135080991824e+02       6.052989767211e-04       3.474241843178e+02       3.257472826169e+00       1.227734875169e-03       2.168949715028e+04 
       8.078382363604e+02       6.123323216438e-04       3.491744849338e+02       3.221351730671e+00       1.236341155138e-03       2.188512036876e+04 
       8.022078313432e+02       6.194445316661e-04       3.509320910967e+02       3.185643161036e+00       1.245007780586e-03       2.208230414884e+04 
       7.966166096544e+02       6.266364640347e-04       3.526970266325e+02       3.150342226177e+00       1.253735174685e-03       2.228105946979e+04 
       7.910642987259e+02       6.339089851198e-04       3.544693154401e+02       3.115444095525e+00       1.262523763579e-03       2.248139738330e+04 
       7.855506278844e+02       6.412629705109e-04       3.562489814913e+02       3.080943998251e+00       1.271373976396e-03       2.268332901393e+04 
       7.800753283383e+02       6.486993051141e-04       3.580360488311e+02       3.046837222493e+00       1.280286245277e-03       2.288686555965e+04 
       7.746381331647e+02       6.562188832506e-04       3.598305415786e+02       3.013119114596e+00       1.289261005390e-03       2.309201829237e+04 
       7.692387772962e+02       6.638226087560e-04       3.616324839266e+02       2.979785078361e+00       1.298298694956e-03       2.329879855846e+04 
       7.638769975083e+02       6.715113950805e-04       3.634419001426e+02       2.946830574305e+00       1.307399755270e-03       2.350721777930e+04 
       7.585525324066e+02       6.792861653907e-04       3.652588145690e+02       2.914251118931e+00       1.316564630718e-03       2.371728745179e+04 
       7.532651224135e+02       6.871478526719e-04       3.670832516233e+02       2.882042284006e+00       1.325793768806e-03       2.392901914893e+04 
       7.480145097565e+02       6.950973998315e-04       3.689152357986e+02       2.850199695854e+00       1.335087620176e-03       2.414242452031e+04 
       7.428004384550e+02       7.031357598041e-04       3.707547916641e+02       2.818719034647e+00       1.344446638630e-03       2.435751529270e+04 
       7.376226543079e+02       7.112638956571e-04       3.726019438652e+02       2.787596033720e+00       1.353871281152e-03       2.457430327062e+04 
       7.324809048817e+02       7.194827806977e-04       3.744567171241e+02       2.756826478884e+00       1.363362007932e-03       2.479280033684e+04 
       7.273749394975e+02       7.277933985808e-04       3.763191362403e+02       2.726406207753e+00       1.372919282385e-03       2.501301845298e+04 
       7.223045092195e+02       7.361967434183e-04       3.781892260904e+02       2.696331109079e+00       1.382543571177e-03       2.523496966008e+04 
       7.172693668426e+02       7.446938198894e-04       3.800670116293e+02       2.666597122097e+00       1.392235344245e-03       2.545866607916e+04 
       7.122692668801e+02       7.532856433520e-04       3.819525178897e+02       2.637200235876e+00       1.401995074823e-03       2.568411991178e+04 
       7.073039655523e+02       7.619732399557e-04       3.838457699835e+02       2.608136488681e+00       1.411823239462e-03       2.591134344065e+04 
       7.023732207743e+02       7.707576467554e-04       3.857467931011e+02       2.579401967344e+00       1.421720318055e-03       2.614034903018e+04 
       6.974767921442e+02       7.796399118262e-04       3.876556125126e+02       2.550992806641e+00       1.431686793861e-03       2.637114912712e+04 
       6.926144409317e+02       7.886210943802e-04       3.895722535679e+02       2.522905188677e+00       1.441723153526e-03       2.660375626108e+04 
       6.877859300660e+02       7.977022648836e-04       3.914967416971e+02       2.495135342284e+00       1.451829887110e-03       2.683818304519e+04 
       6.829910241249e+02       8.068845051755e-04       3.934291024106e+02       2.467679542421e+00       1.462007488109e-03       2.707444217667e+04 
       6.782294893229e+02       8.161689085880e-04       3.953693613002e+02       2.440534109586e+00       1.472256453479e-03       2.731254643743e+04 
       6.735010934997e+02       8.255565800674e-04       3.973175440388e+02       2.413695409233e+00       1.482577283660e-03       2.755250869471e+04 
       6.688056061094e+02       8.350486362968e-04       3.992736763811e+02       2.387159851200e+00       1.492970482605e-03       2.779434190168e+04 
       6.641427982091e+02       8.446462058200e-04       4.012377841640e+02       2.360923889142e+00       1.503436557795e-03       2.803805909804e+04 
       6.595124424474e+02       8.543504291664e-04       4.032098933069e+02       2.334984019970e+00       1.513976020274e-03       2.828367341067e+04 
       6.549143130539e+02       8.641624589778e-04       4.051900298122e+02       2.309336783304e+00       1.524589384669e-03       2.853119805425e+04 
       6.503481858278e+02       8.740834601358e-04       4.071782197655e+02       2.283978760927e+00       1.535277169213e-03       2.878064633190e+04 
       6.458138381273e+02       8.841146098914e-04       4.091744893363e+02       2.258906576245e+00       1.546039895776e-03       2.903203163581e+04 
       6.413110488583e+02       8.942570979951e-04       4.111788647782e+02       2.234116893764e+00       1.556878089886e-03       2.928536744787e+04 
       6.368395984645e+02       9.045121268291e-04       4.131913724292e+02       2.209606418561e+00       1.567792280757e-03       2.954066734035e+04 
       6.323992689155e+02       9.148809115405e-04       4.152120387125e+02       2.185371895771e+00       1.578783001311e-03       2.979794497654e+04 
       6.279898436975e+02       9.253646801758e-04       4.172408901363e+02       2.161410110080e+00       1.589850788211e-03       3.005721411138e+04 
       6.236111078018e+02       9.359646738172e-04       4.192779532949e+02       2.137717885218e+00       1.600996181882e-03       3.031848859217e+04 
       6.192628477148e+02       9.466821467200e-04       4.213232548686e+02       2.114292083469e+00       1.612219726536e-03       3.058178235919e+04 
       6.149448514073e+02       9.575183664519e-04       4.233768216241e+02       2.091129605176e+00       1.623521970204e-03       3.084710944641e+04 
       6.106569083247e+02       9.684746140331e-04       4.254386804152e+02       2.068227388263e+00       1.634903464759e-03       3.111448398214e+04 
       6.063988093763e+02       9.795521840782e-04       4.275088581832e+02       2.045582407758e+00       1.646364765944e-03       3.138392018973e+04 
       6.021703469250e+02       9.907523849403e-04       4.295873819569e+02       2.023191675322e+00       1.657906433399e-03       3.165543238825e+04 
       5.979713147779e+02       1.002076538855e-03       4.316742788535e+02       2.001052238785e+00       1.669529030687e-03       3.192903499319e+04 
       5.938015081757e+02       1.013525982088e-03       4.337695760787e+02       1.979161181690e+00       1.681233125325e-03       3.220474251712e+04 
       5.896607237826e+02       1.025102065081e-03       4.358733009273e+02       1.957515622841e+00       1.693019288807e-03       3.248256957046e+04 
       5.855487596769e+02       1.036806152604e-03       4.379854807833e+02       1.936112715855e+00       1.704888096637e-03       3.276253086212e+04 
       5.814654153411e+02       1.048639623906e-03       4.401061431209e+02       1.914949648726e+00       1.716840128354e-03       3.304464120025e+04 
       5.774104916518e+02       1.060603872865e-03       4.422353155041e+02       1.894023643390e+00       1.728875967558e-03       3.332891549295e+04 
       5.733837908701e+02       1.072700308146e-03       4.443730255880e+02       1.873331955293e+00       1.740996201945e-03       3.361536874900e+04 
       5.693851166324e+02       1.084930353354e-03       4.465193011185e+02       1.852871872975e+00       1.753201423331e-03       3.390401607856e+04 
       5.654142739402e+02       1.097295447194e-03       4.486741699330e+02       1.832640717647e+00       1.765492227680e-03       3.419487269395e+04 
       5.614710691513e+02       1.109797043630e-03       4.508376599610e+02       1.812635842782e+00       1.777869215138e-03       3.448795391033e+04 
       5.575553099698e+02       1.122436612043e-03       4.530097992243e+02       1.792854633710e+00       1.790332990056e-03       3.478327514651e+04 
       5.536668054369e+02       1.135215637398e-03       4.551906158372e+02       1.773294507215e+00       1.802884161026e-03       3.508085192565e+04 
       5.498053659220e+02       1.148135620406e-03       4.573801380075e+02       1.753952911140e+00       1.815523340906e-03       3.538069987602e+04 
       5.459708031128e+02       1.161198077689e-03       4.595783940365e+02       1.734827323997e+00       1.828251146852e-03       3.568283473179e+04 
       5.421629300067e+02       1.174404541952e-03       4.617854123194e+02       1.715915254582e+00       1.841068200346e-03       3.598727233378e+04 
       5.383815609014e+02       1.187756562148e-03       4.640012213461e+02       1.697214241594e+00       1.853975127230e-03       3.629402863021e+04 
       5.346265113860e+02       1.201255703653e-03       4.662258497010e+02       1.678721853259e+00       1.866972557733e-03       3.660311967751e+04 
       5.308975983321e+02       1.214903548436e-03       4.684593260643e+02       1.660435686964e+00       1.880061126505e-03       3.691456164110e+04 
       5.271946398845e+02       1.228701695239e-03       4.707016792114e+02       1.642353368885e+00       1.893241472645e-03       3.722837079613e+04 
       5.235174554528e+02       1.242651759746e-03       4.729529380144e+02       1.624472553630e+00       1.906514239734e-03       3.754456352836e+04 
       5.198658657025e+02       1.256755374772e-03       4.752131314414e+02       1.606790923886e+00       1.919880075865e-03       3.786315633488e+04 
       5.162396925460e+02       1.271014190434e-03       4.774822885581e+02       1.589306190060e+00       1.933339633676e-03       3.818416582494e+04 
       5.126387591342e+02       1.285429874340e-03       4.797604385272e+02       1.572016089939e+00       1.946893570382e-03       3.850760872081e+04 
       5.090628898481e+02       1.300004111771e-03       4.820476106096e+02       1.554918388346e+00       1.960542547807e-03       3.883350185851e+04 
       5.055119102897e+02       1.314738605867e-03       4.843438341643e+02       1.538010876799e+00       1.974287232414e-03       3.916186218870e+04 
       5.019856472739e+02       1.329635077819e-03       4.866491386491e+02       1.521291373182e+00       1.988128295340e-03       3.949270677749e+04 
       4.984839288199e+02       1.344695267054e-03       4.889635536211e+02       1.504757721415e+00       2.002066412429e-03       3.982605280726e+04 
       4.950065841431e+02       1.359920931430e-03       4.912871087370e+02       1.488407791128e+00       2.016102264264e-03       4.016191757753e+04 
       4.915534436464e+02       1.375313847432e-03       4.936198337534e+02       1.472239477340e+00       2.030236536199e-03       4.050031850577e+04 
       4.881243389122e+02       1.390875810368e-03       4.959617585276e+02       1.456250700146e+00       2.044469918395e-03       4.084127312828e+04 
       4.847191026943e+02       1.406608634564e-03       4.983129130177e+02       1.440439404400e+00       2.058803105853e-03       4.118479910106e+04 
       4.813375689093e+02       1.422514153568e-03       5.006733272833e+02       1.424803559412e+00       2.073236798446e-03       4.153091420063e+04 
       4.779795726292e+02       1.438594220354e-03       5.030430314858e+02       1.409341158640e+00       2.087771700957e-03       4.187963632494e+04 
       4.746449500726e+02       1.454850707524e-03       5.054220558886e+02       1.394050219393e+00       2.102408523107e-03       4.223098349423e+04 
       4.713335385975e+02       1.471285507515e-03       5.078104308584e+02       1.378928782530e+00       2.117147979598e-03       4.258497385194e+04 
       4.680451766928e+02       1.487900532811e-03       5.102081868644e+02       1.363974912173e+00       2.131990790141e-03       4.294162566555e+04 
       4.647797039707e+02       1.504697716153e-03       5.126153544798e+02       1.349186695416e+00       2.146937679494e-03       4.330095732752e+04 
       4.615369611589e+02       1.521679010750e-03       5.150319643818e+02       1.334562242038e+00       2.161989377500e-03       4.366298735617e+04 
       4.583167900926e+02       1.538846390501e-03       5.174580473520e+02       1.320099684226e+00       2.177146619115e-03       4.402773439663e+04 
       4.551190337073e+02       1.556201850209e-03       5.198936342771e+02       1.305797176295e+00       2.192410144452e-03       4.439521722167e+04 
       4.519435360306e+02       1.573747405799e-03       5.223387561489e+02       1.291652894414e+00       2.207780698813e-03       4.476545473272e+04 
       4.487901421750e+02       1.591485094550e-03       5.247934440654e+02       1.277665036336e+00       2.223259032726e-03       4.513846596073e+04 
       4.456586983302e+02       1.609416975309e-03       5.272577292307e+02       1.263831821130e+00       2.238845901982e-03       4.551427006714e+04 
       4.425490517556e+02       1.627545128728e-03       5.297316429556e+02       1.250151488921e+00       2.254542067672e-03       4.589288634480e+04 
       4.394610507730e+02       1.645871657488e-03       5.322152166583e+02       1.236622300626e+00       2.270348296223e-03       4.627433421894e+04 
       4.363945447589e+02       1.664398686534e-03       5.347084818646e+02       1.223242537700e+00       2.286265359438e-03       4.665863324810e+04 
       4.333493841376e+02       1.683128363308e-03       5.372114702082e+02       1.210010501879e+00       2.302294034529e-03       4.704580312513e+04 
       4.303254203737e+02       1.702062857990e-03       5.397242134317e+02       1.196924514936e+00       2.318435104161e-03       4.743586367811e+04 
       4.273225059648e+02       1.721204363735e-03       5.422467433866e+02       1.183982918427e+00       2.334689356487e-03       4.782883487137e+04 
       4.243404944344e+02       1.740555096914e-03       5.447790920337e+02       1.171184073454e+00       2.351057585185e-03       4.822473680643e+04 
       4.213792403248e+02       1.760117297364e-03       5.473212914442e+02       1.158526360420e+00       2.367540589498e-03       4.862358972304e+04 
       4.184385991900e+02       1.779893228629e-03       5.498733737992e+02       1.146008178791e+00       2.384139174276e-03       4.902541400013e+04 
       4.155184275885e+02       1.799885178215e-03       5.524353713911e+02       1.133627946867e+00       2.400854150012e-03       4.943023015683e+04 
       4.126185830769e+02       1.820095457842e-03       5.550073166233e+02       1.121384101544e+00       2.417686332880e-03       4.983805885350e+04 
       4.097389242020e+02       1.840526403698e-03       5.575892420114e+02       1.109275098090e+00       2.434636544779e-03       5.024892089271e+04 
       4.068793104948e+02       1.861180376698e-03       5.601811801829e+02       1.097299409917e+00       2.451705613372e-03       5.066283722030e+04 
       4.040396024632e+02       1.882059762743e-03       5.627831638782e+02       1.085455528362e+00       2.468894372125e-03       5.107982892638e+04 
       4.012196615854e+02       1.903166972989e-03       5.653952259509e+02       1.073741962462e+00       2.486203660348e-03       5.149991724641e+04 
       3.984193503030e+02       1.924504444106e-03       5.680173993683e+02       1.062157238742e+00       2.503634323236e-03       5.192312356220e+04 
       3.956385320145e+02       1.946074638553e-03       5.706497172117e+02       1.050699900997e+00       2.521187211912e-03       5.234946940299e+04 
       3.928770710684e+02       1.967880044847e-03       5.732922126774e+02       1.039368510083e+00       2.538863183467e-03       5.277897644651e+04 
       3.901348327568e+02       1.989923177838e-03       5.759449190762e+02       1.028161643710e+00       2.556663101001e-03       5.321166652006e+04 
       3.874116833089e+02       2.012206578989e-03       5.786078698350e+02       1.017077896229e+00       2.574587833667e-03       5.364756160154e+04 
       3.847074898840e+02       2.034732816654e-03       5.812810984965e+02       1.006115878439e+00       2.592638256713e-03       5.408668382059e+04 
       3.820221205658e+02       2.057504486365e-03       5.839646387199e+02       9.952742173749e-01       2.610815251523e-03       5.452905545966e+04 
       3.793554443554e+02       2.080524211114e-03       5.866585242815e+02       9.845515561195e-01       2.629119705663e-03       5.497469895508e+04 
       3.767073311650e+02       2.103794641648e-03       5.893627890748e+02       9.739465536012e-01       2.647552512922e-03       5.542363689823e+04 
       3.740776518120e+02       2.127318456755e-03       5.920774671117e+02       9.634578844033e-01       2.666114573356e-03       5.587589203657e+04 
       3.714662780119e+02       2.151098363569e-03       5.948025925222e+02       9.530842385730e-01       2.684806793334e-03       5.633148727484e+04 
       3.688730823728e+02       2.175137097860e-03       5.975381995552e+02       9.428243214331e-01       2.703630085579e-03       5.679044567617e+04 
       3.662979383890e+02       2.199437424342e-03       6.002843225791e+02       9.326768533958e-01       2.722585369215e-03       5.725279046317e+04 
       3.637407204347e+02       2.224002136976e-03       6.030409960822e+02       9.226405697800e-01       2.741673569810e-03       5.771854501915e+04 
       3.612013037577e+02       2.248834059277e-03       6.058082546731e+02       9.127142206292e-01       2.760895619424e-03       5.818773288920e+04 
       3.586795644740e+02       2.273936044629e-03       6.085861330813e+02       9.028965705332e-01       2.780252456651e-03       5.866037778142e+04 
       3.561753795611e+02       2.299310976600e-03       6.113746661575e+02       8.931863984513e-01       2.799745026668e-03       5.913650356804e+04 
       3.536886268521e+02       2.324961769256e-03       6.141738888743e+02       8.835824975382e-01       2.819374281279e-03       5.961613428662e+04 
       3.512191850303e+02       2.350891367487e-03       6.169838363268e+02       8.740836749713e-01       2.839141178962e-03       6.009929414125e+04 
       3.487669336226e+02       2.377102747333e-03       6.198045437325e+02       8.646887517815e-01       2.859046684917e-03       6.058600750371e+04 
       3.463317529941e+02       2.403598916306e-03       6.226360464325e+02       8.553965626850e-01       2.879091771112e-03       6.107629891468e+04 
       3.439135243419e+02       2.430382913730e-03       6.254783798917e+02       8.462059559174e-01       2.899277416329e-03       6.157019308499e+04 
       3.415121296897e+02       2.457457811071e-03       6.283315796990e+02       8.371157930706e-01       2.919604606215e-03       6.206771489680e+04 
       3.391274518819e+02       2.484826712278e-03       6.311956815684e+02       8.281249489313e-01       2.940074333328e-03       6.256888940485e+04 
       3.367593745777e+02       2.512492754128e-03       6.340707213390e+02       8.192323113212e-01       2.960687597187e-03       6.307374183766e+04 
       3.344077822457e+02       2.540459106567e-03       6.369567349756e+02       8.104367809396e-01       2.981445404318e-03       6.358229759883e+04 
       3.320725601583e+02       2.568728973064e-03       6.398537585695e+02       8.017372712085e-01       3.002348768307e-03       6.409458226827e+04 
       3.297535943858e+02       2.597305590962e-03       6.427618283385e+02       7.931327081183e-01       3.023398709845e-03       6.461062160344e+04 
       3.274507717912e+02       2.626192231838e-03       6.456809806279e+02       7.846220300771e-01       3.044596256782e-03       6.513044154065e+04 
       3.251639800244e+02       2.655392201863e-03       6.486112519106e+02       7.762041877604e-01       3.065942444176e-03       6.565406819636e+04 
       3.228931075170e+02       2.684908842166e-03       6.515526787879e+02       7.678781439639e-01       3.087438314342e-03       6.618152786840e+04 
       3.206380434766e+02       2.714745529201e-03       6.545052979899e+02       7.596428734572e-01       3.109084916902e-03       6.671284703733e+04 
       3.183986778816e+02       2.744905675127e-03       6.574691463758e+02       7.514973628400e-01       3.130883308843e-03       6.724805236775e+04 
       3.161749014759e+02       2.775392728174e-03       6.604442609347e+02       7.434406103997e-01       3.152834554559e-03       6.778717070956e+04 
       3.139666057632e+02       2.806210173033e-03       6.634306787860e+02       7.354716259713e-01       3.174939725911e-03       6.833022909935e+04 
       3.117736830023e+02       2.837361531234e-03       6.664284371801e+02       7.275894307985e-01       3.197199902274e-03       6.887725476169e+04 
       3.095960262012e+02       2.868850361539e-03       6.694375734984e+02       7.197930573967e-01       3.219616170593e-03       6.942827511050e+04 
       3.074335291124e+02       2.900680260331e-03       6.724581252543e+02       7.120815494180e-01       3.242189625434e-03       6.998331775038e+04 
       3.052860862275e+02       2.932854862013e-03       6.754901300936e+02       7.044539615176e-01       3.264921369038e-03       7.054241047802e+04 
       3.031535927722e+02       2.965377839409e-03       6.785336257948e+02       6.969093592219e-01       3.287812511378e-03       7.110558128350e+04 
       3.010359447009e+02       2.998252904169e-03       6.815886502700e+02       6.894468187986e-01       3.310864170206e-03       7.167285835175e+04 
       2.989330386920e+02       3.031483807178e-03       6.846552415650e+02       6.820654271279e-01       3.334077471116e-03       7.224427006388e+04 
       2.968447721427e+02       3.065074338969e-03       6.877334378601e+02       6.747642815754e-01       3.357453547591e-03       7.281984499861e+04 
       2.947710431640e+02       3.099028330145e-03       6.908232774707e+02       6.675424898675e-01       3.380993541066e-03       7.339961193369e+04 
       2.927117505755e+02       3.133349651795e-03       6.939247988473e+02       6.603991699667e-01       3.404698600976e-03       7.398359984730e+04 
       2.906667939011e+02       3.168042215929e-03       6.970380405768e+02       6.533334499500e-01       3.428569884820e-03       7.457183791948e+04 
       2.886360733635e+02       3.203109975902e-03       7.001630413822e+02       6.463444678880e-01       3.452608558211e-03       7.516435553360e+04 
       2.866194898795e+02       3.238556926857e-03       7.032998401239e+02       6.394313717257e-01       3.476815794937e-03       7.576118227777e+04 
       2.846169450554e+02       3.274387106158e-03       7.064484757995e+02       6.325933191649e-01       3.501192777015e-03       7.636234794634e+04 
       2.826283411820e+02       3.310604593842e-03       7.096089875451e+02       6.258294775477e-01       3.525740694752e-03       7.696788254133e+04 
       2.806535812299e+02       3.347213513068e-03       7.127814146351e+02       6.191390237421e-01       3.550460746801e-03       7.757781627396e+04 
       2.786925688445e+02       3.384218030568e-03       7.159657964831e+02       6.125211440283e-01       3.575354140220e-03       7.819217956610e+04 
       2.767452083420e+02       3.421622357109e-03       7.191621726425e+02       6.059750339872e-01       3.600422090533e-03       7.881100305179e+04 
       2.748114047040e+02       3.459430747958e-03       7.223705828069e+02       5.994998983892e-01       3.625665821785e-03       7.943431757874e+04 
       2.728910635732e+02       3.497647503352e-03       7.255910668105e+02       5.930949510856e-01       3.651086566605e-03       8.006215420989e+04 
       2.709840912488e+02       3.536276968969e-03       7.288236646289e+02       5.867594149006e-01       3.676685566267e-03       8.069454422488e+04 
       2.690903946821e+02       3.575323536410e-03       7.320684163796e+02       5.804925215247e-01       3.702464070746e-03       8.133151912165e+04 
       2.672098814715e+02       3.614791643681e-03       7.353253623224e+02       5.742935114097e-01       3.728423338785e-03       8.197311061798e+04 
       2.653424598584e+02       3.654685775686e-03       7.385945428599e+02       5.681616336649e-01       3.754564637952e-03       8.261935065304e+04 
       2.634880387227e+02       3.695010464719e-03       7.418759985382e+02       5.620961459543e-01       3.780889244703e-03       8.327027138897e+04 
       2.616465275780e+02       3.735770290963e-03       7.451697700476e+02       5.560963143955e-01       3.807398444446e-03       8.392590521249e+04 
       2.598178365678e+02       3.776969882998e-03       7.484758982226e+02       5.501614134597e-01       3.834093531602e-03       8.458628473646e+04 
       2.580018764606e+02       3.818613918308e-03       7.517944240430e+02       5.442907258726e-01       3.860975809669e-03       8.525144280154e+04 
       2.561985586458e+02       3.860707123800e-03       7.551253886343e+02       5.384835425174e-01       3.888046591285e-03       8.592141247776e+04 
       2.544077951291e+02       3.903254276321e-03       7.584688332679e+02       5.327391623378e-01       3.915307198292e-03       8.659622706618e+04 
       2.526294985289e+02       3.946260203191e-03       7.618247993622e+02       5.270568922432e-01       3.942758961802e-03       8.727592010053e+04 
       2.508635820710e+02       3.989729782729e-03       7.651933284827e+02       5.214360470147e-01       3.970403222260e-03       8.796052534885e+04 
       2.491099595855e+02       4.033667944795e-03       7.685744623429e+02       5.158759492120e-01       3.998241329511e-03       8.865007681519e+04 
       2.473685455016e+02       4.078079671329e-03       7.719682428046e+02       5.103759290819e-01       4.026274642866e-03       8.934460874125e+04 
       2.456392548443e+02       4.122969996906e-03       7.753747118786e+02       5.049353244680e-01       4.054504531167e-03       9.004415560807e+04 
       2.439220032294e+02       4.168344009289e-03       7.787939117251e+02       4.995534807205e-01       4.082932372854e-03       9.074875213778e+04 
       2.422167068602e+02       4.214206849985e-03       7.822258846544e+02       4.942297506088e-01       4.111559556034e-03       9.145843329525e+04 
       2.405232825228e+02       4.260563714819e-03       7.856706731277e+02       4.889634942333e-01       4.140387478547e-03       9.217323428985e+04 
       2.388416475825e+02       4.307419854504e-03       7.891283197569e+02       4.837540789399e-01       4.169417548035e-03       9.289319057719e+04 
       2.371717199795e+02       4.354780575218e-03       7.925988673061e+02       4.786008792348e-01       4.198651182011e-03       9.361833786085e+04 
       2.355134182248e+02       4.402651239190e-03       7.960823586915e+02       4.735032766999e-01       4.228089807927e-03       9.434871209414e+04 
       2.338666613966e+02       4.451037265294e-03       7.995788369822e+02       4.684606599104e-01       4.257734863245e-03       9.508434948190e+04 
       2.322313691361e+02       4.499944129640e-03       8.030883454009e+02       4.634724243523e-01       4.287587795508e-03       9.582528648224e+04 
       2.306074616437e+02       4.549377366185e-03       8.066109273242e+02       4.585379723417e-01       4.317650062407e-03       9.657155980840e+04 
       2.289948596749e+02       4.599342567337e-03       8.101466262833e+02       4.536567129446e-01       4.347923131857e-03       9.732320643051e+04 
       2.273934845367e+02       4.649845384575e-03       8.136954859646e+02       4.488280618978e-01       4.378408482064e-03       9.808026357740e+04 
       2.258032580837e+02       4.700891529071e-03       8.172575502103e+02       4.440514415309e-01       4.409107601601e-03       9.884276873851e+04 
       2.242241027141e+02       4.752486772317e-03       8.208328630189e+02       4.393262806893e-01       4.440021989479e-03       9.961075966567e+04 
       2.226559413663e+02       4.804636946765e-03       8.244214685458e+02       4.346520146578e-01       4.471153155220e-03       1.003842743750e+05 
       2.210986975146e+02       4.857347946468e-03       8.280234111039e+02       4.300280850852e-01       4.502502618931e-03       1.011633511487e+05 
       2.195522951661e+02       4.910625727728e-03       8.316387351642e+02       4.254539399106e-01       4.534071911378e-03       1.019480285370e+05 
       2.180166588565e+02       4.964476309756e-03       8.352674853562e+02       4.209290332893e-01       4.565862574061e-03       1.027383453602e+05 
       2.164917136467e+02       5.018905775332e-03       8.389097064689e+02       4.164528255205e-01       4.597876159291e-03       1.035343407104e+05 
       2.149773851189e+02       5.073920271477e-03       8.425654434510e+02       4.120247829759e-01       4.630114230261e-03       1.043360539534e+05 
       2.134735993733e+02       5.129526010131e-03       8.462347414114e+02       4.076443780285e-01       4.662578361128e-03       1.051435247306e+05 
       2.119802830242e+02       5.185729268834e-03       8.499176456204e+02       4.033110889829e-01       4.695270137086e-03       1.059567929614e+05 
       2.104973631966e+02       5.242536391424e-03       8.536142015096e+02       3.990244000064e-01       4.728191154446e-03       1.067758988445e+05 
       2.090247675227e+02       5.299953788729e-03       8.573244546730e+02       3.947838010603e-01       4.761343020709e-03       1.076008828605e+05 
       2.075624241381e+02       5.357987939278e-03       8.610484508671e+02       3.905887878331e-01       4.794727354653e-03       1.084317857733e+05 
       2.061102616786e+02       5.416645390016e-03       8.647862360121e+02       3.864388616735e-01       4.828345786404e-03       1.092686486326e+05 
       2.046682092764e+02       5.475932757018e-03       8.685378561920e+02       3.823335295248e-01       4.862199957519e-03       1.101115127758e+05 
       2.032361965571e+02       5.535856726229e-03       8.723033576554e+02       3.782723038598e-01       4.896291521067e-03       1.109604198299e+05 
       2.018141536359e+02       5.596424054189e-03       8.760827868162e+02       3.742547026167e-01       4.930622141707e-03       1.118154117134e+05 
       2.004020111142e+02       5.657641568787e-03       8.798761902538e+02       3.702802491359e-01       4.965193495772e-03       1.126765306390e+05 
       1.989997000764e+02       5.719516170008e-03       8.836836147143e+02       3.663484720969e-01       5.000007271351e-03       1.135438191150e+05 
       1.976071520866e+02       5.782054830695e-03       8.875051071106e+02       3.624589054568e-01       5.035065168366e-03       1.144173199476e+05 
       1.962242991848e+02       5.845264597316e-03       8.913407145234e+02       3.586110883892e-01       5.070368898664e-03       1.152970762433e+05 
       1.948510738842e+02       5.909152590742e-03       8.951904842015e+02       3.548045652235e-01       5.105920186092e-03       1.161831314107e+05 
       1.934874091676e+02       5.973726007030e-03       8.990544635624e+02       3.510388853853e-01       5.141720766588e-03       1.170755291626e+05 
       1.921332384841e+02       6.038992118217e-03       9.029327001933e+02       3.473136033377e-01       5.177772388259e-03       1.179743135184e+05 
       1.907884957457e+02       6.104958273120e-03       9.068252418513e+02       3.436282785229e-01       5.214076811473e-03       1.188795288061e+05 
       1.894531153248e+02       6.171631898146e-03       9.107321364643e+02       3.399824753048e-01       5.250635808942e-03       1.197912196647e+05 
       1.881270320499e+02       6.239020498111e-03       9.146534321313e+02       3.363757629117e-01       5.287451165806e-03       1.207094310458e+05 
       1.868101812036e+02       6.307131657066e-03       9.185891771234e+02       3.328077153810e-01       5.324524679726e-03       1.216342082167e+05 
       1.855024985184e+02       6.375973039130e-03       9.225394198842e+02       3.292779115028e-01       5.361858160964e-03       1.225655967619e+05 
       1.842039201743e+02       6.445552389339e-03       9.265042090305e+02       3.257859347658e-01       5.399453432481e-03       1.235036425856e+05 
       1.829143827953e+02       6.515877534496e-03       9.304835933528e+02       3.223313733027e-01       5.437312330017e-03       1.244483919142e+05 
       1.816338234465e+02       6.586956384034e-03       9.344776218160e+02       3.189138198370e-01       5.475436702187e-03       1.253998912981e+05 
       1.803621796309e+02       6.658796930887e-03       9.384863435603e+02       3.155328716299e-01       5.513828410566e-03       1.263581876142e+05 
       1.790993892865e+02       6.731407252369e-03       9.425098079013e+02       3.121881304283e-01       5.552489329785e-03       1.273233280684e+05 
       1.778453907832e+02       6.804795511068e-03       9.465480643310e+02       3.088792024130e-01       5.591421347620e-03       1.282953601978e+05 
       1.766001229197e+02       6.878969955740e-03       9.506011625186e+02       3.056056981479e-01       5.630626365083e-03       1.292743318728e+05 
       1.753635249206e+02       6.953938922219e-03       9.546691523106e+02       3.023672325296e-01       5.670106296517e-03       1.302602912998e+05 
       1.741355364336e+02       7.029710834338e-03       9.587520837318e+02       2.991634247374e-01       5.709863069689e-03       1.312532870232e+05 
       1.729160975262e+02       7.106294204853e-03       9.628500069860e+02       2.959938981845e-01       5.749898625882e-03       1.322533679284e+05 
       1.717051486831e+02       7.183697636384e-03       9.669629724564e+02       2.928582804692e-01       5.790214919995e-03       1.332605832434e+05 
       1.705026308033e+02       7.261929822357e-03       9.710910307065e+02       2.897562033270e-01       5.830813920631e-03       1.342749825419e+05 
       1.693084851967e+02       7.340999547969e-03       9.752342324804e+02       2.866873025829e-01       5.871697610199e-03       1.352966157454e+05 
       1.681226535822e+02       7.420915691149e-03       9.793926287038e+02       2.836512181051e-01       5.912867985010e-03       1.363255331257e+05 
       1.669450780838e+02       7.501687223539e-03       9.835662704847e+02       2.806475937580e-01       5.954327055372e-03       1.373617853074e+05 
       1.657757012285e+02       7.583323211480e-03       9.877552091135e+02       2.776760773570e-01       5.996076845688e-03       1.384054232703e+05 
       1.646144659434e+02       7.665832817014e-03       9.919594960644e+02       2.747363206232e-01       6.038119394560e-03       1.394564983523e+05 
       1.634613155524e+02       7.749225298889e-03       9.961791829954e+02       2.718279791385e-01       6.080456754883e-03       1.405150622512e+05 
       1.623161937743e+02       7.833510013579e-03       1.000414321749e+03       2.689507123015e-01       6.123090993946e-03       1.415811670280e+05 
       1.611790447192e+02       7.918696416319e-03       1.004664964355e+03       2.661041832843e-01       6.166024193536e-03       1.426548651088e+05 
       1.600498128864e+02       8.004794062138e-03       1.008931163025e+03       2.632880589888e-01       6.209258450036e-03       1.437362092880e+05 
       1.589284431613e+02       8.091812606920e-03       1.013212970163e+03       2.605020100047e-01       6.252795874531e-03       1.448252527304e+05 
       1.578148808131e+02       8.179761808461e-03       1.017510438356e+03       2.577457105669e-01       6.296638592908e-03       1.459220489740e+05 
       1.567090714916e+02       8.268651527546e-03       1.021823620380e+03       2.550188385144e-01       6.340788745961e-03       1.470266519328e+05 
       1.556109612251e+02       8.358491729033e-03       1.026152569202e+03       2.523210752489e-01       6.385248489495e-03       1.481391158990e+05 
       1.545204964173e+02       8.449292482953e-03       1.030497337975e+03       2.496521056944e-01       6.430019994433e-03       1.492594955461e+05 
       1.534376238452e+02       8.541063965618e-03       1.034857980045e+03       2.470116182568e-01       6.475105446919e-03       1.503878459314e+05 
       1.523622906558e+02       8.633816460739e-03       1.039234548947e+03       2.443993047847e-01       6.520507048429e-03       1.515242224989e+05 
       1.512944443644e+02       8.727560360560e-03       1.043627098408e+03       2.418148605298e-01       6.566227015873e-03       1.526686810816e+05 
       1.502340328512e+02       8.822306167003e-03       1.048035682348e+03       2.392579841086e-01       6.612267581708e-03       1.538212779045e+05 
       1.491810043594e+02       8.918064492824e-03       1.052460354878e+03       2.367283774638e-01       6.658630994045e-03       1.549820695877e+05 
       1.481353074922e+02       9.014846062779e-03       1.056901170305e+03       2.342257458267e-01       6.705319516758e-03       1.561511131484e+05 
       1.470968912107e+02       9.112661714809e-03       1.061358183127e+03       2.317497976797e-01       6.752335429597e-03       1.573284660045e+05 
       1.460657048310e+02       9.211522401229e-03       1.065831448040e+03       2.293002447196e-01       6.799681028297e-03       1.585141859768e+05 
       1.450416980222e+02       9.311439189937e-03       1.070321019933e+03       2.268768018211e-01       6.847358624689e-03       1.597083312923e+05 
       1.440248208034e+02       9.412423265630e-03       1.074826953893e+03       2.244791870005e-01       6.895370546818e-03       1.609109605866e+05 
       1.430150235419e+02       9.514485931037e-03       1.079349305204e+03       2.221071213803e-01       6.943719139052e-03       1.621221329075e+05 
       1.420122569502e+02       9.617638608163e-03       1.083888129347e+03       2.197603291541e-01       6.992406762197e-03       1.633419077168e+05 
       1.410164720838e+02       9.721892839546e-03       1.088443482001e+03       2.174385375515e-01       7.041435793614e-03       1.645703448945e+05 
       1.400276203390e+02       9.827260289528e-03       1.093015419045e+03       2.151414768040e-01       7.090808627335e-03       1.658075047406e+05 
       1.390456534504e+02       9.933752745538e-03       1.097603996557e+03       2.128688801109e-01       7.140527674177e-03       1.670534479788e+05 
       1.380705234883e+02       1.004138211939e-02       1.102209270816e+03       2.106204836058e-01       7.190595361862e-03       1.683082357592e+05 
       1.371021828568e+02       1.015016044860e-02       1.106831298303e+03       2.083960263233e-01       7.241014135139e-03       1.695719296612e+05 
       1.361405842911e+02       1.026009989770e-02       1.111470135698e+03       2.061952501663e-01       7.291786455894e-03       1.708445916970e+05 
       1.351856808556e+02       1.037121275958e-02       1.116125839888e+03       2.040178998738e-01       7.342914803280e-03       1.721262843139e+05 
       1.342374259411e+02       1.048351145686e-02       1.120798467959e+03       2.018637229884e-01       7.394401673833e-03       1.734170703979e+05 
       1.332957732630e+02       1.059700854322e-02       1.125488077204e+03       1.997324698249e-01       7.446249581594e-03       1.747170132768e+05 
       1.323606768586e+02       1.071171670482e-02       1.130194725120e+03       1.976238934394e-01       7.498461058232e-03       1.760261767230e+05 
       1.314320910855e+02       1.082764876167e-02       1.134918469409e+03       1.955377495975e-01       7.551038653170e-03       1.773446249568e+05 
       1.305099706187e+02       1.094481766905e-02       1.139659367980e+03       1.934737967448e-01       7.603984933707e-03       1.786724226497e+05 
       1.295942704486e+02       1.106323651894e-02       1.144417478948e+03       1.914317959757e-01       7.657302485142e-03       1.800096349271e+05 
       1.286849458790e+02       1.118291854147e-02       1.149192860636e+03       1.894115110044e-01       7.710993910904e-03       1.813563273720e+05 
       1.277819525248e+02       1.130387710635e-02       1.153985571578e+03       1.874127081349e-01       7.765061832678e-03       1.827125660281e+05 
       1.268852463099e+02       1.142612572435e-02       1.158795670512e+03       1.854351562320e-01       7.819508890530e-03       1.840784174029e+05 
       1.259947834648e+02       1.154967804880e-02       1.163623216390e+03       1.834786266926e-01       7.874337743040e-03       1.854539484708e+05 
       1.251105205246e+02       1.167454787709e-02       1.168468268374e+03       1.815428934169e-01       7.929551067429e-03       1.868392266768e+05 
       1.242324143273e+02       1.180074915218e-02       1.173330885836e+03       1.796277327807e-01       7.985151559690e-03       1.882343199398e+05 
       1.233604220109e+02       1.192829596414e-02       1.178211128362e+03       1.777329236072e-01       8.041141934722e-03       1.896392966554e+05 
       1.224945010119e+02       1.205720255169e-02       1.183109055749e+03       1.758582471399e-01       8.097524926459e-03       1.910542256997e+05 
       1.216346090631e+02       1.218748330378e-02       1.188024728008e+03       1.740034870150e-01       8.154303288007e-03       1.924791764327e+05 
       1.207807041915e+02       1.231915276119e-02       1.192958205367e+03       1.721684292348e-01       8.211479791775e-03       1.939142187015e+05 
       1.199327447161e+02       1.245222561807e-02       1.197909548264e+03       1.703528621412e-01       8.269057229613e-03       1.953594228438e+05 
       1.190906892461e+02       1.258671672363e-02       1.202878817359e+03       1.685565763894e-01       8.327038412948e-03       1.968148596912e+05 
       1.182544966789e+02       1.272264108373e-02       1.207866073524e+03       1.667793649217e-01       8.385426172918e-03       1.982806005731e+05 
       1.174241261977e+02       1.286001386255e-02       1.212871377850e+03       1.650210229425e-01       8.444223360514e-03       1.997567173197e+05 
       1.165995372702e+02       1.299885038422e-02       1.217894791647e+03       1.632813478923e-01       8.503432846720e-03       2.012432822659e+05 
       1.157806896459e+02       1.313916613459e-02       1.222936376442e+03       1.615601394231e-01       8.563057522649e-03       2.027403682546e+05 
       1.149675433546e+02       1.328097676284e-02       1.227996193984e+03       1.598571993736e-01       8.623100299686e-03       2.042480486402e+05 
       1.141600587042e+02       1.342429808325e-02       1.233074306241e+03       1.581723317445e-01       8.683564109631e-03       2.057663972927e+05 
       1.133581962791e+02       1.356914607695e-02       1.238170775402e+03       1.565053426745e-01       8.744451904843e-03       2.072954886006e+05 
       1.125619169379e+02       1.371553689366e-02       1.243285663880e+03       1.548560404164e-01       8.805766658379e-03       2.088353974751e+05 
       1.117711818115e+02       1.386348685346e-02       1.248419034308e+03       1.532242353135e-01       8.867511364145e-03       2.103861993537e+05 
       1.109859523017e+02       1.401301244859e-02       1.253570949546e+03       1.516097397763e-01       8.929689037042e-03       2.119479702035e+05 
       1.102061900786e+02       1.416413034529e-02       1.258741472675e+03       1.500123682591e-01       8.992302713107e-03       2.135207865254e+05 
       1.094318570793e+02       1.431685738560e-02       1.263930667004e+03       1.484319372376e-01       9.055355449667e-03       2.151047253577e+05 
       1.086629155059e+02       1.447121058923e-02       1.269138596065e+03       1.468682651861e-01       9.118850325488e-03       2.166998642795e+05 
       1.078993278234e+02       1.462720715544e-02       1.274365323619e+03       1.453211725555e-01       9.182790440922e-03       2.183062814153e+05 
       1.071410567582e+02       1.478486446491e-02       1.279610913655e+03       1.437904817506e-01       9.247178918060e-03       2.199240554379e+05 
       1.063880652961e+02       1.494420008166e-02       1.284875430389e+03       1.422760171092e-01       9.312018900886e-03       2.215532655731e+05 
       1.056403166806e+02       1.510523175501e-02       1.290158938266e+03       1.407776048801e-01       9.377313555429e-03       2.231939916029e+05 
       1.048977744110e+02       1.526797742149e-02       1.295461501961e+03       1.392950732016e-01       9.443066069915e-03       2.248463138697e+05 
       1.041604022407e+02       1.543245520684e-02       1.300783186381e+03       1.378282520811e-01       9.509279654929e-03       2.265103132805e+05 
       1.034281641753e+02       1.559868342801e-02       1.306124056664e+03       1.363769733736e-01       9.575957543565e-03       2.281860713103e+05 
       1.027010244710e+02       1.576668059514e-02       1.311484178180e+03       1.349410707617e-01       9.643102991588e-03       2.298736700065e+05 
       1.019789476330e+02       1.593646541364e-02       1.316863616532e+03       1.335203797351e-01       9.710719277593e-03       2.315731919929e+05 
       1.012618984132e+02       1.610805678622e-02       1.322262437557e+03       1.321147375704e-01       9.778809703161e-03       2.332847204735e+05 
       1.005498418092e+02       1.628147381497e-02       1.327680707328e+03       1.307239833112e-01       9.847377593024e-03       2.350083392367e+05 
       9.984274306205e+01       1.645673580350e-02       1.333118492153e+03       1.293479577490e-01       9.916426295228e-03       2.367441326596e+05 
       9.914056765478e+01       1.663386225899e-02       1.338575858575e+03       1.279865034031e-01       9.985959181291e-03       2.384921857118e+05 
       9.844328131070e+01       1.681287289441e-02       1.344052873377e+03       1.266394645017e-01       1.005597964637e-02       2.402525839598e+05 
       9.775084999174e+01       1.699378763065e-02       1.349549603578e+03       1.253066869631e-01       1.012649110944e-02       2.420254135710e+05 
       9.706323989673e+01       1.717662659871e-02       1.355066116437e+03       1.239880183768e-01       1.019749701344e-02       2.438107613181e+05 
       9.638041745979e+01       1.736141014193e-02       1.360602479453e+03       1.226833079851e-01       1.026900082544e-02       2.456087145833e+05 
       9.570234934871e+01       1.754815881824e-02       1.366158760363e+03       1.213924066645e-01       1.034100603683e-02       2.474193613626e+05 
       9.502900246328e+01       1.773689340237e-02       1.371735027150e+03       1.201151669079e-01       1.041351616349e-02       2.492427902698e+05 
       9.436034393370e+01       1.792763488819e-02       1.377331348036e+03       1.188514428065e-01       1.048653474594e-02       2.510790905413e+05 
       9.369634111898e+01       1.812040449100e-02       1.382947791486e+03       1.176010900322e-01       1.056006534952e-02       2.529283520403e+05 
       9.303696160535e+01       1.831522364986e-02       1.388584426212e+03       1.163639658201e-01       1.063411156459e-02       2.547906652611e+05 
       9.238217320465e+01       1.851211402993e-02       1.394241321167e+03       1.151399289513e-01       1.070867700665e-02       2.566661213334e+05 
       9.173194395280e+01       1.871109752492e-02       1.399918545553e+03       1.139288397355e-01       1.078376531658e-02       2.585548120273e+05 
       9.108624210821e+01       1.891219625939e-02       1.405616168816e+03       1.127305599944e-01       1.085938016079e-02       2.604568297571e+05 
       9.044503615026e+01       1.911543259131e-02       1.411334260652e+03       1.115449530449e-01       1.093552523137e-02       2.623722675865e+05 
       8.980829477772e+01       1.932082911441e-02       1.417072891003e+03       1.103718836826e-01       1.101220424633e-02       2.643012192324e+05 
       8.917598690727e+01       1.952840866073e-02       1.422832130062e+03       1.092112181653e-01       1.108942094971e-02       2.662437790704e+05 
       8.854808167195e+01       1.973819430311e-02       1.428612048269e+03       1.080628241971e-01       1.116717911185e-02       2.682000421384e+05 
       8.792454841967e+01       1.995020935773e-02       1.434412716319e+03       1.069265709124e-01       1.124548252948e-02       2.701701041422e+05 
       8.730535671173e+01       2.016447738667e-02       1.440234205156e+03       1.058023288598e-01       1.132433502599e-02       2.721540614595e+05 
       8.669047632128e+01       2.038102220051e-02       1.446076585977e+03       1.046899699871e-01       1.140374045154e-02       2.741520111449e+05 
       8.607987723192e+01       2.059986786094e-02       1.451939930234e+03       1.035893676252e-01       1.148370268332e-02       2.761640509346e+05 
       8.547352963617e+01       2.082103868343e-02       1.457824309631e+03       1.025003964733e-01       1.156422562567e-02       2.781902792514e+05 
       8.487140393407e+01       2.104455923986e-02       1.463729796130e+03       1.014229325838e-01       1.164531321034e-02       2.802307952091e+05 
       8.427347073167e+01       2.127045436128e-02       1.469656461946e+03       1.003568533471e-01       1.172696939662e-02       2.822856986176e+05 
       8.367970083969e+01       2.149874914057e-02       1.475604379554e+03       9.930203747729e-02       1.180919817158e-02       2.843550899876e+05 
       8.309006527200e+01       2.172946893528e-02       1.481573621686e+03       9.825836499714e-02       1.189200355023e-02       2.864390705360e+05 
       8.250453524425e+01       2.196263937036e-02       1.487564261332e+03       9.722571722403e-02       1.197538957574e-02       2.885377421903e+05 
       8.192308217250e+01       2.219828634100e-02       1.493576371743e+03       9.620397675554e-02       1.205936031963e-02       2.906512075937e+05 
       8.134567767175e+01       2.243643601547e-02       1.499610026429e+03       9.519302745544e-02       1.214391988195e-02       2.927795701103e+05 
       8.077229355461e+01       2.267711483801e-02       1.505665299164e+03       9.419275443974e-02       1.222907239151e-02       2.949229338301e+05 
       8.020290182991e+01       2.292034953174e-02       1.511742263982e+03       9.320304406293e-02       1.231482200607e-02       2.970814035741e+05 
       7.963747470134e+01       2.316616710156e-02       1.517840995183e+03       9.222378390437e-02       1.240117291254e-02       2.992550848992e+05 
       7.907598456608e+01       2.341459483720e-02       1.523961567328e+03       9.125486275486e-02       1.248812932718e-02       3.014440841037e+05 
       7.851840401345e+01       2.366566031612e-02       1.530104055247e+03       9.029617060332e-02       1.257569549582e-02       3.036485082322e+05 
       7.796470582362e+01       2.391939140663e-02       1.536268534032e+03       8.934759862361e-02       1.266387569404e-02       3.058684650813e+05 
       7.741486296620e+01       2.417581627091e-02       1.542455079046e+03       8.840903916158e-02       1.275267422743e-02       3.081040632040e+05 
       7.686884859900e+01       2.443496336811e-02       1.548663765918e+03       8.748038572219e-02       1.284209543173e-02       3.103554119160e+05 
       7.632663606669e+01       2.469686145750e-02       1.554894670545e+03       8.656153295678e-02       1.293214367310e-02       3.126226213005e+05 
       7.578819889947e+01       2.496153960160e-02       1.561147869096e+03       8.565237665053e-02       1.302282334830e-02       3.149058022135e+05 
       7.525351081183e+01       2.522902716941e-02       1.567423438010e+03       8.475281371001e-02       1.311413888494e-02       3.172050662896e+05 
       7.472254570123e+01       2.549935383963e-02       1.573721453997e+03       8.386274215092e-02       1.320609474165e-02       3.195205259471e+05 
       7.419527764686e+01       2.577254960390e-02       1.580041994040e+03       8.298206108589e-02       1.329869540832e-02       3.218522943937e+05 
       7.367168090832e+01       2.604864477013e-02       1.586385135396e+03       8.211067071255e-02       1.339194540632e-02       3.242004856320e+05 
       7.315172992445e+01       2.632766996581e-02       1.592750955598e+03       8.124847230156e-02       1.348584928874e-02       3.265652144651e+05 
       7.263539931198e+01       2.660965614141e-02       1.599139532451e+03       8.039536818493e-02       1.358041164056e-02       3.289465965020e+05 
       7.212266386438e+01       2.689463457372e-02       1.605550944038e+03       7.955126174438e-02       1.367563707892e-02       3.313447481636e+05 
       7.161349855058e+01       2.718263686937e-02       1.611985268722e+03       7.871605739987e-02       1.377153025334e-02       3.337597866880e+05 
       7.110787851377e+01       2.747369496824e-02       1.618442585140e+03       7.788966059824e-02       1.386809584592e-02       3.361918301366e+05 
       7.060577907017e+01       2.776784114701e-02       1.624922972213e+03       7.707197780200e-02       1.396533857160e-02       3.386409973997e+05 
       7.010717570786e+01       2.806510802269e-02       1.631426509137e+03       7.626291647819e-02       1.406326317836e-02       3.411074082020e+05 
       6.961204408552e+01       2.836552855623e-02       1.637953275395e+03       7.546238508747e-02       1.416187444749e-02       3.435911831092e+05 
       6.912036003133e+01       2.866913605609e-02       1.644503350747e+03       7.467029307320e-02       1.426117719377e-02       3.460924435332e+05 
       6.863209954170e+01       2.897596418198e-02       1.651076815240e+03       7.388655085076e-02       1.436117626576e-02       3.486113117383e+05 
       6.814723878017e+01       2.928604694849e-02       1.657673749204e+03       7.311106979689e-02       1.446187654600e-02       3.511479108471e+05 
       6.766575407622e+01       2.959941872889e-02       1.664294233254e+03       7.234376223927e-02       1.456328295126e-02       3.537023648467e+05 
       6.718762192409e+01       2.991611425885e-02       1.670938348291e+03       7.158454144607e-02       1.466540043280e-02       3.562747985946e+05 
       6.671281898167e+01       3.023616864030e-02       1.677606175504e+03       7.083332161573e-02       1.476823397656e-02       3.588653378247e+05 
       6.624132206937e+01       3.055961734529e-02       1.684297796369e+03       7.009001786684e-02       1.487178860344e-02       3.614741091536e+05 
       6.577310816893e+01       3.088649621986e-02       1.691013292653e+03       6.935454622803e-02       1.497606936957e-02       3.641012400868e+05 
       6.530815442237e+01       3.121684148802e-02       1.697752746410e+03       6.862682362816e-02       1.508108136650e-02       3.667468590249e+05 
       6.484643813081e+01       3.155068975569e-02       1.704516239989e+03       6.790676788640e-02       1.518682972146e-02       3.694110952698e+05 
       6.438793675340e+01       3.188807801476e-02       1.711303856029e+03       6.719429770263e-02       1.529331959766e-02       3.720940790310e+05 
       6.393262790622e+01       3.222904364713e-02       1.718115677462e+03       6.648933264777e-02       1.540055619448e-02       3.747959414322e+05 
       6.348048936118e+01       3.257362442886e-02       1.724951787515e+03       6.579179315438e-02       1.550854474775e-02       3.775168145172e+05 
       6.303149904492e+01       3.292185853426e-02       1.731812269711e+03       6.510160050719e-02       1.561729053003e-02       3.802568312570e+05 
       6.258563503777e+01       3.327378454016e-02       1.738697207866e+03       6.441867683390e-02       1.572679885082e-02       3.830161255558e+05 
       6.214287557263e+01       3.362944143009e-02       1.745606686097e+03       6.374294509598e-02       1.583707505684e-02       3.857948322577e+05 
       6.170319903396e+01       3.398886859859e-02       1.752540788818e+03       6.307432907960e-02       1.594812453229e-02       3.885930871533e+05 
       6.126658395670e+01       3.435210585555e-02       1.759499600741e+03       6.241275338668e-02       1.605995269913e-02       3.914110269863e+05 
       6.083300902521e+01       3.471919343056e-02       1.766483206880e+03       6.175814342601e-02       1.617256501732e-02       3.942487894602e+05 
       6.040245307225e+01       3.509017197738e-02       1.773491692549e+03       6.111042540448e-02       1.628596698510e-02       3.971065132450e+05 
       5.997489507795e+01       3.546508257835e-02       1.780525143367e+03       6.046952631843e-02       1.640016413923e-02       3.999843379840e+05 
       5.955031416877e+01       3.584396674894e-02       1.787583645252e+03       5.983537394504e-02       1.651516205530e-02       4.028824043005e+05 
       5.912868961647e+01       3.622686644232e-02       1.794667284431e+03       5.920789683390e-02       1.663096634800e-02       4.058008538049e+05 
       5.871000083715e+01       3.661382405393e-02       1.801776147435e+03       5.858702429856e-02       1.674758267134e-02       4.087398291014e+05 
       5.829422739018e+01       3.700488242621e-02       1.808910321100e+03       5.797268640831e-02       1.686501671901e-02       4.116994737950e+05 
       5.788134897726e+01       3.740008485324e-02       1.816069892571e+03       5.736481397993e-02       1.698327422456e-02       4.146799324985e+05 
       5.747134544137e+01       3.779947508553e-02       1.823254949303e+03       5.676333856960e-02       1.710236096177e-02       4.176813508396e+05 
       5.706419676586e+01       3.820309733484e-02       1.830465579058e+03       5.616819246487e-02       1.722228274488e-02       4.207038754682e+05 
       5.665988307340e+01       3.861099627901e-02       1.837701869911e+03       5.557930867677e-02       1.734304542887e-02       4.237476540630e+05 
       5.625838462505e+01       3.902321706691e-02       1.844963910248e+03       5.499662093188e-02       1.746465490980e-02       4.268128353394e+05 
       5.585968181931e+01       3.943980532335e-02       1.852251788768e+03       5.442006366470e-02       1.758711712501e-02       4.298995690562e+05 
       5.546375519112e+01       3.986080715414e-02       1.859565594485e+03       5.384957200985e-02       1.771043805349e-02       4.330080060231e+05 
       5.507058541094e+01       4.028626915115e-02       1.866905416726e+03       5.328508179458e-02       1.783462371612e-02       4.361382981081e+05 
       5.468015328381e+01       4.071623839740e-02       1.874271345138e+03       5.272652953125e-02       1.795968017601e-02       4.392905982451e+05 
       5.429243974839e+01       4.115076247228e-02       1.881663469680e+03       5.217385240986e-02       1.808561353873e-02       4.424650604409e+05 
       5.390742587604e+01       4.158988945675e-02       1.889081880634e+03       5.162698829079e-02       1.821242995268e-02       4.456618397830e+05 
       5.352509286993e+01       4.203366793861e-02       1.896526668600e+03       5.108587569750e-02       1.834013560932e-02       4.488810924471e+05 
       5.314542206405e+01       4.248214701789e-02       1.903997924497e+03       5.055045380936e-02       1.846873674355e-02       4.521229757047e+05 
       5.276839492238e+01       4.293537631220e-02       1.911495739569e+03       5.002066245457e-02       1.859823963392e-02       4.553876479310e+05 
       5.239399303791e+01       4.339340596221e-02       1.919020205380e+03       4.949644210313e-02       1.872865060302e-02       4.586752686122e+05 
       5.202219813182e+01       4.385628663714e-02       1.926571413818e+03       4.897773385990e-02       1.885997601775e-02       4.619859983536e+05 
       5.165299205251e+01       4.432406954035e-02       1.934149457097e+03       4.846447945775e-02       1.899222228962e-02       4.653199988874e+05 
       5.128635677478e+01       4.479680641493e-02       1.941754427758e+03       4.795662125078e-02       1.912539587509e-02       4.686774330802e+05 
       5.092227439889e+01       4.527454954944e-02       1.949386418667e+03       4.745410220757e-02       1.925950327586e-02       4.720584649417e+05 
       5.056072714975e+01       4.575735178362e-02       1.957045523020e+03       4.695686590458e-02       1.939455103922e-02       4.754632596318e+05 
       5.020169737600e+01       4.624526651420e-02       1.964731834342e+03       4.646485651957e-02       1.953054575831e-02       4.788919834696e+05 
       4.984516754918e+01       4.673834770076e-02       1.972445446489e+03       4.597801882512e-02       1.966749407250e-02       4.823448039404e+05 
       4.949112026285e+01       4.723664987169e-02       1.980186453647e+03       4.549629818218e-02       1.980540266769e-02       4.858218897050e+05 
       4.913953823177e+01       4.774022813016e-02       1.987954950337e+03       4.501964053375e-02       1.994427827664e-02       4.893234106071e+05 
       4.879040429104e+01       4.824913816016e-02       1.995751031413e+03       4.454799239859e-02       2.008412767928e-02       4.928495376820e+05 
       4.844370139524e+01       4.876343623265e-02       2.003574792065e+03       4.408130086499e-02       2.022495770306e-02       4.964004431646e+05 
       4.809941261765e+01       4.928317921173e-02       2.011426327818e+03       4.361951358468e-02       2.036677522327e-02       4.999763004981e+05 
       4.775752114938e+01       4.980842456089e-02       2.019305734534e+03       4.316257876668e-02       2.050958716341e-02       5.035772843424e+05 
       4.741801029857e+01       5.033923034929e-02       2.027213108417e+03       4.271044517135e-02       2.065340049545e-02       5.072035705825e+05 
       4.708086348956e+01       5.087565525821e-02       2.035148546007e+03       4.226306210443e-02       2.079822224027e-02       5.108553363370e+05 
       4.674606426211e+01       5.141775858744e-02       2.043112144186e+03       4.182037941116e-02       2.094405946790e-02       5.145327599670e+05 
       4.641359627057e+01       5.196560026180e-02       2.051104000179e+03       4.138234747045e-02       2.109091929795e-02       5.182360210845e+05 
       4.608344328307e+01       5.251924083776e-02       2.059124211554e+03       4.094891718917e-02       2.123880889990e-02       5.219653005613e+05 
       4.575558918079e+01       5.307874151006e-02       2.067172876222e+03       4.052003999644e-02       2.138773549348e-02       5.257207805378e+05 
       4.543001795709e+01       5.364416411842e-02       2.075250092442e+03       4.009566783801e-02       2.153770634899e-02       5.295026444318e+05 
       4.510671371680e+01       5.421557115440e-02       2.083355958816e+03       3.967575317069e-02       2.168872878769e-02       5.333110769475e+05 
       4.478566067539e+01       5.479302576817e-02       2.091490574299e+03       3.926024895686e-02       2.184081018215e-02       5.371462640845e+05 
       4.446684315825e+01       5.537659177554e-02       2.099654038190e+03       3.884910865903e-02       2.199395795657e-02       5.410083931468e+05 
       4.415024559988e+01       5.596633366491e-02       2.107846450142e+03       3.844228623448e-02       2.214817958719e-02       5.448976527518e+05 
       4.383585254315e+01       5.656231660437e-02       2.116067910158e+03       3.803973612986e-02       2.230348260262e-02       5.488142328398e+05 
       4.352364863857e+01       5.716460644885e-02       2.124318518594e+03       3.764141327604e-02       2.245987458423e-02       5.527583246829e+05 
       4.321361864348e+01       5.777326974739e-02       2.132598376159e+03       3.724727308281e-02       2.261736316651e-02       5.567301208946e+05 
       4.290574742137e+01       5.838837375041e-02       2.140907583918e+03       3.685727143377e-02       2.277595603742e-02       5.607298154390e+05 
       4.260001994109e+01       5.900998641711e-02       2.149246243292e+03       3.647136468125e-02       2.293566093880e-02       5.647576036402e+05 
       4.229642127617e+01       5.963817642293e-02       2.157614456060e+03       3.608950964125e-02       2.309648566671e-02       5.688136821920e+05 
       4.199493660404e+01       6.027301316711e-02       2.166012324359e+03       3.571166358846e-02       2.325843807187e-02       5.728982491670e+05 
       4.169555120533e+01       6.091456678030e-02       2.174439950685e+03       3.533778425134e-02       2.342152605994e-02       5.770115040271e+05 
       4.139825046316e+01       6.156290813224e-02       2.182897437898e+03       3.496782980726e-02       2.358575759202e-02       5.811536476322e+05 
       4.110301986240e+01       6.221810883959e-02       2.191384889218e+03       3.460175887763e-02       2.375114068493e-02       5.853248822507e+05 
       4.080984498899e+01       6.288024127376e-02       2.199902408228e+03       3.423953052320e-02       2.391768341169e-02       5.895254115690e+05 
       4.051871152923e+01       6.354937856888e-02       2.208450098879e+03       3.388110423931e-02       2.408539390186e-02       5.937554407013e+05 
       4.022960526905e+01       6.422559462979e-02       2.217028065484e+03       3.352643995120e-02       2.425428034193e-02       5.980151762001e+05 
       3.994251209338e+01       6.490896414023e-02       2.225636412726e+03       3.317549800946e-02       2.442435097576e-02       6.023048260656e+05 
       3.965741798539e+01       6.559956257096e-02       2.234275245655e+03       3.282823918541e-02       2.459561410494e-02       6.066245997561e+05 
       3.937430902586e+01       6.629746618810e-02       2.242944669692e+03       3.248462466662e-02       2.476807808921e-02       6.109747081982e+05 
       3.909317139247e+01       6.700275206149e-02       2.251644790629e+03       3.214461605243e-02       2.494175134688e-02       6.153553637972e+05 
       3.881399135914e+01       6.771549807314e-02       2.260375714628e+03       3.180817534953e-02       2.511664235519e-02       6.197667804469e+05 
       3.853675529534e+01       6.843578292580e-02       2.269137548228e+03       3.147526496763e-02       2.529275965079e-02       6.242091735404e+05 
       3.826144966547e+01       6.916368615159e-02       2.277930398339e+03       3.114584771509e-02       2.547011183009e-02       6.286827599808e+05 
       3.798806102813e+01       6.989928812074e-02       2.286754372249e+03       3.081988679469e-02       2.564870754973e-02       6.331877581909e+05 
       3.771657603555e+01       7.064267005042e-02       2.295609577624e+03       3.049734579937e-02       2.582855552696e-02       6.377243881247e+05 
       3.744698143285e+01       7.139391401361e-02       2.304496122507e+03       3.017818870807e-02       2.600966454009e-02       6.422928712775e+05 
       3.717926405746e+01       7.215310294819e-02       2.313414115321e+03       2.986237988161e-02       2.619204342889e-02       6.468934306969e+05 
       3.691341083845e+01       7.292032066596e-02       2.322363664870e+03       2.954988405855e-02       2.637570109506e-02       6.515262909935e+05 
       3.664940879588e+01       7.369565186192e-02       2.331344880341e+03       2.924066635122e-02       2.656064650260e-02       6.561916783521e+05 
       3.638724504019e+01       7.447918212349e-02       2.340357871303e+03       2.893469224164e-02       2.674688867830e-02       6.608898205420e+05 
       3.612690677156e+01       7.527099793997e-02       2.349402747713e+03       2.863192757762e-02       2.693443671217e-02       6.656209469289e+05 
       3.586838127930e+01       7.607118671201e-02       2.358479619911e+03       2.833233856882e-02       2.712329975785e-02       6.703852884854e+05 
       3.561165594120e+01       7.687983676116e-02       2.367588598626e+03       2.803589178289e-02       2.731348703307e-02       6.751830778025e+05 
       3.535671822294e+01       7.769703733966e-02       2.376729794974e+03       2.774255414162e-02       2.750500782012e-02       6.800145491006e+05 
       3.510355567747e+01       7.852287864013e-02       2.385903320463e+03       2.745229291719e-02       2.769787146625e-02       6.848799382413e+05 
       3.485215594438e+01       7.935745180554e-02       2.395109286992e+03       2.716507572838e-02       2.789208738418e-02       6.897794827384e+05 
       3.460250674936e+01       8.020084893919e-02       2.404347806852e+03       2.688087053689e-02       2.808766505250e-02       6.947134217696e+05 
       3.435459590352e+01       8.105316311482e-02       2.413618992728e+03       2.659964564367e-02       2.828461401619e-02       6.996819961881e+05 
       3.410841130285e+01       8.191448838680e-02       2.422922957699e+03       2.632136968529e-02       2.848294388701e-02       7.046854485343e+05 
       3.386394092761e+01       8.278491980050e-02       2.432259815244e+03       2.604601163034e-02       2.868266434404e-02       7.097240230473e+05 
       3.362117284176e+01       8.366455340266e-02       2.441629679235e+03       2.577354077594e-02       2.888378513408e-02       7.147979656770e+05 
       3.338009519235e+01       8.455348625199e-02       2.451032663947e+03       2.550392674413e-02       2.908631607218e-02       7.199075240961e+05 
       3.314069620895e+01       8.545181642977e-02       2.460468884054e+03       2.523713947849e-02       2.929026704209e-02       7.250529477116e+05 
       3.290296420310e+01       8.635964305062e-02       2.469938454631e+03       2.497314924068e-02       2.949564799671e-02       7.302344876773e+05 
       3.266688756770e+01       8.727706627341e-02       2.479441491158e+03       2.471192660700e-02       2.970246895862e-02       7.354523969059e+05 
       3.243245477649e+01       8.820418731219e-02       2.488978109517e+03       2.445344246510e-02       2.991074002054e-02       7.407069300812e+05 
       3.219965438343e+01       8.914110844735e-02       2.498548425998e+03       2.419766801061e-02       3.012047134583e-02       7.459983436701e+05 
       3.196847502219e+01       9.008793303678e-02       2.508152557296e+03       2.394457474385e-02       3.033167316895e-02       7.513268959355e+05 
       3.173890540559e+01       9.104476552728e-02       2.517790620516e+03       2.369413446662e-02       3.054435579601e-02       7.566928469486e+05 
       3.151093432502e+01       9.201171146594e-02       2.527462733172e+03       2.344631927893e-02       3.075852960520e-02       7.620964586013e+05 
       3.128455064990e+01       9.298887751177e-02       2.537169013188e+03       2.320110157586e-02       3.097420504734e-02       7.675379946191e+05 
       3.105974332717e+01       9.397637144737e-02       2.546909578903e+03       2.295845404440e-02       3.119139264639e-02       7.730177205736e+05 
       3.083650138072e+01       9.497430219077e-02       2.556684549067e+03       2.271834966032e-02       3.141010299992e-02       7.785359038957e+05 
       3.061481391086e+01       9.598277980737e-02       2.566494042846e+03       2.248076168511e-02       3.163034677964e-02       7.840928138881e+05 
       3.039467009377e+01       9.700191552196e-02       2.576338179823e+03       2.224566366294e-02       3.185213473192e-02       7.896887217384e+05 
       3.017605918103e+01       9.803182173102e-02       2.586217079998e+03       2.201302941761e-02       3.207547767831e-02       7.953239005323e+05 
       2.995897049903e+01       9.907261201493e-02       2.596130863791e+03       2.178283304962e-02       3.230038651605e-02       8.009986252670e+05 
       2.974339344847e+01       1.001244011505e-01       2.606079652040e+03       2.155504893316e-02       3.252687221862e-02       8.067131728638e+05 
       2.952931750387e+01       1.011873051235e-01       2.616063566009e+03       2.132965171327e-02       3.275494583621e-02       8.124678221821e+05 
       2.931673221302e+01       1.022614411415e-01       2.626082727381e+03       2.110661630288e-02       3.298461849633e-02       8.182628540327e+05 
       2.910562719649e+01       1.033469276465e-01       2.636137258266e+03       2.088591788000e-02       3.321590140431e-02       8.240985511909e+05 
       2.889599214711e+01       1.044438843280e-01       2.646227281199e+03       2.066753188488e-02       3.344880584382e-02       8.299751984107e+05 
       2.868781682947e+01       1.055524321363e-01       2.656352919141e+03       2.045143401723e-02       3.368334317744e-02       8.358930824383e+05 
       2.848109107946e+01       1.066726932956e-01       2.666514295484e+03       2.023760023345e-02       3.391952484720e-02       8.418524920257e+05 
       2.827580480368e+01       1.078047913172e-01       2.676711534049e+03       2.002600674387e-02       3.415736237514e-02       8.478537179450e+05 
       2.807194797907e+01       1.089488510135e-01       2.686944759087e+03       1.981663001011e-02       3.439686736385e-02       8.538970530020e+05 
       2.786951065230e+01       1.101049985111e-01       2.697214095283e+03       1.960944674234e-02       3.463805149703e-02       8.599827920505e+05 
       2.766848293937e+01       1.112733612654e-01       2.707519667757e+03       1.940443389668e-02       3.488092654005e-02       8.661112320067e+05 
       2.746885502510e+01       1.124540680736e-01       2.717861602061e+03       1.920156867255e-02       3.512550434053e-02       8.722826718627e+05 
       2.727061716264e+01       1.136472490895e-01       2.728240024188e+03       1.900082851012e-02       3.537179682889e-02       8.784974127020e+05 
       2.707375967301e+01       1.148530358377e-01       2.738655060565e+03       1.880219108769e-02       3.561981601896e-02       8.847557577128e+05 
       2.687827294461e+01       1.160715612277e-01       2.749106838063e+03       1.860563431924e-02       3.586957400848e-02       8.910580122036e+05 
       2.668414743277e+01       1.173029595687e-01       2.759595483989e+03       1.841113635182e-02       3.612108297979e-02       8.974044836170e+05 
       2.649137365928e+01       1.185473665843e-01       2.770121126097e+03       1.821867556318e-02       3.637435520030e-02       9.037954815450e+05 
       2.629994221192e+01       1.198049194270e-01       2.780683892580e+03       1.802823055923e-02       3.662940302316e-02       9.102313177436e+05 
       2.610984374399e+01       1.210757566940e-01       2.791283912081e+03       1.783978017166e-02       3.688623888784e-02       9.167123061481e+05 
       2.592106897390e+01       1.223600184414e-01       2.801921313684e+03       1.765330345554e-02       3.714487532068e-02       9.232387628875e+05 
       2.573360868464e+01       1.236578462005e-01       2.812596226926e+03       1.746877968692e-02       3.740532493553e-02       9.298110063003e+05 
       2.554745372342e+01       1.249693829924e-01       2.823308781789e+03       1.728618836049e-02       3.766760043438e-02       9.364293569493e+05 
       2.536259500114e+01       1.262947733443e-01       2.834059108709e+03       1.710550918729e-02       3.793171460788e-02       9.430941376373e+05 
       2.517902349201e+01       1.276341633051e-01       2.844847338570e+03       1.692672209235e-02       3.819768033604e-02       9.498056734223e+05 
       2.499673023307e+01       1.289877004614e-01       2.855673602713e+03       1.674980721249e-02       3.846551058881e-02       9.565642916330e+05 
       2.481570632378e+01       1.303555339535e-01       2.866538032931e+03       1.657474489401e-02       3.873521842669e-02       9.633703218847e+05 
       2.463594292554e+01       1.317378144920e-01       2.877440761475e+03       1.640151569047e-02       3.900681700138e-02       9.702240960950e+05 
       2.445743126134e+01       1.331346943740e-01       2.888381921053e+03       1.623010036054e-02       3.928031955637e-02       9.771259484995e+05 
       2.428016261523e+01       1.345463275001e-01       2.899361644829e+03       1.606047986578e-02       3.955573942763e-02       9.840762156677e+05 
       2.410412833197e+01       1.359728693908e-01       2.910380066432e+03       1.589263536847e-02       3.983309004419e-02       9.910752365195e+05 
       2.392931981660e+01       1.374144772040e-01       2.921437319949e+03       1.572654822953e-02       4.011238492881e-02       9.981233523408e+05 
       2.375572853398e+01       1.388713097518e-01       2.932533539932e+03       1.556220000638e-02       4.039363769862e-02       1.005220906800e+06 
       2.358334600840e+01       1.403435275180e-01       2.943668861394e+03       1.539957245085e-02       4.067686206575e-02       1.012368245965e+06 
       2.341216382317e+01       1.418312926758e-01       2.954843419819e+03       1.523864750713e-02       4.096207183803e-02       1.019565718319e+06 
       2.324217362020e+01       1.433347691051e-01       2.966057351152e+03       1.507940730975e-02       4.124928091958e-02       1.026813674776e+06 
       2.307336709960e+01       1.448541224110e-01       2.977310791812e+03       1.492183418150e-02       4.153850331155e-02       1.034112468699e+06 
       2.290573601927e+01       1.463895199415e-01       2.988603878683e+03       1.476591063149e-02       4.182975311271e-02       1.041462455919e+06 
       2.273927219448e+01       1.479411308058e-01       2.999936749125e+03       1.461161935315e-02       4.212304452016e-02       1.048863994746e+06 
       2.257396749752e+01       1.495091258932e-01       3.011309540966e+03       1.445894322228e-02       4.241839183001e-02       1.056317445991e+06 
       2.240981385723e+01       1.510936778910e-01       3.022722392510e+03       1.430786529511e-02       4.271580943803e-02       1.063823172981e+06 
       2.224680325868e+01       1.526949613041e-01       3.034175442537e+03       1.415836880641e-02       4.301531184037e-02       1.071381541578e+06 
       2.208492774274e+01       1.543131524738e-01       3.045668830302e+03       1.401043716756e-02       4.331691363421e-02       1.078992920194e+06 
       2.192417940568e+01       1.559484295969e-01       3.057202695538e+03       1.386405396470e-02       4.362062951847e-02       1.086657679810e+06 
       2.176455039882e+01       1.576009727455e-01       3.068777178460e+03       1.371920295688e-02       4.392647429450e-02       1.094376193993e+06 
       2.160603292812e+01       1.592709638863e-01       3.080392419760e+03       1.357586807422e-02       4.423446286679e-02       1.102148838912e+06 
       2.144861925382e+01       1.609585869006e-01       3.092048560615e+03       1.343403341611e-02       4.454461024367e-02       1.109975993362e+06 
       2.129230169002e+01       1.626640276046e-01       3.103745742683e+03       1.329368324939e-02       4.485693153800e-02       1.117858038773e+06 
       2.113707260437e+01       1.643874737694e-01       3.115484108108e+03       1.315480200660e-02       4.517144196793e-02       1.125795359234e+06 
       2.098292441764e+01       1.661291151416e-01       3.127263799521e+03       1.301737428422e-02       4.548815685755e-02       1.133788341512e+06 
       2.082984960338e+01       1.678891434640e-01       3.139084960038e+03       1.288138484093e-02       4.580709163769e-02       1.141837375064e+06 
       2.067784068755e+01       1.696677524964e-01       3.150947733265e+03       1.274681859589e-02       4.612826184657e-02       1.149942852061e+06 
       2.052689024813e+01       1.714651380371e-01       3.162852263299e+03       1.261366062705e-02       4.645168313060e-02       1.158105167405e+06 
       2.037699091480e+01       1.732814979437e-01       3.174798694727e+03       1.248189616945e-02       4.677737124506e-02       1.166324718746e+06 
       2.022813536854e+01       1.751170321553e-01       3.186787172629e+03       1.235151061357e-02       4.710534205488e-02       1.174601906504e+06 
       2.008031634131e+01       1.769719427138e-01       3.198817842580e+03       1.222248950371e-02       4.743561153537e-02       1.182937133884e+06 
       1.993352661567e+01       1.788464337860e-01       3.210890850648e+03       1.209481853630e-02       4.776819577295e-02       1.191330806896e+06 
       1.978775902441e+01       1.807407116862e-01       3.223006343399e+03       1.196848355835e-02       4.810311096594e-02       1.199783334377e+06 
       1.964300645026e+01       1.826549848984e-01       3.235164467899e+03       1.184347056581e-02       4.844037342530e-02       1.208295128005e+06 
       1.949926182547e+01       1.845894640989e-01       3.247365371709e+03       1.171976570205e-02       4.877999957540e-02       1.216866602324e+06 
       1.935651813153e+01       1.865443621796e-01       3.259609202893e+03       1.159735525623e-02       4.912200595475e-02       1.225498174757e+06 
       1.921476839879e+01       1.885198942708e-01       3.271896110018e+03       1.147622566181e-02       4.946640921683e-02       1.234190265633e+06 
       1.907400570612e+01       1.905162777651e-01       3.284226242150e+03       1.135636349501e-02       4.981322613086e-02       1.242943298199e+06 
       1.893422318059e+01       1.925337323405e-01       3.296599748863e+03       1.123775547329e-02       5.016247358251e-02       1.251757698645e+06 
       1.879541399711e+01       1.945724799847e-01       3.309016780235e+03       1.112038845387e-02       5.051416857479e-02       1.260633896122e+06 
       1.865757137813e+01       1.966327450194e-01       3.321477486851e+03       1.100424943224e-02       5.086832822875e-02       1.269572322761e+06 
       1.852068859329e+01       1.987147541242e-01       3.333982019804e+03       1.088932554071e-02       5.122496978435e-02       1.278573413696e+06 
       1.838475895907e+01       2.008187363616e-01       3.346530530696e+03       1.077560404695e-02       5.158411060119e-02       1.287637607081e+06 
       1.824977583851e+01       2.029449232018e-01       3.359123171640e+03       1.066307235256e-02       5.194576815937e-02       1.296765344111e+06 
       1.811573264086e+01       2.050935485481e-01       3.371760095259e+03       1.055171799169e-02       5.230996006029e-02       1.305957069044e+06 
       1.798262282123e+01       2.072648487618e-01       3.384441454692e+03       1.044152862957e-02       5.267670402742e-02       1.315213229222e+06 
       1.785043988034e+01       2.094590626887e-01       3.397167403589e+03       1.033249206120e-02       5.304601790718e-02       1.324534275089e+06 
       1.771917736414e+01       2.116764316841e-01       3.409938096118e+03       1.022459620991e-02       5.341791966972e-02       1.333920660211e+06 
       1.758882886353e+01       2.139171996398e-01       3.422753686959e+03       1.011782912605e-02       5.379242740976e-02       1.343372841303e+06 
       1.745938801403e+01       2.161816130103e-01       3.435614331315e+03       1.001217898565e-02       5.416955934746e-02       1.352891278242e+06 
       1.733084849546e+01       2.184699208393e-01       3.448520184905e+03       9.907634089050e-03       5.454933382917e-02       1.362476434096e+06 
       1.720320403169e+01       2.207823747872e-01       3.461471403966e+03       9.804182859633e-03       5.493176932838e-02       1.372128775139e+06 
       1.707644839023e+01       2.231192291583e-01       3.474468145260e+03       9.701813842499e-03       5.531688444646e-02       1.381848770875e+06 
       1.695057538203e+01       2.254807409278e-01       3.487510566067e+03       9.600515703186e-03       5.570469791361e-02       1.391636894060e+06 
       1.682557886112e+01       2.278671697707e-01       3.500598824194e+03       9.500277226399e-03       5.609522858964e-02       1.401493620722e+06 
       1.670145272432e+01       2.302787780892e-01       3.513733077970e+03       9.401087314752e-03       5.648849546488e-02       1.411419430184e+06 
       1.657819091094e+01       2.327158310412e-01       3.526913486248e+03       9.302934987524e-03       5.688451766101e-02       1.421414805085e+06 
       1.645578740251e+01       2.351785965693e-01       3.540140208411e+03       9.205809379422e-03       5.728331443197e-02       1.431480231405e+06 
       1.633423622245e+01       2.376673454299e-01       3.553413404366e+03       9.109699739369e-03       5.768490516478e-02       1.441616198480e+06 
       1.621353143579e+01       2.401823512221e-01       3.566733234550e+03       9.014595429294e-03       5.808930938049e-02       1.451823199033e+06 
       1.609366714889e+01       2.427238904176e-01       3.580099859929e+03       8.920485922943e-03       5.849654673499e-02       1.462101729190e+06 
       1.597463750916e+01       2.452922423907e-01       3.593513442000e+03       8.827360804694e-03       5.890663701995e-02       1.472452288504e+06 
       1.585643670472e+01       2.478876894483e-01       3.606974142791e+03       8.735209768394e-03       5.931960016372e-02       1.482875379979e+06 
       1.573905896421e+01       2.505105168606e-01       3.620482124862e+03       8.644022616202e-03       5.973545623216e-02       1.493371510091e+06 
       1.562249855642e+01       2.531610128919e-01       3.634037551305e+03       8.553789257447e-03       6.015422542962e-02       1.503941188813e+06 
       1.550674979006e+01       2.558394688317e-01       3.647640585749e+03       8.464499707497e-03       6.057592809982e-02       1.514584929634e+06 
       1.539180701345e+01       2.585461790263e-01       3.661291392356e+03       8.376144086639e-03       6.100058472674e-02       1.525303249586e+06 
       1.527766461428e+01       2.612814409105e-01       3.674990135824e+03       8.288712618976e-03       6.142821593557e-02       1.536096669266e+06 
       1.516431701931e+01       2.640455550397e-01       3.688736981388e+03       8.202195631326e-03       6.185884249360e-02       1.546965712857e+06 
       1.505175869411e+01       2.668388251223e-01       3.702532094821e+03       8.116583552148e-03       6.229248531116e-02       1.557910908154e+06 
       1.493998414278e+01       2.696615580527e-01       3.716375642434e+03       8.031866910460e-03       6.272916544258e-02       1.568932786588e+06 
       1.482898790768e+01       2.725140639442e-01       3.730267791077e+03       7.948036334786e-03       6.316890408706e-02       1.580031883245e+06 
       1.471876456920e+01       2.753966561622e-01       3.744208708140e+03       7.865082552105e-03       6.361172258965e-02       1.591208736895e+06 
       1.460930874542e+01       2.783096513587e-01       3.758198561553e+03       7.782996386809e-03       6.405764244221e-02       1.602463890015e+06 
       1.450061509193e+01       2.812533695054e-01       3.772237519788e+03       7.701768759685e-03       6.450668528431e-02       1.613797888808e+06 
       1.439267830153e+01       2.842281339292e-01       3.786325751859e+03       7.621390686889e-03       6.495887290422e-02       1.625211283234e+06 
       1.428549310395e+01       2.872342713462e-01       3.800463427322e+03       7.541853278948e-03       6.541422723984e-02       1.636704627029e+06 
       1.417905426563e+01       2.902721118970e-01       3.814650716277e+03       7.463147739762e-03       6.587277037968e-02       1.648278477731e+06 
       1.407335658945e+01       2.933419891827e-01       3.828887789368e+03       7.385265365623e-03       6.633452456381e-02       1.659933396704e+06 
       1.396839491448e+01       2.964442403001e-01       3.843174817783e+03       7.308197544236e-03       6.679951218485e-02       1.671669949165e+06 
       1.386416411572e+01       2.995792058783e-01       3.857511973253e+03       7.231935753764e-03       6.726775578892e-02       1.683488704204e+06 
       1.376065910386e+01       3.027472301149e-01       3.871899428058e+03       7.156471561868e-03       6.773927807663e-02       1.695390234812e+06 
       1.365787482501e+01       3.059486608137e-01       3.886337355022e+03       7.081796624766e-03       6.821410190405e-02       1.707375117905e+06 
       1.355580626049e+01       3.091838494210e-01       3.900825927514e+03       7.007902686304e-03       6.869225028370e-02       1.719443934347e+06 
       1.345444842655e+01       3.124531510641e-01       3.915365319453e+03       6.934781577028e-03       6.917374638556e-02       1.731597268980e+06 
       1.335379637415e+01       3.157569245888e-01       3.929955705302e+03       6.862425213274e-03       6.965861353802e-02       1.743835710641e+06 
       1.325384518870e+01       3.190955325981e-01       3.944597260072e+03       6.790825596264e-03       7.014687522892e-02       1.756159852197e+06 
       1.315458998983e+01       3.224693414912e-01       3.959290159324e+03       6.719974811211e-03       7.063855510652e-02       1.768570290560e+06 
       1.305602593117e+01       3.258787215021e-01       3.974034579164e+03       6.649865026438e-03       7.113367698051e-02       1.781067626722e+06 
       1.295814820006e+01       3.293240467397e-01       3.988830696247e+03       6.580488492498e-03       7.163226482305e-02       1.793652465772e+06 
       1.286095201738e+01       3.328056952277e-01       4.003678687777e+03       6.511837541312e-03       7.213434276973e-02       1.806325416928e+06 
       1.276443263728e+01       3.363240489446e-01       4.018578731506e+03       6.443904585315e-03       7.263993512061e-02       1.819087093560e+06 
       1.266858534693e+01       3.398794938649e-01       4.033531005734e+03       6.376682116600e-03       7.314906634124e-02       1.831938113213e+06 
       1.257340546636e+01       3.434724200001e-01       4.048535689311e+03       6.310162706089e-03       7.366176106370e-02       1.844879097638e+06 
       1.247888834814e+01       3.471032214401e-01       4.063592961633e+03       6.244339002698e-03       7.417804408757e-02       1.857910672816e+06 
       1.238502937722e+01       3.507722963955e-01       4.078703002647e+03       6.179203732517e-03       7.469794038103e-02       1.871033468981e+06 
       1.229182397069e+01       3.544800472398e-01       4.093865992847e+03       6.114749698003e-03       7.522147508181e-02       1.884248120649e+06 
       1.219926757754e+01       3.582268805519e-01       4.109082113276e+03       6.050969777166e-03       7.574867349831e-02       1.897555266644e+06 
       1.210735567845e+01       3.620132071600e-01       4.124351545523e+03       5.987856922787e-03       7.627956111057e-02       1.910955550124e+06 
       1.201608378556e+01       3.658394421846e-01       4.139674471727e+03       5.925404161622e-03       7.681416357133e-02       1.924449618606e+06 
       1.192544744227e+01       3.697060050828e-01       4.155051074574e+03       5.863604593627e-03       7.735250670710e-02       1.938038123993e+06 
       1.183544222301e+01       3.736133196930e-01       4.170481537296e+03       5.802451391190e-03       7.789461651916e-02       1.951721722602e+06 
       1.174606373300e+01       3.775618142793e-01       4.185966043671e+03       5.741937798366e-03       7.844051918464e-02       1.965501075187e+06 
       1.165730760810e+01       3.815519215773e-01       4.201504778026e+03       5.682057130126e-03       7.899024105755e-02       1.979376846969e+06 
       1.156916951453e+01       3.855840788398e-01       4.217097925231e+03       5.622802771610e-03       7.954380866986e-02       1.993349707660e+06 
       1.148164514868e+01       3.896587278826e-01       4.232745670702e+03       5.564168177392e-03       8.010124873250e-02       2.007420331492e+06 
       1.139473023693e+01       3.937763151320e-01       4.248448200398e+03       5.506146870744e-03       8.066258813649e-02       2.021589397240e+06 
       1.130842053539e+01       3.979372916711e-01       4.264205700823e+03       5.448732442920e-03       8.122785395393e-02       2.035857588254e+06 
       1.122271182974e+01       4.021421132876e-01       4.280018359024e+03       5.391918552439e-03       8.179707343911e-02       2.050225592480e+06 
       1.113759993498e+01       4.063912405223e-01       4.295886362588e+03       5.335698924379e-03       8.237027402951e-02       2.064694102491e+06 
       1.105308069528e+01       4.106851387168e-01       4.311809899645e+03       5.280067349674e-03       8.294748334696e-02       2.079263815511e+06 
       1.096914998371e+01       4.150242780630e-01       4.327789158863e+03       5.225017684428e-03       8.352872919858e-02       2.093935433445e+06 
       1.088580370211e+01       4.194091336522e-01       4.343824329449e+03       5.170543849225e-03       8.411403957796e-02       2.108709662903e+06 
       1.080303778083e+01       4.238401855251e-01       4.359915601149e+03       5.116639828454e-03       8.470344266615e-02       2.123587215228e+06 
       1.072084817856e+01       4.283179187221e-01       4.376063164244e+03       5.063299669638e-03       8.529696683274e-02       2.138568806522e+06 
       1.063923088215e+01       4.328428233341e-01       4.392267209551e+03       5.010517482772e-03       8.589464063697e-02       2.153655157675e+06 
       1.055818190635e+01       4.374153945539e-01       4.408527928420e+03       4.958287439664e-03       8.649649282874e-02       2.168846994390e+06 
       1.047769729369e+01       4.420361327275e-01       4.424845512733e+03       4.906603773290e-03       8.710255234969e-02       2.184145047211e+06 
       1.039777311426e+01       4.467055434069e-01       4.441220154903e+03       4.855460777148e-03       8.771284833430e-02       2.199550051549e+06 
       1.031840546549e+01       4.514241374027e-01       4.457652047871e+03       4.804852804623e-03       8.832741011092e-02       2.215062747709e+06 
       1.023959047199e+01       4.561924308369e-01       4.474141385105e+03       4.754774268361e-03       8.894626720285e-02       2.230683880918e+06 
       1.016132428536e+01       4.610109451972e-01       4.490688360600e+03       4.705219639641e-03       8.956944932940e-02       2.246414201352e+06 
       1.008360308398e+01       4.658802073906e-01       4.507293168873e+03       4.656183447768e-03       9.019698640698e-02       2.262254464160e+06 
       1.000642307287e+01       4.708007497988e-01       4.523956004962e+03       4.607660279454e-03       9.082890855012e-02       2.278205429494e+06 
       9.929780483429e+00       4.757731103325e-01       4.540677064423e+03       4.559644778225e-03       9.146524607254e-02       2.294267862536e+06 
       9.853671573333e+00       4.807978324880e-01       4.557456543331e+03       4.512131643816e-03       9.210602948826e-02       2.310442533521e+06 
       9.778092626295e+00       4.858754654028e-01       4.574294638274e+03       4.465115631589e-03       9.275128951258e-02       2.326730217767e+06 
       9.703039951910e+00       4.910065639125e-01       4.591191546352e+03       4.418591551942e-03       9.340105706320e-02       2.343131695702e+06 
       9.628509885464e+00       4.961916886079e-01       4.608147465174e+03       4.372554269738e-03       9.405536326124e-02       2.359647752886e+06 
       9.554498787763e+00       5.014314058932e-01       4.625162592856e+03       4.326998703727e-03       9.471423943229e-02       2.376279180045e+06 
       9.481003044948e+00       5.067262880436e-01       4.642237128019e+03       4.281919825988e-03       9.537771710747e-02       2.393026773090e+06 
       9.408019068323e+00       5.120769132643e-01       4.659371269781e+03       4.237312661363e-03       9.604582802448e-02       2.409891333149e+06 
       9.335543294179e+00       5.174838657500e-01       4.676565217762e+03       4.193172286907e-03       9.671860412858e-02       2.426873666587e+06 
       9.263572183620e+00       5.229477357447e-01       4.693819172074e+03       4.149493831340e-03       9.739607757373e-02       2.443974585040e+06 
       9.192102222388e+00       5.284691196016e-01       4.711133333320e+03       4.106272474504e-03       9.807828072352e-02       2.461194905435e+06 
       9.121129920695e+00       5.340486198445e-01       4.728507902592e+03       4.063503446828e-03       9.876524615226e-02       2.478535450018e+06 
       9.050651813050e+00       5.396868452288e-01       4.745943081464e+03       4.021182028797e-03       9.945700664594e-02       2.495997046379e+06 
       8.980664458090e+00       5.453844108037e-01       4.763439071993e+03       3.979303550428e-03       1.001535952033e-01       2.513580527478e+06 
       8.911164438415e+00       5.511419379745e-01       4.780996076711e+03       3.937863390749e-03       1.008550450369e-01       2.531286731672e+06 
       8.842148360416e+00       5.569600545656e-01       4.798614298621e+03       3.896856977287e-03       1.015613895739e-01       2.549116502737e+06 
       8.773612854113e+00       5.628393948843e-01       4.816293941195e+03       3.856279785559e-03       1.022726624573e-01       2.567070689898e+06 
       8.705554572991e+00       5.687805997845e-01       4.834035208371e+03       3.816127338568e-03       1.029888975468e-01       2.585150147846e+06 
       8.637970193831e+00       5.747843167314e-01       4.851838304542e+03       3.776395206308e-03       1.037101289198e-01       2.603355736773e+06 
       8.570856416557e+00       5.808511998669e-01       4.869703434559e+03       3.737079005266e-03       1.044363908723e-01       2.621688322388e+06 
       8.504209964066e+00       5.869819100752e-01       4.887630803721e+03       3.698174397943e-03       1.051677179202e-01       2.640148775945e+06 
       8.438027582074e+00       5.931771150489e-01       4.905620617773e+03       3.659677092366e-03       1.059041447997e-01       2.658737974268e+06 
       8.372306038951e+00       5.994374893557e-01       4.923673082897e+03       3.621582841610e-03       1.066457064686e-01       2.677456799771e+06 
       8.307042125572e+00       6.057637145064e-01       4.941788405710e+03       3.583887443332e-03       1.073924381074e-01       2.696306140486e+06 
       8.242232655152e+00       6.121564790220e-01       4.959966793260e+03       3.546586739299e-03       1.081443751198e-01       2.715286890085e+06 
       8.177874463094e+00       6.186164785025e-01       4.978208453014e+03       3.509676614927e-03       1.089015531337e-01       2.734399947900e+06 
       8.113964406835e+00       6.251444156960e-01       4.996513592857e+03       3.473152998826e-03       1.096640080026e-01       2.753646218950e+06 
       8.050499365691e+00       6.317410005680e-01       5.014882421086e+03       3.437011862346e-03       1.104317758057e-01       2.773026613961e+06 
       7.987476240706e+00       6.384069503718e-01       5.033315146400e+03       3.401249219127e-03       1.112048928495e-01       2.792542049388e+06 
       7.924891954500e+00       6.451429897187e-01       5.051811977897e+03       3.365861124663e-03       1.119833956681e-01       2.812193447440e+06 
       7.862743451118e+00       6.519498506496e-01       5.070373125065e+03       3.330843675856e-03       1.127673210244e-01       2.831981736094e+06 
       7.801027695881e+00       6.588282727066e-01       5.088998797776e+03       3.296193010589e-03       1.135567059108e-01       2.851907849127e+06 
       7.739741675240e+00       6.657790030053e-01       5.107689206279e+03       3.261905307292e-03       1.143515875501e-01       2.871972726125e+06 
       7.678882396627e+00       6.728027963075e-01       5.126444561190e+03       3.227976784521e-03       1.151520033961e-01       2.892177312511e+06 
       7.618446888307e+00       6.799004150948e-01       5.145265073490e+03       3.194403700537e-03       1.159579911347e-01       2.912522559564e+06 
       7.558432199237e+00       6.870726296426e-01       5.164150954510e+03       3.161182352890e-03       1.167695886843e-01       2.933009424434e+06 
       7.498835398920e+00       6.943202180943e-01       5.183102415928e+03       3.128309078009e-03       1.175868341969e-01       2.953638870164e+06 
       7.439653577260e+00       7.016439665366e-01       5.202119669757e+03       3.095780250795e-03       1.184097660586e-01       2.974411865711e+06 
       7.380883844423e+00       7.090446690748e-01       5.221202928339e+03       3.063592284215e-03       1.192384228904e-01       2.995329385957e+06 
       7.322523330694e+00       7.165231279093e-01       5.240352404336e+03       3.031741628912e-03       1.200728435489e-01       3.016392411733e+06 
       7.264569186338e+00       7.240801534118e-01       5.259568310718e+03       3.000224772803e-03       1.209130671267e-01       3.037601929832e+06 
       7.207018581459e+00       7.317165642030e-01       5.278850860755e+03       2.969038240692e-03       1.217591329536e-01       3.058958933027e+06 
       7.149868705866e+00       7.394331872299e-01       5.298200268009e+03       2.938178593884e-03       1.226110805968e-01       3.080464420085e+06 
       7.093116768928e+00       7.472308578441e-01       5.317616746319e+03       2.907642429807e-03       1.234689498614e-01       3.102119395784e+06 
       7.036759999447e+00       7.551104198809e-01       5.337100509798e+03       2.877426381627e-03       1.243327807913e-01       3.123924870925e+06 
       6.980795645517e+00       7.630727257383e-01       5.356651772814e+03       2.847527117881e-03       1.252026136697e-01       3.145881862348e+06 
       6.925220974390e+00       7.711186364569e-01       5.376270749984e+03       2.817941342104e-03       1.260784890193e-01       3.167991392946e+06 
       6.870033272344e+00       7.792490218003e-01       5.395957656164e+03       2.788665792464e-03       1.269604476033e-01       3.190254491672e+06 
       6.815229844550e+00       7.874647603359e-01       5.415712706430e+03       2.759697241400e-03       1.278485304252e-01       3.212672193556e+06 
       6.760808014940e+00       7.957667395162e-01       5.435536116075e+03       2.731032495263e-03       1.287427787299e-01       3.235245539713e+06 
       6.706765126077e+00       8.041558557610e-01       5.455428100589e+03       2.702668393964e-03       1.296432340037e-01       3.257975577356e+06 
       6.653098539026e+00       8.126330145392e-01       5.475388875653e+03       2.674601810622e-03       1.305499379748e-01       3.280863359799e+06 
       6.599805633221e+00       8.211991304519e-01       5.495418657118e+03       2.646829651214e-03       1.314629326133e-01       3.303909946474e+06 
       6.546883806343e+00       8.298551273160e-01       5.515517660999e+03       2.619348854240e-03       1.323822601322e-01       3.327116402929e+06 
       6.494330474189e+00       8.386019382475e-01       5.535686103457e+03       2.592156390373e-03       1.333079629870e-01       3.350483800843e+06 
       6.442143070546e+00       8.474405057462e-01       5.555924200786e+03       2.565249262131e-03       1.342400838763e-01       3.374013218027e+06 
       6.390319047069e+00       8.563717817801e-01       5.576232169396e+03       2.538624503540e-03       1.351786657416e-01       3.397705738428e+06 
       6.338855873150e+00       8.653967278707e-01       5.596610225803e+03       2.512279179809e-03       1.361237517679e-01       3.421562452135e+06 
       6.287751035802e+00       8.745163151787e-01       5.617058586609e+03       2.486210386999e-03       1.370753853836e-01       3.445584455381e+06 
       6.237002039531e+00       8.837315245899e-01       5.637577468485e+03       2.460415251706e-03       1.380336102603e-01       3.469772850542e+06 
       6.186606406217e+00       8.930433468019e-01       5.658167088161e+03       2.434890930738e-03       1.389984703133e-01       3.494128746141e+06 
       6.136561674991e+00       9.024527824107e-01       5.678827662402e+03       2.409634610806e-03       1.399700097013e-01       3.518653256844e+06 
       6.086865402116e+00       9.119608419982e-01       5.699559407995e+03       2.384643508204e-03       1.409482728262e-01       3.543347503461e+06 
       6.037515160867e+00       9.215685462197e-01       5.720362541732e+03       2.359914868505e-03       1.419333043331e-01       3.568212612938e+06 
       5.988508541414e+00       9.312769258923e-01       5.741237280386e+03       2.335445966255e-03       1.429251491103e-01       3.593249718358e+06 
       5.939843150702e+00       9.410870220829e-01       5.762183840699e+03       2.311234104671e-03       1.439238522886e-01       3.618459958930e+06 
       5.891516612335e+00       9.509998861974e-01       5.783202439359e+03       2.287276615340e-03       1.449294592417e-01       3.643844479986e+06 
       5.843526566463e+00       9.610165800694e-01       5.804293292980e+03       2.263570857926e-03       1.459420155851e-01       3.669404432968e+06 
       5.795870669660e+00       9.711381760499e-01       5.825456618086e+03       2.240114219875e-03       1.469615671761e-01       3.695140975422e+06 
       5.748546594816e+00       9.813657570973e-01       5.846692631083e+03       2.216904116124e-03       1.479881601135e-01       3.721055270984e+06 
       5.701552031022e+00       9.917004168668e-01       5.868001548243e+03       2.193937988818e-03       1.490218407366e-01       3.747148489365e+06 
       5.654884683454e+00       1.002143259801e+00       5.889383585683e+03       2.171213307025e-03       1.500626556250e-01       3.773421806341e+06 
       5.608542273263e+00       1.012695401221e+00       5.910838959337e+03       2.148727566454e-03       1.511106515979e-01       3.799876403733e+06 
       5.562522537466e+00       1.023357967418e+00       5.932367884937e+03       2.126478289178e-03       1.521658757130e-01       3.826513469387e+06 
       5.516823228831e+00       1.034132095739e+00       5.953970577988e+03       2.104463023358e-03       1.532283752664e-01       3.853334197159e+06 
       5.471442115771e+00       1.045018934687e+00       5.975647253746e+03       2.082679342977e-03       1.542981977910e-01       3.880339786890e+06 
       5.426376982232e+00       1.056019644006e+00       5.997398127189e+03       2.061124847560e-03       1.553753910561e-01       3.907531444383e+06 
       5.381625627588e+00       1.067135394773e+00       6.019223412993e+03       2.039797161920e-03       1.564600030662e-01       3.934910381377e+06 
       5.337185866530e+00       1.078367369492e+00       6.041123325507e+03       2.018693935884e-03       1.575520820597e-01       3.962477815520e+06 
       5.293055528964e+00       1.089716762185e+00       6.063098078726e+03       1.997812844042e-03       1.586516765082e-01       3.990234970339e+06 
       5.249232459898e+00       1.101184778483e+00       6.085147886261e+03       1.977151585479e-03       1.597588351148e-01       4.018183075208e+06 
       5.205714519346e+00       1.112772635721e+00       6.107272961314e+03       1.956707883530e-03       1.608736068130e-01       4.046323365316e+06 
       5.162499582213e+00       1.124481563026e+00       6.129473516645e+03       1.936479485518e-03       1.619960407650e-01       4.074657081628e+06 
       5.119585538201e+00       1.136312801410e+00       6.151749764547e+03       1.916464162512e-03       1.631261863607e-01       4.103185470847e+06 
       5.076970291700e+00       1.148267603866e+00       6.174101916810e+03       1.896659709076e-03       1.642640932154e-01       4.131909785376e+06 
       5.034651761686e+00       1.160347235454e+00       6.196530184695e+03       1.877063943023e-03       1.654098111688e-01       4.160831283271e+06 
       4.992627881623e+00       1.172552973397e+00       6.219034778899e+03       1.857674705177e-03       1.665633902826e-01       4.189951228198e+06 
       4.950896599358e+00       1.184886107174e+00       6.241615909521e+03       1.838489859128e-03       1.677248808388e-01       4.219270889384e+06 
       4.909455877022e+00       1.197347938605e+00       6.264273786032e+03       1.819507291003e-03       1.688943333379e-01       4.248791541564e+06 
       4.868303690934e+00       1.209939781951e+00       6.287008617238e+03       1.800724909223e-03       1.700717984962e-01       4.278514464931e+06 
       4.827438031496e+00       1.222662963999e+00       6.309820611245e+03       1.782140644275e-03       1.712573272444e-01       4.308440945074e+06 
       4.786856903098e+00       1.235518824156e+00       6.332709975421e+03       1.763752448483e-03       1.724509707244e-01       4.338572272925e+06 
       4.746558324024e+00       1.248508714539e+00       6.355676916364e+03       1.745558295781e-03       1.736527802873e-01       4.368909744692e+06 
       4.706540326347e+00       1.261634000066e+00       6.378721639857e+03       1.727556181483e-03       1.748628074907e-01       4.399454661795e+06 
       4.666800955842e+00       1.274896058546e+00       6.401844350836e+03       1.709744122070e-03       1.760811040962e-01       4.430208330797e+06 
       4.627338271883e+00       1.288296280766e+00       6.425045253345e+03       1.692120154958e-03       1.773077220659e-01       4.461172063332e+06 
       4.588150347354e+00       1.301836070585e+00       6.448324550496e+03       1.674682338292e-03       1.785427135603e-01       4.492347176030e+06 
       4.549235268551e+00       1.315516845020e+00       6.471682444431e+03       1.657428750723e-03       1.797861309346e-01       4.523734990441e+06 
       4.510591135089e+00       1.329340034333e+00       6.495119136272e+03       1.640357491194e-03       1.810380267354e-01       4.555336832947e+06 
       4.472216059813e+00       1.343307082122e+00       6.518634826085e+03       1.623466678735e-03       1.822984536977e-01       4.587154034682e+06 
       4.434108168700e+00       1.357419445405e+00       6.542229712830e+03       1.606754452250e-03       1.835674647412e-01       4.619187931440e+06 
       4.396265600771e+00       1.371678594708e+00       6.565903994316e+03       1.590218970308e-03       1.848451129665e-01       4.651439863580e+06 
       4.358686508002e+00       1.386086014149e+00       6.589657867154e+03       1.573858410946e-03       1.861314516514e-01       4.683911175934e+06 
       4.321369055228e+00       1.400643201524e+00       6.613491526710e+03       1.557670971459e-03       1.874265342466e-01       4.716603217701e+06 
       4.284311420059e+00       1.415351668392e+00       6.637405167055e+03       1.541654868202e-03       1.887304143720e-01       4.749517342344e+06 
       4.247511792788e+00       1.430212940154e+00       6.661398980912e+03       1.525808336395e-03       1.900431458121e-01       4.782654907481e+06 
       4.210968376303e+00       1.445228556140e+00       6.685473159610e+03       1.510129629923e-03       1.913647825113e-01       4.816017274770e+06 
       4.174679386000e+00       1.460400069686e+00       6.709627893026e+03       1.494617021142e-03       1.926953785697e-01       4.849605809790e+06 
       4.138643049696e+00       1.475729048216e+00       6.733863369533e+03       1.479268800690e-03       1.940349882378e-01       4.883421881921e+06 
       4.102857607540e+00       1.491217073320e+00       6.758179775943e+03       1.464083277294e-03       1.953836659118e-01       4.917466864215e+06 
       4.067321311931e+00       1.506865740832e+00       6.782577297455e+03       1.449058777585e-03       1.967414661279e-01       4.951742133263e+06 
       4.032032427430e+00       1.522676660904e+00       6.807056117591e+03       1.434193645906e-03       1.981084435575e-01       4.986249069059e+06 
       3.996989230676e+00       1.538651458084e+00       6.831616418142e+03       1.419486244135e-03       1.994846530009e-01       5.020989054857e+06 
       3.962190010300e+00       1.554791771388e+00       6.856258379105e+03       1.404934951497e-03       2.008701493821e-01       5.055963477025e+06 
       3.927633066847e+00       1.571099254371e+00       6.880982178620e+03       1.390538164387e-03       2.022649877422e-01       5.091173724891e+06 
       3.893316712686e+00       1.587575575198e+00       6.905787992909e+03       1.376294296191e-03       2.036692232335e-01       5.126621190585e+06 
       3.859239271931e+00       1.604222416713e+00       6.930675996211e+03       1.362201777106e-03       2.050829111129e-01       5.162307268876e+06 
       3.825399080361e+00       1.621041476502e+00       6.955646360716e+03       1.348259053970e-03       2.065061067351e-01       5.198233357003e+06 
       3.791794485335e+00       1.638034466965e+00       6.980699256496e+03       1.334464590085e-03       2.079388655459e-01       5.234400854497e+06 
       3.758423845713e+00       1.655203115372e+00       7.005834851435e+03       1.320816865048e-03       2.093812430748e-01       5.270811163005e+06 
       3.725285531777e+00       1.672549163928e+00       7.031053311163e+03       1.307314374582e-03       2.108332949278e-01       5.307465686099e+06 
       3.692377925150e+00       1.690074369830e+00       7.056354798981e+03       1.293955630364e-03       2.122950767793e-01       5.344365829080e+06 
       3.659699418717e+00       1.707780505323e+00       7.081739475786e+03       1.280739159864e-03       2.137666443648e-01       5.381512998786e+06 
       3.627248416547e+00       1.725669357756e+00       7.107207499996e+03       1.267663506179e-03       2.152480534722e-01       5.418908603379e+06 
       3.595023333815e+00       1.743742729633e+00       7.132759027478e+03       1.254727227867e-03       2.167393599338e-01       5.456554052132e+06 
       3.563022596724e+00       1.762002438660e+00       7.158394211463e+03       1.241928898792e-03       2.182406196170e-01       5.494450755213e+06 
       3.531244642430e+00       1.780450317795e+00       7.184113202468e+03       1.229267107960e-03       2.197518884160e-01       5.532600123453e+06 
       3.499687918964e+00       1.799088215291e+00       7.209916148216e+03       1.216740459362e-03       2.212732222419e-01       5.571003568116e+06 
       3.468350885156e+00       1.817917994733e+00       7.235803193551e+03       1.204347571819e-03       2.228046770135e-01       5.609662500655e+06 
       3.437232010560e+00       1.836941535082e+00       7.261774480353e+03       1.192087078829e-03       2.243463086475e-01       5.648578332461e+06 
       3.406329775382e+00       1.856160730705e+00       7.287830147447e+03       1.179957628409e-03       2.258981730479e-01       5.687752474612e+06 
       3.375642670403e+00       1.875577491409e+00       7.313970330523e+03       1.167957882948e-03       2.274603260958e-01       5.727186337603e+06 
       3.345169196903e+00       1.895193742468e+00       7.340195162034e+03       1.156086519057e-03       2.290328236387e-01       5.766881331074e+06 
       3.314907866595e+00       1.915011424649e+00       7.366504771114e+03       1.144342227418e-03       2.306157214793e-01       5.806838863531e+06 
       3.284857201545e+00       1.935032494231e+00       7.392899283474e+03       1.132723712638e-03       2.322090753638e-01       5.847060342057e+06 
       3.255015734105e+00       1.955258923025e+00       7.419378821314e+03       1.121229693105e-03       2.338129409705e-01       5.887547172010e+06 
       3.225382006838e+00       1.975692698384e+00       7.445943503218e+03       1.109858900844e-03       2.354273738972e-01       5.928300756723e+06 
       3.195954572448e+00       1.996335823218e+00       7.472593444058e+03       1.098610081371e-03       2.370524296493e-01       5.969322497184e+06 
       3.166731993711e+00       2.017190315991e+00       7.499328754888e+03       1.087481993558e-03       2.386881636264e-01       6.010613791710e+06 
       3.137712843404e+00       2.038258210731e+00       7.526149542845e+03       1.076473409488e-03       2.403346311093e-01       6.052176035621e+06 
       3.108895704232e+00       2.059541557018e+00       7.553055911036e+03       1.065583114319e-03       2.419918872465e-01       6.094010620887e+06 
       3.080279168763e+00       2.081042419983e+00       7.580047958436e+03       1.054809906146e-03       2.436599870402e-01       6.136118935783e+06 
       3.051861839360e+00       2.102762880289e+00       7.607125779771e+03       1.044152595869e-03       2.453389853316e-01       6.178502364523e+06 
       3.023642328109e+00       2.124705034118e+00       7.634289465412e+03       1.033610007053e-03       2.470289367868e-01       6.221162286886e+06 
       2.995619256753e+00       2.146870993145e+00       7.661539101256e+03       1.023180975801e-03       2.487298958810e-01       6.264100077836e+06 
       2.967791256624e+00       2.169262884508e+00       7.688874768610e+03       1.012864350618e-03       2.504419168832e-01       6.307317107129e+06 
       2.940156968580e+00       2.191882850779e+00       7.716296544072e+03       1.002658992283e-03       2.521650538403e-01       6.350814738907e+06 
       2.912715042933e+00       2.214733049920e+00       7.743804499411e+03       9.925637737198e-04       2.538993605606e-01       6.394594331285e+06 
       2.885464139388e+00       2.237815655243e+00       7.771398701442e+03       9.825775798680e-04       2.556448905968e-01       6.438657235925e+06 
       2.858402926975e+00       2.261132855350e+00       7.799079211900e+03       9.726993075586e-04       2.574016972291e-01       6.483004797601e+06 
       2.831530083983e+00       2.284686854085e+00       7.826846087315e+03       9.629278653870e-04       2.591698334469e-01       6.527638353747e+06 
       2.804844297899e+00       2.308479870463e+00       7.854699378877e+03       9.532621735899e-04       2.609493519312e-01       6.572559234004e+06 
       2.778344265343e+00       2.332514138605e+00       7.882639132308e+03       9.437011639219e-04       2.627403050355e-01       6.617768759743e+06 
       2.752028692002e+00       2.356791907656e+00       7.910665387725e+03       9.342437795343e-04       2.645427447668e-01       6.663268243587e+06 
       2.725896292569e+00       2.381315441704e+00       7.938778179503e+03       9.248889748542e-04       2.663567227663e-01       6.709058988911e+06 
       2.699945790681e+00       2.406087019687e+00       7.966977536136e+03       9.156357154652e-04       2.681822902887e-01       6.755142289340e+06 
       2.674175918853e+00       2.431108935296e+00       7.995263480095e+03       9.064829779895e-04       2.700194981822e-01       6.801519428224e+06 
       2.648585418424e+00       2.456383496866e+00       8.023636027685e+03       8.974297499705e-04       2.718683968672e-01       6.848191678110e+06 
       2.623173039484e+00       2.481913027265e+00       8.052095188895e+03       8.884750297567e-04       2.737290363146e-01       6.895160300197e+06 
       2.597937540826e+00       2.507699863771e+00       8.080640967253e+03       8.796178263871e-04       2.756014660238e-01       6.942426543773e+06 
       2.572877689874e+00       2.533746357938e+00       8.109273359674e+03       8.708571594770e-04       2.774857350001e-01       6.989991645650e+06 
       2.547992262632e+00       2.560054875463e+00       8.137992356305e+03       8.621920591058e-04       2.793818917316e-01       7.037856829576e+06 
       2.523280043618e+00       2.586627796036e+00       8.166797940370e+03       8.536215657043e-04       2.812899841653e-01       7.086023305637e+06 
       2.498739825809e+00       2.613467513181e+00       8.195690088010e+03       8.451447299450e-04       2.832100596832e-01       7.134492269648e+06 
       2.474370410579e+00       2.640576434096e+00       8.224668768126e+03       8.367606126317e-04       2.851421650773e-01       7.183264902525e+06 
       2.450170607644e+00       2.667956979474e+00       8.253733942212e+03       8.284682845911e-04       2.870863465244e-01       7.232342369646e+06 
       2.426139235000e+00       2.695611583317e+00       8.282885564190e+03       8.202668265649e-04       2.890426495599e-01       7.281725820201e+06 
       2.402275118869e+00       2.723542692749e+00       8.312123580246e+03       8.121553291033e-04       2.910111190522e-01       7.331416386520e+06 
       2.378577093640e+00       2.751752767804e+00       8.341447928654e+03       8.041328924590e-04       2.929917991745e-01       7.381415183394e+06 
       2.355044001813e+00       2.780244281216e+00       8.370858539608e+03       7.961986264825e-04       2.949847333783e-01       7.431723307377e+06 
       2.331674693942e+00       2.809019718190e+00       8.400355335045e+03       7.883516505182e-04       2.969899643646e-01       7.482341836076e+06 
       2.308468028580e+00       2.838081576172e+00       8.429938228469e+03       7.805910933010e-04       2.990075340555e-01       7.533271827425e+06 
       2.285422872223e+00       2.867432364594e+00       8.459607124769e+03       7.729160928548e-04       3.010374835645e-01       7.584514318947e+06 
       2.262538099254e+00       2.897074604623e+00       8.489361920041e+03       7.653257963909e-04       3.030798531671e-01       7.636070326993e+06 
       2.239812591888e+00       2.927010828887e+00       8.519202501402e+03       7.578193602078e-04       3.051346822698e-01       7.687940845978e+06 
       2.217245240123e+00       2.957243581195e+00       8.549128746803e+03       7.503959495918e-04       3.072020093794e-01       7.740126847591e+06 
       2.194834941676e+00       2.987775416241e+00       8.579140524842e+03       7.430547387182e-04       3.092818720708e-01       7.792629279999e+06 
       2.172580601939e+00       3.018608899302e+00       8.609237694575e+03       7.357949105537e-04       3.113743069555e-01       7.845449067027e+06 
       2.150481133920e+00       3.049746605917e+00       8.639420105319e+03       7.286156567593e-04       3.134793496478e-01       7.898587107329e+06 
       2.128535458193e+00       3.081191121557e+00       8.669687596462e+03       7.215161775942e-04       3.155970347318e-01       7.952044273545e+06 
       2.106742502844e+00       3.112945041279e+00       8.700039997263e+03       7.144956818205e-04       3.177273957273e-01       8.005821411434e+06 
       2.085101203420e+00       3.145010969371e+00       8.730477126659e+03       7.075533866088e-04       3.198704650551e-01       8.059919339004e+06 
       2.063610502876e+00       3.177391518980e+00       8.760998793055e+03       7.006885174439e-04       3.220262740012e-01       8.114338845615e+06 
       2.042269351526e+00       3.210089311727e+00       8.791604794133e+03       6.939003080325e-04       3.241948526817e-01       8.169080691078e+06 
       2.021076706989e+00       3.243106977310e+00       8.822294916640e+03       6.871880002102e-04       3.263762300057e-01       8.224145604727e+06 
       2.000031534139e+00       3.276447153089e+00       8.853068936184e+03       6.805508438507e-04       3.285704336383e-01       8.279534284489e+06 
       1.979132805059e+00       3.310112483661e+00       8.883926617030e+03       6.739880967743e-04       3.307774899632e-01       8.335247395925e+06 
       1.958379498984e+00       3.344105620416e+00       8.914867711887e+03       6.674990246585e-04       3.329974240440e-01       8.391285571272e+06 
       1.937770602258e+00       3.378429221085e+00       8.945891961703e+03       6.610829009480e-04       3.352302595857e-01       8.447649408454e+06 
       1.917305108280e+00       3.413085949262e+00       8.976999095448e+03       6.547390067665e-04       3.374760188951e-01       8.504339470092e+06 
       1.896982017459e+00       3.448078473921e+00       9.008188829902e+03       6.484666308285e-04       3.397347228407e-01       8.561356282492e+06 
       1.876800337163e+00       3.483409468913e+00       9.039460869446e+03       6.422650693519e-04       3.420063908125e-01       8.618700334621e+06 
       1.856759081672e+00       3.519081612447e+00       9.070814905842e+03       6.361336259716e-04       3.442910406805e-01       8.676372077070e+06 
       1.836857272129e+00       3.555097586557e+00       9.102250618018e+03       6.300716116532e-04       3.465886887532e-01       8.734371921001e+06 
       1.817093936493e+00       3.591460076551e+00       9.133767671854e+03       6.240783446081e-04       3.488993497355e-01       8.792700237083e+06 
       1.797468109496e+00       3.628171770445e+00       9.165365719961e+03       6.181531502083e-04       3.512230366859e-01       8.851357354413e+06 
       1.777978832588e+00       3.665235358381e+00       9.197044401465e+03       6.122953609024e-04       3.535597609733e-01       8.910343559430e+06 
       1.758625153898e+00       3.702653532025e+00       9.228803341790e+03       6.065043161325e-04       3.559095322332e-01       8.969659094803e+06 
       1.739406128185e+00       3.740428983956e+00       9.260642152436e+03       6.007793622508e-04       3.582723583240e-01       9.029304158324e+06 
       1.720320816791e+00       3.778564407029e+00       9.292560430763e+03       5.951198524378e-04       3.606482452817e-01       9.089278901777e+06 
       1.701368287600e+00       3.817062493725e+00       9.324557759771e+03       5.895251466205e-04       3.630371972753e-01       9.149583429804e+06 
       1.682547614986e+00       3.855925935490e+00       9.356633707882e+03       5.839946113909e-04       3.654392165612e-01       9.210217798751e+06 
       1.663857879775e+00       3.895157422043e+00       9.388787828722e+03       5.785276199263e-04       3.678543034370e-01       9.271182015515e+06 
       1.645298169198e+00       3.934759640681e+00       9.421019660905e+03       5.731235519084e-04       3.702824561958e-01       9.332476036371e+06 
       1.626867576845e+00       3.974735275557e+00       9.453328727812e+03       5.677817934448e-04       3.727236710792e-01       9.394099765799e+06 
       1.608565202623e+00       4.015087006946e+00       9.485714537378e+03       5.625017369895e-04       3.751779422303e-01       9.456053055296e+06 
       1.590390152714e+00       4.055817510491e+00       9.518176581880e+03       5.572827812652e-04       3.776452616465e-01       9.518335702186e+06 
       1.572341539529e+00       4.096929456434e+00       9.550714337717e+03       5.521243311849e-04       3.801256191321e-01       9.580947448416e+06 
       1.554418481667e+00       4.138425508826e+00       9.583327265204e+03       5.470257977754e-04       3.826190022503e-01       9.643887979349e+06 
       1.536620103873e+00       4.180308324722e+00       9.616014808359e+03       5.419865981001e-04       3.851253962753e-01       9.707156922558e+06 
       1.518945536992e+00       4.222580553360e+00       9.648776394696e+03       5.370061551831e-04       3.876447841442e-01       9.770753846605e+06 
       1.501393917932e+00       4.265244835318e+00       9.681611435018e+03       5.320838979335e-04       3.901771464083e-01       9.834678259819e+06 
       1.483964389620e+00       4.308303801661e+00       9.714519323217e+03       5.272192610706e-04       3.927224611849e-01       9.898929609077e+06 
       1.466656100959e+00       4.351760073064e+00       9.747499436068e+03       5.224116850486e-04       3.952807041087e-01       9.963507278576e+06 
       1.449468206793e+00       4.395616258919e+00       9.780551133036e+03       5.176606159835e-04       3.978518482834e-01       1.002841058861e+07 
       1.432399867857e+00       4.439874956434e+00       9.813673756079e+03       5.129655055786e-04       4.004358642327e-01       1.009363879433e+07 
       1.415450250746e+00       4.484538749699e+00       9.846866629459e+03       5.083258110521e-04       4.030327198520e-01       1.015919108455e+07 
       1.398618527868e+00       4.529610208755e+00       9.880129059553e+03       5.037409950643e-04       4.056423803599e-01       1.022506658049e+07 
       1.381903877409e+00       4.575091888628e+00       9.913460334672e+03       4.992105256454e-04       4.082648082499e-01       1.029126433457e+07 
       1.365305483289e+00       4.620986328362e+00       9.946859724880e+03       4.947338761243e-04       4.108999632423e-01       1.035778332920e+07 
       1.348822535127e+00       4.667296050028e+00       9.980326481822e+03       4.903105250572e-04       4.135478022359e-01       1.042462247555e+07 
       1.332454228199e+00       4.714023557720e+00       1.001385983855e+04       4.859399561573e-04       4.162082792610e-01       1.049178061239e+07 
       1.316199763401e+00       4.761171336537e+00       1.004745900938e+04       4.816216582246e-04       4.188813454315e-01       1.055925650486e+07 
       1.300058347209e+00       4.808741851547e+00       1.008112318969e+04       4.773551250764e-04       4.215669488981e-01       1.062704884327e+07 
       1.284029191642e+00       4.856737546745e+00       1.011485155581e+04       4.731398554783e-04       4.242650348020e-01       1.069515624199e+07 
       1.268111514227e+00       4.905160843984e+00       1.014864326487e+04       4.689753530755e-04       4.269755452289e-01       1.076357723823e+07 
       1.252304537953e+00       4.954014141906e+00       1.018249745464e+04       4.648611263250e-04       4.296984191632e-01       1.083231029091e+07 
       1.236607491244e+00       5.003299814852e+00       1.021641324341e+04       4.607966884278e-04       4.324335924437e-01       1.090135377955e+07 
       1.221019607913e+00       5.053020211765e+00       1.025038972985e+04       4.567815572621e-04       4.351809977188e-01       1.097070600314e+07 
       1.205540127134e+00       5.103177655075e+00       1.028442599294e+04       4.528152553168e-04       4.379405644039e-01       1.104036517902e+07 
       1.190168293395e+00       5.153774439579e+00       1.031852109179e+04       4.488973096252e-04       4.407122186382e-01       1.111032944187e+07 
       1.174903356473e+00       5.204812831309e+00       1.035267406559e+04       4.450272517001e-04       4.434958832430e-01       1.118059684259e+07 
       1.159744571388e+00       5.256295066388e+00       1.038688393349e+04       4.412046174682e-04       4.462914776814e-01       1.125116534731e+07 
       1.144691198375e+00       5.308223349879e+00       1.042114969455e+04       4.374289472064e-04       4.490989180182e-01       1.132203283639e+07 
       1.129742502843e+00       5.360599854627e+00       1.045547032761e+04       4.336997854774e-04       4.519181168811e-01       1.139319710342e+07 
       1.114897755343e+00       5.413426720090e+00       1.048984479128e+04       4.300166810668e-04       4.547489834236e-01       1.146465585428e+07 
       1.100156231532e+00       5.466706051166e+00       1.052427202385e+04       4.263791869198e-04       4.575914232883e-01       1.153640670624e+07 
       1.085517212138e+00       5.520439917016e+00       1.055875094325e+04       4.227868600799e-04       4.604453385721e-01       1.160844718709e+07 
       1.070979982926e+00       5.574630349875e+00       1.059328044704e+04       4.192392616265e-04       4.633106277928e-01       1.168077473424e+07 
       1.056543834663e+00       5.629279343870e+00       1.062785941234e+04       4.157359566142e-04       4.661871858564e-01       1.175338669396e+07 
       1.042208063085e+00       5.684388853822e+00       1.066248669587e+04       4.122765140123e-04       4.690749040271e-01       1.182628032058e+07 
       1.027971968861e+00       5.739960794061e+00       1.069716113391e+04       4.088605066451e-04       4.719736698978e-01       1.189945277579e+07 
       1.013834857563e+00       5.795997037224e+00       1.073188154234e+04       4.054875111325e-04       4.748833673631e-01       1.197290112789e+07 
       9.997960396304e-01       5.852499413067e+00       1.076664671665e+04       4.021571078315e-04       4.778038765935e-01       1.204662235122e+07 
       9.858548303360e-01       5.909469707270e+00       1.080145543196e+04       3.988688807782e-04       4.807350740117e-01       1.212061332551e+07 
       9.720105497552e-01       5.966909660249e+00       1.083630644311e+04       3.956224176304e-04       4.836768322710e-01       1.219487083535e+07 
       9.582625227324e-01       6.024820965967e+00       1.087119848470e+04       3.924173096110e-04       4.866290202350e-01       1.226939156969e+07 
       9.446100788483e-01       6.083205270753e+00       1.090613027115e+04       3.892531514523e-04       4.895915029606e-01       1.234417212140e+07 
       9.310525523881e-01       6.142064172127e+00       1.094110049683e+04       3.861295413399e-04       4.925641416815e-01       1.241920898684e+07 
       9.175892823092e-01       6.201399217631e+00       1.097610783612e+04       3.830460808587e-04       4.955467937955e-01       1.249449856558e+07 
       9.042196122099e-01       6.261211903671e+00       1.101115094359e+04       3.800023749391e-04       4.985393128533e-01       1.257003716008e+07 
       8.909428902969e-01       6.321503674361e+00       1.104622845406e+04       3.769980318030e-04       5.015415485495e-01       1.264582097548e+07 
       8.777584693548e-01       6.382275920394e+00       1.108133898280e+04       3.740326629123e-04       5.045533467165e-01       1.272184611945e+07 
       8.646657067144e-01       6.443529977904e+00       1.111648112569e+04       3.711058829163e-04       5.075745493210e-01       1.279810860209e+07 
       8.516639642219e-01       6.505267127363e+00       1.115165345938e+04       3.682173096014e-04       5.106049944625e-01       1.287460433592e+07 
       8.387526082080e-01       6.567488592479e+00       1.118685454149e+04       3.653665638404e-04       5.136445163751e-01       1.295132913589e+07 
       8.259310094574e-01       6.630195539115e+00       1.122208291084e+04       3.625532695435e-04       5.166929454315e-01       1.302827871951e+07 
       8.131985431783e-01       6.693389074230e+00       1.125733708764e+04       3.597770536095e-04       5.197501081502e-01       1.310544870702e+07 
       8.005545889723e-01       6.757070244832e+00       1.129261557379e+04       3.570375458779e-04       5.228158272053e-01       1.318283462164e+07 
       7.879985308042e-01       6.821240036961e+00       1.132791685308e+04       3.543343790823e-04       5.258899214396e-01       1.326043188989e+07 
       7.755297569724e-01       6.885899374683e+00       1.136323939149e+04       3.516671888038e-04       5.289722058797e-01       1.333823584201e+07 
       7.631476600790e-01       6.951049119118e+00       1.139858163749e+04       3.490356134261e-04       5.320624917555e-01       1.341624171241e+07 
       7.508516370004e-01       7.016690067491e+00       1.143394202235e+04       3.464392940912e-04       5.351605865217e-01       1.349444464024e+07 
       7.386410888580e-01       7.082822952205e+00       1.146931896044e+04       3.438778746556e-04       5.382662938831e-01       1.357283967000e+07 
       7.265154209891e-01       7.149448439948e+00       1.150471084960e+04       3.413510016479e-04       5.413794138222e-01       1.365142175227e+07 
       7.144740429179e-01       7.216567130822e+00       1.154011607146e+04       3.388583242270e-04       5.444997426312e-01       1.373018574453e+07 
       7.025163683268e-01       7.284179557516e+00       1.157553299187e+04       3.363994941416e-04       5.476270729463e-01       1.380912641195e+07 
       6.906418150274e-01       7.352286184496e+00       1.161095996125e+04       3.339741656902e-04       5.507611937858e-01       1.388823842844e+07 
       6.788498049328e-01       7.420887407240e+00       1.164639531501e+04       3.315819956820e-04       5.539018905908e-01       1.396751637765e+07 
       6.671397640285e-01       7.489983551504e+00       1.168183737395e+04       3.292226433998e-04       5.570489452706e-01       1.404695475406e+07 
       6.555111223447e-01       7.559574872623e+00       1.171728444474e+04       3.268957705621e-04       5.602021362497e-01       1.412654796428e+07 
       6.439633139282e-01       7.629661554852e+00       1.175273482037e+04       3.246010412878e-04       5.633612385197e-01       1.420629032824e+07 
       6.324957768147e-01       7.700243710747e+00       1.178818678057e+04       3.223381220613e-04       5.665260236933e-01       1.428617608064e+07 
       6.211079530010e-01       7.771321380585e+00       1.182363859236e+04       3.201066816980e-04       5.696962600632e-01       1.436619937239e+07 
       6.097992884176e-01       7.842894531821e+00       1.185908851053e+04       3.179063913120e-04       5.728717126623e-01       1.444635427216e+07 
       5.985692329012e-01       7.914963058598e+00       1.189453477813e+04       3.157369242839e-04       5.760521433295e-01       1.452663476801e+07 
       5.874172401676e-01       7.987526781291e+00       1.192997562705e+04       3.135979562300e-04       5.792373107770e-01       1.460703476912e+07 
       5.763427677846e-01       8.060585446099e+00       1.196540927851e+04       3.114891649723e-04       5.824269706622e-01       1.468754810758e+07 
       5.653452771451e-01       8.134138724686e+00       1.200083394369e+04       3.094102305102e-04       5.856208756623e-01       1.476816854027e+07 
       5.544242334403e-01       8.208186213864e+00       1.203624782422e+04       3.073608349919e-04       5.888187755522e-01       1.484888975088e+07 
       5.435791056332e-01       8.282727435329e+00       1.207164911286e+04       3.053406626887e-04       5.920204172857e-01       1.492970535188e+07 
       5.328093664318e-01       8.357761835437e+00       1.210703599400e+04       3.033493999685e-04       5.952255450803e-01       1.501060888671e+07 
       5.221144922631e-01       8.433288785041e+00       1.214240664437e+04       3.013867352718e-04       5.984339005046e-01       1.509159383199e+07 
       5.114939632467e-01       8.509307579366e+00       1.217775923358e+04       2.994523590876e-04       6.016452225688e-01       1.517265359976e+07 
       5.009472631687e-01       8.585817437945e+00       1.221309192481e+04       2.975459639316e-04       6.048592478190e-01       1.525378153993e+07 
       4.904738794559e-01       8.662817504600e+00       1.224840287544e+04       2.956672443240e-04       6.080757104335e-01       1.533497094262e+07 
       4.800733031500e-01       8.740306847476e+00       1.228369023769e+04       2.938158967697e-04       6.112943423225e-01       1.541621504078e+07 
       4.697450288817e-01       8.818284459128e+00       1.231895215931e+04       2.919916197386e-04       6.145148732309e-01       1.549750701268e+07 
       4.594885548454e-01       8.896749256661e+00       1.235418678423e+04       2.901941136474e-04       6.177370308431e-01       1.557883998463e+07 
       4.493033827737e-01       8.975700081922e+00       1.238939225328e+04       2.884230808422e-04       6.209605408913e-01       1.566020703371e+07 
       4.391890179123e-01       9.055135701745e+00       1.242456670481e+04       2.866782255827e-04       6.241851272656e-01       1.574160119048e+07 
       4.291449689946e-01       9.135054808246e+00       1.245970827549e+04       2.849592540260e-04       6.274105121274e-01       1.582301544191e+07 
       4.191707482168e-01       9.215456019181e+00       1.249481510091e+04       2.832658742136e-04       6.306364160239e-01       1.590444273428e+07 
       4.092658712133e-01       9.296337878344e+00       1.252988531636e+04       2.815977960569e-04       6.338625580065e-01       1.598587597608e+07 
       3.994298570315e-01       9.377698856029e+00       1.256491705750e+04       2.799547313259e-04       6.370886557499e-01       1.606730804112e+07 
       3.896622281074e-01       9.459537349536e+00       1.259990846112e+04       2.783363936373e-04       6.403144256741e-01       1.614873177154e+07 
       3.799625102413e-01       9.541851683736e+00       1.263485766582e+04       2.767424984445e-04       6.435395830678e-01       1.623013998095e+07 
       3.703302325732e-01       9.624640111687e+00       1.266976281276e+04       2.751727630280e-04       6.467638422138e-01       1.631152545758e+07 
       3.607649275587e-01       9.707900815294e+00       1.270462204636e+04       2.736269064869e-04       6.499869165160e-01       1.639288096752e+07 
       3.512661309449e-01       9.791631906032e+00       1.273943351507e+04       2.721046497313e-04       6.532085186278e-01       1.647419925792e+07 
       3.418333817464e-01       9.875831425713e+00       1.277419537205e+04       2.706057154756e-04       6.564283605820e-01       1.655547306028e+07 
       3.324662222216e-01       9.960497347296e+00       1.280890577591e+04       2.691298282328e-04       6.596461539220e-01       1.663669509378e+07 
       3.231641978489e-01       1.004562757576e+01       1.284356289146e+04       2.676767143092e-04       6.628616098333e-01       1.671785806857e+07 
       3.139268573032e-01       1.013121994902e+01       1.287816489040e+04       2.662461018003e-04       6.660744392774e-01       1.679895468917e+07 
       3.047537524323e-01       1.021727223887e+01       1.291270995206e+04       2.648377205874e-04       6.692843531249e-01       1.687997765784e+07 
       2.956444382341e-01       1.030378215200e+01       1.294719626408e+04       2.634513023349e-04       6.724910622900e-01       1.696091967792e+07 
       2.865984728328e-01       1.039074733107e+01       1.298162202317e+04       2.620865804886e-04       6.756942778656e-01       1.704177345730e+07 
       2.776154174564e-01       1.047816535576e+01       1.301598543580e+04       2.607432902740e-04       6.788937112582e-01       1.712253171181e+07 
       2.686948364135e-01       1.056603374393e+01       1.305028471887e+04       2.594211686963e-04       6.820890743234e-01       1.720318716861e+07 
       2.598362970707e-01       1.065434995281e+01       1.308451810044e+04       2.581199545401e-04       6.852800795011e-01       1.728373256963e+07 
       2.510393698299e-01       1.074311138019e+01       1.311868382039e+04       2.568393883707e-04       6.884664399504e-01       1.736416067497e+07 
       2.423036281061e-01       1.083231536569e+01       1.315278013110e+04       2.555792125347e-04       6.916478696845e-01       1.744446426631e+07 
       2.336286483047e-01       1.092195919206e+01       1.318680529813e+04       2.543391711628e-04       6.948240837052e-01       1.752463615028e+07 
       2.250140097993e-01       1.101204008647e+01       1.322075760087e+04       2.531190101715e-04       6.979947981362e-01       1.760466916184e+07 
       2.164592949101e-01       1.110255522193e+01       1.325463533318e+04       2.519184772666e-04       7.011597303559e-01       1.768455616766e+07 
       2.079640888816e-01       1.119350171863e+01       1.328843680402e+04       2.507373219463e-04       7.043185991297e-01       1.776429006939e+07 
       1.995279798609e-01       1.128487664537e+01       1.332216033811e+04       2.495752955052e-04       7.074711247401e-01       1.784386380703e+07 
       1.911505588762e-01       1.137667702104e+01       1.335580427647e+04       2.484321510389e-04       7.106170291169e-01       1.792327036212e+07 
       1.828314198149e-01       1.146889981607e+01       1.338936697710e+04       2.473076434481e-04       7.137560359645e-01       1.800250276106e+07 
       1.745701594032e-01       1.156154195391e+01       1.342284681550e+04       2.462015294440e-04       7.168878708891e-01       1.808155407821e+07 
       1.663663771837e-01       1.165460031263e+01       1.345624218528e+04       2.451135675535e-04       7.200122615231e-01       1.816041743912e+07 
       1.582196754954e-01       1.174807172638e+01       1.348955149868e+04       2.440435181249e-04       7.231289376482e-01       1.823908602358e+07 
       1.501296594521e-01       1.184195298700e+01       1.352277318714e+04       2.429911433338e-04       7.262376313165e-01       1.831755306871e+07 
       1.420959369222e-01       1.193624084559e+01       1.355590570179e+04       2.419562071888e-04       7.293380769691e-01       1.839581187193e+07 
       1.341181185075e-01       1.203093201412e+01       1.358894751399e+04       2.409384755383e-04       7.324300115531e-01       1.847385579393e+07 
       1.261958175235e-01       1.212602316700e+01       1.362189711580e+04       2.399377160763e-04       7.355131746356e-01       1.855167826154e+07 
       1.183286499783e-01       1.222151094277e+01       1.365475302045e+04       2.389536983496e-04       7.385873085159e-01       1.862927277055e+07 
       1.105162345533e-01       1.231739194565e+01       1.368751376282e+04       2.379861937637e-04       7.416521583342e-01       1.870663288849e+07 
       1.027581925823e-01       1.241366274725e+01       1.372017789984e+04       2.370349755899e-04       7.447074721788e-01       1.878375225727e+07 
       9.505414803257e-02       1.251031988819e+01       1.375274401093e+04       2.360998189719e-04       7.477530011891e-01       1.886062459587e+07 
       8.740372748449e-02       1.260735987971e+01       1.378521069841e+04       2.351805009325e-04       7.507884996572e-01       1.893724370281e+07 
       7.980656011240e-02       1.270477920539e+01       1.381757658785e+04       2.342768003799e-04       7.538137251250e-01       1.901360345868e+07 
       7.226227766505e-02       1.280257432275e+01       1.384984032847e+04       2.333884981149e-04       7.568284384798e-01       1.908969782850e+07 
       6.477051444649e-02       1.290074166494e+01       1.388200059346e+04       2.325153768368e-04       7.598324040451e-01       1.916552086402e+07 
       5.733090729693e-02       1.299927764233e+01       1.391405608029e+04       2.316572211501e-04       7.628253896696e-01       1.924106670600e+07 
       4.994309557389e-02       1.309817864422e+01       1.394600551107e+04       2.308138175707e-04       7.658071668118e-01       1.931632958630e+07 
       4.260672113343e-02       1.319744104042e+01       1.397784763277e+04       2.299849545318e-04       7.687775106223e-01       1.939130383000e+07 
       3.532142831154e-02       1.329706118291e+01       1.400958121753e+04       2.291704223899e-04       7.717362000215e-01       1.946598385732e+07 
       2.808686390576e-02       1.339703540746e+01       1.404120506289e+04       2.283700134303e-04       7.746830177749e-01       1.954036418556e+07 
       2.090267715684e-02       1.349736003519e+01       1.407271799201e+04       2.275835218726e-04       7.776177505642e-01       1.961443943084e+07 
       1.376851973062e-02       1.359803137422e+01       1.410411885391e+04       2.268107438760e-04       7.805401890553e-01       1.968820430989e+07 
       6.684045700130e-03       1.369904572122e+01       1.413540652360e+04       2.260514775438e-04       7.834501279620e-01       1.976165364160e+07 
       0.000000000000e+00       1.379531559823e+01       1.416502098153e+04       2.253425601521e-04       7.862026113842e-01       1.983112486244e+07 
